상가업소번호,상호명,지점명,상권업종대분류코드,상권업종대분류명,상권업종중분류코드,상권업종중분류명,상권업종소분류코드,상권업종소분류명,표준산업분류코드,표준산업분류명,시도코드,시도명,시군구코드,시군구명,행정동코드,행정동명,법정동코드,법정동명,지번코드,대지구분코드,대지구분명,지번본번지,지번부번지,지번주소,도로명코드,도로명,건물본번지,건물부번지,건물관리번호,건물명,도로명주소,구우편번호,신우편번호,동정보,층정보,호정보,경도,위도
MA010120220804928531,바이탈휘트니스,,R1,예술·스포츠,R103,스포츠 서비스,R10307,헬스장,R91132,체력 단련시설 운영업,26,부산광역시,26290,남구,26290710,문현4동,2629010900,문현동,2629010900103660018,1,대지,366,18,부산광역시 남구 문현동 366-18,262903131037,부산광역시 남구 수영로,12,,2629010900103660018026603,세종그랑시아,부산광역시 남구 수영로 12,608856,48456,,1,,129.069124136873,35.1361960115187
MA010120220814288813,리본휘트니스,,R1,예술·스포츠,R103,스포츠 서비스,R10307,헬스장,R91132,체력 단련시설 운영업,26,부산광역시,26500,수영구,26500660,남천1동,2650010500,남천동,2650010500103230000,1,대지,323,,부산광역시 수영구 남천동 323,265004214384,부산광역시 수영구 황령대로473번길,15,,2650010500103230000000001,남천엑슬루타워,부산광역시 수영구 황령대로473번길 15,613816,48312,,1,,129.106485684064,35.1399316972973
MA010120220810531922,리핏1:1바디스쿨,,R1,예술·스포츠,R103,스포츠 서비스,R10307,헬스장,R91132,체력 단련시설 운영업,26,부산광역시,26380,사하구,26380601,다대1동,2638010600,다대동,2638010600109100000,1,대지,910,,부산광역시 사하구 다대동 910,263803134007,부산광역시 사하구 다대로,547,,2638010600109100000019715,,부산광역시 사하구 다대로 547,604825,49524,,7,,128.971389511927,35.0573770233348
MA010120220811945087,윤기봉헬스아카데미,,R1,예술·스포츠,R103,스포츠 서비스,R10307,헬스장,R91132,체력 단련시설 운영업,26,부산광역시,26290,남구,26290560,대연6동,2629010600,대연동,2629010600117670017,1,대지,1767,17,부산광역시 남구 대연동 1767-17,262903131037,부산광역시 남구 수영로,163,,2629010600117670017032196,,부산광역시 남구 수영로 163,608817,48453,,7,,129.084428573109,35.1349513669137
MA010120220802939530,듀오짐,,R1,예술·스포츠,R103,스포츠 서비스,R10307,헬스장,R91132,체력 단련시설 운영업,26,부산광역시,26380,사하구,26380562,하단2동,2638010300,하단동,2638010300105040019,1,대지,504,19,부산광역시 사하구 하단동 504-19,263804202154,부산광역시 사하구 낙동대로519번길,13,,2638010300105040019024670,,부산광역시 사하구 낙동대로519번길 13,604851,49309,,,,128.964609184204,35.1100985214679
MA010120220810013723,마이코치짐,,R1,예술·스포츠,R103,스포츠 서비스,R10307,헬스장,R91132,체력 단련시설 운영업,26,부산광역시,26230,부산진구,26230520,부전2동,2623010300,부전동,2623010300102410017,1,대지,241,17,부산광역시 부산진구 부전동 241-17,262302000010,부산광역시 부산진구 중앙대로,681,1,2623010300102410017014115,,부산광역시 부산진구 중앙대로 681-1,614846,47289,,3,,129.058845031875,35.1536104185392
MA010120220807757951,어나더짐,,R1,예술·스포츠,R103,스포츠 서비스,R10307,헬스장,R91132,체력 단련시설 운영업,26,부산광역시,26500,수영구,26500800,민락동,2650010300,민락동,2650010300101350000,1,대지,135,,부산광역시 수영구 민락동 135,265003138005,부산광역시 수영구 광안해변로,311,,2650010300101350000000001,서희스타힐스센텀프리모,부산광역시 수영구 광안해변로 311,613829,48290,,2,,129.127431684965,35.157336308619
MA010120220810699922,더짐피트니스,,R1,예술·스포츠,R103,스포츠 서비스,R10307,헬스장,R91132,체력 단련시설 운영업,26,부산광역시,26320,북구,26320520,구포2동,2632010500,구포동,2632010500110870001,1,대지,1087,1,부산광역시 북구 구포동 1087-1,263202006008,부산광역시 북구 백양대로,1017,,2632010500110870001002072,한성빌딩,부산광역시 북구 백양대로 1017,616807,46650,,6,,128.99454580043,35.1967260834873
MA010120220811687324,스마트짐다대포점,,R1,예술·스포츠,R103,스포츠 서비스,R10307,헬스장,R91132,체력 단련시설 운영업,26,부산광역시,26380,사하구,26380601,다대1동,2638010600,다대동,2638010600115480000,1,대지,1548,,부산광역시 사하구 다대동 1548,263804202164,부산광역시 사하구 다대낙조2길,85,,2638010600115480000000001,다대동다대포케이프포인트,부산광역시 사하구 다대낙조2길 85,604827,49501,,B1,,128.961540580163,35.0529586753789
MA010120220800298493,FM퍼스널트레이닝,,R1,예술·스포츠,R103,스포츠 서비스,R10307,헬스장,R91132,체력 단련시설 운영업,26,부산광역시,26260,동래구,26260580,사직1동,2626010900,사직동,2626010900100470027,1,대지,47,27,부산광역시 동래구 사직동 47-27,262603130010,부산광역시 동래구 사직북로,24,,2626010900100470027008197,,부산광역시 동래구 사직북로 24,607817,47859,,5,,129.060534943379,35.1979637937875
MA010120220811556966,썬짐,,R1,예술·스포츠,R103,스포츠 서비스,R10307,헬스장,R91132,체력 단련시설 운영업,26,부산광역시,26230,부산진구,26230720,가야2동,2623011000,가야동,2623011000104780000,1,대지,478,,부산광역시 부산진구 가야동 478,262303006020,부산광역시 부산진구 엄광로,143,,2623011000104780000010825,대도운수,부산광역시 부산진구 엄광로 143,614806,47384,,1,,129.030673841055,35.1476787303551
MA010120220805029010,핏머슬짐,,R1,예술·스포츠,R103,스포츠 서비스,R10307,헬스장,R91132,체력 단련시설 운영업,26,부산광역시,26350,해운대구,26350530,중1동,2635010600,중동,2635010600113780011,1,대지,1378,11,부산광역시 해운대구 중동 1378-11,263503133040,부산광역시 해운대구 중동1로,25,1,2635010600113780011018156,,부산광역시 해운대구 중동1로 25-1,612847,48095,,5,,129.162554334214,35.1630942888301
MA010120220803313627,곤코치1:1PT전문센터,,R1,예술·스포츠,R103,스포츠 서비스,R10307,헬스장,R91132,체력 단련시설 운영업,26,부산광역시,26470,연제구,26470610,거제1동,2647010100,거제동,2647010100102030015,1,대지,203,15,부산광역시 연제구 거제동 203-15,264703130025,부산광역시 연제구 미남로,11,,2647010100102030015007248,,부산광역시 연제구 미남로 11,611803,47502,,,,129.071758884494,35.195095779549
MA010120220804773125,휴밸런스운동센터,,R1,예술·스포츠,R103,스포츠 서비스,R10307,헬스장,R91132,체력 단련시설 운영업,26,부산광역시,26230,부산진구,26230550,초읍동,2623010700,초읍동,2623010700101780017,1,대지,178,17,부산광역시 부산진구 초읍동 178-17,262303129029,부산광역시 부산진구 성지로,118,,2623010700101780017026616,유성빌딩,부산광역시 부산진구 성지로 118,614872,47115,,3,,129.051313793908,35.1805297756302
MA010120220813316076,벨로시티화명,,R1,예술·스포츠,R103,스포츠 서비스,R10307,헬스장,R91132,체력 단련시설 운영업,26,부산광역시,26320,북구,26320543,화명3동,2632010200,화명동,2632010200122720004,1,대지,2272,4,부산광역시 북구 화명동 2272-4,263202132002,부산광역시 북구 화명대로,27,,2632010200122720004008584,,부산광역시 북구 화명대로 27,616852,46525,,6,,129.011260612572,35.2352265965475
MA010120220813944839,아놀드홍짐,,R1,예술·스포츠,R103,스포츠 서비스,R10307,헬스장,R91132,체력 단련시설 운영업,26,부산광역시,26200,영도구,26200590,봉래1동,2620011600,봉래동2가,2620011600101490000,1,대지,149,,부산광역시 영도구 봉래동2가 149,262003128013,부산광역시 영도구 봉래나루로,190,,2620011600101240001003049,,부산광역시 영도구 봉래나루로 190,606062,49003,,1,,129.044090473243,35.0966991657429
MA010120220804927678,더플래닛짐,,R1,예술·스포츠,R103,스포츠 서비스,R10307,헬스장,R91132,체력 단련시설 운영업,26,부산광역시,26350,해운대구,26350551,좌1동,2635010700,좌동,2635010700114660003,1,대지,1466,3,부산광역시 해운대구 좌동 1466-3,263503133010,부산광역시 해운대구 세실로,77,,2635010700114660003030763,성부빌딩,부산광역시 해운대구 세실로 77,612836,48106,,8,,129.176549725514,35.1714854516479
MA010120220813250596,위드짐,,R1,예술·스포츠,R103,스포츠 서비스,R10307,헬스장,R91132,체력 단련시설 운영업,26,부산광역시,26260,동래구,26260545,명륜동,2626010700,명륜동,2626010700105280004,1,대지,528,4,부산광역시 동래구 명륜동 528-4,262602006006,부산광역시 동래구 충렬대로,180,,2626010700105280004000080,,부산광역시 동래구 충렬대로 180,607804,47815,,5,,129.079538996153,35.2035773948232
MA010120220808525602,템플짐,,R1,예술·스포츠,R103,스포츠 서비스,R10307,헬스장,R91132,체력 단련시설 운영업,26,부산광역시,26290,남구,26290530,대연3동,2629010600,대연동,2629010600100730011,1,대지,73,11,부산광역시 남구 대연동 73-11,262903131037,부산광역시 남구 수영로,297,,2629010600100730011000486,대영빌딩,부산광역시 남구 수영로 297,608805,48434,,3,,129.098655270896,35.1370397297787
MA010120220810534652,프라이빗짐,,R1,예술·스포츠,R103,스포츠 서비스,R10307,헬스장,R91132,체력 단련시설 운영업,26,부산광역시,26380,사하구,26380550,당리동,2638010200,당리동,2638010200103210001,1,대지,321,1,부산광역시 사하구 당리동 321-1,263802006002,부산광역시 사하구 낙동대로,388,,2638010200103210001020626,리치W,부산광역시 사하구 낙동대로 388,604831,49329,,3,,128.975908193448,35.1034172724589
MA010120220814091176,이지핏스튜디오,,R1,예술·스포츠,R103,스포츠 서비스,R10307,헬스장,R91132,체력 단련시설 운영업,26,부산광역시,26380,사하구,26380562,하단2동,2638010300,하단동,2638010300111600006,1,대지,1160,6,부산광역시 사하구 하단동 1160-6,263803134034,부산광역시 사하구 하신번영로,385,,2638010300111600006000001,SM빌딩,부산광역시 사하구 하신번영로 385,604851,49301,,3,,128.960514210338,35.1154097468953
MA010120220804864335,베스트피트니스,,R1,예술·스포츠,R103,스포츠 서비스,R10307,헬스장,R91132,체력 단련시설 운영업,26,부산광역시,26350,해운대구,26350530,중1동,2635010600,중동,2635010600117750007,1,대지,1775,7,부산광역시 해운대구 중동 1775-7,263503133039,부산광역시 해운대구 좌동순환로,473,,2635010600117760001014497,해운대비치로데오아울렛,부산광역시 해운대구 좌동순환로 473,612851,48097,,4,,129.169416960702,35.1636654137467
MA010120220811610259,바디체인지클럽,,R1,예술·스포츠,R103,스포츠 서비스,R10307,헬스장,R91132,체력 단련시설 운영업,26,부산광역시,26230,부산진구,26230600,전포1동,2623010200,전포동,2623010200103620047,1,대지,362,47,부산광역시 부산진구 전포동 362-47,262302006005,부산광역시 부산진구 전포대로,152,,2623010200103620047019797,,부산광역시 부산진구 전포대로 152,614863,47306,,4,,129.065736464715,35.1501677838652
MA010120220811774140,헬스타짐,,R1,예술·스포츠,R103,스포츠 서비스,R10307,헬스장,R91132,체력 단련시설 운영업,26,부산광역시,26230,부산진구,26230700,당감4동,2623010900,당감동,2623010900106660007,1,대지,666,7,부산광역시 부산진구 당감동 666-7,262303129016,부산광역시 부산진구 백양순환로,19,,2623010900106660007000001,대보빌딩,부산광역시 부산진구 백양순환로 19,614823,47160,,3,,129.032918569584,35.1664574505347
MA010120220806586363,럭키네PT,,R1,예술·스포츠,R103,스포츠 서비스,R10307,헬스장,R91132,체력 단련시설 운영업,26,부산광역시,26140,서구,26140640,충무동,2614011400,토성동3가,2614011400100330022,1,대지,33,22,부산광역시 서구 토성동3가 33-22,261403006005,부산광역시 서구 구덕로,150,,2614011400100330022009018,,부산광역시 서구 구덕로 150,602053,49246,,3,,129.02061032324,35.0983004778554
MA010120220803021894,프롭운동처방,,R1,예술·스포츠,R103,스포츠 서비스,R10307,헬스장,R91132,체력 단련시설 운영업,26,부산광역시,26500,수영구,26500660,남천1동,2650010500,남천동,2650010500105560000,1,대지,556,,부산광역시 수영구 남천동 556,265004214067,부산광역시 수영구 광안해변로15번길,77,,2650010500105560000012884,,부산광역시 수영구 광안해변로15번길 77,613819,48313,,2,,129.109043769937,35.1391572487481
MA010120220809712754,스트롱플래닛,,R1,예술·스포츠,R103,스포츠 서비스,R10307,헬스장,R91132,체력 단련시설 운영업,26,부산광역시,26350,해운대구,26350552,좌2동,2635010700,좌동,2635010700113170000,1,대지,1317,,부산광역시 해운대구 좌동 1317,263503133010,부산광역시 해운대구 세실로,30,,2635010700113170000011666,경동지플러스,부산광역시 해운대구 세실로 30,612840,48110,,1,,129.179398702375,35.1684424290749
MA010120220807415856,404피트니스오션시티점,명지,R1,예술·스포츠,R103,스포츠 서비스,R10307,헬스장,R91136,골프 연습장 운영업,26,부산광역시,26440,강서구,26440545,명지2동,2644010400,명지동,2644010400132390000,1,대지,3239,,부산광역시 강서구 명지동 3239,264403136039,부산광역시 강서구 명지오션시티11로,74,,2644010400132390000000001,,부산광역시 강서구 명지오션시티11로 74,618814,46764,,7,,128.90402566651,35.0840656381535
MA010120220807056145,헬스보이짐,서면점,R1,예술·스포츠,R103,스포츠 서비스,R10307,헬스장,R91132,체력 단련시설 운영업,26,부산광역시,26230,부산진구,26230520,부전2동,2623010300,부전동,2623010300101950001,1,대지,195,1,부산광역시 부산진구 부전동 195-1,262302000010,부산광역시 부산진구 중앙대로,686,,2623010300101950001000001,,부산광역시 부산진구 중앙대로 686,614845,47296,,2,,129.059588274594,35.153931211652
MA010120220805271329,제이에너지점핑,,R1,예술·스포츠,R103,스포츠 서비스,R10307,헬스장,R91132,체력 단련시설 운영업,26,부산광역시,26230,부산진구,26230780,범천2동,2623010400,범천동,2623010400112900011,1,대지,1290,11,부산광역시 부산진구 범천동 1290-11,262303129031,부산광역시 부산진구 신암로,31,,2623010400112900011000001,,부산광역시 부산진구 신암로 31,614833,47369,,3,,129.055619569471,35.1449058922903
MA010120220802147178,타임핏휘트니스,,R1,예술·스포츠,R103,스포츠 서비스,R10307,헬스장,R91132,체력 단련시설 운영업,26,부산광역시,26470,연제구,26470610,거제1동,2647010100,거제동,2647010100114900002,1,대지,1490,2,부산광역시 연제구 거제동 1490-2,264704211189,부산광역시 연제구 법원로32번길,10,,2647010100114900002000915,협성프라자,부산광역시 연제구 법원로32번길 10,611723,47511,,1,,129.07458315029,35.1913256400167
MA010120220806614165,에이치포스포츠,,R1,예술·스포츠,R103,스포츠 서비스,R10307,헬스장,R91132,체력 단련시설 운영업,26,부산광역시,26530,사상구,26530591,모라1동,2653010200,모라동,2653010200113470002,1,대지,1347,2,부산광역시 사상구 모라동 1347-2,265302006008,부산광역시 사상구 백양대로,945,,2653010200113470002015863,,부산광역시 사상구 백양대로 945,617818,46929,,3,,128.991509204999,35.1906120741919
MA010120220803387485,크로스핏바이킹,,R1,예술·스포츠,R103,스포츠 서비스,R10307,헬스장,R91132,체력 단련시설 운영업,26,부산광역시,26350,해운대구,26350510,우1동,2635010500,우동,2635010500101490009,1,대지,149,9,부산광역시 해운대구 우동 149-9,263503133031,부산광역시 해운대구 우동2로,16,,2635010500101490009009589,,부산광역시 해운대구 우동2로 16,612818,48086,,1,,129.160484378816,35.1661500620511
MA010120220812304850,스마트짐구서점,,R1,예술·스포츠,R103,스포츠 서비스,R10307,헬스장,R91132,체력 단련시설 운영업,26,부산광역시,26410,금정구,26410680,구서1동,2641010700,구서동,2641010700107750001,1,대지,775,1,부산광역시 금정구 구서동 775-1,264104205400,부산광역시 금정구 중앙대로1841번길,91,,2641010700107750001008713,마루빌딩,부산광역시 금정구 중앙대로1841번길 91,609807,46242,,3,,129.08725211404,35.249240969555
MA010120220811508688,더머슬짐,,R1,예술·스포츠,R103,스포츠 서비스,R10307,헬스장,R91132,체력 단련시설 운영업,26,부산광역시,26380,사하구,26380571,신평1동,2638010400,신평동,2638010400100070012,1,대지,7,12,부산광역시 사하구 신평동 7-12,263803134024,부산광역시 사하구 장평로,307,,2638010400100070012040383,,부산광역시 사하구 장평로 307,604832,49418,,4,,128.973562271419,35.0934433194954
MA010120220810629378,몸살림교실,,R1,예술·스포츠,R103,스포츠 서비스,R10307,헬스장,R91132,체력 단련시설 운영업,26,부산광역시,26230,부산진구,26230570,양정2동,2623010100,양정동,2623010100102710049,1,대지,271,49,부산광역시 부산진구 양정동 271-49,262303129044,부산광역시 부산진구 연수로,33,,2623010100102710049026732,,부산광역시 부산진구 연수로 33,614854,47216,,,,129.074747370777,35.174471207682
MA010120220813900425,퍼스트핏,,R1,예술·스포츠,R103,스포츠 서비스,R10307,헬스장,R91132,체력 단련시설 운영업,26,부산광역시,26410,금정구,26410610,장전2동,2641010800,장전동,2641010800102960028,1,대지,296,28,부산광역시 금정구 장전동 296-28,264103135047,부산광역시 금정구 장전로,8,,2641010800102960028034486,수빈파크빌,부산광역시 금정구 장전로 8,609392,46292,,1,,129.087974490735,35.2277181411399
MA010120220803393047,하이짐,,R1,예술·스포츠,R103,스포츠 서비스,R10307,헬스장,R91132,체력 단련시설 운영업,26,부산광역시,26440,강서구,26440545,명지2동,2644010400,명지동,2644010400132370016,1,대지,3237,16,부산광역시 강서구 명지동 3237-16,264403136045,부산광역시 강서구 명지오션시티4로,82,,2644010400132370016000002,리치먼드프라자,부산광역시 강서구 명지오션시티4로 82,618814,46765,,2,,128.903235702593,35.0816808486195
MA010120220803403841,유피티스튜디오,,R1,예술·스포츠,R103,스포츠 서비스,R10307,헬스장,R91132,체력 단련시설 운영업,26,부산광역시,26500,수영구,26500760,광안1동,2650010400,광안동,2650010400106770023,1,대지,677,23,부산광역시 수영구 광안동 677-23,265003131037,부산광역시 수영구 수영로,655,,2650010400110780022015147,,부산광역시 수영구 수영로 655,613807,48243,,1,,129.114289272243,35.1642349894863
MA010120220809863954,블랙바디PTGYM,,R1,예술·스포츠,R103,스포츠 서비스,R10307,헬스장,R91132,체력 단련시설 운영업,26,부산광역시,26410,금정구,26410600,장전1동,2641010800,장전동,2641010800102220002,1,대지,222,2,부산광역시 금정구 장전동 222-2,264104205096,부산광역시 금정구 금정로149번길,13,,2641010800102220002020464,,부산광역시 금정구 금정로149번길 13,609837,46283,,,,129.087048551442,35.2378720216814
MA010120220809836747,우디짐,,R1,예술·스포츠,R103,스포츠 서비스,R10307,헬스장,R91132,체력 단련시설 운영업,26,부산광역시,26350,해운대구,26350551,좌1동,2635010700,좌동,2635010700114610007,1,대지,1461,7,부산광역시 해운대구 좌동 1461-7,263503133010,부산광역시 해운대구 세실로,87,,2635010700114610007006004,영진파스타,부산광역시 해운대구 세실로 87,612836,48106,,6,,129.176053374542,35.1722152831546
MA010120220808639077,점핑다이어트,,R1,예술·스포츠,R103,스포츠 서비스,R10307,헬스장,R91132,체력 단련시설 운영업,26,부산광역시,26410,금정구,26410590,부곡3동,2641010900,부곡동,2641010900102230063,1,대지,223,63,부산광역시 금정구 부곡동 223-63,264104205391,부산광역시 금정구 중앙대로1719번길,24,,2641010900102230063033212,,부산광역시 금정구 중앙대로1719번길 24,609819,46276,,1,,129.090817083406,35.2379150911455
MA010120220811933714,메트로점핑다이어트,,R1,예술·스포츠,R103,스포츠 서비스,R10307,헬스장,R91132,체력 단련시설 운영업,26,부산광역시,26290,남구,26290570,용호1동,2629010700,용호동,2629010700103700043,1,대지,370,43,부산광역시 남구 용호동 370-43,262903131005,부산광역시 남구 동명로,135,1,2629010700103700043009086,,부산광역시 남구 동명로 135-1,608833,48528,,3,,129.111790932062,35.119797618918
MA010120220808359158,헬스케어재활센터,,R1,예술·스포츠,R103,스포츠 서비스,R10307,헬스장,R91139,그 외 기타 스포츠시설 운영업,26,부산광역시,26350,해운대구,26350650,재송1동,2635010400,재송동,2635010400105480000,1,대지,548,,부산광역시 해운대구 재송동 548,263504199254,부산광역시 해운대구 해운대로191번길,27,,2635010400105480000001531,헬스케어재활센터,부산광역시 해운대구 해운대로191번길 27,612828,48056,,4,,129.125168442796,35.1816800055891
MA010120220812838293,윤PT&GYM,,R1,예술·스포츠,R103,스포츠 서비스,R10307,헬스장,R91132,체력 단련시설 운영업,26,부산광역시,26410,금정구,26410610,장전2동,2641010800,장전동,2641010800104220038,1,대지,422,38,부산광역시 금정구 장전동 422-38,264104205204,부산광역시 금정구 부산대학로49번길,33,3,2641010800104220038006262,좌측,부산광역시 금정구 부산대학로49번길 33-3,609392,46293,,1,,129.085754491376,35.2298020351392
MA010120220813724742,반여헬스TOWN,,R1,예술·스포츠,R103,스포츠 서비스,R10307,헬스장,R91132,체력 단련시설 운영업,26,부산광역시,26350,해운대구,26350580,반여2동,2635010300,반여동,2635010300112911021,1,대지,1291,1021,부산광역시 해운대구 반여동 1291-1021,263503133035,부산광역시 해운대구 재반로,186,,2635010300112911023000001,,부산광역시 해운대구 재반로 186,612814,48030,,4,,129.130602003743,35.1938851263985
MA010120220812373794,윈즈휘트니스,,R1,예술·스포츠,R103,스포츠 서비스,R10307,헬스장,R91132,체력 단련시설 운영업,26,부산광역시,26230,부산진구,26230770,범천1동,2623010400,범천동,2623010400108460018,1,대지,846,18,부산광역시 부산진구 범천동 846-18,262303127051,부산광역시 부산진구 범일로,148,,2623010400108460018024786,,부산광역시 부산진구 범일로 148,614827,47365,,,,129.059680212764,35.1432148154651
MA010120220811621363,맨하탄토탈휘트니스구서동점,,R1,예술·스포츠,R103,스포츠 서비스,R10307,헬스장,R91132,체력 단련시설 운영업,26,부산광역시,26410,금정구,26410680,구서1동,2641010700,구서동,2641010700100860001,1,대지,86,1,부산광역시 금정구 구서동 86-1,264104205400,부산광역시 금정구 중앙대로1841번길,23,,2641010700100860001009351,현대타운,부산광역시 금정구 중앙대로1841번길 23,609854,46243,,7,,129.090509010898,35.2485899737179
MA010120220804661522,몽키짐,,R1,예술·스포츠,R103,스포츠 서비스,R10307,헬스장,R91132,체력 단련시설 운영업,26,부산광역시,26710,기장군,26710256,정관읍,2671025628,정관읍,2671025628113660006,1,대지,1366,6,부산광역시 기장군 정관읍 용수리 1366-6,267103140042,부산광역시 기장군 정관읍 정관4로,39,,2671032028113660006000001,제이스타워,부산광역시 기장군 정관읍 정관4로 39,619963,46012,,2,,129.170881066432,35.326554308451
MA010120220805927355,체크짐,,R1,예술·스포츠,R103,스포츠 서비스,R10307,헬스장,R91132,체력 단련시설 운영업,26,부산광역시,26440,강서구,26440535,명지1동,2644010400,명지동,2644010400134200006,1,대지,3420,6,부산광역시 강서구 명지동 3420-6,264403350868,부산광역시 강서구 명지국제8로,266,,2644010400134200006000001,백만프라자,부산광역시 강서구 명지국제8로 266,618200,46772,,,,128.921785091654,35.0975556797723
MA010120220811696567,상상피트니스벡스코,,R1,예술·스포츠,R103,스포츠 서비스,R10307,헬스장,P85612,기타 스포츠 교육기관,26,부산광역시,26350,해운대구,26350520,우2동,2635010500,우동,2635010500115000000,1,대지,1500,,부산광역시 해운대구 우동 1500,263503133044,부산광역시 해운대구 APEC로,55,,2635010500115000000000417,전시장,부산광역시 해운대구 APEC로 55,612704,48060,,,,129.136011868419,35.1690623865646
MA010120220808199568,바디코어운동센터,,R1,예술·스포츠,R103,스포츠 서비스,R10307,헬스장,R91132,체력 단련시설 운영업,26,부산광역시,26320,북구,26320543,화명3동,2632010200,화명동,2632010200122720002,1,대지,2272,2,부산광역시 북구 화명동 2272-2,263204196053,부산광역시 북구 금곡대로303번길,35,,2632010200122720002017576,해경타워빌딩,부산광역시 북구 금곡대로303번길 35,616852,46525,,5,,129.011672845111,35.2354630567864
MA010120220806862291,워너짐,하단점,R1,예술·스포츠,R103,스포츠 서비스,R10307,헬스장,R91132,체력 단련시설 운영업,26,부산광역시,26380,사하구,26380562,하단2동,2638010300,하단동,2638010300108700017,1,대지,870,17,부산광역시 사하구 하단동 870-17,263803134034,부산광역시 사하구 하신번영로,352,,2638010300108700017025369,,부산광역시 사하구 하신번영로 352,604851,49304,,2,,128.95998102477,35.1123813733518
MA010120220803407221,피트니스인앤스타,,R1,예술·스포츠,R103,스포츠 서비스,R10307,헬스장,R91132,체력 단련시설 운영업,26,부산광역시,26260,동래구,26260550,온천1동,2626010800,온천동,2626010800101820007,1,대지,182,7,부산광역시 동래구 온천동 182-7,262603130032,부산광역시 동래구 온천장로,75,,2626010800101820007012946,케이에이치파인우스,부산광역시 동래구 온천장로 75,607833,47712,,5,,129.081963614563,35.2181253477899
MA010120220806159114,와이원짐,,R1,예술·스포츠,R103,스포츠 서비스,R10307,헬스장,R91132,체력 단련시설 운영업,26,부산광역시,26710,기장군,26710256,정관읍,2671025622,정관읍,2671025622107170006,1,대지,717,6,부산광역시 기장군 정관읍 매학리 717-6,267103140048,부산광역시 기장군 정관읍 정관중앙로,45,,2671025622107170005000001,,부산광역시 기장군 정관읍 정관중앙로 45,619963,46015,,13,,129.178280183464,35.3211946852155
MA010120220803209291,세렌디피티짐,,R1,예술·스포츠,R103,스포츠 서비스,R10307,헬스장,R91132,체력 단련시설 운영업,26,부산광역시,26230,부산진구,26230610,전포2동,2623010200,전포동,2623010200108760001,1,대지,876,1,부산광역시 부산진구 전포동 876-1,262302000010,부산광역시 부산진구 중앙대로,790,,2623010200108760001000001,세렌디피티짐삼영빌딩,부산광역시 부산진구 중앙대로 790,614870,47241,,3,,129.06309888879,35.162162145814
MA010120220811449176,피티맵,,R1,예술·스포츠,R103,스포츠 서비스,R10307,헬스장,R91132,체력 단련시설 운영업,26,부산광역시,26500,수영구,26500670,남천2동,2650010500,남천동,2650010500100070013,1,대지,7,13,부산광역시 수영구 남천동 7-13,265004214128,부산광역시 수영구 남천동로108번길,13,,2650010500100070013006521,명칭없음,부산광역시 수영구 남천동로108번길 13,613813,48304,,2,,129.111955261536,35.1461174988436
MA010120220810220487,크로스핏원,,R1,예술·스포츠,R103,스포츠 서비스,R10307,헬스장,R91132,체력 단련시설 운영업,26,부산광역시,26290,남구,26290560,대연6동,2629010600,대연동,2629010600117860019,1,대지,1786,19,부산광역시 남구 대연동 1786-19,262904193405,부산광역시 남구 진남로127번길,12,,2629010600117860012007265,,부산광역시 남구 진남로127번길 12,608819,48448,,1,,129.080429830014,35.1386067277668
MA010120220811587989,람보헬스,,R1,예술·스포츠,R103,스포츠 서비스,R10307,헬스장,R91132,체력 단련시설 운영업,26,부산광역시,26410,금정구,26410555,금사회동동,2641011100,금사동,2641011100100680019,1,대지,68,19,부산광역시 금정구 금사동 68-19,264103135010,부산광역시 금정구 금사로,88,,2641011100100680019004897,,부산광역시 금정구 금사로 88,609809,46330,,,,129.112031659732,35.220316753965
MA010120220813077268,평화활법,,R1,예술·스포츠,R103,스포츠 서비스,R10307,헬스장,R91132,체력 단련시설 운영업,26,부산광역시,26500,수영구,26500730,수영동,2650010200,수영동,2650010200105180000,1,대지,518,,부산광역시 수영구 수영동 518,265003131037,부산광역시 수영구 수영로,759,,2650010200105180000012364,알파오피스텔,부산광역시 수영구 수영로 759,613832,48222,,,,129.122320792517,35.1675639154409
MA010120220808585488,엘바디핏,,R1,예술·스포츠,R103,스포츠 서비스,R10307,헬스장,R91132,체력 단련시설 운영업,26,부산광역시,26470,연제구,26470650,연산1동,2647010200,연산동,2647010200105800001,1,대지,580,1,부산광역시 연제구 연산동 580-1,264703006041,부산광역시 연제구 거제천로,246,,2647010200105800001018916,,부산광역시 연제구 거제천로 246,611821,47518,,6,,129.083809706455,35.1919691932591
MA010120220805804140,밸런스짐,,R1,예술·스포츠,R103,스포츠 서비스,R10307,헬스장,R91132,체력 단련시설 운영업,26,부산광역시,26710,기장군,26710250,기장읍,2671025021,기장읍,2671025021101590015,1,대지,159,15,부산광역시 기장군 기장읍 동부리 159-15,267104220311,부산광역시 기장군 기장읍 차성로322번길,35,,2671025021101590015000001,,부산광역시 기장군 기장읍 차성로322번길 35,619905,46061,,,,129.215739085223,35.2461897494543
MA010120220802685971,건강더함바른운동센터,,R1,예술·스포츠,R103,스포츠 서비스,R10307,헬스장,R91132,체력 단련시설 운영업,26,부산광역시,26320,북구,26320543,화명3동,2632010200,화명동,2632010200122710006,1,대지,2271,6,부산광역시 북구 화명동 2271-6,263203132027,부산광역시 북구 화명신도시로,127,,2632010200122710006008634,범서미라클,부산광역시 북구 화명신도시로 127,616852,46524,,5,,129.01059378021,35.2353548304879
MA010120220811439859,파워짐,,R1,예술·스포츠,R103,스포츠 서비스,R10307,헬스장,R91132,체력 단련시설 운영업,26,부산광역시,26350,해운대구,26350552,좌2동,2635010700,좌동,2635010700113270006,1,대지,1327,6,부산광역시 해운대구 좌동 1327-6,263503133039,부산광역시 해운대구 좌동순환로,310,,2635010700113270006014325,성문종합학원,부산광역시 해운대구 좌동순환로 310,612840,48110,,3,,129.182527242305,35.1684761910083
MA010120220814037917,라이프피트니스,,R1,예술·스포츠,R103,스포츠 서비스,R10307,헬스장,R91132,체력 단련시설 운영업,26,부산광역시,26350,해운대구,26350570,반여1동,2635010300,반여동,2635010300112060001,1,대지,1206,1,부산광역시 해운대구 반여동 1206-1,263503133009,부산광역시 해운대구 선수촌로,104,16,2635010300112060001003797,네오프라자,부산광역시 해운대구 선수촌로 104-16,612811,48037,,4,,129.120136543512,35.2026117366953
MA010120220811588574,기장웰니스짐,,R1,예술·스포츠,R103,스포츠 서비스,R10307,헬스장,R91132,체력 단련시설 운영업,26,부산광역시,26710,기장군,26710250,기장읍,2671025026,기장읍,2671025026101260008,1,대지,126,8,부산광역시 기장군 기장읍 대라리 126-8,267103140050,부산광역시 기장군 기장읍 차성남로,57,,2671025026101260008002196,,부산광역시 기장군 기장읍 차성남로 57,619903,46066,,,,129.214446681504,35.2414825333137
MA010120220810707558,남정헬스,,R1,예술·스포츠,R103,스포츠 서비스,R10307,헬스장,R91132,체력 단련시설 운영업,26,부산광역시,26530,사상구,26530660,주례2동,2653010600,주례동,2653010600100830020,1,대지,83,20,부산광역시 사상구 주례동 83-20,265304217360,부산광역시 사상구 진사로36번길,12,,2653010600100830020015246,,부산광역시 사상구 진사로36번길 12,617833,47009,,,,129.015441245507,35.1479692017823
MA010120220812161623,가라지,,R1,예술·스포츠,R103,스포츠 서비스,R10307,헬스장,R91132,체력 단련시설 운영업,26,부산광역시,26350,해운대구,26350553,좌3동,2635010700,좌동,2635010700113560012,1,대지,1356,12,부산광역시 해운대구 좌동 1356-12,263504199215,부산광역시 해운대구 좌동순환로15번길,11,,2635010700113560012015315,,부산광역시 해운대구 좌동순환로15번길 11,612853,48084,,,,129.166206527637,35.1671562324788
MA010120220814109081,옥스그룹,,R1,예술·스포츠,R103,스포츠 서비스,R10307,헬스장,R91132,체력 단련시설 운영업,26,부산광역시,26320,북구,26320510,구포1동,2632010500,구포동,2632010500104300004,1,대지,430,4,부산광역시 북구 구포동 430-4,263204196093,부산광역시 북구 낙동대로1762번길,69,,2632010500104300004000083,,부산광역시 북구 낙동대로1762번길 69,616801,46583,,,,129.001153920213,35.2069804472737
MA010120220809264370,추&박헬스클럽,,R1,예술·스포츠,R103,스포츠 서비스,R10307,헬스장,R91132,체력 단련시설 운영업,26,부산광역시,26350,해운대구,26350525,우3동,2635010500,우동,2635010500114050000,1,대지,1405,,부산광역시 해운대구 우동 1405,263503133004,부산광역시 해운대구 마린시티2로,2,,2635010500114050000011274,마린파크,부산광역시 해운대구 마린시티2로 2,612020,48092,,,,129.144239431622,35.1593287860931
MA010120220809742820,워너짐,,R1,예술·스포츠,R103,스포츠 서비스,R10307,헬스장,R91132,체력 단련시설 운영업,26,부산광역시,26140,서구,26140590,부민동,2614010900,부민동1가,2614010900100160008,1,대지,16,8,부산광역시 서구 부민동1가 16-8,261403006005,부산광역시 서구 구덕로,216,,2614010900100160008008062,명보빌딩,부산광역시 서구 구덕로 216,602816,49223,,2,,129.020288709139,35.1039291843658
MA010120220808205999,BodyBalance운동센터,,R1,예술·스포츠,R103,스포츠 서비스,R10307,헬스장,R91132,체력 단련시설 운영업,26,부산광역시,26410,금정구,26410665,청룡노포동,2641010300,청룡동,2641010300103570000,1,대지,357,,부산광역시 금정구 청룡동 357,264103135051,부산광역시 금정구 청룡예전로,100,,2641010300103570000001570,상가,부산광역시 금정구 청룡예전로 100,609844,46201,,3,,129.08581483248,35.2793098805201
MA010120220808346267,더블유휘트니스,,R1,예술·스포츠,R103,스포츠 서비스,R10307,헬스장,R91132,체력 단련시설 운영업,26,부산광역시,26230,부산진구,26230520,부전2동,2623010300,부전동,2623010300102320024,1,대지,232,24,부산광역시 부산진구 부전동 232-24,262302000010,부산광역시 부산진구 중앙대로,673,1,2623010300102320024013543,,부산광역시 부산진구 중앙대로 673-1,614846,47289,,3,,129.058848125188,35.1528624007129
MA010120220804336254,루이스짐,,R1,예술·스포츠,R103,스포츠 서비스,R10307,헬스장,R91132,체력 단련시설 운영업,26,부산광역시,26350,해운대구,26350552,좌2동,2635010700,좌동,2635010700114810004,1,대지,1481,4,부산광역시 해운대구 좌동 1481-4,263504199084,부산광역시 해운대구 세실로27번길,19,,2635010700114810004026387,지오프라자,부산광역시 해운대구 세실로27번길 19,612842,48111,,,,129.178028790477,35.1685121355433
MA010120220800617719,더케이이짐,,R1,예술·스포츠,R103,스포츠 서비스,R10307,헬스장,R91132,체력 단련시설 운영업,26,부산광역시,26440,강서구,26440545,명지2동,2644010400,명지동,2644010400132380000,1,대지,3238,,부산광역시 강서구 명지동 3238,264403136039,부산광역시 강서구 명지오션시티11로,66,,2644010400132380000000001,,부산광역시 강서구 명지오션시티11로 66,618814,46765,,9,,128.903158611712,35.0840251815594
MA010120220814348704,런투유줄넘기클럽,,R1,예술·스포츠,R103,스포츠 서비스,R10307,헬스장,R91132,체력 단련시설 운영업,26,부산광역시,26710,기장군,26710256,정관읍,2671025622,정관읍,2671025622107170008,1,대지,717,8,부산광역시 기장군 정관읍 매학리 717-8,267103140045,부산광역시 기장군 정관읍 정관7로,34,,2671025622107170008000001,서진프라자,부산광역시 기장군 정관읍 정관7로 34,619963,46015,,4,,129.17861531527,35.3218014045513
MA010120220805306872,한창헬스,,R1,예술·스포츠,R103,스포츠 서비스,R10307,헬스장,R91132,체력 단련시설 운영업,26,부산광역시,26350,해운대구,26350552,좌2동,2635010700,좌동,2635010700114430006,1,대지,1443,6,부산광역시 해운대구 좌동 1443-6,263503133039,부산광역시 해운대구 좌동순환로,307,1,2635010700114430006018016,한창프라자,부산광역시 해운대구 좌동순환로 307-1,612843,48113,,5,,129.183220449342,35.1685447961785
MA010120220813151709,더바디피트니스,,R1,예술·스포츠,R103,스포츠 서비스,R10307,헬스장,R91132,체력 단련시설 운영업,26,부산광역시,26260,동래구,26260570,온천3동,2626010800,온천동,2626010800116000000,1,대지,1600,,부산광역시 동래구 온천동 1600,262604190258,부산광역시 동래구 쇠미로129번길,62,12,2626010800116820000003638,새온천화신동영,부산광역시 동래구 쇠미로129번길 62-12,607774,47868,,,,129.060117803447,35.2049188101301
MA010120220812866376,신모라휘트니스,,R1,예술·스포츠,R103,스포츠 서비스,R10307,헬스장,R91132,체력 단련시설 운영업,26,부산광역시,26530,사상구,26530593,모라3동,2653010200,모라동,2653010200105500002,1,대지,550,2,부산광역시 사상구 모라동 550-2,265303139010,부산광역시 사상구 모라로,136,17,2653010200105500002000507,신모라목욕탕,부산광역시 사상구 모라로 136-17,617821,46934,,,,128.994701938218,35.1851524863535
MA010120220806551429,세찬,명지,R1,예술·스포츠,R103,스포츠 서비스,R10307,헬스장,R91132,체력 단련시설 운영업,26,부산광역시,26440,강서구,26440535,명지1동,2644010400,명지동,2644010400132270000,1,대지,3227,,부산광역시 강서구 명지동 3227,264403136041,부산광역시 강서구 명지오션시티13로,10,,2644010400132270000000001,,부산광역시 강서구 명지오션시티13로 10,618814,46726,,,,128.897719348024,35.0896438302961
MA010120220805899327,플랜핏,,R1,예술·스포츠,R103,스포츠 서비스,R10307,헬스장,R91132,체력 단련시설 운영업,26,부산광역시,26470,연제구,26470690,연산5동,2647010200,연산동,2647010200112790001,1,대지,1279,1,부산광역시 연제구 연산동 1279-1,264704211310,부산광역시 연제구 월드컵대로145번길,32,,2647010200112790001000001,석정빌딩,부산광역시 연제구 월드컵대로145번길 32,611839,47540,,4,,129.079860091037,35.1851703218401
MA010120220804531941,류핏,,R1,예술·스포츠,R103,스포츠 서비스,R10307,헬스장,R91132,체력 단련시설 운영업,26,부산광역시,26290,남구,26290530,대연3동,2629010600,대연동,2629010600100380003,1,대지,38,3,부산광역시 남구 대연동 38-3,262904193211,부산광역시 남구 용소로7번길,83,,2629010600100380003027178,태림빌3차,부산광역시 남구 용소로7번길 83,608804,48509,,3,,129.10436835937,35.1386528121809
MA010120220811431408,달라스레오헬스,,R1,예술·스포츠,R103,스포츠 서비스,R10307,헬스장,R91132,체력 단련시설 운영업,26,부산광역시,26350,해운대구,26350552,좌2동,2635010700,좌동,2635010700114430005,1,대지,1443,5,부산광역시 해운대구 좌동 1443-5,263503133039,부산광역시 해운대구 좌동순환로,307,,2635010700114430005029345,현대프라자,부산광역시 해운대구 좌동순환로 307,612843,48113,,,,129.183246481743,35.1686975199757
MA010120220800291165,무브먼트팩토리,,R1,예술·스포츠,R103,스포츠 서비스,R10307,헬스장,R91132,체력 단련시설 운영업,26,부산광역시,26440,강서구,26440535,명지1동,2644010400,명지동,2644010400134200006,1,대지,3420,6,부산광역시 강서구 명지동 3420-6,264403350868,부산광역시 강서구 명지국제8로,266,,2644010400134200006000001,백만프라자,부산광역시 강서구 명지국제8로 266,618200,46772,,,,128.921785091654,35.0975556797723
MA010120220813906676,골져스피트니스,,R1,예술·스포츠,R103,스포츠 서비스,R10307,헬스장,R91132,체력 단련시설 운영업,26,부산광역시,26230,부산진구,26230780,범천2동,2623010400,범천동,2623010400115890027,1,대지,1589,27,부산광역시 부산진구 범천동 1589-27,262302129001,부산광역시 부산진구 신천대로,167,,2623010400115890028055051,탑패밀리,부산광역시 부산진구 신천대로 167,614834,47278,,2,,129.050377757689,35.1568090095204
MA010120220808308550,벡스휘트니스,,R1,예술·스포츠,R103,스포츠 서비스,R10307,헬스장,R91132,체력 단련시설 운영업,26,부산광역시,26350,해운대구,26350530,중1동,2635010600,중동,2635010600102440000,1,대지,244,,부산광역시 해운대구 중동 244,263503133038,부산광역시 해운대구 좌동로,47,,2635010600102440000000002,해정빌딩,부산광역시 해운대구 좌동로 47,612846,48082,,4,,129.171293046246,35.1698406359797
MA010120220811218154,다이어트하우스,,R1,예술·스포츠,R103,스포츠 서비스,R10307,헬스장,R91132,체력 단련시설 운영업,26,부산광역시,26500,수영구,26500770,광안2동,2650010400,광안동,2650010400101700004,1,대지,170,4,부산광역시 수영구 광안동 170-4,265004214137,부산광역시 수영구 남천바다로21번길,91,,2650010400101700004014636,산호빌라,부산광역시 수영구 남천바다로21번길 91,613804,48299,,1,,129.115148461891,35.152919547577
MA010120220808111515,에스모티베이션,,R1,예술·스포츠,R103,스포츠 서비스,R10307,헬스장,R91132,체력 단련시설 운영업,26,부산광역시,26320,북구,26320571,만덕1동,2632010300,만덕동,2632010300106420059,1,대지,642,59,부산광역시 북구 만덕동 642-59,263203132006,부산광역시 북구 만덕1로,53,,2632010300106420059012403,뉴리더빌딩,부산광역시 북구 만덕1로 53,616828,46560,,,,129.031560550882,35.2141788152367
MA010120220811464002,더함컴퍼니,,R1,예술·스포츠,R103,스포츠 서비스,R10307,헬스장,R91132,체력 단련시설 운영업,26,부산광역시,26350,해운대구,26350552,좌2동,2635010700,좌동,2635010700114790001,1,대지,1479,1,부산광역시 해운대구 좌동 1479-1,263502006010,부산광역시 해운대구 해운대로,802,,2635010700114790001000001,웅신씨네아트,부산광역시 해운대구 해운대로 802,612842,48111,,6,,129.176663275189,35.1691584756189
MA010120220806387052,블로썸핏,,R1,예술·스포츠,R103,스포츠 서비스,R10307,헬스장,R91132,체력 단련시설 운영업,26,부산광역시,26380,사하구,26380562,하단2동,2638010300,하단동,2638010300105110007,1,대지,511,7,부산광역시 사하구 하단동 511-7,263802006002,부산광역시 사하구 낙동대로,491,,2638010300105110007000001,정석빌딩,부산광역시 사하구 낙동대로 491,604852,49310,,7,,128.966788898681,35.1081616616113
MA010120220810034720,겟바디핏,,R1,예술·스포츠,R103,스포츠 서비스,R10307,헬스장,R91132,체력 단련시설 운영업,26,부산광역시,26350,해운대구,26350530,중1동,2635010600,중동,2635010600116320000,1,대지,1632,,부산광역시 해운대구 중동 1632,263504199241,부산광역시 해운대구 중동2로34번길,10,,2635010600116320000000001,DSPARK,부산광역시 해운대구 중동2로34번길 10,612848,48096,,3,,129.16385173987,35.1648463593645
MA010120220804433042,오케이피트니스,광안점,R1,예술·스포츠,R103,스포츠 서비스,R10307,헬스장,R91132,체력 단련시설 운영업,26,부산광역시,26500,수영구,26500800,민락동,2650010300,민락동,2650010300101810228,1,대지,181,228,부산광역시 수영구 민락동 181-228,265003138005,부산광역시 수영구 광안해변로,299,,2650010300101810228011731,활어센터,부산광역시 수영구 광안해변로 299,613828,48290,,4,,129.126401831867,35.1569759132049
MA010120220812932993,미주핏,,R1,예술·스포츠,R103,스포츠 서비스,R10307,헬스장,R91132,체력 단련시설 운영업,26,부산광역시,26440,강서구,26440535,명지1동,2644010400,명지동,2644010400136030002,1,대지,3603,2,부산광역시 강서구 명지동 3603-2,264403350853,부산광역시 강서구 명지국제2로28번길,8,,2644010400136030002000001,더프라임상가,부산광역시 강서구 명지국제2로28번길 8,618200,46726,,5,,128.908113266104,35.0934008759112
MA010120220810762956,디에스티피트,,R1,예술·스포츠,R103,스포츠 서비스,R10307,헬스장,R91132,체력 단련시설 운영업,26,부산광역시,26350,해운대구,26350525,우3동,2635010500,우동,2635010500114350000,1,대지,1435,,부산광역시 해운대구 우동 1435,263503133005,부산광역시 해운대구 마린시티3로,23,,2635010500114350000011677,벽산이오렌지프라자,부산광역시 해운대구 마린시티3로 23,612020,48118,,5,,129.146923006658,35.1566408843548
MA010120220813711619,금천파크온천,,R1,예술·스포츠,R103,스포츠 서비스,R10307,헬스장,R91132,체력 단련시설 운영업,26,부산광역시,26260,동래구,26260550,온천1동,2626010800,온천동,2626010800100950038,1,대지,95,38,부산광역시 동래구 온천동 95-38,262603130022,부산광역시 동래구 금강로,140,1,2626010800100950038013415,,부산광역시 동래구 금강로 140-1,607832,47709,,4,,129.080898442651,35.2211354869682
MA010120220804385426,퍼스트밸런스,,R1,예술·스포츠,R103,스포츠 서비스,R10307,헬스장,R91132,체력 단련시설 운영업,26,부산광역시,26470,연제구,26470650,연산1동,2647010200,연산동,2647010200103020003,1,대지,302,3,부산광역시 연제구 연산동 302-3,264703137017,부산광역시 연제구 신금로,25,,2647010200103020003018510,노블레스스퀘어상가,부산광역시 연제구 신금로 25,611811,47560,,1,,129.094371555541,35.1915976783422
MA010120220806357262,라움앤노블레스짐,,R1,예술·스포츠,R103,스포츠 서비스,R10307,헬스장,R91132,체력 단련시설 운영업,26,부산광역시,26470,연제구,26470650,연산1동,2647010200,연산동,2647010200103020003,1,대지,302,3,부산광역시 연제구 연산동 302-3,264703137017,부산광역시 연제구 신금로,25,,2647010200103020003018510,노블레스스퀘어,부산광역시 연제구 신금로 25,611811,47560,,2,,129.094371555541,35.1915976783422
MA010120220806793109,마이너짐,,R1,예술·스포츠,R103,스포츠 서비스,R10307,헬스장,R91132,체력 단련시설 운영업,26,부산광역시,26410,금정구,26410690,구서2동,2641010700,구서동,2641010700110130005,1,대지,1013,5,부산광역시 금정구 구서동 1013-5,264103006032,부산광역시 금정구 금샘로,419,,2641010700110130005027243,,부산광역시 금정구 금샘로 419,609802,46235,,2,,129.084186784613,35.2603779041713
MA010120220813226142,레고핏,,R1,예술·스포츠,R103,스포츠 서비스,R10307,헬스장,R91132,체력 단련시설 운영업,26,부산광역시,26260,동래구,26260750,안락2동,2626010200,안락동,2626010200101520009,1,대지,152,9,부산광역시 동래구 안락동 152-9,262603130031,부산광역시 동래구 연안로,43,,2626010200101520009018351,,부산광역시 동래구 연안로 43,607825,47899,,3,,129.107034086036,35.1918104888666
MA010120220812366551,원일핏,,R1,예술·스포츠,R103,스포츠 서비스,R10307,헬스장,R91132,체력 단련시설 운영업,26,부산광역시,26260,동래구,26260545,명륜동,2626010700,명륜동,2626010700100150009,1,대지,15,9,부산광역시 동래구 명륜동 15-9,262603130028,부산광역시 동래구 시실로,42,4,2626010700100150009014954,,부산광역시 동래구 시실로 42-4,607802,47744,,2,,129.087759399905,35.2154662327869
MA010120220811622430,헬스달리아,,R1,예술·스포츠,R103,스포츠 서비스,R10307,헬스장,R91132,체력 단련시설 운영업,26,부산광역시,26710,기장군,26710250,기장읍,2671025021,기장읍,2671025021104340008,1,대지,434,8,부산광역시 기장군 기장읍 동부리 434-8,267104220281,부산광역시 기장군 기장읍 차성동로142번길,15,,2671025021104340008003990,,부산광역시 기장군 기장읍 차성동로142번길 15,619905,46063,,1,,129.218955241639,35.2505372675415
MA010120220806962146,미라클랜드휘트니스,,R1,예술·스포츠,R103,스포츠 서비스,R10307,헬스장,R91132,체력 단련시설 운영업,26,부산광역시,26500,수영구,26500670,남천2동,2650010500,남천동,2650010500100030017,1,대지,3,17,부산광역시 수영구 남천동 3-17,265003138002,부산광역시 수영구 광남로,60,,2650010500100030017014106,,부산광역시 수영구 광남로 60,613813,48304,,2,,129.112905532722,35.1476509089368
MA010120220805359839,솔휘트니스,,R1,예술·스포츠,R103,스포츠 서비스,R10307,헬스장,R91132,체력 단련시설 운영업,26,부산광역시,26530,사상구,26530620,괘법동,2653010400,괘법동,2653010400102710007,1,대지,271,7,부산광역시 사상구 괘법동 271-7,265303132023,부산광역시 사상구 사상로,230,,2653010400102710007012535,,부산광역시 사상구 사상로 230,617806,46964,,3,,128.98322683512,35.1655512184377
MA010120220810638678,최옥수의바디업,,R1,예술·스포츠,R103,스포츠 서비스,R10307,헬스장,R91132,체력 단련시설 운영업,26,부산광역시,26230,부산진구,26230780,범천2동,2623010400,범천동,2623010400110540000,1,대지,1054,,부산광역시 부산진구 범천동 1054,262302006015,부산광역시 부산진구 가야대로,702,,2623010400110540000000001,서면이편한세상,부산광역시 부산진구 가야대로 702,614832,47278,,,,129.048578861508,35.1563978813808
MA010120220810796277,B&M척추운동센터,,R1,예술·스포츠,R103,스포츠 서비스,R10307,헬스장,R91132,체력 단련시설 운영업,26,부산광역시,26260,동래구,26260560,온천2동,2626010800,온천동,2626010800105030012,1,대지,503,12,부산광역시 동래구 온천동 503-12,262604190462,부산광역시 동래구 중앙대로1381번길,11,,2626010800105030012000414,우경빌딩,부산광역시 동래구 중앙대로1381번길 11,607835,47728,,5,,129.07723572851,35.2105648309695
MA010120220811975061,대시PT,,R1,예술·스포츠,R103,스포츠 서비스,R10307,헬스장,R91132,체력 단련시설 운영업,26,부산광역시,26200,영도구,26200640,청학2동,2620012000,청학동,2620012000100070024,1,대지,7,24,부산광역시 영도구 청학동 7-24,262003006003,부산광역시 영도구 태종로,361,,2620012000100070024003005,,부산광역시 영도구 태종로 361,606818,49009,,3,,129.064587762159,35.0946845668555
MA010120220810614565,로얄헬스,,R1,예술·스포츠,R103,스포츠 서비스,R10307,헬스장,R91132,체력 단련시설 운영업,26,부산광역시,26230,부산진구,26230510,부전1동,2623010300,부전동,2623010300103470026,1,대지,347,26,부산광역시 부산진구 부전동 347-26,262304187385,부산광역시 부산진구 부전로152번길,27,,2623010300103470026017683,,부산광역시 부산진구 부전로152번길 27,614843,47253,,,,129.058275509924,35.1610546896145
MA010120220803165323,매드맥스남산,,R1,예술·스포츠,R103,스포츠 서비스,R10307,헬스장,R91139,그 외 기타 스포츠시설 운영업,26,부산광역시,26410,금정구,26410670,남산동,2641010400,남산동,2641010400101170004,1,대지,117,4,부산광역시 금정구 남산동 117-4,264102000010,부산광역시 금정구 중앙대로,2027,,2641010400101170004028304,새생명빌딩,부산광역시 금정구 중앙대로 2027,609814,46224,,1,,129.092117817626,35.2654495819943
MA010120220811583173,EMS코어PT센터,,R1,예술·스포츠,R103,스포츠 서비스,R10307,헬스장,R91132,체력 단련시설 운영업,26,부산광역시,26350,해운대구,26350553,좌3동,2635010700,좌동,2635010700113680002,1,대지,1368,2,부산광역시 해운대구 좌동 1368-2,263503133039,부산광역시 해운대구 좌동순환로,77,,2635010700113680002030669,,부산광역시 해운대구 좌동순환로 77,612853,48084,,3,,129.166801381314,35.1730300302817
MA010120220813307722,슬렌더핏,,R1,예술·스포츠,R103,스포츠 서비스,R10307,헬스장,R91132,체력 단련시설 운영업,26,부산광역시,26170,동구,26170660,범일2동,2617010400,범일동,2617010400108300050,1,대지,830,50,부산광역시 동구 범일동 830-50,261704181197,부산광역시 동구 범일로102번길,7,,2617010400108300050010131,,부산광역시 동구 범일로102번길 7,601807,48738,,,,129.060434986765,35.1392098213168
MA010120220811756208,메이저피트니스,,R1,예술·스포츠,R103,스포츠 서비스,R10307,헬스장,R91132,체력 단련시설 운영업,26,부산광역시,26110,중구,26110530,대청동,2611011600,대청동1가,2611011600100340001,1,대지,34,1,부산광역시 중구 대청동1가 34-1,261103125010,부산광역시 중구 대청로,109,,2611011600100340001001871,,부산광역시 중구 대청로 109,600091,48932,,3,,129.032022691043,35.1030661335249
MA010120220812129943,라이트짐,,R1,예술·스포츠,R103,스포츠 서비스,R10307,헬스장,R91132,체력 단련시설 운영업,26,부산광역시,26410,금정구,26410590,부곡3동,2641010900,부곡동,2641010900102250071,1,대지,225,71,부산광역시 금정구 부곡동 225-71,264104205391,부산광역시 금정구 중앙대로1719번길,23,,2641010900102250071017985,우남빌딩,부산광역시 금정구 중앙대로1719번길 23,609819,46277,,6,,129.090908955225,35.2376431596612
MA010120220810730909,담덕엄궁헬스,,R1,예술·스포츠,R103,스포츠 서비스,R10307,헬스장,R91132,체력 단련시설 운영업,26,부산광역시,26530,사상구,26530680,엄궁동,2653010800,엄궁동,2653010800105670007,1,대지,567,7,부산광역시 사상구 엄궁동 567-7,265303139015,부산광역시 사상구 엄궁로,204,,2653010800105670007000001,,부산광역시 사상구 엄궁로 204,617831,47035,,2,,128.973688709422,35.1309665764575
MA010120220810035670,건담짐,,R1,예술·스포츠,R103,스포츠 서비스,R10307,헬스장,R91132,체력 단련시설 운영업,26,부산광역시,26260,동래구,26260510,수민동,2626010400,낙민동,2626010400100890010,1,대지,89,10,부산광역시 동래구 낙민동 89-10,262603130018,부산광역시 동래구 온천천로,391,,2626010400100890010021524,,부산광역시 동래구 온천천로 391,607801,47903,,1,,129.096246108953,35.1932053257799
MA010120220808230177,뉴점핑다이어트,,R1,예술·스포츠,R103,스포츠 서비스,R10307,헬스장,R91132,체력 단련시설 운영업,26,부산광역시,26230,부산진구,26230760,개금3동,2623011100,개금동,2623011100104470062,1,대지,447,62,부산광역시 부산진구 개금동 447-62,262304187291,부산광역시 부산진구 백양대로320번길,10,,2623011100104470000024894,층,부산광역시 부산진구 백양대로320번길 10,614811,47175,,1,,129.016479143382,35.1544583834395
MA010120220808229334,24시사하헬스P.T네오피트니스,,R1,예술·스포츠,R103,스포츠 서비스,R10307,헬스장,R91132,체력 단련시설 운영업,26,부산광역시,26380,사하구,26380561,하단1동,2638010300,하단동,2638010300111840001,1,대지,1184,1,부산광역시 사하구 하단동 1184-1,263804202513,부산광역시 사하구 하신번영로201번길,10,,2638010300111840001024251,강변프라자빌라,부산광역시 사하구 하신번영로201번길 10,604858,49430,,1,,128.957730258152,35.0994406484847
MA010120220811693003,피티시즌,,R1,예술·스포츠,R103,스포츠 서비스,R10307,헬스장,R91132,체력 단련시설 운영업,26,부산광역시,26260,동래구,26260590,사직2동,2626010900,사직동,2626010900100920036,1,대지,92,36,부산광역시 동래구 사직동 92-36,262603130010,부산광역시 동래구 사직북로,3,,2626010900100920036008096,사직동백진빌딩,부산광역시 동래구 사직북로 3,607815,47865,,4,,129.060676661921,35.196186102156
MA010120220809895623,바디메틱,,R1,예술·스포츠,R103,스포츠 서비스,R10307,헬스장,R91132,체력 단련시설 운영업,26,부산광역시,26530,사상구,26530591,모라1동,2653010200,모라동,2653010200113670000,1,대지,1367,,부산광역시 사상구 모라동 1367,265302006008,부산광역시 사상구 백양대로,905,1,2653010200113670000012057,,부산광역시 사상구 백양대로 905-1,617818,46929,,2,,128.990535541423,35.1871495670047
MA010120220809650907,단전호흡,,R1,예술·스포츠,R103,스포츠 서비스,R10307,헬스장,R91132,체력 단련시설 운영업,26,부산광역시,26410,금정구,26410570,부곡1동,2641010900,부곡동,2641010900103030005,1,대지,303,5,부산광역시 금정구 부곡동 303-5,264103135035,부산광역시 금정구 서부곡로,9,1,2641010900103030005010903,,부산광역시 금정구 서부곡로 9-1,609851,46302,,3,,129.090664897408,35.225995551422
MA010120220808168396,에스짐,,R1,예술·스포츠,R103,스포츠 서비스,R10307,헬스장,R91132,체력 단련시설 운영업,26,부산광역시,26710,기장군,26710256,정관읍,2671025622,정관읍,2671025622107130003,1,대지,713,3,부산광역시 기장군 정관읍 매학리 713-3,267103140047,부산광역시 기장군 정관읍 정관로,565,,2671032022107130003000001,,부산광역시 기장군 정관읍 정관로 565,619963,46015,,,,129.175954627157,35.3218042824931
MA010120220800637337,큐브짐휘트니스,,R1,예술·스포츠,R103,스포츠 서비스,R10307,헬스장,R91132,체력 단련시설 운영업,26,부산광역시,26260,동래구,26260580,사직1동,2626010900,사직동,2626010900100470027,1,대지,47,27,부산광역시 동래구 사직동 47-27,262603130010,부산광역시 동래구 사직북로,24,,2626010900100470027008197,,부산광역시 동래구 사직북로 24,607817,47859,,7,,129.060534943379,35.1979637937875
MA010120220808390427,브론즈짐,해운대,R1,예술·스포츠,R103,스포츠 서비스,R10307,헬스장,R91132,체력 단련시설 운영업,26,부산광역시,26350,해운대구,26350530,중1동,2635010600,중동,2635010600113780018,1,대지,1378,18,부산광역시 해운대구 중동 1378-18,263503133041,부산광역시 해운대구 중동2로,16,,2635010600113780018026804,해운대온천센터,부산광역시 해운대구 중동2로 16,612847,48096,,7,,129.164549384369,35.1634281109519
MA010120220808688212,웰니스피트니스,,R1,예술·스포츠,R103,스포츠 서비스,R10307,헬스장,R91132,체력 단련시설 운영업,26,부산광역시,26440,강서구,26440590,신호동,2644011700,신호동,2644011700102150001,1,대지,215,1,부산광역시 강서구 신호동 215-1,264403136058,부산광역시 강서구 신호산단3로,48,,2644011700102150001000001,,부산광역시 강서구 신호산단3로 48,618290,46759,,,,128.878156640781,35.0871457727206
MA010120220811983162,바로피트니스,,R1,예술·스포츠,R103,스포츠 서비스,R10307,헬스장,R91132,체력 단련시설 운영업,26,부산광역시,26230,부산진구,26230520,부전2동,2623010300,부전동,2623010300102170001,1,대지,217,1,부산광역시 부산진구 부전동 217-1,262304187689,부산광역시 부산진구 중앙대로692번길,38,,2623010300102170001020568,은아빌딩,부산광역시 부산진구 중앙대로692번길 38,614846,47296,,2,,129.061284815621,35.154199732321
MA010120220810797013,커브스명륜클럽,,R1,예술·스포츠,R103,스포츠 서비스,R10307,헬스장,R91132,체력 단련시설 운영업,26,부산광역시,26260,동래구,26260560,온천2동,2626010800,온천동,2626010800105030012,1,대지,503,12,부산광역시 동래구 온천동 503-12,262604190462,부산광역시 동래구 중앙대로1381번길,11,,2626010800105030012000414,,부산광역시 동래구 중앙대로1381번길 11,607835,47728,,,,129.07723572851,35.2105648309695
MA010120220806711925,현피트니스,,R1,예술·스포츠,R103,스포츠 서비스,R10307,헬스장,R91132,체력 단련시설 운영업,26,부산광역시,26410,금정구,26410580,부곡2동,2641010900,부곡동,2641010900102680002,1,대지,268,2,부산광역시 금정구 부곡동 268-2,264102000010,부산광역시 금정구 중앙대로,1617,12,2641010900102680002000001,부곡동푸르지오,부산광역시 금정구 중앙대로 1617-12,609705,46279,,2,,129.090287513373,35.2292642242835
MA010120220807171489,고피트니스괴정,,R1,예술·스포츠,R103,스포츠 서비스,R10307,헬스장,R91132,체력 단련시설 운영업,26,부산광역시,26380,사하구,26380530,괴정3동,2638010100,괴정동,2638010100109660001,1,대지,966,1,부산광역시 사하구 괴정동 966-1,263803134015,부산광역시 사하구 사하로,200,,2638010100109660001029354,,부산광역시 사하구 사하로 200,604083,49355,,8,,128.993700201194,35.0995842385209
MA010120220809334918,더나음피티,,R1,예술·스포츠,R103,스포츠 서비스,R10307,헬스장,R91132,체력 단련시설 운영업,26,부산광역시,26260,동래구,26260590,사직2동,2626010900,사직동,2626010900100420001,1,대지,42,1,부산광역시 동래구 사직동 42-1,262604190231,부산광역시 동래구 사직로70번길,50,,2626010900100420001021431,,부산광역시 동래구 사직로70번길 50,607815,47864,,2,,129.05773375399,35.1974617396501
MA010120220800369398,더짐,,R1,예술·스포츠,R103,스포츠 서비스,R10307,헬스장,R91132,체력 단련시설 운영업,26,부산광역시,26230,부산진구,26230520,부전2동,2623010300,부전동,2623010300101690002,1,대지,169,2,부산광역시 부산진구 부전동 169-2,262304187690,부산광역시 부산진구 중앙대로702번길,50,,2623010300101690002035940,,부산광역시 부산진구 중앙대로702번길 50,614845,47295,,3,,129.061859580227,35.1552352966569
MA010120220807975184,피트니스,코리아,R1,예술·스포츠,R103,스포츠 서비스,R10307,헬스장,R91132,체력 단련시설 운영업,26,부산광역시,26170,동구,26170520,초량2동,2617010100,초량동,2617010100102070010,1,대지,207,10,부산광역시 동구 초량동 207-10,261704181421,부산광역시 동구 중앙대로231번길,16,,2617010100102070010010015,,부산광역시 동구 중앙대로231번길 16,601829,48815,,3,,129.040417563048,35.1182630301094
MA010120220805458794,팀레전드부부동네헬스,,R1,예술·스포츠,R103,스포츠 서비스,R10307,헬스장,R91132,체력 단련시설 운영업,26,부산광역시,26500,수영구,26500760,광안1동,2650010400,광안동,2650010400104910017,1,대지,491,17,부산광역시 수영구 광안동 491-17,265003131037,부산광역시 수영구 수영로,621,,2650010400104910017005523,부광,부산광역시 수영구 수영로 621,613807,48253,,1,,129.113586650144,35.1612554337324
MA010120220811445813,바디케어스포츠센터,,R1,예술·스포츠,R103,스포츠 서비스,R10307,헬스장,R91132,체력 단련시설 운영업,26,부산광역시,26500,수영구,26500730,수영동,2650010200,수영동,2650010200105290000,1,대지,529,,부산광역시 수영구 수영동 529,265003131037,부산광역시 수영구 수영로,775,,2650010200105290000013953,영화빌딩,부산광역시 수영구 수영로 775,613832,48222,,5,,129.123355054833,35.1664013245801
MA010120220809461822,더진짜휘트니스,,R1,예술·스포츠,R103,스포츠 서비스,R10307,헬스장,R91132,체력 단련시설 운영업,26,부산광역시,26320,북구,26320521,구포3동,2632010500,구포동,2632010500112370050,1,대지,1237,50,부산광역시 북구 구포동 1237-50,263203132012,부산광역시 북구 시랑로,159,,2632010500112370050006685,,부산광역시 북구 시랑로 159,616808,46624,,6,,129.012724462469,35.1962179198019
MA010120220810533671,제이엠핏,다대점,R1,예술·스포츠,R103,스포츠 서비스,R10307,헬스장,R91132,체력 단련시설 운영업,26,부산광역시,26380,사하구,26380601,다대1동,2638010600,다대동,2638010600115510023,1,대지,1551,23,부산광역시 사하구 다대동 1551-23,263803134007,부산광역시 사하구 다대로,630,,2638010600115510023009021,,부산광역시 사하구 다대로 630,604827,49503,,,,128.970103443761,35.0503776338399
MA010120220813144401,알통클럽,,R1,예술·스포츠,R103,스포츠 서비스,R10307,헬스장,R91132,체력 단련시설 운영업,26,부산광역시,26530,사상구,26530680,엄궁동,2653010800,엄궁동,2653010800103760001,1,대지,376,1,부산광역시 사상구 엄궁동 376-1,265302006002,부산광역시 사상구 낙동대로,751,,2653010800103760001018557,타워,부산광역시 사상구 낙동대로 751,617831,47032,,7,,128.969481761909,35.1284576572448
MA010120220806549696,젬스톤피트니스,,R1,예술·스포츠,R103,스포츠 서비스,R10307,헬스장,R91132,체력 단련시설 운영업,26,부산광역시,26230,부산진구,26230610,전포2동,2623010200,전포동,2623010200106600005,1,대지,660,5,부산광역시 부산진구 전포동 660-5,262303129010,부산광역시 부산진구 동천로,112,,2623010200206600005000001,,부산광역시 부산진구 동천로 112,614865,47247,,3,,129.062569820245,35.1585935477974
MA010120220810731895,함께짐,,R1,예술·스포츠,R103,스포츠 서비스,R10307,헬스장,R91132,체력 단련시설 운영업,26,부산광역시,26320,북구,26320543,화명3동,2632010200,화명동,2632010200122710004,1,대지,2271,4,부산광역시 북구 화명동 2271-4,263202132002,부산광역시 북구 화명대로,15,,2632010200122710004017577,하이페리온타워,부산광역시 북구 화명대로 15,616852,46524,,,,129.009881695387,35.2354297428226
MA010120220808712103,키네스,부산점,R1,예술·스포츠,R103,스포츠 서비스,R10307,헬스장,R91132,체력 단련시설 운영업,26,부산광역시,26260,동래구,26260560,온천2동,2626010800,온천동,2626010800114390003,1,대지,1439,3,부산광역시 동래구 온천동 1439-3,262602000010,부산광역시 동래구 중앙대로,1325,,2626010800114390003010972,이센타워,부산광역시 동래구 중앙대로 1325,607837,47734,,10,,129.077529940561,35.205306063212
MA010120220809935619,찐피티,,R1,예술·스포츠,R103,스포츠 서비스,R10307,헬스장,R91132,체력 단련시설 운영업,26,부산광역시,26290,남구,26290510,대연1동,2629010600,대연동,2629010600103350017,1,대지,335,17,부산광역시 남구 대연동 335-17,262904193145,부산광역시 남구 수영로250번길,19,,2629010600103350017001027,,부산광역시 남구 수영로250번길 19,608809,48497,,2,,129.094799651112,35.134700374654
MA010120220810886932,골드웨이브,,R1,예술·스포츠,R103,스포츠 서비스,R10307,헬스장,R91132,체력 단련시설 운영업,26,부산광역시,26710,기장군,26710259,일광읍,2671025921,일광읍,2671025921108090001,1,대지,809,1,부산광역시 기장군 일광읍 삼성리 809-1,267103352375,부산광역시 기장군 일광읍 해빛1로,74,,2671031021108090001000001,,부산광역시 기장군 일광읍 해빛1로 74,619912,46048,,6,,129.22280372319,35.2603248298837
MA010120220809124164,부광테바짐,,R1,예술·스포츠,R103,스포츠 서비스,R10307,헬스장,R91132,체력 단련시설 운영업,26,부산광역시,26230,부산진구,26230560,양정1동,2623010100,양정동,2623010100103940002,1,대지,394,2,부산광역시 부산진구 양정동 394-2,262304187699,부산광역시 부산진구 중앙대로909번길,11,,2623010100103940002000765,,부산광역시 부산진구 중앙대로909번길 11,614856,47213,,3,,129.069360934611,35.1715354946168
MA010120220805927250,오앤오짐,,R1,예술·스포츠,R103,스포츠 서비스,R10307,헬스장,R91132,체력 단련시설 운영업,26,부산광역시,26440,강서구,26440535,명지1동,2644010400,명지동,2644010400136030007,1,대지,3603,7,부산광역시 강서구 명지동 3603-7,264403350853,부산광역시 강서구 명지국제2로28번길,34,,2644010400136030007000001,에코펠리스,부산광역시 강서구 명지국제2로28번길 34,618200,46726,,6,,128.908856953255,35.0928484471212
MA010120220810341210,호이스트짐,,R1,예술·스포츠,R103,스포츠 서비스,R10307,헬스장,R91132,체력 단련시설 운영업,26,부산광역시,26380,사하구,26380562,하단2동,2638010300,하단동,2638010300108870001,1,대지,887,1,부산광역시 사하구 하단동 887-1,263803134034,부산광역시 사하구 하신번영로,310,,2638010300108870001032982,,부산광역시 사하구 하신번영로 310,604853,49306,,3,,128.959014056296,35.1086390586968
MA010120220805144003,지엠PT,,R1,예술·스포츠,R103,스포츠 서비스,R10307,헬스장,R91132,체력 단련시설 운영업,26,부산광역시,26290,남구,26290510,대연1동,2629010600,대연동,2629010600117250015,1,대지,1725,15,부산광역시 남구 대연동 1725-15,262904193304,부산광역시 남구 유엔로183번길,71,,2629010600117250015006887,우주빌,부산광역시 남구 유엔로183번길 71,608811,48503,,2,,129.096137938071,35.133415603233
MA010120220800914395,피트니스가르텐,,R1,예술·스포츠,R103,스포츠 서비스,R10307,헬스장,R91132,체력 단련시설 운영업,26,부산광역시,26230,부산진구,26230600,전포1동,2623010200,전포동,2623010200103540012,1,대지,354,12,부산광역시 부산진구 전포동 354-12,262303129009,부산광역시 부산진구 동성로,27,,2623010200103540010047536,,부산광역시 부산진구 동성로 27,614863,47305,,3,,129.068174252519,35.1528476882337
MA010120220806536881,지엠개발,,R1,예술·스포츠,R103,스포츠 서비스,R10307,헬스장,R91132,체력 단련시설 운영업,26,부산광역시,26230,부산진구,26230660,부암3동,2623010800,부암동,2623010800105380014,1,대지,538,14,부산광역시 부산진구 부암동 538-14,262303129006,부산광역시 부산진구 당감로,104,,2623010800105380014054232,협성프라자,부산광역시 부산진구 당감로 104,614839,47136,,4,,129.038318599146,35.1708815103343
MA010120220811744450,지젤피트니스클럽,,R1,예술·스포츠,R103,스포츠 서비스,R10307,헬스장,R91132,체력 단련시설 운영업,26,부산광역시,26320,북구,26320543,화명3동,2632010200,화명동,2632010200122760002,1,대지,2276,2,부산광역시 북구 화명동 2276-2,263202132002,부산광역시 북구 화명대로,32,,2632010200122760002015370,다운타운,부산광역시 북구 화명대로 32,616852,46526,,,,129.01148613446,35.2345740113719
MA010120220811700352,플러스휘트니스,,R1,예술·스포츠,R103,스포츠 서비스,R10307,헬스장,R91132,체력 단련시설 운영업,26,부산광역시,26470,연제구,26470660,연산2동,2647010200,연산동,2647010200107870001,1,대지,787,1,부산광역시 연제구 연산동 787-1,264704211332,부산광역시 연제구 월드컵대로3번길,32,,2647010200107870001018835,,부산광역시 연제구 월드컵대로3번길 32,611827,47603,,,,129.08540108871,35.1760634581137
MA010120220813740352,SPT컨디셔닝,,R1,예술·스포츠,R103,스포츠 서비스,R10307,헬스장,R91132,체력 단련시설 운영업,26,부산광역시,26320,북구,26320543,화명3동,2632010200,화명동,2632010200122710004,1,대지,2271,4,부산광역시 북구 화명동 2271-4,263202132002,부산광역시 북구 화명대로,15,,2632010200122710004017577,하이페리온타워,부산광역시 북구 화명대로 15,616852,46524,,2,,129.009881695387,35.2354297428226
MA010120220813574235,리치웰휘트니스덕천스파,,R1,예술·스포츠,R103,스포츠 서비스,R10307,헬스장,R91132,체력 단련시설 운영업,26,부산광역시,26320,북구,26320560,덕천2동,2632010400,덕천동,2632010400103970001,1,대지,397,1,부산광역시 북구 덕천동 397-1,263204196074,부산광역시 북구 금곡대로8번길,33,,2632010400103970001012626,아남프라자,부산광역시 북구 금곡대로8번길 33,616754,46548,,3,,129.007227281247,35.2115028580502
MA010120220806639894,피티파크,,R1,예술·스포츠,R103,스포츠 서비스,R10307,헬스장,R91132,체력 단련시설 운영업,26,부산광역시,26470,연제구,26470690,연산5동,2647010200,연산동,2647010200113100055,1,대지,1310,55,부산광역시 연제구 연산동 1310-55,264703137024,부산광역시 연제구 중앙천로,90,,2647010200113100055020198,,부산광역시 연제구 중앙천로 90,611839,47598,,2,,129.079011233837,35.1815802815908
MA010120220811703033,체육타임운동전문센터,,R1,예술·스포츠,R103,스포츠 서비스,R10307,헬스장,R91132,체력 단련시설 운영업,26,부산광역시,26260,동래구,26260560,온천2동,2626010800,온천동,2626010800114330012,1,대지,1433,12,부산광역시 동래구 온천동 1433-12,262604190460,부산광역시 동래구 중앙대로1335번길,43,,2626010800114330011010966,,부산광역시 동래구 중앙대로1335번길 43,607837,47733,,,,129.07532004299,35.2069119818827
MA010120220808326298,디바피티,,R1,예술·스포츠,R103,스포츠 서비스,R10307,헬스장,R91132,체력 단련시설 운영업,26,부산광역시,26440,강서구,26440535,명지1동,2644010400,명지동,2644010400133570003,1,대지,3357,3,부산광역시 강서구 명지동 3357-3,264403350868,부산광역시 강서구 명지국제8로,235,,2644010400133570003000001,아상가,부산광역시 강서구 명지국제8로 235,618200,46773,,,,128.918605961406,35.0985252664125
MA010120220809802186,어반짐,,R1,예술·스포츠,R103,스포츠 서비스,R10307,헬스장,R91132,체력 단련시설 운영업,26,부산광역시,26320,북구,26320550,덕천1동,2632010400,덕천동,2632010400103700000,1,대지,370,,부산광역시 북구 덕천동 370,263203132004,부산광역시 북구 기찰로,164,,2632010400103700000008663,우찰웰스타운,부산광역시 북구 기찰로 164,616814,46554,,3,,129.022907334758,35.2141615551317
MA010120220807076180,레인보우프로젝트,연산지점,R1,예술·스포츠,R103,스포츠 서비스,R10307,헬스장,R91132,체력 단련시설 운영업,26,부산광역시,26470,연제구,26470690,연산5동,2647010200,연산동,2647010200107020001,1,대지,702,1,부산광역시 연제구 연산동 702-1,264702000010,부산광역시 연제구 중앙대로,1090,,2647010200107020001000001,,부산광역시 연제구 중앙대로 1090,611839,47596,,5,,129.081058035273,35.1847982850086
MA010120220805536359,코오롱글로벌스포렉스부산,아시아드점,R1,예술·스포츠,R103,스포츠 서비스,R10307,헬스장,R91132,체력 단련시설 운영업,26,부산광역시,26470,연제구,26470620,거제2동,2647010100,거제동,2647010100112080000,1,대지,1208,,부산광역시 연제구 거제동 1208,264703130033,부산광역시 연제구 종합운동장로,7,,2647010100111980000009422,홈플러스아시아드점,부산광역시 연제구 종합운동장로 7,611807,47500,,B2,,129.062012486264,35.1912700712054
MA010120220812444161,인코어,,R1,예술·스포츠,R103,스포츠 서비스,R10307,헬스장,R91132,체력 단련시설 운영업,26,부산광역시,26260,동래구,26260550,온천1동,2626010800,온천동,2626010800101530008,1,대지,153,8,부산광역시 동래구 온천동 153-8,262602000010,부산광역시 동래구 중앙대로,1523,,2626010800101530008012999,SK허브스카이위아아파트,부산광역시 동래구 중앙대로 1523,607787,47710,,2,,129.085580496933,35.2212891817598
MA010120220805419925,시나브로,,R1,예술·스포츠,R103,스포츠 서비스,R10307,헬스장,R91132,체력 단련시설 운영업,26,부산광역시,26260,동래구,26260545,명륜동,2626010700,명륜동,2626010700105530021,1,대지,553,21,부산광역시 동래구 명륜동 553-21,262604190494,부산광역시 동래구 충렬대로181번길,42,,2626010700105530021022133,상빌딩,부산광역시 동래구 충렬대로181번길 42,607804,47736,,11,,129.080162054992,35.2056213152946
MA010120220810206374,더바른교정재활센터,,R1,예술·스포츠,R103,스포츠 서비스,R10307,헬스장,R91132,체력 단련시설 운영업,26,부산광역시,26350,해운대구,26350552,좌2동,2635010700,좌동,2635010700114730002,1,대지,1473,2,부산광역시 해운대구 좌동 1473-2,263502006010,부산광역시 해운대구 해운대로,794,,2635010700114730002000001,엘리움,부산광역시 해운대구 해운대로 794,612842,48104,,3,,129.17574276493,35.1687965420148
MA010120220805001239,온포인트짐,,R1,예술·스포츠,R103,스포츠 서비스,R10307,헬스장,R91132,체력 단련시설 운영업,26,부산광역시,26230,부산진구,26230510,부전1동,2623010300,부전동,2623010300101170003,1,대지,117,3,부산광역시 부산진구 부전동 117-3,262304187428,부산광역시 부산진구 서전로9번길,18,,2623010300101170003049313,티홀딩스,부산광역시 부산진구 서전로9번길 18,614844,47246,,4,,129.060791345851,35.1585607433372
MA010120220808598574,반트짐,,R1,예술·스포츠,R103,스포츠 서비스,R10307,헬스장,R91132,체력 단련시설 운영업,26,부산광역시,26140,서구,26140680,암남동,2614012400,암남동,2614012400103530005,1,대지,353,5,부산광역시 서구 암남동 353-5,261402126001,부산광역시 서구 충무대로,12,,2614012400103530005018559,GS프라자,부산광역시 서구 충무대로 12,602831,49269,,7,,129.016317805115,35.0767166216812
MA010120220810625539,우리헬스,,R1,예술·스포츠,R103,스포츠 서비스,R10307,헬스장,R91132,체력 단련시설 운영업,26,부산광역시,26170,동구,26170660,범일2동,2617010400,범일동,2617010400106440010,1,대지,644,10,부산광역시 동구 범일동 644-10,261703127043,부산광역시 동구 진시장로,13,,2617010400106440010007914,주차빌딩,부산광역시 동구 진시장로 13,601803,48734,,6,,129.058027583725,35.1377097543796
MA010120220810500922,영개발주,,R1,예술·스포츠,R103,스포츠 서비스,R10307,헬스장,R91132,체력 단련시설 운영업,26,부산광역시,26200,영도구,26200650,동삼1동,2620012100,동삼동,2620012100103170008,1,대지,317,8,부산광역시 영도구 동삼동 317-8,262003128009,부산광역시 영도구 동삼로,56,,2620012100103170008025112,,부산광역시 영도구 동삼로 56,606807,49101,,,,129.0707985986,35.0784026200441
MA010120220810789446,타임머신PT체형관리,,R1,예술·스포츠,R103,스포츠 서비스,R10307,헬스장,R91132,체력 단련시설 운영업,26,부산광역시,26470,연제구,26470730,연산9동,2647010200,연산동,2647010200104790006,1,대지,479,6,부산광역시 연제구 연산동 479-6,264703006054,부산광역시 연제구 과정로,139,,2647010200104790006016113,,부산광역시 연제구 과정로 139,611812,47586,,2,,129.106859744691,35.1837842842845
MA010120220804969081,워너짐가야,,R1,예술·스포츠,R103,스포츠 서비스,R10307,헬스장,R91132,체력 단련시설 운영업,26,부산광역시,26230,부산진구,26230680,당감2동,2623010900,당감동,2623010900101090004,1,대지,109,4,부산광역시 부산진구 당감동 109-4,262302006015,부산광역시 부산진구 가야대로,635,12,2623010900101090004002633,금호그랜드타운,부산광역시 부산진구 가야대로 635-12,614816,47275,,3,,129.041631236459,35.1563259585397
MA010120220805031980,원앤온리PT,,R1,예술·스포츠,R103,스포츠 서비스,R10307,헬스장,S96129,체형 등 기타 신체 관리 서비스업,26,부산광역시,26230,부산진구,26230540,연지동,2623010600,연지동,2623010600103530001,1,대지,353,1,부산광역시 부산진구 연지동 353-1,262303129024,부산광역시 부산진구 새싹로,183,,2623010600103530001001486,세동한신,부산광역시 부산진구 새싹로 183,614789,47109,,2,,129.048931948175,35.1717837796561
MA010120220813941322,여산,,R1,예술·스포츠,R103,스포츠 서비스,R10307,헬스장,R91132,체력 단련시설 운영업,26,부산광역시,26530,사상구,26530620,괘법동,2653010400,괘법동,2653010400105810006,1,대지,581,6,부산광역시 사상구 괘법동 581-6,265303139012,부산광역시 사상구 새벽로,198,,2653010400105810006011079,성남빌딩,부산광역시 사상구 새벽로 198,617809,46973,,,,128.984159237867,35.1587591024066
MA010120220804825262,멋짐헬스&PT,동래점,R1,예술·스포츠,R103,스포츠 서비스,R10307,헬스장,R91132,체력 단련시설 운영업,26,부산광역시,26260,동래구,26260545,명륜동,2626010700,명륜동,2626010700107520000,1,대지,752,,부산광역시 동래구 명륜동 752,262604190121,부산광역시 동래구 명륜로236번길,9,,2626010700107520000014971,명륜동스카이뷰,부산광역시 동래구 명륜로236번길 9,607802,47744,,4,,129.084961447255,35.2142618714754
MA010120220806947812,모리짐,,R1,예술·스포츠,R103,스포츠 서비스,R10307,헬스장,R91132,체력 단련시설 운영업,26,부산광역시,26230,부산진구,26230560,양정1동,2623010100,양정동,2623010100105010004,1,대지,501,4,부산광역시 부산진구 양정동 501-4,262303129011,부산광역시 부산진구 동평로,373,,2623010100105010004000001,,부산광역시 부산진구 동평로 373,614858,47119,,4,,129.065959291464,35.1750269975132
MA010120220803310535,서진헬스,,R1,예술·스포츠,R103,스포츠 서비스,R10307,헬스장,R91132,체력 단련시설 운영업,26,부산광역시,26380,사하구,26380620,감천1동,2638010800,감천동,2638010800106490005,1,대지,649,5,부산광역시 사하구 감천동 649-5,263803006004,부산광역시 사하구 감천로,52,,2638010800106490005011057,,부산광역시 사하구 감천로 52,604806,49445,,3,,128.998210405734,35.0902908684838
MA010120220810284056,고피트니스,부산역점,R1,예술·스포츠,R103,스포츠 서비스,R10307,헬스장,R91132,체력 단련시설 운영업,26,부산광역시,26170,동구,26170530,초량3동,2617010100,초량동,2617010100111990009,1,대지,1199,9,부산광역시 동구 초량동 1199-9,261702000010,부산광역시 동구 중앙대로,216,,2617010100111990009003560,지하2층,부산광역시 동구 중앙대로 216,601838,48733,,1,,129.040807997133,35.1163279485245
MA010120220812586354,티제이짐메트로,자이점,R1,예술·스포츠,R103,스포츠 서비스,R10307,헬스장,R91132,체력 단련시설 운영업,26,부산광역시,26290,남구,26290570,용호1동,2629010700,용호동,2629010700109570001,1,대지,957,1,부산광역시 남구 용호동 957-1,262903131015,부산광역시 남구 분포로,115,,2629010700109570001000001,힐탑탑플레이스상가,부산광역시 남구 분포로 115,608091,48515,,,,129.112725278766,35.1321902475945
MA010120220806759560,웨이브짐,,R1,예술·스포츠,R103,스포츠 서비스,R10307,헬스장,R91132,체력 단련시설 운영업,26,부산광역시,26500,수영구,26500660,남천1동,2650010500,남천동,2650010500100180004,1,대지,18,4,부산광역시 수영구 남천동 18-4,265003131037,부산광역시 수영구 수영로,416,,2650010500100180004002569,,부산광역시 수영구 수영로 416,613814,48308,,1,,129.109140932465,35.1429223838092
MA010120220810633059,석화헬스클럽,,R1,예술·스포츠,R103,스포츠 서비스,R10307,헬스장,R91132,체력 단련시설 운영업,26,부산광역시,26170,동구,26170660,범일2동,2617010400,범일동,2617010400108300061,1,대지,830,61,부산광역시 동구 범일동 830-61,261703127033,부산광역시 동구 조방로,21,,2617010400108300061002757,석화빌딩,부산광역시 동구 조방로 21,601807,48744,,4,,129.06189463518,35.1387974837492
MA010120220807397862,운동제이짐,,R1,예술·스포츠,R103,스포츠 서비스,R10307,헬스장,R91132,체력 단련시설 운영업,26,부산광역시,26710,기장군,26710256,정관읍,2671025622,정관읍,2671025622107170001,1,대지,717,1,부산광역시 기장군 정관읍 매학리 717-1,267103140047,부산광역시 기장군 정관읍 정관로,579,,2671032022107170001000001,스타빌딩,부산광역시 기장군 정관읍 정관로 579,619963,46015,,3,,129.177174349949,35.321367801437
MA010120220809569687,뉴피트니스,,R1,예술·스포츠,R103,스포츠 서비스,R10307,헬스장,R91132,체력 단련시설 운영업,26,부산광역시,26350,해운대구,26350552,좌2동,2635010700,좌동,2635010700114800002,1,대지,1480,2,부산광역시 해운대구 좌동 1480-2,263504199126,부산광역시 해운대구 양운로42번길,18,,2635010700114800003000001,원웨이,부산광역시 해운대구 양운로42번길 18,612842,48111,,9,,129.177501801777,35.1685035910713
MA010120220809984950,N트레이닝센터,,R1,예술·스포츠,R103,스포츠 서비스,R10307,헬스장,R91132,체력 단련시설 운영업,26,부산광역시,26350,해운대구,26350552,좌2동,2635010700,좌동,2635010700114850001,1,대지,1485,1,부산광역시 해운대구 좌동 1485-1,263503133010,부산광역시 해운대구 세실로,39,,2635010700114850001018502,새삶빌딩,부산광역시 해운대구 세실로 39,612842,48111,,9,,129.178653537995,35.1684828732802
MA010120220809672155,라인피티,,R1,예술·스포츠,R103,스포츠 서비스,R10307,헬스장,R91132,체력 단련시설 운영업,26,부산광역시,26530,사상구,26530670,학장동,2653010700,학장동,2653010700105740009,1,대지,574,9,부산광역시 사상구 학장동 574-9,265303139006,부산광역시 사상구 대동로,129,,2653010700105740007017194,육오빌딩,부산광역시 사상구 대동로 129,617845,47050,,4,,128.981346718189,35.140069657179
MA010120220808440181,바디팩토리,,R1,예술·스포츠,R103,스포츠 서비스,R10307,헬스장,R91132,체력 단련시설 운영업,26,부산광역시,26380,사하구,26380550,당리동,2638010200,당리동,2638010200103260025,1,대지,326,25,부산광역시 사하구 당리동 326-25,263803134004,부산광역시 사하구 괴정로,99,,2638010200103260025036822,다온빌딩,부산광역시 사하구 괴정로 99,604830,49411,,3,,128.974916402602,35.1023069569481
MA010120220808770169,마법의손리우,,R1,예술·스포츠,R103,스포츠 서비스,R10307,헬스장,R91132,체력 단련시설 운영업,26,부산광역시,26290,남구,26290530,대연3동,2629010600,대연동,2629010600100300015,1,대지,30,15,부산광역시 남구 대연동 30-15,262904193157,부산광역시 남구 수영로358번길,23,,2629010600100300015028672,,부산광역시 남구 수영로358번길 23,608804,48510,,5,,129.105297869414,35.1385375334866
MA010120220813334655,하이브짐,,R1,예술·스포츠,R103,스포츠 서비스,R10307,헬스장,R91132,체력 단련시설 운영업,26,부산광역시,26290,남구,26290530,대연3동,2629010600,대연동,2629010600100530008,1,대지,53,8,부산광역시 남구 대연동 53-8,262904193202,부산광역시 남구 용소로13번길,27,,2629010600100530008000001,,부산광역시 남구 용소로13번길 27,608804,48512,,3,,129.101987316963,35.1369278867475
MA010120220809595488,오성피트니스,,R1,예술·스포츠,R103,스포츠 서비스,R10307,헬스장,R91132,체력 단련시설 운영업,26,부산광역시,26410,금정구,26410690,구서2동,2641010700,구서동,2641010700101920001,1,대지,192,1,부산광역시 금정구 구서동 192-1,264103130022,부산광역시 금정구 금강로,528,,2641010700101920001004499,,부산광역시 금정구 금강로 528,609803,46230,,8,,129.088055938907,35.254453735508
MA010120220810341269,브로짐BROGYM,,R1,예술·스포츠,R103,스포츠 서비스,R10307,헬스장,R91132,체력 단련시설 운영업,26,부산광역시,26260,동래구,26260600,사직3동,2626010900,사직동,2626010900100580028,1,대지,58,28,부산광역시 동래구 사직동 58-28,262602006012,부산광역시 동래구 아시아드대로,192,1,2626010900100580028009583,,부산광역시 동래구 아시아드대로 192-1,607816,47840,,4,,129.065516128404,35.2013123001856
MA010120220810644923,크로스핏라이언짐,,R1,예술·스포츠,R103,스포츠 서비스,R10307,헬스장,R91132,체력 단련시설 운영업,26,부산광역시,26230,부산진구,26230520,부전2동,2623010300,부전동,2623010300105200014,1,대지,520,14,부산광역시 부산진구 부전동 520-14,262304187688,부산광역시 부산진구 중앙대로691번길,54,,2623010300105200014000001,,부산광역시 부산진구 중앙대로691번길 54,614847,47287,,1,,129.056094896124,35.1546394065136
MA010120220809943434,라인피티,,R1,예술·스포츠,R103,스포츠 서비스,R10307,헬스장,R91132,체력 단련시설 운영업,26,부산광역시,26380,사하구,26380620,감천1동,2638010800,감천동,2638010800106610001,1,대지,661,1,부산광역시 사하구 감천동 661-1,263803006004,부산광역시 사하구 감천로,46,,2638010800106610001016405,,부산광역시 사하구 감천로 46,604806,49445,,3,,128.997517555111,35.0906537497914
MA010120220810716992,그린힐헬스클럽,,R1,예술·스포츠,R103,스포츠 서비스,R10307,헬스장,R91132,체력 단련시설 운영업,26,부산광역시,26530,사상구,26530650,주례1동,2653010600,주례동,2653010600103150001,1,대지,315,1,부산광역시 사상구 주례동 315-1,265304217325,부산광역시 사상구 양지로30번길,4,,2653010600103150001009906,,부산광역시 사상구 양지로30번길 4,617836,46994,,,,129.003653673329,35.1540764693613
MA010120220812100817,유니크짐,,R1,예술·스포츠,R103,스포츠 서비스,R10307,헬스장,R91132,체력 단련시설 운영업,26,부산광역시,26290,남구,26290530,대연3동,2629010600,대연동,2629010600100720006,1,대지,72,6,부산광역시 남구 대연동 72-6,262903131037,부산광역시 남구 수영로,300,,2629010600100720006000338,PL아파트,부산광역시 남구 수영로 300,608805,48499,,7,,129.099227408159,35.1366783648146
MA010120220810821468,플러스아시아드부산,,R1,예술·스포츠,R103,스포츠 서비스,R10307,헬스장,R91132,체력 단련시설 운영업,26,부산광역시,26230,부산진구,26230520,부전2동,2623010300,부전동,2623010300102410038,1,대지,241,38,부산광역시 부산진구 부전동 241-38,262304187688,부산광역시 부산진구 중앙대로691번길,5,,2623010300102410038034232,천우장,부산광역시 부산진구 중앙대로691번길 5,614846,47289,,,,129.058675831829,35.1542981785407
MA010120220813296807,강쌤경찰;소방;해경공무원체력실기학원부산,서면점,R1,예술·스포츠,R103,스포츠 서비스,R10307,헬스장,R91132,체력 단련시설 운영업,26,부산광역시,26230,부산진구,26230520,부전2동,2623010300,부전동,2623010300102250005,1,대지,225,5,부산광역시 부산진구 부전동 225-5,262304187686,부산광역시 부산진구 중앙대로680번길,30,,2623010300102250005052757,,부산광역시 부산진구 중앙대로680번길 30,614846,47296,,5,,129.060810593189,35.1532345470943
MA010120220805003053,센텀베스트피트니스,,R1,예술·스포츠,R103,스포츠 서비스,R10307,헬스장,R91132,체력 단련시설 운영업,26,부산광역시,26350,해운대구,26350520,우2동,2635010500,우동,2635010500114690000,1,대지,1469,,부산광역시 해운대구 우동 1469,263503133019,부산광역시 해운대구 센텀서로,30,,2635010500114690000000001,케이엔엔타워,부산광역시 해운대구 센텀서로 30,612022,48058,,3,,129.128440919172,35.1720613544308
MA010120220811398391,몸짱스튜디오레져스쿨,,R1,예술·스포츠,R103,스포츠 서비스,R10307,헬스장,R91132,체력 단련시설 운영업,26,부산광역시,26710,기장군,26710250,기장읍,2671025021,기장읍,2671025021101500017,1,대지,150,17,부산광역시 기장군 기장읍 동부리 150-17,267104220317,부산광역시 기장군 기장읍 차성로344번길,6,,2671025021101500017003518,,부산광역시 기장군 기장읍 차성로344번길 6,619905,46061,,3,,129.214194641987,35.2479662024132
MA010120220812731367,PS스포츠,,R1,예술·스포츠,R103,스포츠 서비스,R10307,헬스장,R91132,체력 단련시설 운영업,26,부산광역시,26530,사상구,26530660,주례2동,2653010600,주례동,2653010600100050017,1,대지,5,17,부산광역시 사상구 주례동 5-17,265304187293,부산광역시 사상구 백양대로357번길,33,,,퀸덤팰리스,부산광역시 사상구 백양대로357번길 33,617832,46998,,,,129.01463607214,35.1531372990179
MA010120220807929464,폴닥터짐,,R1,예술·스포츠,R103,스포츠 서비스,R10307,헬스장,R91132,체력 단련시설 운영업,26,부산광역시,26440,강서구,26440590,신호동,2644011700,신호동,2644011700102150000,1,대지,215,,부산광역시 강서구 신호동 215,264403136057,부산광역시 강서구 신호산단2로,21,,2644011700102150000000001,허브원,부산광역시 강서구 신호산단2로 21,618290,46759,,3,,128.877792893506,35.0870612874807
MA010120220806726799,피티의신,,R1,예술·스포츠,R103,스포츠 서비스,R10307,헬스장,R91132,체력 단련시설 운영업,26,부산광역시,26470,연제구,26470650,연산1동,2647010200,연산동,2647010200105820060,1,대지,582,60,부산광역시 연제구 연산동 582-60,264703130026,부산광역시 연제구 반송로,81,,2647010200105820060019796,,부산광역시 연제구 반송로 81,611821,47518,,2,,129.087818023532,35.1911701940526
MA010120220813535031,메이저핏,,R1,예술·스포츠,R103,스포츠 서비스,R10307,헬스장,R91132,체력 단련시설 운영업,26,부산광역시,26110,중구,26110530,대청동,2611011600,대청동1가,2611011600100340001,1,대지,34,1,부산광역시 중구 대청동1가 34-1,261103125010,부산광역시 중구 대청로,109,,2611011600100340001001871,,부산광역시 중구 대청로 109,600091,48932,,2,,129.032022691043,35.1030661335249
MA010120220809203844,갓바디휘트니스,,R1,예술·스포츠,R103,스포츠 서비스,R10307,헬스장,R91132,체력 단련시설 운영업,26,부산광역시,26380,사하구,26380550,당리동,2638010200,당리동,2638010200103160027,1,대지,316,27,부산광역시 사하구 당리동 316-27,263802006002,부산광역시 사하구 낙동대로,410,,2638010200103160027000001,,부산광역시 사하구 낙동대로 410,604828,49327,,1,,128.973573269947,35.1039059114296
MA010120220811447001,나아짐운동센터,,R1,예술·스포츠,R103,스포츠 서비스,R10307,헬스장,R91132,체력 단련시설 운영업,26,부산광역시,26350,해운대구,26350530,중1동,2635010600,중동,2635010600117760001,1,대지,1776,1,부산광역시 해운대구 중동 1776-1,263503133039,부산광역시 해운대구 좌동순환로,473,,2635010600117760001014497,해운대비치로데오아울렛,부산광역시 해운대구 좌동순환로 473,612851,48097,,3,,129.169416960702,35.1636654137467
MA010120220806811227,스탠다드짐,,R1,예술·스포츠,R103,스포츠 서비스,R10307,헬스장,R91132,체력 단련시설 운영업,26,부산광역시,26500,수영구,26500660,남천1동,2650010500,남천동,2650010500105560015,1,대지,556,15,부산광역시 수영구 남천동 556-15,265002006014,부산광역시 수영구 황령대로,497,,2650010500105560015001690,제,부산광역시 수영구 황령대로 497,613819,48313,,,,129.108173639803,35.1381721134212
MA010120220802486752,레인보우프로젝트남산지점,,R1,예술·스포츠,R103,스포츠 서비스,R10307,헬스장,R91132,체력 단련시설 운영업,26,부산광역시,26410,금정구,26410670,남산동,2641010400,남산동,2641010400100930001,1,대지,93,1,부산광역시 금정구 남산동 93-1,264103130022,부산광역시 금정구 금강로,700,,2641010400100930001035010,,부산광역시 금정구 금강로 700,609811,46220,,4,,129.089296738934,35.269832843324
MA010120220813798613,에이핏피트니스,,R1,예술·스포츠,R103,스포츠 서비스,R10307,헬스장,R91132,체력 단련시설 운영업,26,부산광역시,26290,남구,26290570,용호1동,2629010700,용호동,2629010700109570001,1,대지,957,1,부산광역시 남구 용호동 957-1,262903131015,부산광역시 남구 분포로,115,,2629010700109570001000001,힐탑탑플레이스,부산광역시 남구 분포로 115,608091,48515,,,,129.112725278766,35.1321902475945
MA010120220809861992,피티가치4,,R1,예술·스포츠,R103,스포츠 서비스,R10307,헬스장,R91132,체력 단련시설 운영업,26,부산광역시,26260,동래구,26260560,온천2동,2626010800,온천동,2626010800114280043,1,대지,1428,43,부산광역시 동래구 온천동 1428-43,262602006006,부산광역시 동래구 충렬대로,103,,2626010800114280043011129,,부산광역시 동래구 충렬대로 103,607837,47731,,3,,129.072239321604,35.2070909293056
MA010120220811584053,흥아헬스,,R1,예술·스포츠,R103,스포츠 서비스,R10307,헬스장,R91121,골프장 운영업,26,부산광역시,26410,금정구,26410520,서2동,2641011000,서동,2641011000102100027,1,대지,210,27,부산광역시 금정구 서동 210-27,264104205245,부산광역시 금정구 서동로186번길,10,,2641011000102100027001391,,부산광역시 금정구 서동로186번길 10,609831,46328,,,,129.106389378865,35.214025978546
MA010120220803604205,와이제이경비,,R1,예술·스포츠,R103,스포츠 서비스,R10307,헬스장,R91132,체력 단련시설 운영업,26,부산광역시,26230,부산진구,26230660,부암3동,2623010800,부암동,2623010800103870007,1,대지,387,7,부산광역시 부산진구 부암동 387-7,262303129016,부산광역시 부산진구 백양순환로,148,,2623010800103870015000004,,부산광역시 부산진구 백양순환로 148,614839,47144,,3,,129.040948528482,35.1676470891697
MA010120220814371197,팀제이짐,,R1,예술·스포츠,R103,스포츠 서비스,R10307,헬스장,R91132,체력 단련시설 운영업,26,부산광역시,26110,중구,26110560,부평동,2611012400,부평동2가,2611012400100580003,1,대지,58,3,부산광역시 중구 부평동2가 58-3,261103125015,부산광역시 중구 흑교로,6,,2611012400100580002000001,메리트타워,부산광역시 중구 흑교로 6,600807,48979,,5,,129.025288775702,35.0999256109929
MA010120220803983077,샌드피티,,R1,예술·스포츠,R103,스포츠 서비스,R10307,헬스장,R91132,체력 단련시설 운영업,26,부산광역시,26230,부산진구,26230600,전포1동,2623010200,전포동,2623010200103400010,1,대지,340,10,부산광역시 부산진구 전포동 340-10,262304187663,부산광역시 부산진구 전포대로200번길,16,,2623010200103400010008840,,부산광역시 부산진구 전포대로200번길 16,614867,47305,,4,,129.066391224405,35.1543650393937
MA010120220811948307,더피티,,R1,예술·스포츠,R103,스포츠 서비스,R10307,헬스장,R91132,체력 단련시설 운영업,26,부산광역시,26440,강서구,26440535,명지1동,2644010400,명지동,2644010400134120001,1,대지,3412,1,부산광역시 강서구 명지동 3412-1,264403350868,부산광역시 강서구 명지국제8로,230,,2644010400134120001000001,산양타워,부산광역시 강서구 명지국제8로 230,618200,46772,,6,,128.917889874617,35.0979147744044
MA010120220810685905,삼성휘트니스,,R1,예술·스포츠,R103,스포츠 서비스,R10307,헬스장,R91132,체력 단련시설 운영업,26,부산광역시,26230,부산진구,26230700,당감4동,2623010900,당감동,2623010900107340021,1,대지,734,21,부산광역시 부산진구 당감동 734-21,262304187151,부산광역시 부산진구 당감서로80번길,22,,2623010900107340014007940,광성빌딩,부산광역시 부산진구 당감서로80번길 22,614821,47145,,4,,129.038251486942,35.1673140274089
MA010120220808462617,하루하루움직임연구소,,R1,예술·스포츠,R103,스포츠 서비스,R10307,헬스장,R91132,체력 단련시설 운영업,26,부산광역시,26410,금정구,26410690,구서2동,2641010700,구서동,2641010700110320003,1,대지,1032,3,부산광역시 금정구 구서동 1032-3,264103006032,부산광역시 금정구 금샘로,361,,2641010700110320003009735,ENI빌딩,부산광역시 금정구 금샘로 361,609805,46235,,4,,129.084411767197,35.2554357555071
MA010120220803301749,37.5˚C트레이닝센터,,R1,예술·스포츠,R103,스포츠 서비스,R10307,헬스장,R91132,체력 단련시설 운영업,26,부산광역시,26230,부산진구,26230610,전포2동,2623010200,전포동,2623010200105950021,1,대지,595,21,부산광역시 부산진구 전포동 595-21,262304187672,부산광역시 부산진구 전포대로275번길,17,,2623010200105950021006605,운암빌딩,부산광역시 부산진구 전포대로275번길 17,614870,47241,,3,,129.064372040729,35.1613023694903
MA010120220803926822,크로스핏두잇,,R1,예술·스포츠,R103,스포츠 서비스,R10307,헬스장,R91132,체력 단련시설 운영업,26,부산광역시,26470,연제구,26470690,연산5동,2647010200,연산동,2647010200112420012,1,대지,1242,12,부산광역시 연제구 연산동 1242-12,264702000010,부산광역시 연제구 중앙대로,1091,,2647010200112420012000001,제세빌딩,부산광역시 연제구 중앙대로 1091,611828,47540,,2,,129.080656725541,35.1854179679028
MA010120220810738454,W댄스휘트니스,,R1,예술·스포츠,R103,스포츠 서비스,R10307,헬스장,R91132,체력 단련시설 운영업,26,부산광역시,26440,강서구,26440545,명지2동,2644010400,명지동,2644010400132390005,1,대지,3239,5,부산광역시 강서구 명지동 3239-5,264403136045,부산광역시 강서구 명지오션시티4로,69,,2644010400132390005000001,,부산광역시 강서구 명지오션시티4로 69,618814,46764,,6,,128.903940925046,35.082778251976
MA010120220814048876,레인보우프로젝트,,R1,예술·스포츠,R103,스포츠 서비스,R10307,헬스장,R91132,체력 단련시설 운영업,26,부산광역시,26290,남구,26290530,대연3동,2629010600,대연동,2629010600104060001,1,대지,406,1,부산광역시 남구 대연동 406-1,262903131037,부산광역시 남구 수영로,295,,2629010600104060001000967,,부산광역시 남구 수영로 295,608810,48434,,6,,129.098313729058,35.1369825655008
MA010120220814095739,트레이닝스튜디오바름,,R1,예술·스포츠,R103,스포츠 서비스,R10307,헬스장,R91132,체력 단련시설 운영업,26,부산광역시,26380,사하구,26380602,다대2동,2638010600,다대동,2638010600100930002,1,대지,93,2,부산광역시 사하구 다대동 93-2,263803134007,부산광역시 사하구 다대로,379,,2638010500100930002040297,,부산광역시 사하구 다대로 379,604821,49513,,3,,128.978431649775,35.0689778006075
MA010120220806449558,탐스짐,,R1,예술·스포츠,R103,스포츠 서비스,R10307,헬스장,R91132,체력 단련시설 운영업,26,부산광역시,26290,남구,26290550,대연5동,2629010600,대연동,2629010600117410011,1,대지,1741,11,부산광역시 남구 대연동 1741-11,262903131037,부산광역시 남구 수영로,233,,2629010600117410011006912,민석빌딩,부산광역시 남구 수영로 233,608751,48445,,1,,129.092185343215,35.1354214239106
MA010120220813353389,부산PT동래피티YUMEGYM,,R1,예술·스포츠,R103,스포츠 서비스,R10307,헬스장,R91132,체력 단련시설 운영업,26,부산광역시,26260,동래구,26260750,안락2동,2626010200,안락동,2626010200104610014,1,대지,461,14,부산광역시 동래구 안락동 461-14,262602006006,부산광역시 동래구 충렬대로,447,,2626010200104610014017086,,부산광역시 동래구 충렬대로 447,607826,47795,,5,,129.107257133377,35.196195198443
MA010120220809748581,팬덤,코리아,R1,예술·스포츠,R103,스포츠 서비스,R10307,헬스장,R91132,체력 단련시설 운영업,26,부산광역시,26230,부산진구,26230600,전포1동,2623010200,전포동,2623010200106830015,1,대지,683,15,부산광역시 부산진구 전포동 683-15,262304187664,부산광역시 부산진구 전포대로209번길,39,8,2623010200106830016027163,,부산광역시 부산진구 전포대로209번길 39-8,614866,47294,,5,,129.062842601986,35.155056347733
MA010120220812820254,워너짐반여,,R1,예술·스포츠,R103,스포츠 서비스,R10307,헬스장,R91132,체력 단련시설 운영업,26,부산광역시,26350,해운대구,26350570,반여1동,2635010300,반여동,2635010300111990011,1,대지,1199,11,부산광역시 해운대구 반여동 1199-11,263503133009,부산광역시 해운대구 선수촌로,95,,2635010300111990011005312,삼해대림타운,부산광역시 해운대구 선수촌로 95,612737,48038,,,,129.117230934078,35.2006440329594
MA010120220814026440,강남EMS트레이닝,,R1,예술·스포츠,R103,스포츠 서비스,R10307,헬스장,R91132,체력 단련시설 운영업,26,부산광역시,26320,북구,26320543,화명3동,2632010200,화명동,2632010200122710003,1,대지,2271,3,부산광역시 북구 화명동 2271-3,263203132027,부산광역시 북구 화명신도시로,129,,2632010200122710003015362,골든프라자,부산광역시 북구 화명신도시로 129,616852,46524,,,,129.010654679828,35.2355971320267
MA010120220811422978,매트릭스헬스,,R1,예술·스포츠,R103,스포츠 서비스,R10307,헬스장,R91132,체력 단련시설 운영업,26,부산광역시,26290,남구,26290550,대연5동,2629010600,대연동,2629010600112810043,1,대지,1281,43,부산광역시 남구 대연동 1281-43,262904193074,부산광역시 남구 못골로41번길,6,,2629010600112810043004876,,부산광역시 남구 못골로41번길 6,608818,48438,,4,,129.08723286489,35.1360836001831
MA010120220806724224,피트니스,코리아,R1,예술·스포츠,R103,스포츠 서비스,R10307,헬스장,R91132,체력 단련시설 운영업,26,부산광역시,26140,서구,26140640,충무동,2614012100,충무동2가,2614012100100010005,1,대지,1,5,부산광역시 서구 충무동2가 1-5,261404178350,부산광역시 서구 충무대로275번길,20,,2614012100100010005000001,에코펠리스1차,부산광역시 서구 충무대로275번길 20,602012,49253,,1,,129.023129350322,35.095518875702
MA010120220801233512,지엑스팩토리,,R1,예술·스포츠,R103,스포츠 서비스,R10307,헬스장,R91132,체력 단련시설 운영업,26,부산광역시,26350,해운대구,26350551,좌1동,2635010700,좌동,2635010700104210002,1,대지,421,2,부산광역시 해운대구 좌동 421-2,263503133038,부산광역시 해운대구 좌동로,113,,2635010700104210002023003,,부산광역시 해운대구 좌동로 113,612835,48079,,3,,129.176997706186,35.1734689108966
MA010120220810240230,와이휘트니스,,R1,예술·스포츠,R103,스포츠 서비스,R10307,헬스장,R91132,체력 단련시설 운영업,26,부산광역시,26260,동래구,26260510,수민동,2626010400,낙민동,2626010400102890004,1,대지,289,4,부산광역시 동래구 낙민동 289-4,262602006006,부산광역시 동래구 충렬대로,256,,2626010400102890002017234,,부산광역시 동래구 충렬대로 256,607800,47878,,5,,129.087165580341,35.2008508052855
MA010120220804610269,천보퍼스널스튜디오,,R1,예술·스포츠,R103,스포츠 서비스,R10307,헬스장,R91132,체력 단련시설 운영업,26,부산광역시,26410,금정구,26410680,구서1동,2641010700,구서동,2641010700100860055,1,대지,86,55,부산광역시 금정구 구서동 86-55,264103135006,부산광역시 금정구 구서로,2,,2641010700100860055033771,,부산광역시 금정구 구서로 2,609854,46243,,6,,129.090781865632,35.2468100033114
MA010120220810528355,제이엠.핏,,R1,예술·스포츠,R103,스포츠 서비스,R10307,헬스장,R91132,체력 단련시설 운영업,26,부산광역시,26380,사하구,26380562,하단2동,2638010300,하단동,2638010300104940001,1,대지,494,1,부산광역시 사하구 하단동 494-1,263804202153,부산광역시 사하구 낙동대로516번길,56,,2638010300104940001000205,캠퍼스프라자,부산광역시 사하구 낙동대로516번길 56,604851,49324,,6,,128.966193095012,35.1134883266743
MA010120220809923518,와이케이짐,,R1,예술·스포츠,R103,스포츠 서비스,R10307,헬스장,R91132,체력 단련시설 운영업,26,부산광역시,26260,동래구,26260740,안락1동,2626010200,안락동,2626010200104360001,1,대지,436,1,부산광역시 동래구 안락동 436-1,262602006006,부산광역시 동래구 충렬대로,378,,2626010200104360001020140,,부산광역시 동래구 충렬대로 378,607829,47889,,5,,129.099589278345,35.1972746507424
MA010120220805248701,하바스다이어트스쿨,,R1,예술·스포츠,R103,스포츠 서비스,R10307,헬스장,R91132,체력 단련시설 운영업,26,부산광역시,26260,동래구,26260550,온천1동,2626010800,온천동,2626010800102000030,1,대지,200,30,부산광역시 동래구 온천동 200-30,262603130022,부산광역시 동래구 금강로,79,,2626010800102000030012836,온천빌딩,부산광역시 동래구 금강로 79,607833,47706,,1,,129.077907660301,35.2162485736383
MA010120220813936752,크로스핏사운드웨이브피트니스,,R1,예술·스포츠,R103,스포츠 서비스,R10307,헬스장,R91132,체력 단련시설 운영업,26,부산광역시,26500,수영구,26500660,남천1동,2650010500,남천동,2650010500100480003,1,대지,48,3,부산광역시 수영구 남천동 48-3,265003131037,부산광역시 수영구 수영로,471,,2650010500100480003000002,오션스카이남천,부산광역시 수영구 수영로 471,613815,48265,,1,,129.110198145025,35.148175720658
MA010120220806709372,씨사이드짐,,R1,예술·스포츠,R103,스포츠 서비스,R10307,헬스장,R91132,체력 단련시설 운영업,26,부산광역시,26350,해운대구,26350552,좌2동,2635010700,좌동,2635010700114810003,1,대지,1481,3,부산광역시 해운대구 좌동 1481-3,263504199084,부산광역시 해운대구 세실로27번길,21,,2635010700114810003003127,원재프라자,부산광역시 해운대구 세실로27번길 21,612842,48111,,1,,129.177944162701,35.1686308056619
MA010120220814248344,제로핏,,R1,예술·스포츠,R103,스포츠 서비스,R10307,헬스장,R91132,체력 단련시설 운영업,26,부산광역시,26380,사하구,26380550,당리동,2638010200,당리동,2638010200103410044,1,대지,341,44,부산광역시 사하구 당리동 341-44,263802006002,부산광역시 사하구 낙동대로,366,,2638010200103410044035852,,부산광역시 사하구 낙동대로 366,604831,49330,,2,,128.978079470054,35.1020571107648
MA010120220813090909,위드휘트니스,,R1,예술·스포츠,R103,스포츠 서비스,R10307,헬스장,R91132,체력 단련시설 운영업,26,부산광역시,26410,금정구,26410580,부곡2동,2641010900,부곡동,2641010900102440007,1,대지,244,7,부산광역시 금정구 부곡동 244-7,264103135026,부산광역시 금정구 부산대학로,10,,2641010900102440007004408,대우,부산광역시 금정구 부산대학로 10,609766,46278,,1,,129.089978632829,35.2330633881896
MA010120220811444953,에이치앤케이웰니스,,R1,예술·스포츠,R103,스포츠 서비스,R10307,헬스장,R91132,체력 단련시설 운영업,26,부산광역시,26350,해운대구,26350530,중1동,2635010600,중동,2635010600113180001,1,대지,1318,1,부산광역시 해운대구 중동 1318-1,263504199209,부산광역시 해운대구 좌동로10번길,15,,2635010600113180001026395,지,부산광역시 해운대구 좌동로10번길 15,612848,48102,,1,,129.16976784103,35.1673718217907
MA010120220802952225,404피트니스명지국제,신도시점,R1,예술·스포츠,R103,스포츠 서비스,R10307,헬스장,R91132,체력 단련시설 운영업,26,부산광역시,26440,강서구,26440535,명지1동,2644010400,명지동,2644010400134200005,1,대지,3420,5,부산광역시 강서구 명지동 3420-5,264403350868,부산광역시 강서구 명지국제8로,264,,2644010400125340000000001,삼성프라자,부산광역시 강서구 명지국제8로 264,618200,46772,,3,,128.921467429203,35.0975697281592
MA010120220803592025,트루스포츠,,R1,예술·스포츠,R103,스포츠 서비스,R10307,헬스장,R91132,체력 단련시설 운영업,26,부산광역시,26320,북구,26320510,구포1동,2632010500,구포동,2632010500107000183,1,대지,700,183,부산광역시 북구 구포동 700-183,263203132012,부산광역시 북구 시랑로,24,,2632010500107000183004013,,부산광역시 북구 시랑로 24,616803,46630,,4,,129.003963289029,35.2033473224751
MA010120220813401535,엠씨피트니스,,R1,예술·스포츠,R103,스포츠 서비스,R10307,헬스장,R91132,체력 단련시설 운영업,26,부산광역시,26260,동래구,26260545,명륜동,2626010700,명륜동,2626010700106370005,1,대지,637,5,부산광역시 동래구 명륜동 637-5,262603130023,부산광역시 동래구 명륜로,161,,2626010700106370005014474,,부산광역시 동래구 명륜로 161,607806,47743,,,,129.081908100814,35.2082136447808
MA010120220814330282,위더스짐,,R1,예술·스포츠,R103,스포츠 서비스,R10307,헬스장,R91132,체력 단련시설 운영업,26,부산광역시,26380,사하구,26380562,하단2동,2638010300,하단동,2638010300105050001,1,대지,505,1,부산광역시 사하구 하단동 505-1,263802006002,부산광역시 사하구 낙동대로,519,,2638010300105050001027935,,부산광역시 사하구 낙동대로 519,604851,49309,,1,,128.965405196266,35.1103649815224
MA010120220811406928,M플러스스포츠센타,,R1,예술·스포츠,R103,스포츠 서비스,R10307,헬스장,R91132,체력 단련시설 운영업,26,부산광역시,26290,남구,26290630,감만2동,2629011100,감만동,2629011100100460001,1,대지,46,1,부산광역시 남구 감만동 46-1,262903131016,부산광역시 남구 석포로,7,,2629011100100460001023889,우암자유4차,부산광역시 남구 석포로 7,608798,48489,,1,,129.081704762602,35.1223278713293
MA010120220811595045,숲속의헬스,,R1,예술·스포츠,R103,스포츠 서비스,R10307,헬스장,R91132,체력 단련시설 운영업,26,부산광역시,26410,금정구,26410590,부곡3동,2641010900,부곡동,2641010900100260009,1,대지,26,9,부산광역시 금정구 부곡동 26-9,264103135043,부산광역시 금정구 오륜대로,21,,2641010900100260009004616,,부산광역시 금정구 오륜대로 21,609817,46253,,,,129.094649757091,35.2417327292948
MA010120220800146411,피티메이저,,R1,예술·스포츠,R103,스포츠 서비스,R10307,헬스장,R91132,체력 단련시설 운영업,26,부산광역시,26260,동래구,26260545,명륜동,2626010700,명륜동,2626010700107950000,1,대지,795,,부산광역시 동래구 명륜동 795,262603130023,부산광역시 동래구 명륜로,222,,2626010700100710000021926,힐스테이트명륜1차,부산광역시 동래구 명륜로 222,607010,47744,,2,,129.08366922614,35.2139687247567
MA010120220808785086,뉴욕피티,,R1,예술·스포츠,R103,스포츠 서비스,R10307,헬스장,R91132,체력 단련시설 운영업,26,부산광역시,26140,서구,26140530,동대신3동,2614010300,동대신동3가,2614010300100850016,1,대지,85,16,부산광역시 서구 동대신동3가 85-16,261403125011,부산광역시 서구 망양로,99,,2614010300100850016003259,,부산광역시 서구 망양로 99,602812,49205,,2,,129.01832097584,35.1175156617164
MA010120220808400460,더원,,R1,예술·스포츠,R103,스포츠 서비스,R10307,헬스장,R91132,체력 단련시설 운영업,26,부산광역시,26380,사하구,26380562,하단2동,2638010300,하단동,2638010300111590005,1,대지,1159,5,부산광역시 사하구 하단동 1159-5,263803134034,부산광역시 사하구 하신번영로,381,4,2638010300111590005000001,와코빌딩,부산광역시 사하구 하신번영로 381-4,604851,49301,,2,,128.959782216079,35.1150701251426
MA010120220809712043,킹콩짐,남천점,R1,예술·스포츠,R103,스포츠 서비스,R10307,헬스장,R91132,체력 단련시설 운영업,26,부산광역시,26500,수영구,26500670,남천2동,2650010500,남천동,2650010500100060031,1,대지,6,31,부산광역시 수영구 남천동 6-31,265004214128,부산광역시 수영구 남천동로108번길,12,,2650010500100060031010463,트윈스빌딩,부산광역시 수영구 남천동로108번길 12,613813,48304,,5,,129.112277733626,35.1458595525291
MA010120220802743978,맑은샘헬스클럽,,R1,예술·스포츠,R103,스포츠 서비스,R10307,헬스장,R91132,체력 단련시설 운영업,26,부산광역시,26320,북구,26320521,구포3동,2632010500,구포동,2632010500112220024,1,대지,1222,24,부산광역시 북구 구포동 1222-24,263204196326,부산광역시 북구 시랑로79번길,17,,2632010500112220008000002,,부산광역시 북구 시랑로79번길 17,616805,46621,,5,,129.007184891485,35.1990764829941
MA010120220813191355,에스엔피이바른자세척추운동,부산대점,R1,예술·스포츠,R103,스포츠 서비스,R10307,헬스장,R91132,체력 단련시설 운영업,26,부산광역시,26410,금정구,26410610,장전2동,2641010800,장전동,2641010800104140023,1,대지,414,23,부산광역시 금정구 장전동 414-23,264103135026,부산광역시 금정구 부산대학로,29,,2641010800104140023000001,네오스퀘어,부산광역시 금정구 부산대학로 29,609392,46291,,2,,129.08802028584,35.2307902637675
MA010120220811954732,리오피트니스,,R1,예술·스포츠,R103,스포츠 서비스,R10307,헬스장,R91199,그 외 기타 스포츠 서비스업,26,부산광역시,26500,수영구,26500800,민락동,2650010300,민락동,2650010300101450004,1,대지,145,4,부산광역시 수영구 민락동 145-4,265004214200,부산광역시 수영구 무학로63번길,52,,2650010300101450004000950,,부산광역시 수영구 무학로63번길 52,613829,48273,,,,129.120084249068,35.1634217617292
MA010120220811606141,현대휘트니스,,R1,예술·스포츠,R103,스포츠 서비스,R10307,헬스장,R91132,체력 단련시설 운영업,26,부산광역시,26410,금정구,26410570,부곡1동,2641010900,부곡동,2641010900103330001,1,대지,333,1,부산광역시 금정구 부곡동 333-1,264103006035,부산광역시 금정구 부곡로,79,,2641010900103330001022898,,부산광역시 금정구 부곡로 79,609826,46306,,,,129.090558468844,35.2231317409142
MA010120220802834078,에이토탈피트니스,,R1,예술·스포츠,R103,스포츠 서비스,R10307,헬스장,R91132,체력 단련시설 운영업,26,부산광역시,26380,사하구,26380530,괴정3동,2638010100,괴정동,2638010100109550004,1,대지,955,4,부산광역시 사하구 괴정동 955-4,263803134015,부산광역시 사하구 사하로,182,,2638010100109550004000001,아이디에스아델하임,부산광역시 사하구 사하로 182,604811,49358,,3,,128.994440021687,35.0979949971438
MA010120220806780878,버닝짐,,R1,예술·스포츠,R103,스포츠 서비스,R10307,헬스장,R91132,체력 단련시설 운영업,26,부산광역시,26350,해운대구,26350520,우2동,2635010500,우동,2635010500114580000,1,대지,1458,,부산광역시 해운대구 우동 1458,263503133016,부산광역시 해운대구 센텀6로,21,,2635010500114580000000001,인텔리움센텀,부산광역시 해운대구 센텀6로 21,612022,48059,,,,129.129216301642,35.1735976939893
MA010120220812063302,동네몸짱형,,R1,예술·스포츠,R103,스포츠 서비스,R10307,헬스장,R91132,체력 단련시설 운영업,26,부산광역시,26350,해운대구,26350530,중1동,2635010600,중동,2635010600110640008,1,대지,1064,8,부산광역시 해운대구 중동 1064-8,263504199300,부산광역시 해운대구 해운대해변로298번길,39,,2635010600110640008000001,,부산광역시 해운대구 해운대해변로298번길 39,612846,48099,,3,,129.167297034254,35.1611080906515
MA010120220806562593,마블피트니스,,R1,예술·스포츠,R103,스포츠 서비스,R10307,헬스장,R91132,체력 단련시설 운영업,26,부산광역시,26350,해운대구,26350510,우1동,2635010500,우동,2635010500109630004,1,대지,963,4,부산광역시 해운대구 우동 963-4,263504199271,부산광역시 해운대구 해운대로469번길,8,,2635010500109630004000001,,부산광역시 해운대구 해운대로469번길 8,612820,48065,,2,,129.144869656029,35.1636881787272
MA010120220805956462,네오피트니스,다대점,R1,예술·스포츠,R103,스포츠 서비스,R10307,헬스장,P85612,기타 스포츠 교육기관,26,부산광역시,26380,사하구,26380601,다대1동,2638010600,다대동,2638010600103820003,1,대지,382,3,부산광역시 사하구 다대동 382-3,263803134007,부산광역시 사하구 다대로,617,,2638010600103820003000906,자유,부산광역시 사하구 다대로 617,604765,49525,,5,,128.971557853528,35.0516156675791
MA010120220806998003,벌꿀오소리,,R1,예술·스포츠,R103,스포츠 서비스,R10307,헬스장,R91132,체력 단련시설 운영업,26,부산광역시,26380,사하구,26380550,당리동,2638010200,당리동,2638010200103160023,1,대지,316,23,부산광역시 사하구 당리동 316-23,263802006002,부산광역시 사하구 낙동대로,416,,2638010200103160024004194,오케이메디칼스퀘어,부산광역시 사하구 낙동대로 416,604828,49327,,1,,128.972975806257,35.1041409359649
MA010120220811443638,커브스좌동클럽,,R1,예술·스포츠,R103,스포츠 서비스,R10307,헬스장,R91132,체력 단련시설 운영업,26,부산광역시,26350,해운대구,26350551,좌1동,2635010700,좌동,2635010700112890003,1,대지,1289,3,부산광역시 해운대구 좌동 1289-3,263503133039,부산광역시 해운대구 좌동순환로,176,,2635010700112890003018479,장산빌딩,부산광역시 해운대구 좌동순환로 176,612837,48078,,3,,129.175295979811,35.1775636252118
MA010120220806787733,점핑클럽,,R1,예술·스포츠,R103,스포츠 서비스,R10307,헬스장,R91132,체력 단련시설 운영업,26,부산광역시,26260,동래구,26260600,사직3동,2626010900,사직동,2626010900101070007,1,대지,107,7,부산광역시 동래구 사직동 107-7,262604190358,부산광역시 동래구 여고로25번길,41,,2626010900101070007007593,,부산광역시 동래구 여고로25번길 41,607821,47842,,,,129.066216822621,35.1973352565677
MA010120220811983894,락클라이밍센터,,R1,예술·스포츠,R103,스포츠 서비스,R10307,헬스장,R91132,체력 단련시설 운영업,26,부산광역시,26320,북구,26320550,덕천1동,2632010400,덕천동,2632010400103370001,1,대지,337,1,부산광역시 북구 덕천동 337-1,263203132018,부산광역시 북구 의성로,79,,2632010400103370001002086,,부산광역시 북구 의성로 79,616818,46552,,,,129.010087751869,35.2135100386178
MA010120220807208389,래빗짐,,R1,예술·스포츠,R103,스포츠 서비스,R10307,헬스장,R91132,체력 단련시설 운영업,26,부산광역시,26530,사상구,26530660,주례2동,2653010600,주례동,2653010600100600008,1,대지,60,8,부산광역시 사상구 주례동 60-8,265302006015,부산광역시 사상구 가야대로,370,,2653010600100600008006088,서빌딩,부산광역시 사상구 가야대로 370,617833,47006,,1,,129.012926635478,35.1510029096407
MA010120220808821920,바론피티,,R1,예술·스포츠,R103,스포츠 서비스,R10307,헬스장,R91132,체력 단련시설 운영업,26,부산광역시,26500,수영구,26500660,남천1동,2650010500,남천동,2650010500100740033,1,대지,74,33,부산광역시 수영구 남천동 74-33,265003131037,부산광역시 수영구 수영로,393,,2650010500100740033004779,예진메디칼센터,부산광역시 수영구 수영로 393,613816,48317,,5,,129.107291081217,35.141810114253
MA010120220810189168,아시아짐,,R1,예술·스포츠,R103,스포츠 서비스,R10307,헬스장,R91132,체력 단련시설 운영업,26,부산광역시,26260,동래구,26260761,명장1동,2626010100,명장동,2626010100101450007,1,대지,145,7,부산광역시 동래구 명장동 145-7,262604190180,부산광역시 동래구 명장로64번길,6,,2626010100101450007023751,창신,부산광역시 동래구 명장로64번길 6,607809,47775,,1,,129.107709917892,35.204369733431
MA010120220811868084,사나이짐,,R1,예술·스포츠,R103,스포츠 서비스,R10307,헬스장,R91132,체력 단련시설 운영업,26,부산광역시,26470,연제구,26470720,연산8동,2647010200,연산동,2647010200103460048,1,대지,346,48,부산광역시 연제구 연산동 346-48,264704211105,부산광역시 연제구 과정로278번길,47,,2647010200103460048012144,,부산광역시 연제구 과정로278번길 47,611816,47562,,2,,129.095611850351,35.1898820494277
MA010120220811616049,나인핏피티,,R1,예술·스포츠,R103,스포츠 서비스,R10307,헬스장,S96129,체형 등 기타 신체 관리 서비스업,26,부산광역시,26710,기장군,26710256,정관읍,2671025622,정관읍,2671025622107130004,1,대지,713,4,부산광역시 기장군 정관읍 매학리 713-4,267103140047,부산광역시 기장군 정관읍 정관로,569,,2671032022107130004000001,제일타워,부산광역시 기장군 정관읍 정관로 569,619963,46015,,2,,129.176259679862,35.3216996667595
MA010120220805260969,정,,R1,예술·스포츠,R103,스포츠 서비스,R10307,헬스장,R91132,체력 단련시설 운영업,26,부산광역시,26470,연제구,26470650,연산1동,2647010200,연산동,2647010200103020003,1,대지,302,3,부산광역시 연제구 연산동 302-3,264703137017,부산광역시 연제구 신금로,25,,2647010200103020003018510,노블레스스퀘어,부산광역시 연제구 신금로 25,611811,47560,,,,129.094371555541,35.1915976783422
MA010120220808387391,제트컨디셔닝,,R1,예술·스포츠,R103,스포츠 서비스,R10307,헬스장,R91132,체력 단련시설 운영업,26,부산광역시,26230,부산진구,26230610,전포2동,2623010200,전포동,2623010200106600016,1,대지,660,16,부산광역시 부산진구 전포동 660-16,262304187202,부산광역시 부산진구 동천로108번길,9,7,2623010200106600016054521,층,부산광역시 부산진구 동천로108번길 9-7,614865,47247,,3,,129.062834882003,35.1586611260484
MA010120220803306327,티씨스포츠재활운동센터,,R1,예술·스포츠,R103,스포츠 서비스,R10307,헬스장,R91132,체력 단련시설 운영업,26,부산광역시,26140,서구,26140540,서대신1동,2614010400,서대신동1가,2614010400100520016,1,대지,52,16,부산광역시 서구 서대신동1가 52-16,261403006005,부산광역시 서구 구덕로,281,,2614010400100520016004067,,부산광역시 서구 구덕로 281,602091,49235,,,,129.01815706098,35.1090923974413
MA010120220805464821,에스엠휘트니스,,R1,예술·스포츠,R103,스포츠 서비스,R10307,헬스장,R91132,체력 단련시설 운영업,26,부산광역시,26710,기장군,26710250,기장읍,2671025022,기장읍,2671025022102400003,1,대지,240,3,부산광역시 기장군 기장읍 교리 240-3,267104220327,부산광역시 기장군 기장읍 차성로441번길,15,,2671025022102420000004212,,부산광역시 기장군 기장읍 차성로441번길 15,619901,46054,,3,,129.216709536209,35.255606686651
MA010120220807372865,아이콘휘트니스,,R1,예술·스포츠,R103,스포츠 서비스,R10307,헬스장,R91132,체력 단련시설 운영업,26,부산광역시,26380,사하구,26380561,하단1동,2638010300,하단동,2638010300105890016,1,대지,589,16,부산광역시 사하구 하단동 589-16,263803006030,부산광역시 사하구 낙동남로,1422,,2638010300105890016036784,청경빌딩,부산광역시 사하구 낙동남로 1422,604850,49427,,7,,128.967173254984,35.1059024574634
MA010120220813933363,밀리오레피트니스,,R1,예술·스포츠,R103,스포츠 서비스,R10307,헬스장,R91132,체력 단련시설 운영업,26,부산광역시,26470,연제구,26470700,연산6동,2647010200,연산동,2647010200121220030,1,대지,2122,30,부산광역시 연제구 연산동 2122-30,264703129044,부산광역시 연제구 연수로,219,,2647010200121220030022065,신양빌딩,부산광역시 연제구 연수로 219,611836,47594,,6,,129.094726357858,35.1737757604348
MA010120220813862181,상상디앤씨,,R1,예술·스포츠,R103,스포츠 서비스,R10307,헬스장,R91132,체력 단련시설 운영업,26,부산광역시,26710,기장군,26710256,정관읍,2671025622,정관읍,2671025622107770001,1,대지,777,1,부산광역시 기장군 정관읍 매학리 777-1,267103140044,부산광역시 기장군 정관읍 정관6로,39,,2671025622107770001000001,,부산광역시 기장군 정관읍 정관6로 39,619963,46024,,3,,129.178353941165,35.3194361756757
MA010120220806471395,마블피트니스,,R1,예술·스포츠,R103,스포츠 서비스,R10307,헬스장,R91132,체력 단련시설 운영업,26,부산광역시,26410,금정구,26410590,부곡3동,2641010900,부곡동,2641010900102250058,1,대지,225,58,부산광역시 금정구 부곡동 225-58,264104205391,부산광역시 금정구 중앙대로1719번길,47,,2641010900102250058019549,골든웨딩타운,부산광역시 금정구 중앙대로1719번길 47,609819,46277,,2,,129.089539026657,35.2373334035701
MA010120220805071421,조선생운동센터,,R1,예술·스포츠,R103,스포츠 서비스,R10307,헬스장,R91132,체력 단련시설 운영업,26,부산광역시,26500,수영구,26500770,광안2동,2650010400,광안동,2650010400102980028,1,대지,298,28,부산광역시 수영구 광안동 298-28,265004214140,부산광역시 수영구 남천바다로9번길,41,5,2650010400102980028010893,케이디탑,부산광역시 수영구 남천바다로9번길 41-5,613805,48301,,2,,129.112155155039,35.1517281971882
MA010120220811585518,림휘트니스센터,,R1,예술·스포츠,R103,스포츠 서비스,R10307,헬스장,R91132,체력 단련시설 운영업,26,부산광역시,26710,기장군,26710250,기장읍,2671025025,기장읍,2671025025100760001,1,대지,76,1,부산광역시 기장군 기장읍 서부리 76-1,267103140036,부산광역시 기장군 기장읍 읍내로,49,,2671025025100760001002116,,부산광역시 기장군 기장읍 읍내로 49,619905,46059,,,,129.209929371737,35.2454219398905
MA010120220810642632,CrossfitLongstone,,R1,예술·스포츠,R103,스포츠 서비스,R10307,헬스장,R91132,체력 단련시설 운영업,26,부산광역시,26170,동구,26170510,초량1동,2617010100,초량동,2617010100112030010,1,대지,1203,10,부산광역시 동구 초량동 1203-10,261704181410,부산광역시 동구 중앙대로180번길,13,,2617010100112030010009729,,부산광역시 동구 중앙대로180번길 13,601729,48821,,1,,129.040386819623,35.1130728008055
MA010120220807654771,국가대표이주훈,,R1,예술·스포츠,R103,스포츠 서비스,R10307,헬스장,R91132,체력 단련시설 운영업,26,부산광역시,26350,해운대구,26350525,우3동,2635010500,우동,2635010500114100002,1,대지,1410,2,부산광역시 해운대구 우동 1410-2,263503133005,부산광역시 해운대구 마린시티3로,46,,2635010500114100002000001,우신골든메르시아,부산광역시 해운대구 마린시티3로 46,612020,48119,,2,,129.145399565701,35.155036808963
MA010120220801631041,피지컬베이스,,R1,예술·스포츠,R103,스포츠 서비스,R10307,헬스장,S96129,체형 등 기타 신체 관리 서비스업,26,부산광역시,26230,부산진구,26230640,부암1동,2623010800,부암동,2623010800100550006,1,대지,55,6,부산광역시 부산진구 부암동 55-6,262302129001,부산광역시 부산진구 신천대로,252,,2623010800100550006054988,일성인포아파트,부산광역시 부산진구 신천대로 252,614792,47192,,4,,129.051018370305,35.1644039818788
MA010120220800150266,퍼플짐,,R1,예술·스포츠,R103,스포츠 서비스,R10307,헬스장,R91132,체력 단련시설 운영업,26,부산광역시,26230,부산진구,26230600,전포1동,2623010200,전포동,2623010200103440010,1,대지,344,10,부산광역시 부산진구 전포동 344-10,262304187425,부산광역시 부산진구 서전로58번길,91,,2623010200103440010034003,,부산광역시 부산진구 서전로58번길 91,614867,47305,,3,,129.066254174135,35.1537185414649
MA010120220810568370,린바디휘트니스,,R1,예술·스포츠,R103,스포츠 서비스,R10307,헬스장,R91132,체력 단련시설 운영업,26,부산광역시,26290,남구,26290540,대연4동,2629010600,대연동,2629010600112030047,1,대지,1203,47,부산광역시 남구 대연동 1203-47,262904193442,부산광역시 남구 천제등로28번길,50,,2629010600112030047007809,현대,부산광역시 남구 천제등로28번길 50,608757,48461,,2,,129.086487448929,35.1318069196846
MA010120220807063898,핏핏,,R1,예술·스포츠,R103,스포츠 서비스,R10307,헬스장,R91132,체력 단련시설 운영업,26,부산광역시,26410,금정구,26410690,구서2동,2641010700,구서동,2641010700110220007,1,대지,1022,7,부산광역시 금정구 구서동 1022-7,264103006032,부산광역시 금정구 금샘로,387,1,2641010700110220007000001,,부산광역시 금정구 금샘로 387-1,609805,46235,,2,,129.08445915642,35.2577148347588
MA010120220810535062,이젠퍼스널트레이닝,,R1,예술·스포츠,R103,스포츠 서비스,R10307,헬스장,R91132,체력 단련시설 운영업,26,부산광역시,26140,서구,26140530,동대신3동,2614010300,동대신동3가,2614010300105100000,1,대지,510,,부산광역시 서구 동대신동3가 510,261404178054,부산광역시 서구 구덕로322번길,7,,2614010300105100000004214,,부산광역시 서구 구덕로322번길 7,602813,49211,,6,,129.016731324822,35.1126487452256
MA010120220813250662,엘리먼트휘트니스센터,,R1,예술·스포츠,R103,스포츠 서비스,R10307,헬스장,R91132,체력 단련시설 운영업,26,부산광역시,26530,사상구,26530591,모라1동,2653010200,모라동,2653010200101700000,1,대지,170,,부산광역시 사상구 모라동 170,265302006008,부산광역시 사상구 백양대로,987,,2653010200101700000020062,스파캐슬,부산광역시 사상구 백양대로 987,617818,46926,,,,128.992823801482,35.194095993476
MA010120220809982788,바디핏케어스피닝,,R1,예술·스포츠,R103,스포츠 서비스,R10307,헬스장,R91132,체력 단련시설 운영업,26,부산광역시,26440,강서구,26440535,명지1동,2644010400,명지동,2644010400133580004,1,대지,3358,4,부산광역시 강서구 명지동 3358-4,264403350870,부산광역시 강서구 명지국제9로,38,,2644010400133580004000001,,부산광역시 강서구 명지국제9로 38,618200,46773,,,,128.921493614038,35.0982181739746
MA010120220802274825,바디디자인,,R1,예술·스포츠,R103,스포츠 서비스,R10307,헬스장,R91132,체력 단련시설 운영업,26,부산광역시,26260,동래구,26260750,안락2동,2626010200,안락동,2626010200106280009,1,대지,628,9,부산광역시 동래구 안락동 628-9,262604190539,부산광역시 동래구 충렬대로428번길,62,,2626010200106280009018902,광영빌딩,부산광역시 동래구 충렬대로428번길 62,607830,47895,,4,,129.103753478359,35.1940032701842
MA010120220808527289,리드헬스,,R1,예술·스포츠,R103,스포츠 서비스,R10307,헬스장,R91132,체력 단련시설 운영업,26,부산광역시,26470,연제구,26470680,연산4동,2647010200,연산동,2647010200106030007,1,대지,603,7,부산광역시 연제구 연산동 603-7,264704211058,부산광역시 연제구 고분로13번길,25,,2647010200106030007006340,연산쌍용,부산광역시 연제구 고분로13번길 25,611715,47549,,3,,129.084454437027,35.1871279114282
MA010120220805134876,마인드휘트니스부산,명지점,R1,예술·스포츠,R103,스포츠 서비스,R10307,헬스장,R91132,체력 단련시설 운영업,26,부산광역시,26440,강서구,26440535,명지1동,2644010400,명지동,2644010400135860004,1,대지,3586,4,부산광역시 강서구 명지동 3586-4,264403350869,부산광역시 강서구 명지국제8로10번길,38,,2644010400135860004000001,,부산광역시 강서구 명지국제8로10번길 38,618200,46726,,,,128.903454609928,35.0944023596423
MA010120220805726186,올데이짐,,R1,예술·스포츠,R103,스포츠 서비스,R10307,헬스장,R91132,체력 단련시설 운영업,26,부산광역시,26470,연제구,26470720,연산8동,2647010200,연산동,2647010200103830003,1,대지,383,3,부산광역시 연제구 연산동 383-3,264703006054,부산광역시 연제구 과정로,256,,2647010200103830004018962,,부산광역시 연제구 과정로 256,611816,47564,,3,,129.099350031422,35.1879789323247
MA010120220804598117,팰리스피트니스,,R1,예술·스포츠,R103,스포츠 서비스,R10307,헬스장,R91132,체력 단련시설 운영업,26,부산광역시,26530,사상구,26530591,모라1동,2653010200,모라동,2653010200105050000,1,대지,505,,부산광역시 사상구 모라동 505,265302006008,부산광역시 사상구 백양대로,893,,2653010200105080002009751,,부산광역시 사상구 백양대로 893,617820,46930,,1,,128.990701842583,35.1858671691341
MA010120220802054399,레핏짐피티샵,,R1,예술·스포츠,R103,스포츠 서비스,R10307,헬스장,R91132,체력 단련시설 운영업,26,부산광역시,26170,동구,26170530,초량3동,2617010100,초량동,2617010100111980002,1,대지,1198,2,부산광역시 동구 초량동 1198-2,261702000010,부산광역시 동구 중앙대로,232,,2617010100111980003012511,층,부산광역시 동구 중앙대로 232,601838,48733,,3,,129.041473517486,35.117506283219
MA010120220808677892,웨일짐,,R1,예술·스포츠,R103,스포츠 서비스,R10307,헬스장,R91132,체력 단련시설 운영업,26,부산광역시,26260,동래구,26260570,온천3동,2626010800,온천동,2626010800114210008,1,대지,1421,8,부산광역시 동래구 온천동 1421-8,262603130025,부산광역시 동래구 미남로,133,,2626010800114210008011179,,부산광역시 동래구 미남로 133,607842,47837,,3,,129.069400947099,35.2060040394182
MA010120220810533526,킹콩짐,,R1,예술·스포츠,R103,스포츠 서비스,R10307,헬스장,R91132,체력 단련시설 운영업,26,부산광역시,26140,서구,26140640,충무동,2614011200,토성동1가,2614011200100510001,1,대지,51,1,부산광역시 서구 토성동1가 51-1,261402006003,부산광역시 서구 보수대로,15,,2614011200100510001023077,봄여름가을겨울,부산광역시 서구 보수대로 15,602838,49247,,,,129.024459497664,35.098317348554
MA010120220813444858,터짐,,R1,예술·스포츠,R103,스포츠 서비스,R10307,헬스장,R91132,체력 단련시설 운영업,26,부산광역시,26290,남구,26290530,대연3동,2629010600,대연동,2629010600100600040,1,대지,60,40,부산광역시 남구 대연동 60-40,262904193205,부산광역시 남구 용소로21번길,13,,2629010600100600040000325,,부산광역시 남구 용소로21번길 13,608805,48512,,1,,129.10158022541,35.1356012380032
MA010120220811490584,굿모닝휘트니스,,R1,예술·스포츠,R103,스포츠 서비스,R10307,헬스장,R91132,체력 단련시설 운영업,26,부산광역시,26110,중구,26110545,보수동,2611012000,보수동1가,2611012000101440004,1,대지,144,4,부산광역시 중구 보수동1가 144-4,261103125010,부산광역시 중구 대청로,71,,2611012000101440004001404,,부산광역시 중구 대청로 71,600803,48967,,6,,129.027619861366,35.103284065578
MA010120220813250103,더온피트니스,,R1,예술·스포츠,R103,스포츠 서비스,R10307,헬스장,R91132,체력 단련시설 운영업,26,부산광역시,26260,동래구,26260560,온천2동,2626010800,온천동,2626010800114020003,1,대지,1402,3,부산광역시 동래구 온천동 1402-3,262603006023,부산광역시 동래구 우장춘로,14,,2626010800114020003000836,,부산광역시 동래구 우장춘로 14,607837,47731,,10,,129.070265463642,35.208918004508
MA010120220810155854,액티브바디,,R1,예술·스포츠,R103,스포츠 서비스,R10307,헬스장,R91132,체력 단련시설 운영업,26,부산광역시,26260,동래구,26260580,사직1동,2626010900,사직동,2626010900100930037,1,대지,93,37,부산광역시 동래구 사직동 93-37,262603130010,부산광역시 동래구 사직북로,12,,2626010900100930037008102,덕성빌딩,부산광역시 동래구 사직북로 12,607817,47866,,1,,129.06084963634,35.1969491407652
MA010120220811396211,장산휘트니스클럽,,R1,예술·스포츠,R103,스포츠 서비스,R10307,헬스장,R91132,체력 단련시설 운영업,26,부산광역시,26350,해운대구,26350590,반여3동,2635010300,반여동,2635010300115810006,1,대지,1581,6,부산광역시 해운대구 반여동 1581-6,263504199179,부산광역시 해운대구 재반로282번길,112,,2635010300115810006000919,현대아파트,부산광역시 해운대구 재반로282번길 112,612728,48026,,,,129.1354599416,35.2012339463351
MA010120220808161756,코오롱글로벌스포렉스,부산점,R1,예술·스포츠,R103,스포츠 서비스,R10307,헬스장,R91132,체력 단련시설 운영업,26,부산광역시,26470,연제구,26470620,거제2동,2647010100,거제동,2647010100112080000,1,대지,1208,,부산광역시 연제구 거제동 1208,264703130033,부산광역시 연제구 종합운동장로,7,,2647010100111980000009422,홈플러스아시아드점,부산광역시 연제구 종합운동장로 7,611807,47500,,1,,129.062012486264,35.1912700712054
MA010120220814255985,팬덤짐,,R1,예술·스포츠,R103,스포츠 서비스,R10307,헬스장,R91132,체력 단련시설 운영업,26,부산광역시,26470,연제구,26470650,연산1동,2647010200,연산동,2647010200105840005,1,대지,584,5,부산광역시 연제구 연산동 584-5,264703137015,부산광역시 연제구 세병로,10,1,2647010200105840005008354,,부산광역시 연제구 세병로 10-1,611821,47518,,2,,129.084500998901,35.1893799933448
MA010120220811805834,휘트니스베이직,,R1,예술·스포츠,R103,스포츠 서비스,R10307,헬스장,R91132,체력 단련시설 운영업,26,부산광역시,26380,사하구,26380530,괴정3동,2638010100,괴정동,2638010100102620001,1,대지,262,1,부산광역시 사하구 괴정동 262-1,263802006002,부산광역시 사하구 낙동대로,184,,2638010100102620001037714,은빌딩,부산광역시 사하구 낙동대로 184,604809,49338,,4,,128.996393640264,35.1016666896206
MA010120220809204926,플렉스짐,,R1,예술·스포츠,R103,스포츠 서비스,R10307,헬스장,R91132,체력 단련시설 운영업,26,부산광역시,26260,동래구,26260570,온천3동,2626010800,온천동,2626010800114120008,1,대지,1412,8,부산광역시 동래구 온천동 1412-8,262602006012,부산광역시 동래구 아시아드대로,224,,2626010800114120008009755,온천동대한메디컬,부산광역시 동래구 아시아드대로 224,607842,47837,,6,,129.06716948533,35.2037352162091
MA010120220806427185,트랜스바디짐,,R1,예술·스포츠,R103,스포츠 서비스,R10307,헬스장,R91132,체력 단련시설 운영업,26,부산광역시,26530,사상구,26530670,학장동,2653010700,학장동,2653010700104330002,1,대지,433,2,부산광역시 사상구 학장동 433-2,265304217362,부산광역시 사상구 학감대로123번길,68,,2653010700104330002019226,에이케이빌딩,부산광역시 사상구 학감대로123번길 68,617845,47049,,1,,128.984646876573,35.1413403659313
MA010120220811753890,스파르타,,R1,예술·스포츠,R103,스포츠 서비스,R10307,헬스장,R91132,체력 단련시설 운영업,26,부산광역시,26500,수영구,26500760,광안1동,2650010400,광안동,2650010400101180002,1,대지,118,2,부산광역시 수영구 광안동 118-2,265004214286,부산광역시 수영구 수영로618번길,4,,2650010400101180002000858,성우이린타워,부산광역시 수영구 수영로618번길 4,613802,48293,,5,,129.114040104854,35.1605446204968
MA010120220810521861,J&J휘트니스,,R1,예술·스포츠,R103,스포츠 서비스,R10307,헬스장,R91132,체력 단련시설 운영업,26,부산광역시,26380,사하구,26380550,당리동,2638010200,당리동,2638010200103180002,1,대지,318,2,부산광역시 사하구 당리동 318-2,263803134025,부산광역시 사하구 제석로,54,,2638010200103180002031394,,부산광역시 사하구 제석로 54,604828,49323,,,,128.974759456743,35.1053465086339
MA010120220814388243,유네스코짐,,R1,예술·스포츠,R103,스포츠 서비스,R10307,헬스장,R91132,체력 단련시설 운영업,26,부산광역시,26350,해운대구,26350560,송정동,2635010800,송정동,2635010800104420003,1,대지,442,3,부산광역시 해운대구 송정동 442-3,263503133024,부산광역시 해운대구 송정광어골로,63,,2635010800104420003010662,화이바비치텔,부산광역시 해운대구 송정광어골로 63,612040,48073,,4,,129.196486670631,35.1758293306285
MA010120220803552987,디에이치짐,,R1,예술·스포츠,R103,스포츠 서비스,R10307,헬스장,R91132,체력 단련시설 운영업,26,부산광역시,26230,부산진구,26230510,부전1동,2623010300,부전동,2623010300104740007,1,대지,474,7,부산광역시 부산진구 부전동 474-7,262304187395,부산광역시 부산진구 부전로96번길,25,,2623010300104740007054816,,부산광역시 부산진구 부전로96번길 25,614031,47257,,2,,129.056122873036,35.1588023046573
MA010120220811444999,엠제이휘트니스,,R1,예술·스포츠,R103,스포츠 서비스,R10307,헬스장,R91132,체력 단련시설 운영업,26,부산광역시,26350,해운대구,26350520,우2동,2635010500,우동,2635010500114700000,1,대지,1470,,부산광역시 해운대구 우동 1470,263503133020,부산광역시 해운대구 센텀중앙로,48,,2635010500114710000000001,에이스하이테크,부산광역시 해운대구 센텀중앙로 48,612022,48059,,,,129.129859692776,35.1730186556248
MA010120220811611520,24시헬스K.S바디스타휘트니스,남산점,R1,예술·스포츠,R103,스포츠 서비스,R10307,헬스장,R91132,체력 단련시설 운영업,26,부산광역시,26410,금정구,26410670,남산동,2641010400,남산동,2641010400101170015,1,대지,117,15,부산광역시 금정구 남산동 117-15,264102000010,부산광역시 금정구 중앙대로,2033,,2641010400101170015017837,정암프라자,부산광역시 금정구 중앙대로 2033,609814,46224,,3,,129.092248123916,35.26581679604
MA010120220810670364,진리에이전시,,R1,예술·스포츠,R103,스포츠 서비스,R10307,헬스장,R91132,체력 단련시설 운영업,26,부산광역시,26290,남구,26290530,대연3동,2629010600,대연동,2629010600100580034,1,대지,58,34,부산광역시 남구 대연동 58-34,262904193204,부산광역시 남구 용소로19번길,25,,2629010600100580002000476,태양빌딩,부산광역시 남구 용소로19번길 25,608805,48512,,3,,129.101992801897,35.136287970299
MA010120220804961231,잇츠피트니스,,R1,예술·스포츠,R103,스포츠 서비스,R10307,헬스장,R91132,체력 단련시설 운영업,26,부산광역시,26320,북구,26320530,금곡동,2632010100,금곡동,2632010100118740003,1,대지,1874,3,부산광역시 북구 금곡동 1874-3,263202132001,부산광역시 북구 금곡대로,469,,2632010100118740003013110,농협하나로클럽,부산광역시 북구 금곡대로 469,616739,46519,,3,,129.011219697036,35.2500243285982
MA010120220808127435,바디윌,,R1,예술·스포츠,R103,스포츠 서비스,R10307,헬스장,R91132,체력 단련시설 운영업,26,부산광역시,26350,해운대구,26350530,중1동,2635010600,중동,2635010600117680005,1,대지,1768,5,부산광역시 해운대구 중동 1768-5,263503133039,부산광역시 해운대구 좌동순환로,505,,2635010600117680005026400,센트럴메디타워,부산광역시 해운대구 좌동순환로 505,612851,48096,,,,129.168230155372,35.1656691781639
MA010120220807561647,트렌드핏,서면점,R1,예술·스포츠,R103,스포츠 서비스,R10307,헬스장,R91132,체력 단련시설 운영업,26,부산광역시,26230,부산진구,26230600,전포1동,2623010200,전포동,2623010200106890007,1,대지,689,7,부산광역시 부산진구 전포동 689-7,262302006005,부산광역시 부산진구 전포대로,199,,2623010200106890007000001,와이비스퀘어,부산광역시 부산진구 전포대로 199,614869,47297,,8,,129.064985066339,35.1542989070807
MA010120220806839100,팀케이피트니스,,R1,예술·스포츠,R103,스포츠 서비스,R10307,헬스장,R91132,체력 단련시설 운영업,26,부산광역시,26230,부산진구,26230610,전포2동,2623010200,전포동,2623010200106630009,1,대지,663,9,부산광역시 부산진구 전포동 663-9,262304187202,부산광역시 부산진구 동천로108번길,41,,2623010200106630008053979,,부산광역시 부산진구 동천로108번길 41,614865,47247,,1,,129.064430122421,35.1583906292985
MA010120220804882585,표박사크로스핏,,R1,예술·스포츠,R103,스포츠 서비스,R10307,헬스장,R91132,체력 단련시설 운영업,26,부산광역시,26410,금정구,26410680,구서1동,2641010700,구서동,2641010700104710008,1,대지,471,8,부산광역시 금정구 구서동 471-8,264104205037,부산광역시 금정구 금강로403번길,1,,2641010700104710008015824,,부산광역시 금정구 금강로403번길 1,609806,46245,,1,,129.087264037638,35.2437077311242
MA010120220811622491,레드박스,,R1,예술·스포츠,R103,스포츠 서비스,R10307,헬스장,R91132,체력 단련시설 운영업,26,부산광역시,26710,기장군,26710256,정관읍,2671025628,정관읍,2671025628105330005,1,대지,533,5,부산광역시 기장군 정관읍 용수리 533-5,267104220126,부산광역시 기장군 정관읍 산막길,20,,2671032028105330005000001,,부산광역시 기장군 정관읍 산막길 20,619963,46004,,,,129.171779619598,35.3326026889806
MA010120220814019524,박인손,,R1,예술·스포츠,R103,스포츠 서비스,R10307,헬스장,R91132,체력 단련시설 운영업,26,부산광역시,26170,동구,26170570,수정2동,2617010200,수정동,2617010200100960005,1,대지,96,5,부산광역시 동구 수정동 96-5,261704181434,부산광역시 동구 중앙대로349번길,42,,2617010200100960005011941,,부산광역시 동구 중앙대로349번길 42,601812,48791,,3,,129.045061009184,35.1263223074267
MA010120220810645673,해피프로헬스,,R1,예술·스포츠,R103,스포츠 서비스,R10307,헬스장,R91132,체력 단련시설 운영업,26,부산광역시,26170,동구,26170570,수정2동,2617010200,수정동,2617010200102290039,1,대지,229,39,부산광역시 동구 수정동 229-39,261702000010,부산광역시 동구 중앙대로,391,,2617010200102290039016600,,부산광역시 동구 중앙대로 391,601812,48775,,3,,129.049708008263,35.130109787614
MA010120220804940258,큐브스포츠,,R1,예술·스포츠,R103,스포츠 서비스,R10307,헬스장,R91132,체력 단련시설 운영업,26,부산광역시,26500,수영구,26500780,광안3동,2650010400,광안동,2650010400100890013,1,대지,89,13,부산광역시 수영구 광안동 89-13,265003131037,부산광역시 수영구 수영로,668,,2650010400100890013016498,화목오피스텔,부산광역시 수영구 수영로 668,613800,48267,,,,129.115073649831,35.1652846492585
MA010120220809746029,존피트니스,,R1,예술·스포츠,R103,스포츠 서비스,R10307,헬스장,R91132,체력 단련시설 운영업,26,부산광역시,26230,부산진구,26230600,전포1동,2623010200,전포동,2623010200103080034,1,대지,308,34,부산광역시 부산진구 전포동 308-34,262304187665,부산광역시 부산진구 전포대로210번길,19,,2623010200103080034000001,,부산광역시 부산진구 전포대로210번길 19,614867,47303,,2,,129.066663509058,35.1555859725885
MA010120220809200692,헬스,명지,R1,예술·스포츠,R103,스포츠 서비스,R10307,헬스장,R91132,체력 단련시설 운영업,26,부산광역시,26440,강서구,26440535,명지1동,2644010400,명지동,2644010400134200007,1,대지,3420,7,부산광역시 강서구 명지동 3420-7,264403350868,부산광역시 강서구 명지국제8로,270,,2644010400116350005000001,모아진빌딩,부산광역시 강서구 명지국제8로 270,618200,46772,,,,128.922091158284,35.097514778576
MA010120220812291265,마이애미짐,대연점,R1,예술·스포츠,R103,스포츠 서비스,R10307,헬스장,R91132,체력 단련시설 운영업,26,부산광역시,26290,남구,26290530,대연3동,2629010600,대연동,2629010600100530035,1,대지,53,35,부산광역시 남구 대연동 53-35,262904193202,부산광역시 남구 용소로13번길,23,,2629010600100530035000109,대붕빌딩,부산광역시 남구 용소로13번길 23,608804,48512,,4,,129.101875348535,35.1368397139609
MA010120220811614135,정관세븐스포츠센터,,R1,예술·스포츠,R103,스포츠 서비스,R10307,헬스장,R91132,체력 단련시설 운영업,26,부산광역시,26710,기장군,26710256,정관읍,2671025622,정관읍,2671025622104750013,1,대지,475,13,부산광역시 기장군 정관읍 매학리 475-13,267104220248,부산광역시 기장군 정관읍 정관상곡1길,27,77,2671025622104750013000001,,부산광역시 기장군 정관읍 정관상곡1길 27-77,619963,46018,,,,129.166490366731,35.3173605748491
MA010120220807098527,굿볼스튜디오부산,해운대점,R1,예술·스포츠,R103,스포츠 서비스,R10307,헬스장,R91132,체력 단련시설 운영업,26,부산광역시,26350,해운대구,26350551,좌1동,2635010700,좌동,2635010700112890003,1,대지,1289,3,부산광역시 해운대구 좌동 1289-3,263503133039,부산광역시 해운대구 좌동순환로,176,,2635010700112890003018479,장산빌딩,부산광역시 해운대구 좌동순환로 176,612837,48078,,3,,129.175295979811,35.1775636252118
MA010120220802886412,워너짐부산대,,R1,예술·스포츠,R103,스포츠 서비스,R10307,헬스장,R91132,체력 단련시설 운영업,26,부산광역시,26410,금정구,26410610,장전2동,2641010800,장전동,2641010800104200047,1,대지,420,47,부산광역시 금정구 장전동 420-47,264103130022,부산광역시 금정구 금강로,252,1,2641010800104200047000001,,부산광역시 금정구 금강로 252-1,609392,46293,,,,129.085346186858,35.2305840600315
MA010120220812028075,천보체력단련장,,R1,예술·스포츠,R103,스포츠 서비스,R10307,헬스장,R91132,체력 단련시설 운영업,26,부산광역시,26410,금정구,26410670,남산동,2641010400,남산동,2641010400100210006,1,대지,21,6,부산광역시 금정구 남산동 21-6,264104205416,부산광역시 금정구 중앙대로2097번길,6,,2641010400100210006034689,크로바빌딩,부산광역시 금정구 중앙대로2097번길 6,609813,46219,,4,,129.092101938945,35.2716677337026
MA010120220803786668,플레이돔,,R1,예술·스포츠,R103,스포츠 서비스,R10307,헬스장,R91132,체력 단련시설 운영업,26,부산광역시,26350,해운대구,26350530,중1동,2635010600,중동,2635010600110900005,1,대지,1090,5,부산광역시 해운대구 중동 1090-5,263504199011,부산광역시 해운대구 달맞이길,52,,2635010600110900005001864,,부산광역시 해운대구 달맞이길 52,612846,48097,,3,,129.170391443236,35.1611067371326
MA010120220804535891,브이아이피휘트니스,,R1,예술·스포츠,R103,스포츠 서비스,R10307,헬스장,R91132,체력 단련시설 운영업,26,부산광역시,26350,해운대구,26350570,반여1동,2635010300,반여동,2635010300114590001,1,대지,1459,1,부산광역시 해운대구 반여동 1459-1,263503133009,부산광역시 해운대구 선수촌로,88,,2635010300114590001000001,,부산광역시 해운대구 선수촌로 88,612811,48037,,2,,129.119429002964,35.2015788003796
MA010120220810477287,썸바디,,R1,예술·스포츠,R103,스포츠 서비스,R10307,헬스장,R91132,체력 단련시설 운영업,26,부산광역시,26110,중구,26110520,동광동,2611011100,동광동1가,2611011100100130001,1,대지,13,1,부산광역시 중구 동광동1가 13-1,261103125007,부산광역시 중구 해관로,3,,2611011100100140000007385,외,부산광역시 중구 해관로 3,600021,48955,,4,,129.035675969384,35.0991658205694
MA010120220810586341,바디랩,,R1,예술·스포츠,R103,스포츠 서비스,R10307,헬스장,R91132,체력 단련시설 운영업,26,부산광역시,26500,수영구,26500670,남천2동,2650010500,남천동,2650010500100050024,1,대지,5,24,부산광역시 수영구 남천동 5-24,265004214035,부산광역시 수영구 광남로48번길,17,,2650010500100050024013870,,부산광역시 수영구 광남로48번길 17,613813,48304,,3,,129.112775856987,35.1464546372429
MA010120220810824172,제너럴피트니스,,R1,예술·스포츠,R103,스포츠 서비스,R10307,헬스장,R91132,체력 단련시설 운영업,26,부산광역시,26470,연제구,26470620,거제2동,2647010100,거제동,2647010100111770017,1,대지,1177,17,부산광역시 연제구 거제동 1177-17,264703129045,부산광역시 연제구 월드컵대로,225,1,2647010100111770017011106,우일빌딩,부산광역시 연제구 월드컵대로 225-1,611808,47525,,2,,129.072022798827,35.1890625329149
MA010120220810990005,라크슈미댄스아카데미,,R1,예술·스포츠,R103,스포츠 서비스,R10307,헬스장,R91132,체력 단련시설 운영업,26,부산광역시,26350,해운대구,26350554,좌4동,2635010700,좌동,2635010700113940000,1,대지,1394,,부산광역시 해운대구 좌동 1394,263503133029,부산광역시 해운대구 양운로,182,,2635010700113940000003043,두산동국,부산광역시 해운대구 양운로 182,612760,48075,,1,,129.169937400156,35.1787051058602
MA010120220813829016,스타짐,,R1,예술·스포츠,R103,스포츠 서비스,R10307,헬스장,R91132,체력 단련시설 운영업,26,부산광역시,26110,중구,26110510,중앙동,2611010700,중앙동4가,2611010700100890002,1,대지,89,2,부산광역시 중구 중앙동4가 89-2,261102000010,부산광역시 중구 중앙대로,96,,2611010700100890002000276,,부산광역시 중구 중앙대로 96,600721,48939,,,,129.036576657004,35.1062789731114
MA010120220803785088,점핑피트니스,,R1,예술·스포츠,R103,스포츠 서비스,R10307,헬스장,R91132,체력 단련시설 운영업,26,부산광역시,26410,금정구,26410530,서3동,2641011000,서동,2641011000101980005,1,대지,198,5,부산광역시 금정구 서동 198-5,264103135033,부산광역시 금정구 서동로,163,,2641011000101980005007892,,부산광역시 금정구 서동로 163,609848,46320,,3,,129.104432150103,35.2147719347101
MA010120220812500319,스파르타광안,2호점,R1,예술·스포츠,R103,스포츠 서비스,R10307,헬스장,R91132,체력 단련시설 운영업,26,부산광역시,26500,수영구,26500770,광안2동,2650010400,광안동,2650010400101580057,1,대지,158,57,부산광역시 수영구 광안동 158-57,265003138004,부산광역시 수영구 광안로,49,1,2650010400101580057000002,,부산광역시 수영구 광안로 49-1,613804,48296,,3,,129.117810052758,35.1552791084369
MA010120220809398308,점핑하이,,R1,예술·스포츠,R103,스포츠 서비스,R10307,헬스장,R91132,체력 단련시설 운영업,26,부산광역시,26380,사하구,26380550,당리동,2638010200,당리동,2638010200103250018,1,대지,325,18,부산광역시 사하구 당리동 325-18,263802006002,부산광역시 사하구 낙동대로,399,,2638010200103250018026116,,부산광역시 사하구 낙동대로 399,604830,49411,,,,128.974419684548,35.1030810579029
MA010120220807932847,트렌드핏,,R1,예술·스포츠,R103,스포츠 서비스,R10307,헬스장,R91132,체력 단련시설 운영업,26,부산광역시,26290,남구,26290550,대연5동,2629010600,대연동,2629010600117450021,1,대지,1745,21,부산광역시 남구 대연동 1745-21,262903131037,부산광역시 남구 수영로,223,,2629010600117450021032227,삼창빌딩,부산광역시 남구 수영로 223,608807,48445,,5,,129.090931635529,35.1352988850335
MA010120220808178583,자연안에PT스튜디오,,R1,예술·스포츠,R103,스포츠 서비스,R10307,헬스장,R91132,체력 단련시설 운영업,26,부산광역시,26470,연제구,26470690,연산5동,2647010200,연산동,2647010200112420002,1,대지,1242,2,부산광역시 연제구 연산동 1242-2,264703129045,부산광역시 연제구 월드컵대로,141,,2647010200112420002025139,,부산광역시 연제구 월드컵대로 141,611828,47540,,3,,129.080565151604,35.1861314537987
MA010120220811415675,MGM헬스,,R1,예술·스포츠,R103,스포츠 서비스,R10307,헬스장,R91132,체력 단련시설 운영업,26,부산광역시,26350,해운대구,26350580,반여2동,2635010300,반여동,2635010300112910531,1,대지,1291,531,부산광역시 해운대구 반여동 1291-531,263503133035,부산광역시 해운대구 재반로,214,,2635010300112910531012636,,부산광역시 해운대구 재반로 214,612813,48027,,,,129.131024346012,35.1961846191636
MA010120220810029556,오케이피트니스,,R1,예술·스포츠,R103,스포츠 서비스,R10307,헬스장,R91132,체력 단련시설 운영업,26,부산광역시,26500,수영구,26500730,수영동,2650010200,수영동,2650010200105410000,1,대지,541,,부산광역시 수영구 수영동 541,265004214301,부산광역시 수영구 수영로741번길,12,,2650010200105120000004210,현대아파트,부산광역시 수영구 수영로741번길 12,613757,48222,,,,129.120740579662,35.1684116474015
MA010120220810966234,드림스포츠운동센터,,R1,예술·스포츠,R103,스포츠 서비스,R10307,헬스장,R91132,체력 단련시설 운영업,26,부산광역시,26170,동구,26170570,수정2동,2617010200,수정동,2617010200108440030,1,대지,844,30,부산광역시 동구 수정동 844-30,261703127025,부산광역시 동구 수정로,23,1,2617010200108440030015993,성광빌딩,부산광역시 동구 수정로 23-1,601819,48783,,4,,129.044329165893,35.1282000787274
MA010120220812032252,락오디세이동래,,R1,예술·스포츠,R103,스포츠 서비스,R10307,헬스장,R91132,체력 단련시설 운영업,26,부산광역시,26260,동래구,26260510,수민동,2626010400,낙민동,2626010400100910003,1,대지,91,3,부산광역시 동래구 낙민동 91-3,262604190339,부산광역시 동래구 안남로31번길,6,,2626010400100910003017399,,부산광역시 동래구 안남로31번길 6,607801,47893,,,,129.095927843903,35.1944904705357
MA010120220812938539,블루밍PT,,R1,예술·스포츠,R103,스포츠 서비스,R10307,헬스장,R91132,체력 단련시설 운영업,26,부산광역시,26380,사하구,26380601,다대1동,2638010600,다대동,2638010600115480023,1,대지,1548,23,부산광역시 사하구 다대동 1548-23,263804202163,부산광역시 사하구 다대낙조1길,11,,2638010600115480023007202,,부산광역시 사하구 다대낙조1길 11,604827,49505,,4,,128.96536043741,35.0495533988552
MA010120220803361035,위드피트니스,,R1,예술·스포츠,R103,스포츠 서비스,R10307,헬스장,R91132,체력 단련시설 운영업,26,부산광역시,26350,해운대구,26350650,재송1동,2635010400,재송동,2635010400112090000,1,대지,1209,,부산광역시 해운대구 재송동 1209,263502006009,부산광역시 해운대구 센텀북대로,60,,2635010400112190000000001,센텀아이에스타워,부산광역시 해운대구 센텀북대로 60,612051,48059,,,,129.125410327862,35.1766383496924
MA010120220813865734,인트로피트니스,,R1,예술·스포츠,R103,스포츠 서비스,R10307,헬스장,R91132,체력 단련시설 운영업,26,부산광역시,26470,연제구,26470650,연산1동,2647010200,연산동,2647010200105820001,1,대지,582,1,부산광역시 연제구 연산동 582-1,264703130026,부산광역시 연제구 반송로,89,,2647010200105820001000001,,부산광역시 연제구 반송로 89,611821,47518,,5,,129.088299530157,35.1915403725132
MA010120220813880869,트루바디,,R1,예술·스포츠,R103,스포츠 서비스,R10307,헬스장,R91132,체력 단련시설 운영업,26,부산광역시,26350,해운대구,26350525,우3동,2635010500,우동,2635010500114100000,1,대지,1410,,부산광역시 해운대구 우동 1410,263503133004,부산광역시 해운대구 마린시티2로,47,,2635010500114100000000001,대우트럼프월드마린,부산광역시 해운대구 마린시티2로 47,612700,48119,,2,,129.143243346471,35.154822666732
MA010120220812419636,홀릭스그라운드,,R1,예술·스포츠,R103,스포츠 서비스,R10307,헬스장,R91132,체력 단련시설 운영업,26,부산광역시,26260,동래구,26260750,안락2동,2626010200,안락동,2626010200101610002,1,대지,161,2,부산광역시 동래구 안락동 161-2,262604190422,부산광역시 동래구 온천천로531번길,73,,2626010200101610002018432,,부산광역시 동래구 온천천로531번길 73,607825,47905,,,,129.112620238079,35.1934523416208
MA010120220808119227,비디피트니스,,R1,예술·스포츠,R103,스포츠 서비스,R10307,헬스장,R91132,체력 단련시설 운영업,26,부산광역시,26290,남구,26290550,대연5동,2629010600,대연동,2629010600114670001,1,대지,1467,1,부산광역시 남구 대연동 1467-1,262904193081,부산광역시 남구 못골번영로50번길,20,,2629010600114670001005313,,부산광역시 남구 못골번영로50번길 20,608808,48437,,4,,129.090183229901,35.1394931782517
MA010120220803011921,레벨업점핑다이어트,,R1,예술·스포츠,R103,스포츠 서비스,R10307,헬스장,R91132,체력 단련시설 운영업,26,부산광역시,26710,기장군,26710256,정관읍,2671025627,정관읍,2671025627107380006,1,대지,738,6,부산광역시 기장군 정관읍 모전리 738-6,267103140047,부산광역시 기장군 정관읍 정관로,391,,2671032027107380006000001,하나프라자,부산광역시 기장군 정관읍 정관로 391,619962,46008,,,,129.165815076286,35.3344939537624
MA010120220805356685,코어핏스튜디오,,R1,예술·스포츠,R103,스포츠 서비스,R10307,헬스장,R91132,체력 단련시설 운영업,26,부산광역시,26470,연제구,26470650,연산1동,2647010200,연산동,2647010200105840001,1,대지,584,1,부산광역시 연제구 연산동 584-1,264703137015,부산광역시 연제구 세병로,16,,2647010200105840001003541,한성기린,부산광역시 연제구 세병로 16,611760,47518,,2,,129.084366791128,35.1905718265274
MA010120220808216830,반송헬스타운,2호점,R1,예술·스포츠,R103,스포츠 서비스,R10307,헬스장,R91132,체력 단련시설 운영업,26,부산광역시,26350,해운대구,26350620,반송2동,2635010100,반송동,2635010100108990000,1,대지,899,,부산광역시 해운대구 반송동 899,263503133027,부산광역시 해운대구 신반송로,203,5,2635010100108990000015811,해운대신용협동조합,부산광역시 해운대구 신반송로 203-5,612808,48009,,4,,129.157982021839,35.2300312800188
MA010120220804921250,지홈트앤케어,,R1,예술·스포츠,R103,스포츠 서비스,R10307,헬스장,R91199,그 외 기타 스포츠 서비스업,26,부산광역시,26350,해운대구,26350530,중1동,2635010600,중동,2635010600117680004,1,대지,1768,4,부산광역시 해운대구 중동 1768-4,263503133039,부산광역시 해운대구 좌동순환로,503,,2635010600117680004007663,웰비치,부산광역시 해운대구 좌동순환로 503,612851,48096,,,,129.168409445774,35.1653956256708
MA010120220804991376,제이엠드림핏,,R1,예술·스포츠,R103,스포츠 서비스,R10307,헬스장,R91132,체력 단련시설 운영업,26,부산광역시,26470,연제구,26470730,연산9동,2647010200,연산동,2647010200104690001,1,대지,469,1,부산광역시 연제구 연산동 469-1,264703006054,부산광역시 연제구 과정로,180,,2647010200104690001013079,,부산광역시 연제구 과정로 180,611812,47569,,,,129.107428762489,35.1875411845915
MA010120220809996905,노경희움직임훈련센터,,R1,예술·스포츠,R103,스포츠 서비스,R10307,헬스장,S96129,체형 등 기타 신체 관리 서비스업,26,부산광역시,26260,동래구,26260510,수민동,2626010600,수안동,2626010600105440002,1,대지,544,2,부산광역시 동래구 수안동 544-2,262604190503,부산광역시 동래구 충렬대로237번길,11,,2626010600105450000001741,우측,부산광역시 동래구 충렬대로237번길 11,607824,47814,,2,,129.08518683379,35.2020383840575
MA010120220808568862,국제휘트니스,,R1,예술·스포츠,R103,스포츠 서비스,R10307,헬스장,R91132,체력 단련시설 운영업,26,부산광역시,26470,연제구,26470660,연산2동,2647010200,연산동,2647010200107750059,1,대지,775,59,부산광역시 연제구 연산동 775-59,264703129045,부산광역시 연제구 월드컵대로,21,,2647010200107750059015409,,부산광역시 연제구 월드컵대로 21,611827,47603,,2,,129.085445967817,35.1765312856224
MA010120220809079301,크로스핏하이어짐,,R1,예술·스포츠,R103,스포츠 서비스,R10307,헬스장,R91132,체력 단련시설 운영업,26,부산광역시,26500,수영구,26500760,광안1동,2650010400,광안동,2650010400100990010,1,대지,99,10,부산광역시 수영구 광안동 99-10,265003131037,부산광역시 수영구 수영로,642,,2650010400100990010006782,,부산광역시 수영구 수영로 642,613801,48269,,1,,129.114498165774,35.1629787424195
MA010120220807121369,제이짐,,R1,예술·스포츠,R103,스포츠 서비스,R10307,헬스장,R91132,체력 단련시설 운영업,26,부산광역시,26290,남구,26290570,용호1동,2629010700,용호동,2629010700101700000,1,대지,170,,부산광역시 남구 용호동 170,262903131025,부산광역시 남구 용호로,64,,2629010700101700000008986,중앙해수월드,부산광역시 남구 용호로 64,608832,48523,,4,,129.110635583852,35.1256031776505
MA010120220806592984,라이프헬스,,R1,예술·스포츠,R103,스포츠 서비스,R10307,헬스장,R91132,체력 단련시설 운영업,26,부산광역시,26710,기장군,26710250,기장읍,2671025021,기장읍,2671025021104340001,1,대지,434,1,부산광역시 기장군 기장읍 동부리 434-1,267103130026,부산광역시 기장군 기장읍 반송로,1650,,2671025021104340001003988,,부산광역시 기장군 기장읍 반송로 1650,619905,46063,,4,,129.21877619869,35.2508198987083
MA010120220808470224,매드맥스짐,,R1,예술·스포츠,R103,스포츠 서비스,R10307,헬스장,R91132,체력 단련시설 운영업,26,부산광역시,26470,연제구,26470680,연산4동,2647010200,연산동,2647010200107390003,1,대지,739,3,부산광역시 연제구 연산동 739-3,264703129045,부산광역시 연제구 월드컵대로,128,,2647010200107390003000001,행복한메디컬센터,부산광역시 연제구 월드컵대로 128,611822,47576,,1,,129.082462780265,35.1856482492163
MA010120220812755584,유플렉스짐,,R1,예술·스포츠,R103,스포츠 서비스,R10307,헬스장,R91132,체력 단련시설 운영업,26,부산광역시,26350,해운대구,26350554,좌4동,2635010700,좌동,2635010700114290001,1,대지,1429,1,부산광역시 해운대구 좌동 1429-1,263503133038,부산광역시 해운대구 좌동로,152,,2635010700114290001020163,신도시시장,부산광역시 해운대구 좌동로 152,612862,48108,,4,,129.181117616912,35.1748636146243
MA010120220807046346,지티로하스,,R1,예술·스포츠,R103,스포츠 서비스,R10307,헬스장,R91132,체력 단련시설 운영업,26,부산광역시,26140,서구,26140540,서대신1동,2614010400,서대신동1가,2614010400100540012,1,대지,54,12,부산광역시 서구 서대신동1가 54-12,261404178046,부산광역시 서구 구덕로285번길,24,1,2614010400100540012004345,,부산광역시 서구 구덕로285번길 24-1,602091,49235,,3,,129.016809390998,35.1091418695274
MA010120220813835885,마이애미짐,남천점,R1,예술·스포츠,R103,스포츠 서비스,R10307,헬스장,R91132,체력 단련시설 운영업,26,부산광역시,26500,수영구,26500660,남천1동,2650010500,남천동,2650010500100690017,1,대지,69,17,부산광역시 수영구 남천동 69-17,265003131037,부산광역시 수영구 수영로,411,,2650010500100690017005805,글로리,부산광역시 수영구 수영로 411,613816,48316,,5,,129.108408070671,35.1430072352382
MA010120220811443736,커브스장산클럽,,R1,예술·스포츠,R103,스포츠 서비스,R10307,헬스장,R91132,체력 단련시설 운영업,26,부산광역시,26350,해운대구,26350552,좌2동,2635010700,좌동,2635010700114850005,1,대지,1485,5,부산광역시 해운대구 좌동 1485-5,263503133010,부산광역시 해운대구 세실로,33,,2635010700114850005000001,,부산광역시 해운대구 세실로 33,612842,48111,,10,,129.178959136322,35.1680087828426
MA010120220810468458,바디업헬스,,R1,예술·스포츠,R103,스포츠 서비스,R10307,헬스장,R91132,체력 단련시설 운영업,26,부산광역시,26110,중구,26110590,영주1동,2611010100,영주동,2611010100100230003,1,대지,23,3,부산광역시 중구 영주동 23-3,261103125009,부산광역시 중구 대영로,235,,2611010100100230003006406,제일빌딩,부산광역시 중구 대영로 235,600811,48911,,10,,129.036399346159,35.1123738819041
MA010120220804871457,더스포현대백화점별관현대피트니스,부산점,R1,예술·스포츠,R103,스포츠 서비스,R10307,헬스장,R91132,체력 단련시설 운영업,26,부산광역시,26170,동구,26170660,범일2동,2617010400,범일동,2617010400100620260,1,대지,62,260,부산광역시 동구 범일동 62-260,261704181204,부산광역시 동구 범일일길,47,,2617010400100620260007565,별관현대휘트니스센터,부산광역시 동구 범일일길 47,601803,48734,,,,129.057960020072,35.1411263172238
MA010120220807433795,더피티,,R1,예술·스포츠,R103,스포츠 서비스,R10307,헬스장,R91132,체력 단련시설 운영업,26,부산광역시,26290,남구,26290580,용호2동,2629010700,용호동,2629010700104950034,1,대지,495,34,부산광역시 남구 용호동 495-34,262904193236,부산광역시 남구 용호로197번길,3,,2629010700104950034010440,,부산광역시 남구 용호로197번길 3,608092,48587,,,,129.111377324766,35.1148214271241
MA010120220811768481,위드피트니스,,R1,예술·스포츠,R103,스포츠 서비스,R10307,헬스장,R91132,체력 단련시설 운영업,26,부산광역시,26500,수영구,26500660,남천1동,2650010500,남천동,2650010500100280024,1,대지,28,24,부산광역시 수영구 남천동 28-24,265003138002,부산광역시 수영구 광남로,35,,2650010500100280024007631,남천동빌딩,부산광역시 수영구 광남로 35,613815,48314,,4,,129.111022885422,35.1461247414497
MA010120220813474525,비해피휘트니스,,R1,예술·스포츠,R103,스포츠 서비스,R10307,헬스장,R91132,체력 단련시설 운영업,26,부산광역시,26500,수영구,26500790,광안4동,2650010400,광안동,2650010400107390007,1,대지,739,7,부산광역시 수영구 광안동 739-7,265003138019,부산광역시 수영구 장대골로,10,,2650010400107390007000002,,부산광역시 수영구 장대골로 10,613809,48254,,1,,129.112312777613,35.1590968737378
MA010120220813829308,인핏퍼스널트레이닝,,R1,예술·스포츠,R103,스포츠 서비스,R10307,헬스장,R91132,체력 단련시설 운영업,26,부산광역시,26320,북구,26320560,덕천2동,2632010400,덕천동,2632010400103480002,1,대지,348,2,부산광역시 북구 덕천동 348-2,263203132004,부산광역시 북구 기찰로,3,,2632010400103480006000001,,부산광역시 북구 기찰로 3,616816,46547,,,,129.005338982218,35.2115161372032
MA010120220800380417,울동네휘트니스,,R1,예술·스포츠,R103,스포츠 서비스,R10307,헬스장,R91132,체력 단련시설 운영업,26,부산광역시,26260,동래구,26260740,안락1동,2626010200,안락동,2626010200109620000,1,대지,962,,부산광역시 동래구 안락동 962,262603130020,부산광역시 동래구 충렬사로,39,,2626010200109450009022497,화목,부산광역시 동래구 충렬사로 39,607770,47753,,4,,129.09690151248,35.2028993574681
MA010120220810480613,하와이피티,,R1,예술·스포츠,R103,스포츠 서비스,R10307,헬스장,R91132,체력 단련시설 운영업,26,부산광역시,26410,금정구,26410590,부곡3동,2641010900,부곡동,2641010900102240071,1,대지,224,71,부산광역시 금정구 부곡동 224-71,264104205391,부산광역시 금정구 중앙대로1719번길,56,,2641010900102240071014279,,부산광역시 금정구 중앙대로1719번길 56,609819,46276,,1,,129.089113969357,35.2378904431811
MA010120220809622194,All바른하선생운동센터,,R1,예술·스포츠,R103,스포츠 서비스,R10307,헬스장,R91132,체력 단련시설 운영업,26,부산광역시,26290,남구,26290550,대연5동,2629010600,대연동,2629010600117410011,1,대지,1741,11,부산광역시 남구 대연동 1741-11,262903131037,부산광역시 남구 수영로,233,,2629010600117410011006912,민석빌딩,부산광역시 남구 수영로 233,608751,48445,,8,,129.092185343215,35.1354214239106
MA010120220810511175,기치유센터,,R1,예술·스포츠,R103,스포츠 서비스,R10307,헬스장,R91132,체력 단련시설 운영업,26,부산광역시,26410,금정구,26410570,부곡1동,2641010900,부곡동,2641010900103240027,1,대지,324,27,부산광역시 금정구 부곡동 324-27,264103006035,부산광역시 금정구 부곡로,96,,2641010900103240027004595,,부산광역시 금정구 부곡로 96,609826,46305,,2,,129.091603257246,35.2244744188411
MA010120220811683537,웰존헬스,,R1,예술·스포츠,R103,스포츠 서비스,R10307,헬스장,R91132,체력 단련시설 운영업,26,부산광역시,26530,사상구,26530600,덕포1동,2653010300,덕포동,2653010300101100000,1,대지,110,,부산광역시 사상구 덕포동 110,265302006008,부산광역시 사상구 백양대로,684,,2653010300101100005031696,,부산광역시 사상구 백양대로 684,617812,46957,,3,,128.988926996049,35.1679900319674
MA010120220806498574,제임스휘트니스,,R1,예술·스포츠,R103,스포츠 서비스,R10307,헬스장,R91132,체력 단련시설 운영업,26,부산광역시,26260,동래구,26260550,온천1동,2626010800,온천동,2626010800101530008,1,대지,153,8,부산광역시 동래구 온천동 153-8,262602000010,부산광역시 동래구 중앙대로,1523,,2626010800101530008012999,SK허브스카이위아아파트,부산광역시 동래구 중앙대로 1523,607787,47710,,2,,129.085580496933,35.2212891817598
MA010120220812187244,드송바른체형운동센터,,R1,예술·스포츠,R103,스포츠 서비스,R10307,헬스장,R91132,체력 단련시설 운영업,26,부산광역시,26290,남구,26290570,용호1동,2629010700,용호동,2629010700109570001,1,대지,957,1,부산광역시 남구 용호동 957-1,262903131015,부산광역시 남구 분포로,115,,2629010700109570001000001,힐탑탑플레이스,부산광역시 남구 분포로 115,608091,48515,,,,129.112725278766,35.1321902475945
MA010120220809904499,포유피트니스,,R1,예술·스포츠,R103,스포츠 서비스,R10307,헬스장,R91132,체력 단련시설 운영업,26,부산광역시,26320,북구,26320541,화명1동,2632010200,화명동,2632010200109580003,1,대지,958,3,부산광역시 북구 화명동 958-3,263203132027,부산광역시 북구 화명신도시로,8,,2632010200109580003008620,거림빌딩,부산광역시 북구 화명신도시로 8,616846,46541,,4,,129.008404046245,35.2249467260608
MA010120220809692291,동네몸짱형,,R1,예술·스포츠,R103,스포츠 서비스,R10307,헬스장,R91132,체력 단련시설 운영업,26,부산광역시,26350,해운대구,26350520,우2동,2635010500,우동,2635010500114980000,1,대지,1498,,부산광역시 해운대구 우동 1498,263503133018,부산광역시 해운대구 센텀동로,9,,2635010500114980000011507,대우트럼프월드센텀,부산광역시 해운대구 센텀동로 9,612874,48059,,1,,129.132455399159,35.169873024475
MA010120220802994124,이룸핏,,R1,예술·스포츠,R103,스포츠 서비스,R10307,헬스장,R91132,체력 단련시설 운영업,26,부산광역시,26410,금정구,26410610,장전2동,2641010800,장전동,2641010800106050001,1,대지,605,1,부산광역시 금정구 장전동 605-1,264103135040,부산광역시 금정구 식물원로,25,,2641010800106050001021393,장전동에스제이타워,부산광역시 금정구 식물원로 25,609392,46300,,3,,129.085305083573,35.2242587078379
MA010120220812293054,비너스짐,,R1,예술·스포츠,R103,스포츠 서비스,R10307,헬스장,R91132,체력 단련시설 운영업,26,부산광역시,26410,금정구,26410610,장전2동,2641010800,장전동,2641010800104140025,1,대지,414,25,부산광역시 금정구 장전동 414-25,264103135026,부산광역시 금정구 부산대학로,31,,2641010800104140025002414,너스짐,부산광역시 금정구 부산대학로 31,609392,46291,,3,,129.087741092606,35.2310383912866
MA010120220810696317,알통클럽피트니스,,R1,예술·스포츠,R103,스포츠 서비스,R10307,헬스장,R91132,체력 단련시설 운영업,26,부산광역시,26440,강서구,26440535,명지1동,2644010400,명지동,2644010400135970002,1,대지,3597,2,부산광역시 강서구 명지동 3597-2,264403350851,부산광역시 강서구 명지국제1로,60,1,2644010400135970002000001,SR빌딩,부산광역시 강서구 명지국제1로 60-1,618200,46726,,10,,128.905435589486,35.0942450662738
MA010120220811599763,DY휘트니스,,R1,예술·스포츠,R103,스포츠 서비스,R10307,헬스장,R91132,체력 단련시설 운영업,26,부산광역시,26410,금정구,26410590,부곡3동,2641010900,부곡동,2641010900102250036,1,대지,225,36,부산광역시 금정구 부곡동 225-36,264103135025,부산광역시 금정구 부곡온천천로,126,,2641010900102250036007015,삼승렉스풀,부산광역시 금정구 부곡온천천로 126,609819,46277,,5,,129.088934498784,35.2373168085068
MA010120220804332517,다올피티,,R1,예술·스포츠,R103,스포츠 서비스,R10307,헬스장,R91132,체력 단련시설 운영업,26,부산광역시,26290,남구,26290530,대연3동,2629010600,대연동,2629010600100550006,1,대지,55,6,부산광역시 남구 대연동 55-6,262903131023,부산광역시 남구 용소로,3,,2629010600100550006000404,청호빌딩,부산광역시 남구 용소로 3,608804,48508,,5,,129.10045195277,35.1369455079011
MA010120220813838534,808피트니스,,R1,예술·스포츠,R103,스포츠 서비스,R10307,헬스장,R91132,체력 단련시설 운영업,26,부산광역시,26140,서구,26140680,암남동,2614012400,암남동,2614012400103340010,1,대지,334,10,부산광역시 서구 암남동 334-10,261402126001,부산광역시 서구 충무대로,24,,2614012400103340010018819,송도혜성주상복합빌딩,부산광역시 서구 충무대로 24,602831,49269,,3,,129.016381811398,35.0775356317547
MA010120220807133006,샬롯짐,,R1,예술·스포츠,R103,스포츠 서비스,R10307,헬스장,R91132,체력 단련시설 운영업,26,부산광역시,26230,부산진구,26230520,부전2동,2623010300,부전동,2623010300105120009,1,대지,512,9,부산광역시 부산진구 부전동 512-9,262303129023,부산광역시 부산진구 부전로,75,5,2623010300105120009004685,일부,부산광역시 부산진구 부전로 75-5,614847,47284,,1,,129.054290472559,35.1566255516928
MA010120220805204292,장돌,,R1,예술·스포츠,R103,스포츠 서비스,R10307,헬스장,R91132,체력 단련시설 운영업,26,부산광역시,26290,남구,26290550,대연5동,2629010600,대연동,2629010600113640002,1,대지,1364,2,부산광역시 남구 대연동 1364-2,262904193141,부산광역시 남구 수영로219번길,29,,2629010600113640002029300,,부산광역시 남구 수영로219번길 29,608808,48439,,2,,129.090315559813,35.1365170706337
MA010120220806270586,갓바디휘트니스,,R1,예술·스포츠,R103,스포츠 서비스,R10307,헬스장,R91132,체력 단련시설 운영업,26,부산광역시,26230,부산진구,26230720,가야2동,2623011000,가야동,2623011000104960003,1,대지,496,3,부산광역시 부산진구 가야동 496-3,262303006020,부산광역시 부산진구 엄광로,123,,2623011000104960003046745,,부산광역시 부산진구 엄광로 123,614802,47382,,3,,129.028674005231,35.1480006163857
MA010120220808217075,사하구피티명가힙터짐,,R1,예술·스포츠,R103,스포츠 서비스,R10307,헬스장,R91132,체력 단련시설 운영업,26,부산광역시,26380,사하구,26380550,당리동,2638010200,당리동,2638010200103250036,1,대지,325,36,부산광역시 사하구 당리동 325-36,263802006002,부산광역시 사하구 낙동대로,403,,2638010200103250036030948,,부산광역시 사하구 낙동대로 403,604830,49411,,3,,128.973886912755,35.1032699735867
MA010120220802863184,윈즈,,R1,예술·스포츠,R103,스포츠 서비스,R10307,헬스장,R91132,체력 단련시설 운영업,26,부산광역시,26110,중구,26110560,부평동,2611012400,부평동2가,2611012400100560004,1,대지,56,4,부산광역시 중구 부평동2가 56-4,261104175175,부산광역시 중구 부평1길,7,,2611012400100560004004453,,부산광역시 중구 부평1길 7,600807,48979,,5,,129.025527238475,35.099813484626
MA010120220803003868,아돌프피트니스,,R1,예술·스포츠,R103,스포츠 서비스,R10307,헬스장,R91139,그 외 기타 스포츠시설 운영업,26,부산광역시,26230,부산진구,26230740,개금1동,2623011100,개금동,2623011100105270189,1,대지,527,189,부산광역시 부산진구 개금동 527-189,262303006020,부산광역시 부산진구 엄광로,35,,2623011100200450018017363,,부산광역시 부산진구 엄광로 35,614814,47321,,1,,129.019949189034,35.1483537040648
MA010120220803530193,점핑다이어트,,R1,예술·스포츠,R103,스포츠 서비스,R10307,헬스장,R91132,체력 단련시설 운영업,26,부산광역시,26350,해운대구,26350552,좌2동,2635010700,좌동,2635010700114380000,1,대지,1438,,부산광역시 해운대구 좌동 1438,263503133039,부산광역시 해운대구 좌동순환로,275,,2635010700114380000001694,대우2차,부산광역시 해운대구 좌동순환로 275,612759,48109,,2,,129.18323723618,35.1724554243901
MA010120220810364057,싸피엔스짐,,R1,예술·스포츠,R103,스포츠 서비스,R10307,헬스장,R91132,체력 단련시설 운영업,26,부산광역시,26230,부산진구,26230560,양정1동,2623010100,양정동,2623010100103530012,1,대지,353,12,부산광역시 부산진구 양정동 353-12,262302000010,부산광역시 부산진구 중앙대로,900,,2623010100103530012000001,영진제우스,부산광역시 부산진구 중앙대로 900,614853,47229,,10,,129.069674289699,35.1704757833766
MA010120220814172694,밀론부티크,중동점,R1,예술·스포츠,R103,스포츠 서비스,R10307,헬스장,R91132,체력 단련시설 운영업,26,부산광역시,26350,해운대구,26350530,중1동,2635010600,중동,2635010600117660001,1,대지,1766,1,부산광역시 해운대구 중동 1766-1,263502006010,부산광역시 해운대구 해운대로,724,,2635010600117660001000001,해운대에스에이치타워,부산광역시 해운대구 해운대로 724,612851,48101,,,,129.16891885938,35.1663957785666
MA010120220810624364,히트짐,,R1,예술·스포츠,R103,스포츠 서비스,R10307,헬스장,R91132,체력 단련시설 운영업,26,부산광역시,26440,강서구,26440545,명지2동,2644010400,명지동,2644010400132400000,1,대지,3240,,부산광역시 강서구 명지동 3240,264403136045,부산광역시 강서구 명지오션시티4로,81,,2644010400132400000000001,세정프라자,부산광역시 강서구 명지오션시티4로 81,618814,46764,,6,,128.903959635251,35.0816965169627
MA010120220805426338,론픽,,R1,예술·스포츠,R103,스포츠 서비스,R10307,헬스장,R91132,체력 단련시설 운영업,26,부산광역시,26350,해운대구,26350650,재송1동,2635010400,재송동,2635010400112080002,1,대지,1208,2,부산광역시 해운대구 재송동 1208-2,263503133020,부산광역시 해운대구 센텀중앙로,97,,2635010400112080002000001,비,부산광역시 해운대구 센텀중앙로 97,612051,48058,,14,,129.124504748223,35.1751583390907
MA010120220808315411,빌드,,R1,예술·스포츠,R103,스포츠 서비스,R10307,헬스장,R91132,체력 단련시설 운영업,26,부산광역시,26350,해운대구,26350530,중1동,2635010600,중동,2635010600101450032,1,대지,145,32,부산광역시 해운대구 중동 145-32,263504199230,부산광역시 해운대구 좌동순환로8번길,54,14,2635010600101450032000001,,부산광역시 해운대구 좌동순환로8번길 54-14,612846,48082,,4,,129.169920139817,35.1689731202746
MA010120220810472526,제네시스,,R1,예술·스포츠,R103,스포츠 서비스,R10307,헬스장,R91132,체력 단련시설 운영업,26,부산광역시,26200,영도구,26200650,동삼1동,2620012100,동삼동,2620012100103640006,1,대지,364,6,부산광역시 영도구 동삼동 364-6,262003128009,부산광역시 영도구 동삼로,12,,2620012100103640006000001,,부산광역시 영도구 동삼로 12,606807,49107,,,,129.0732833295,35.0756566393436
MA010120220804207210,더매력GYM,,R1,예술·스포츠,R103,스포츠 서비스,R10307,헬스장,R91132,체력 단련시설 운영업,26,부산광역시,26410,금정구,26410591,부곡4동,2641010900,부곡동,2641010900103860006,1,대지,386,6,부산광역시 금정구 부곡동 386-6,264103006035,부산광역시 금정구 부곡로,50,,2641010900103860006028800,,부산광역시 금정구 부곡로 50,609824,46307,,2,,129.089107253211,35.2204984168457
MA010120220812580257,커넥션,,R1,예술·스포츠,R103,스포츠 서비스,R10307,헬스장,R91132,체력 단련시설 운영업,26,부산광역시,26290,남구,26290530,대연3동,2629010600,대연동,2629010600100610013,1,대지,61,13,부산광역시 남구 대연동 61-13,262903131023,부산광역시 남구 용소로,24,,2629010600100610002000420,,부산광역시 남구 용소로 24,608805,48498,,1,,129.100559867301,35.1351683571996
MA010120220808191499,위캔,,R1,예술·스포츠,R103,스포츠 서비스,R10307,헬스장,R91132,체력 단련시설 운영업,26,부산광역시,26350,해운대구,26350520,우2동,2635010500,우동,2635010500114760000,1,대지,1476,,부산광역시 해운대구 우동 1476,263503133018,부산광역시 해운대구 센텀동로,45,,2635010500114760000000001,CENT아파트,부산광역시 해운대구 센텀동로 45,612022,48059,,,,129.130457707618,35.1732244097856
MA010120220807796886,헬스웨어,,R1,예술·스포츠,R103,스포츠 서비스,R10307,헬스장,R91132,체력 단련시설 운영업,26,부산광역시,26350,해운대구,26350510,우1동,2635010500,우동,2635010500101480010,1,대지,148,10,부산광역시 해운대구 우동 148-10,263504199132,부산광역시 해운대구 우동1로38번길,31,,2635010500101480010029795,,부산광역시 해운대구 우동1로38번길 31,612818,48087,,,,129.159877992472,35.1664582565574
MA010120220810453994,준드림다이어트,,R1,예술·스포츠,R103,스포츠 서비스,R10307,헬스장,R91132,체력 단련시설 운영업,26,부산광역시,26500,수영구,26500730,수영동,2650010200,수영동,2650010200104440010,1,대지,444,10,부산광역시 수영구 수영동 444-10,265003131037,부산광역시 수영구 수영로,721,,2650010200104440010007920,수영리젠빌,부산광역시 수영구 수영로 721,613830,48227,,,,129.118077602579,35.1685573847682
MA010120220808716160,이뻐짐멋져짐,,R1,예술·스포츠,R103,스포츠 서비스,R10307,헬스장,R91132,체력 단련시설 운영업,26,부산광역시,26440,강서구,26440545,명지2동,2644010400,명지동,2644010400132370011,1,대지,3237,11,부산광역시 강서구 명지동 3237-11,264403136045,부산광역시 강서구 명지오션시티4로,96,,2644010400132370011038469,동인빌딩,부산광역시 강서구 명지오션시티4로 96,618814,46765,,2,,128.903261404861,35.0804277753705
MA010120220806767611,에스짐SGYM,,R1,예술·스포츠,R103,스포츠 서비스,R10307,헬스장,R91132,체력 단련시설 운영업,26,부산광역시,26410,금정구,26410591,부곡4동,2641010900,부곡동,2641010900103970015,1,대지,397,15,부산광역시 금정구 부곡동 397-15,264104205336,부산광역시 금정구 오시게로12번길,23,,2641010900103970015029874,,부산광역시 금정구 오시게로12번길 23,609824,46311,,3,,129.087258879222,35.2186469117572
MA010120220812303086,동천백산주짓수앤피트니스,,R1,예술·스포츠,R103,스포츠 서비스,R10307,헬스장,P85611,태권도 및 무술 교육기관,26,부산광역시,26350,해운대구,26350510,우1동,2635010500,우동,2635010500106750003,1,대지,675,3,부산광역시 해운대구 우동 675-3,263503133030,부산광역시 해운대구 우동1로,6,,2635010500106750003009507,,부산광역시 해운대구 우동1로 6,612821,48087,,3,,129.15591114871,35.162518865955
MA010120220808767772,더제이짐,,R1,예술·스포츠,R103,스포츠 서비스,R10307,헬스장,R91132,체력 단련시설 운영업,26,부산광역시,26320,북구,26320543,화명3동,2632010200,화명동,2632010200122770004,1,대지,2277,4,부산광역시 북구 화명동 2277-4,263202132001,부산광역시 북구 금곡대로,287,,2632010200122770004007901,삼한골든뷰,부산광역시 북구 금곡대로 287,616852,46526,,5,,129.013310715534,35.2341831999158
MA010120220813909372,정선헬스,,R1,예술·스포츠,R103,스포츠 서비스,R10307,헬스장,R91132,체력 단련시설 운영업,26,부산광역시,26350,해운대구,26350650,재송1동,2635010400,재송동,2635010400101510009,1,대지,151,9,부산광역시 해운대구 재송동 151-9,263504199187,부산광역시 해운대구 재반로64번길,28,,2635010400101510009006645,,부산광역시 해운대구 재반로64번길 28,612828,48057,,4,,129.127563719383,35.1851433923
MA010120220810555407,엘에이피티LAPT,,R1,예술·스포츠,R103,스포츠 서비스,R10307,헬스장,S96999,그 외 기타 달리 분류되지 않은 개인 서비스업,26,부산광역시,26500,수영구,26500670,남천2동,2650010500,남천동,2650010500100030056,1,대지,3,56,부산광역시 수영구 남천동 3-56,265004214035,부산광역시 수영구 광남로48번길,5,,2650010500100030056013169,,부산광역시 수영구 광남로48번길 5,613813,48304,,3,,129.112334848841,35.146795756026
MA010120220812280939,제이엘피트니스,,R1,예술·스포츠,R103,스포츠 서비스,R10307,헬스장,R91132,체력 단련시설 운영업,26,부산광역시,26200,영도구,26200530,남항동,2620010500,남항동1가,2620010500100010000,1,대지,1,,부산광역시 영도구 남항동1가 1,262003128003,부산광역시 영도구 남항서로,123,,2620010500100010000019836,정림위더스하임,부산광역시 영도구 남항서로 123,606800,49042,,2,,129.037291015962,35.0913615454261
MA010120220813067309,큐브휘트니스,,R1,예술·스포츠,R103,스포츠 서비스,R10307,헬스장,R91132,체력 단련시설 운영업,26,부산광역시,26500,수영구,26500780,광안3동,2650010400,광안동,2650010400100890013,1,대지,89,13,부산광역시 수영구 광안동 89-13,265003131037,부산광역시 수영구 수영로,668,,2650010400100890013016498,화목오피스텔,부산광역시 수영구 수영로 668,613800,48267,,,,129.115073649831,35.1652846492585
MA010120220804332493,리커버운동센터,,R1,예술·스포츠,R103,스포츠 서비스,R10307,헬스장,R91132,체력 단련시설 운영업,26,부산광역시,26350,해운대구,26350520,우2동,2635010500,우동,2635010500115160000,1,대지,1516,,부산광역시 해운대구 우동 1516,263503133012,부산광역시 해운대구 센텀2로,20,,2635010500115160000000001,센텀타워,부산광역시 해운대구 센텀2로 20,612889,48060,,5,,129.132034282718,35.1671950231113
MA010120220812655796,커브스화명클럽,,R1,예술·스포츠,R103,스포츠 서비스,R10307,헬스장,R91132,체력 단련시설 운영업,26,부산광역시,26320,북구,26320543,화명3동,2632010200,화명동,2632010200122690003,1,대지,2269,3,부산광역시 북구 화명동 2269-3,263204196053,부산광역시 북구 금곡대로303번길,2,,2632010200122690003008632,시티타워,부산광역시 북구 금곡대로303번길 2,616852,46525,,,,129.013478537114,35.2356402878988
MA010120220810635936,PK피트니스&PT,,R1,예술·스포츠,R103,스포츠 서비스,R10307,헬스장,R91132,체력 단련시설 운영업,26,부산광역시,26230,부산진구,26230510,부전1동,2623010300,부전동,2623010300104860027,1,대지,486,27,부산광역시 부산진구 부전동 486-27,262302006015,부산광역시 부산진구 가야대로,785,,2623010300104860027027657,인제메디컬센터,부산광역시 부산진구 가야대로 785,614849,47257,,,,129.057487201994,35.1580762263771
MA010120220810446144,마카라멀티짐,,R1,예술·스포츠,R103,스포츠 서비스,R10307,헬스장,R91132,체력 단련시설 운영업,26,부산광역시,26230,부산진구,26230520,부전2동,2623010300,부전동,2623010300102560006,1,대지,256,6,부산광역시 부산진구 부전동 256-6,262303129025,부산광역시 부산진구 서면로,56,,2623010300102560006009663,,부산광역시 부산진구 서면로 56,614736,47286,,3,,129.058139545286,35.1556590376036
MA010120220804889074,ALL바른체형운동센터,,R1,예술·스포츠,R103,스포츠 서비스,R10307,헬스장,R91132,체력 단련시설 운영업,26,부산광역시,26500,수영구,26500780,광안3동,2650010400,광안동,2650010400100890013,1,대지,89,13,부산광역시 수영구 광안동 89-13,265003131037,부산광역시 수영구 수영로,668,,2650010400100890013016498,화목오피스텔,부산광역시 수영구 수영로 668,613800,48267,,,,129.115073649831,35.1652846492585
MA010120220803218010,부산부산진지역자활센터당감행복마루헬스장,,R1,예술·스포츠,R103,스포츠 서비스,R10307,헬스장,R91132,체력 단련시설 운영업,26,부산광역시,26230,부산진구,26230670,당감1동,2623010900,당감동,2623010900102520104,1,대지,252,104,부산광역시 부산진구 당감동 252-104,262304187130,부산광역시 부산진구 당감로10번길,3,,2623010900102520104031601,,부산광역시 부산진구 당감로10번길 3,614817,47189,,,,129.040025535066,35.1627693165195
MA010120220813448971,내셔널팀휘트니스,,R1,예술·스포츠,R103,스포츠 서비스,R10307,헬스장,R91132,체력 단련시설 운영업,26,부산광역시,26500,수영구,26500730,수영동,2650010200,수영동,2650010200104440002,1,대지,444,2,부산광역시 수영구 수영동 444-2,265004214299,부산광역시 수영구 수영로705번길,14,,2650010200104440002014092,,부산광역시 수영구 수영로705번길 14,613830,48227,,4,,129.116811922209,35.1684173109106
MA010120220802588890,에이치피트니스,,R1,예술·스포츠,R103,스포츠 서비스,R10307,헬스장,R91132,체력 단련시설 운영업,26,부산광역시,26350,해운대구,26350554,좌4동,2635010700,좌동,2635010700114330003,1,대지,1433,3,부산광역시 해운대구 좌동 1433-3,263503133039,부산광역시 해운대구 좌동순환로,245,,2635010700114330003003808,,부산광역시 해운대구 좌동순환로 245,612862,48108,,4,,129.180985296939,35.1740189303392
MA010120220810824674,더앤씨,,R1,예술·스포츠,R103,스포츠 서비스,R10307,헬스장,R91132,체력 단련시설 운영업,26,부산광역시,26260,동래구,26260570,온천3동,2626010800,온천동,2626010800114130006,1,대지,1413,6,부산광역시 동래구 온천동 1413-6,262604190332,부산광역시 동래구 아시아드대로228번길,14,,2626010800114130006009724,온천동,부산광역시 동래구 아시아드대로228번길 14,607842,47837,,2,,129.067780856026,35.2035986114424
MA010120220804470928,감성키즈피트니스,,R1,예술·스포츠,R103,스포츠 서비스,R10307,헬스장,P85699,그 외 기타 분류 안된 교육기관,26,부산광역시,26710,기장군,26710256,정관읍,2671025622,정관읍,2671025622107150006,1,대지,715,6,부산광역시 기장군 정관읍 매학리 715-6,267103140045,부산광역시 기장군 정관읍 정관7로,33,8,2671025622107150006000001,,부산광역시 기장군 정관읍 정관7로 33-8,619963,46015,,5,,129.178135283984,35.3223507276298
MA010120220812461667,오팀퍼스널트레이닝센터,,R1,예술·스포츠,R103,스포츠 서비스,R10307,헬스장,R91132,체력 단련시설 운영업,26,부산광역시,26110,중구,26110570,광복동,2611013400,광복동2가,2611013400100060005,1,대지,6,5,부산광역시 중구 광복동2가 6-5,261103125002,부산광역시 중구 광복중앙로,2,,2611013400100060005007713,에이비씨마트,부산광역시 중구 광복중앙로 2,600032,48952,,4,,129.03146282684,35.0995068669766
MA010120220814245857,제로짐,,R1,예술·스포츠,R103,스포츠 서비스,R10307,헬스장,S96129,체형 등 기타 신체 관리 서비스업,26,부산광역시,26470,연제구,26470690,연산5동,2647010200,연산동,2647010200113640008,1,대지,1364,8,부산광역시 연제구 연산동 1364-8,264702000010,부산광역시 연제구 중앙대로,1033,,2647010200113640008000001,,부산광역시 연제구 중앙대로 1033,611830,47542,,11,,129.07715061582,35.1809273397524
MA010120220810973913,메이커바디,,R1,예술·스포츠,R103,스포츠 서비스,R10307,헬스장,R91132,체력 단련시설 운영업,26,부산광역시,26290,남구,26290530,대연3동,2629010600,대연동,2629010600100730029,1,대지,73,29,부산광역시 남구 대연동 73-29,262903131037,부산광역시 남구 수영로,313,,2629010600100730029000356,,부산광역시 남구 수영로 313,608805,48434,,1,,129.100097185496,35.1376545614542
MA010120220810634699,아시아나휘트니스,,R1,예술·스포츠,R103,스포츠 서비스,R10307,헬스장,R91132,체력 단련시설 운영업,26,부산광역시,26230,부산진구,26230700,당감4동,2623010900,당감동,2623010900107380003,1,대지,738,3,부산광역시 부산진구 당감동 738-3,262303129007,부산광역시 부산진구 당감서로,84,,2623010900107390004000001,아시아나타운,부산광역시 부산진구 당감서로 84,614821,47142,,,,129.037131940506,35.1677474027233
MA010120220812510827,크로스핏빡짐,,R1,예술·스포츠,R103,스포츠 서비스,R10307,헬스장,R91132,체력 단련시설 운영업,26,부산광역시,26530,사상구,26530620,괘법동,2653010400,괘법동,2653010400105160003,1,대지,516,3,부산광역시 사상구 괘법동 516-3,265303139018,부산광역시 사상구 운산로,22,,2653010400105160003009702,괘법한신2차,부산광역시 사상구 운산로 22,617760,46961,,1,,128.979250508854,35.1690227194633
MA010120220812319019,비포엑스휘트니스,,R1,예술·스포츠,R103,스포츠 서비스,R10307,헬스장,R91132,체력 단련시설 운영업,26,부산광역시,26710,기장군,26710256,정관읍,2671025627,정관읍,2671025627107380007,1,대지,738,7,부산광역시 기장군 정관읍 모전리 738-7,267103140047,부산광역시 기장군 정관읍 정관로,393,,2671032027107380007000001,롯데프라자,부산광역시 기장군 정관읍 정관로 393,619962,46008,,5,,129.165898199052,35.3343122401571
MA010120220810534290,손학희빌딩,,R1,예술·스포츠,R103,스포츠 서비스,R10307,헬스장,R91132,체력 단련시설 운영업,26,부산광역시,26380,사하구,26380540,괴정4동,2638010100,괴정동,2638010100105530009,1,대지,553,9,부산광역시 사하구 괴정동 553-9,263803134024,부산광역시 사하구 장평로,441,,2638010100105530009022083,,부산광역시 사하구 장평로 441,604813,49402,,,,128.986117540056,35.0975458963885
MA010120220811401383,대림레포츠,,R1,예술·스포츠,R103,스포츠 서비스,R10307,헬스장,R91132,체력 단련시설 운영업,26,부산광역시,26350,해운대구,26350570,반여1동,2635010300,반여동,2635010300111990017,1,대지,1199,17,부산광역시 해운대구 반여동 1199-17,263503133009,부산광역시 해운대구 선수촌로,65,33,2635010300111990017028663,,부산광역시 해운대구 선수촌로 65-33,612811,48038,,,,129.117099216248,35.1997992601086
MA010120220814345950,더스포,,R1,예술·스포츠,R103,스포츠 서비스,R10307,헬스장,R91132,체력 단련시설 운영업,26,부산광역시,26350,해운대구,26350520,우2동,2635010500,우동,2635010500114990000,1,대지,1499,,부산광역시 해운대구 우동 1499,263503133018,부산광역시 해운대구 센텀동로,6,,2635010500114490000023277,홈플러스센텀점핏플러스,부산광역시 해운대구 센텀동로 6,612022,48059,,3,,129.133689814354,35.1709146307276
MA010120220811608936,남산레포츠,,R1,예술·스포츠,R103,스포츠 서비스,R10307,헬스장,R91132,체력 단련시설 운영업,26,부산광역시,26410,금정구,26410670,남산동,2641010400,남산동,2641010400100910012,1,대지,91,12,부산광역시 금정구 남산동 91-12,264102000010,부산광역시 금정구 중앙대로,2049,,2641010400100910012021636,,부산광역시 금정구 중앙대로 2049,609811,46219,,4,,129.092472130176,35.267263758916
MA010120220810532833,케이앤퍼스널트레이닝,,R1,예술·스포츠,R103,스포츠 서비스,R10307,헬스장,R91132,체력 단련시설 운영업,26,부산광역시,26140,서구,26140590,부민동,2614011000,부민동2가,2614011000100100008,1,대지,10,8,부산광역시 서구 부민동2가 10-8,261403006005,부산광역시 서구 구덕로,207,1,2614011000100100008007872,,부산광역시 서구 구덕로 207-1,602072,49236,,2,,129.019732262319,35.1031544355609
MA010120220803322011,오케이피트니스,대신점,R1,예술·스포츠,R103,스포츠 서비스,R10307,헬스장,R91132,체력 단련시설 운영업,26,부산광역시,26140,서구,26140540,서대신1동,2614010500,서대신동2가,2614010500100030001,1,대지,3,1,부산광역시 서구 서대신동2가 3-1,261403006005,부산광역시 서구 구덕로,317,1,2614010500100030001004522,,부산광역시 서구 구덕로 317-1,602819,49227,,4,,129.016458011021,35.1122387525994
MA010120220812939497,트렌드핏,연산점,R1,예술·스포츠,R103,스포츠 서비스,R10307,헬스장,R91132,체력 단련시설 운영업,26,부산광역시,26470,연제구,26470730,연산9동,2647010200,연산동,2647010200104800001,1,대지,480,1,부산광역시 연제구 연산동 480-1,264703006054,부산광역시 연제구 과정로,144,,2647010200104800005022093,미소메디칼,부산광역시 연제구 과정로 144,611812,47570,,8,,129.107442125934,35.1842337340371
MA010120220804962807,크로스핏아슬란,,R1,예술·스포츠,R103,스포츠 서비스,R10307,헬스장,R91132,체력 단련시설 운영업,26,부산광역시,26110,중구,26110530,대청동,2611011700,대청동2가,2611011700100250002,1,대지,25,2,부산광역시 중구 대청동2가 25-2,261103125002,부산광역시 중구 광복중앙로,34,,2611011700100250002005842,,부산광역시 중구 광복중앙로 34,600092,48949,,1,,129.031140215809,35.1024140577715
MA010120220808068899,오케이피트니스,영도점,R1,예술·스포츠,R103,스포츠 서비스,R10307,헬스장,R91139,그 외 기타 스포츠시설 운영업,26,부산광역시,26200,영도구,26200650,동삼1동,2620012100,동삼동,2620012100105100016,1,대지,510,16,부산광역시 영도구 동삼동 510-16,262003128016,부산광역시 영도구 와치로,252,,2620012100105100016019472,선프라자,부산광역시 영도구 와치로 252,606809,49115,,1,,129.069000450317,35.0753513189563
MA010120220805218940,감성피티,,R1,예술·스포츠,R103,스포츠 서비스,R10307,헬스장,S96129,체형 등 기타 신체 관리 서비스업,26,부산광역시,26290,남구,26290550,대연5동,2629010600,대연동,2629010600114620004,1,대지,1462,4,부산광역시 남구 대연동 1462-4,262903129046,부산광역시 남구 진남로,59,,2629010600114020004005295,,부산광역시 남구 진남로 59,608808,48438,,2,,129.088673319848,35.1379331832325
MA010120220804429677,코어핏,,R1,예술·스포츠,R103,스포츠 서비스,R10307,헬스장,R91132,체력 단련시설 운영업,26,부산광역시,26440,강서구,26440545,명지2동,2644010400,명지동,2644010400132390007,1,대지,3239,7,부산광역시 강서구 명지동 3239-7,264403136045,부산광역시 강서구 명지오션시티4로,75,,2644010400132390007000001,서진프라자,부산광역시 강서구 명지오션시티4로 75,618814,46764,,6,,128.903928780436,35.0822557461758
MA010120220800369726,서면헬스바이미라클짐,,R1,예술·스포츠,R103,스포츠 서비스,R10307,헬스장,R91132,체력 단련시설 운영업,26,부산광역시,26230,부산진구,26230520,부전2동,2623010300,부전동,2623010300105200031,1,대지,520,31,부산광역시 부산진구 부전동 520-31,262304187688,부산광역시 부산진구 중앙대로691번길,44,,2623010300105200031013502,,부산광역시 부산진구 중앙대로691번길 44,614847,47287,,1,,129.056654486818,35.1546389166407
MA010120220804663605,엠씨피트니스,연산점,R1,예술·스포츠,R103,스포츠 서비스,R10307,헬스장,R91132,체력 단련시설 운영업,26,부산광역시,26470,연제구,26470730,연산9동,2647010200,연산동,2647010200104780008,1,대지,478,8,부산광역시 연제구 연산동 478-8,264703006054,부산광역시 연제구 과정로,152,,2647010200104780016014172,,부산광역시 연제구 과정로 152,611812,47569,,3,,129.107452789887,35.1850716173925
MA010120220803415189,퍼센트스튜디오,,R1,예술·스포츠,R103,스포츠 서비스,R10307,헬스장,R91132,체력 단련시설 운영업,26,부산광역시,26260,동래구,26260545,명륜동,2626010700,명륜동,2626010700106720002,1,대지,672,2,부산광역시 동래구 명륜동 672-2,262604190095,부산광역시 동래구 동래로79번길,42,,2626010700106720002014616,,부산광역시 동래구 동래로79번길 42,607806,47743,,3,,129.081636977031,35.2100656684672
MA010120220808523664,럭키랜드휘트니스클럽,,R1,예술·스포츠,R103,스포츠 서비스,R10307,헬스장,R91132,체력 단련시설 운영업,26,부산광역시,26470,연제구,26470730,연산9동,2647010200,연산동,2647010200100190000,1,대지,19,,부산광역시 연제구 연산동 19,264703137025,부산광역시 연제구 토곡로,39,,2647010200100190000015814,,부산광역시 연제구 토곡로 39,611810,47587,,4,,129.103446973908,35.1816898785523
MA010120220812011924,시소짐,,R1,예술·스포츠,R103,스포츠 서비스,R10307,헬스장,R91132,체력 단련시설 운영업,26,부산광역시,26350,해운대구,26350510,우1동,2635010500,우동,2635010500105140002,1,대지,514,2,부산광역시 해운대구 우동 514-2,263504199129,부산광역시 해운대구 우동1로20번길,27,10,2635010500105140002007122,,부산광역시 해운대구 우동1로20번길 27-10,612820,48087,,3,,129.157911084583,35.1647000527546
MA010120220810640574,황민헬스클럽,,R1,예술·스포츠,R103,스포츠 서비스,R10307,헬스장,R91132,체력 단련시설 운영업,26,부산광역시,26260,동래구,26260580,사직1동,2626010900,사직동,2626010900100560013,1,대지,56,13,부산광역시 동래구 사직동 56-13,262602006012,부산광역시 동래구 아시아드대로,179,,2626010900100560013008645,,부산광역시 동래구 아시아드대로 179,607814,47852,,8,,129.064371198977,35.2007550930846
MA010120220807825047,정민에어로빅,,R1,예술·스포츠,R103,스포츠 서비스,R10307,헬스장,R91132,체력 단련시설 운영업,26,부산광역시,26140,서구,26140520,동대신2동,2614010200,동대신동2가,2614010200104220004,1,대지,422,4,부산광역시 서구 동대신동2가 422-4,261404178049,부산광역시 서구 구덕로296번길,16,,2614010200104220004002704,삼익탕,부산광역시 서구 구덕로296번길 16,602811,49217,,1,,129.018612063775,35.1106438538179
MA010120220810635534,코미짐,,R1,예술·스포츠,R103,스포츠 서비스,R10307,헬스장,R91132,체력 단련시설 운영업,26,부산광역시,26230,부산진구,26230520,부전2동,2623010300,부전동,2623010300105130007,1,대지,513,7,부산광역시 부산진구 부전동 513-7,262303129023,부산광역시 부산진구 부전로,61,,2623010300105130007022325,부전동,부산광역시 부산진구 부전로 61,614847,47284,,,,129.054678488578,35.1554744918324
MA010120220811583387,싸이클파크,,R1,예술·스포츠,R103,스포츠 서비스,R10307,헬스장,R91132,체력 단련시설 운영업,26,부산광역시,26410,금정구,26410670,남산동,2641010400,남산동,2641010400109700005,1,대지,970,5,부산광역시 금정구 남산동 970-5,264103006032,부산광역시 금정구 금샘로,549,,2641010400109700005011853,,부산광역시 금정구 금샘로 549,609815,46234,,,,129.084909060706,35.2714134732281
MA010120220810797633,레피드스튜디오GYM,,R1,예술·스포츠,R103,스포츠 서비스,R10307,헬스장,R91132,체력 단련시설 운영업,26,부산광역시,26470,연제구,26470690,연산5동,2647010200,연산동,2647010200113680004,1,대지,1368,4,부산광역시 연제구 연산동 1368-4,264703137016,부산광역시 연제구 시청로,20,,2647010200113680004008163,이레빌딩,부산광역시 연제구 시청로 20,611830,47542,,6,,129.075107683262,35.1813048117536
MA010120220806781665,별도시에서명상을하다,,R1,예술·스포츠,R103,스포츠 서비스,R10307,헬스장,R91132,체력 단련시설 운영업,26,부산광역시,26320,북구,26320571,만덕1동,2632010300,만덕동,2632010300108230024,1,대지,823,24,부산광역시 북구 만덕동 823-24,263203132011,부산광역시 북구 상학로,2,,2632010300108230024005965,,부산광역시 북구 상학로 2,616830,46557,,5,,129.036815161767,35.2139733431013
MA010120220805233279,닥터핏24,,R1,예술·스포츠,R103,스포츠 서비스,R10307,헬스장,R91132,체력 단련시설 운영업,26,부산광역시,26410,금정구,26410680,구서1동,2641010700,구서동,2641010700100850009,1,대지,85,9,부산광역시 금정구 구서동 85-9,264102000010,부산광역시 금정구 중앙대로,1829,,2641010700100850009034638,,부산광역시 금정구 중앙대로 1829,609854,46273,,12,,129.091957456942,35.2476728009425
MA010120220812129044,Gymof영웅,,R1,예술·스포츠,R103,스포츠 서비스,R10307,헬스장,R91132,체력 단련시설 운영업,26,부산광역시,26290,남구,26290570,용호1동,2629010700,용호동,2629010700103700005,1,대지,370,5,부산광역시 남구 용호동 370-5,262903131025,부산광역시 남구 용호로,132,,2629010700103700005009279,용성빌딩,부산광역시 남구 용호로 132,608833,48528,,2,,129.111867142927,35.1206253548892
MA010120220810642400,FitGym김태호PTStudio,,R1,예술·스포츠,R103,스포츠 서비스,R10307,헬스장,R91132,체력 단련시설 운영업,26,부산광역시,26230,부산진구,26230560,양정1동,2623010100,양정동,2623010100103690001,1,대지,369,1,부산광역시 부산진구 양정동 369-1,262302000010,부산광역시 부산진구 중앙대로,923,1,2623010100103690001033854,,부산광역시 부산진구 중앙대로 923-1,614853,47213,,,,129.070543408175,35.1727228320863
MA010120220802985893,제이앤앤,,R1,예술·스포츠,R103,스포츠 서비스,R10307,헬스장,R91132,체력 단련시설 운영업,26,부산광역시,26260,동래구,26260570,온천3동,2626010800,온천동,2626010800114130006,1,대지,1413,6,부산광역시 동래구 온천동 1413-6,262604190332,부산광역시 동래구 아시아드대로228번길,14,,2626010800114130006009724,,부산광역시 동래구 아시아드대로228번길 14,607842,47837,,,,129.067780856026,35.2035986114424
MA010120220808440354,갱클,,R1,예술·스포츠,R103,스포츠 서비스,R10307,헬스장,R91132,체력 단련시설 운영업,26,부산광역시,26350,해운대구,26350552,좌2동,2635010700,좌동,2635010700114730002,1,대지,1473,2,부산광역시 해운대구 좌동 1473-2,263502006010,부산광역시 해운대구 해운대로,794,,2635010700114730002000001,엘리움,부산광역시 해운대구 해운대로 794,612842,48104,,2,,129.17574276493,35.1687965420148
MA010120220809704584,오늘도GYM,,R1,예술·스포츠,R103,스포츠 서비스,R10307,헬스장,R91132,체력 단련시설 운영업,26,부산광역시,26230,부산진구,26230740,개금1동,2623011100,개금동,2623011100101710121,1,대지,171,121,부산광역시 부산진구 개금동 171-121,262302006015,부산광역시 부산진구 가야대로,480,1,2623011100101710121010249,헬스장,부산광역시 부산진구 가야대로 480-1,614813,47323,,4,,129.024570364162,35.1528635025664
MA010120220808490147,포레스트핏,,R1,예술·스포츠,R103,스포츠 서비스,R10307,헬스장,R91132,체력 단련시설 운영업,26,부산광역시,26410,금정구,26410610,장전2동,2641010800,장전동,2641010800102930006,1,대지,293,6,부산광역시 금정구 장전동 293-6,264104205358,부산광역시 금정구 장전로12번길,45,,2641010800102930006007818,,부산광역시 금정구 장전로12번길 45,609392,46291,,1,,129.088094381435,35.2298247574351
MA010120220807171449,론플레이스,,R1,예술·스포츠,R103,스포츠 서비스,R10307,헬스장,R91132,체력 단련시설 운영업,26,부산광역시,26440,강서구,26440535,명지1동,2644010400,명지동,2644010400134200002,1,대지,3420,2,부산광역시 강서구 명지동 3420-2,264403350868,부산광역시 강서구 명지국제8로,254,,2644010400134200002000001,시온프라자,부산광역시 강서구 명지국제8로 254,618200,46772,,5,,128.920547958506,35.0976383731152
MA010120220808618081,맑은샘휘트니스,,R1,예술·스포츠,R103,스포츠 서비스,R10307,헬스장,R91132,체력 단련시설 운영업,26,부산광역시,26350,해운대구,26350620,반송2동,2635010100,반송동,2635010100108790000,1,대지,879,,부산광역시 해운대구 반송동 879,263503133027,부산광역시 해운대구 신반송로,149,,2635010100108790000000001,,부산광역시 해운대구 신반송로 149,612808,48012,,,,129.162442356089,35.2292577723086
MA010120220810635833,락오디세이,,R1,예술·스포츠,R103,스포츠 서비스,R10307,헬스장,R91132,체력 단련시설 운영업,26,부산광역시,26230,부산진구,26230710,가야1동,2623011000,가야동,2623011000100600026,1,대지,60,26,부산광역시 부산진구 가야동 60-26,262304187037,부산광역시 부산진구 가야대로563번길,31,,2623011000100600026034213,,부산광역시 부산진구 가야대로563번길 31,614875,47271,,,,129.033036100476,35.1557496153217
MA010120220813256089,에스오클라이밍짐,,R1,예술·스포츠,R103,스포츠 서비스,R10307,헬스장,R91132,체력 단련시설 운영업,26,부산광역시,26320,북구,26320543,화명3동,2632010200,화명동,2632010200122710002,1,대지,2271,2,부산광역시 북구 화명동 2271-2,263204196053,부산광역시 북구 금곡대로303번길,61,,2632010200122710002006411,화명새론타워,부산광역시 북구 금곡대로303번길 61,616852,46524,,2,,129.010282279068,35.2356393665143
MA010120220811582428,금정남여체력관,,R1,예술·스포츠,R103,스포츠 서비스,R10307,헬스장,R91132,체력 단련시설 운영업,26,부산광역시,26410,금정구,26410680,구서1동,2641010700,구서동,2641010700100860041,1,대지,86,41,부산광역시 금정구 구서동 86-41,264103135006,부산광역시 금정구 구서로,6,,2641010700100860041005754,새마을금고,부산광역시 금정구 구서로 6,609854,46243,,3,,129.090552440487,35.2468590255635
MA010120220810734549,THEGYM,,R1,예술·스포츠,R103,스포츠 서비스,R10307,헬스장,R91132,체력 단련시설 운영업,26,부산광역시,26530,사상구,26530580,삼락동,2653010100,삼락동,2653010100104180031,1,대지,418,31,부산광역시 사상구 삼락동 418-31,265303139018,부산광역시 사상구 운산로,31,,2653010100104180031004602,,부산광역시 사상구 운산로 31,617827,46915,,5,,128.980298857616,35.1688073210567
MA010120220810669028,에이원토탈휘트니스,,R1,예술·스포츠,R103,스포츠 서비스,R10307,헬스장,R91132,체력 단련시설 운영업,26,부산광역시,26230,부산진구,26230770,범천1동,2623010400,범천동,2623010400108770002,1,대지,877,2,부산광역시 부산진구 범천동 877-2,262303127051,부산광역시 부산진구 범일로,181,,2623010400108770002013526,사학연금회관빌딩,부산광역시 부산진구 범일로 181,614718,47358,,1,,129.058856087254,35.1462116793225
MA010120220811821700,수퍼짐,,R1,예술·스포츠,R103,스포츠 서비스,R10307,헬스장,R91132,체력 단련시설 운영업,26,부산광역시,26530,사상구,26530650,주례1동,2653010600,주례동,2653010600108860001,1,대지,886,1,부산광역시 사상구 주례동 886-1,265302006008,부산광역시 사상구 백양대로,493,,2653010600108860001026832,양지아카데미텔,부산광역시 사상구 백양대로 493,617837,46995,,,,128.997965033604,35.1534314832469
MA010120220810476794,뉴타운헬스,,R1,예술·스포츠,R103,스포츠 서비스,R10307,헬스장,R91132,체력 단련시설 운영업,26,부산광역시,26200,영도구,26200530,남항동,2620010600,남항동2가,2620010600100520000,1,대지,52,,부산광역시 영도구 남항동2가 52,262003128020,부산광역시 영도구 절영로,58,,2620010600100520000015809,영도메디칼타운,부산광역시 영도구 절영로 58,606802,49046,,,,129.038191359079,35.0892106237648
MA010120220808486377,스튜디오더베이스,,R1,예술·스포츠,R103,스포츠 서비스,R10307,헬스장,R91132,체력 단련시설 운영업,26,부산광역시,26350,해운대구,26350650,재송1동,2635010400,재송동,2635010400112200000,1,대지,1220,,부산광역시 해운대구 재송동 1220,263503133018,부산광역시 해운대구 센텀동로,102,,2635010400112200000011518,센텀필,부산광역시 해운대구 센텀동로 102,612051,48059,,,,129.126495457312,35.1765832498332
MA010120220813861996,드송컴퍼니,,R1,예술·스포츠,R103,스포츠 서비스,R10307,헬스장,R91132,체력 단련시설 운영업,26,부산광역시,26290,남구,26290570,용호1동,2629010700,용호동,2629010700109570001,1,대지,957,1,부산광역시 남구 용호동 957-1,262903131015,부산광역시 남구 분포로,115,,2629010700109570001000001,힐탑탑플레이스,부산광역시 남구 분포로 115,608091,48515,,,,129.112725278766,35.1321902475945
MA010120220805014904,우신프라자헬스,,R1,예술·스포츠,R103,스포츠 서비스,R10307,헬스장,R91132,체력 단련시설 운영업,26,부산광역시,26530,사상구,26530591,모라1동,2653010200,모라동,2653010200113620000,1,대지,1362,,부산광역시 사상구 모라동 1362,265302006008,부산광역시 사상구 백양대로,880,,2653010200113620000001366,우신모라아파트,부산광역시 사상구 백양대로 880,617755,46931,,5,,128.991282396829,35.183118060012
MA010120220810695641,아바헬스,,R1,예술·스포츠,R103,스포츠 서비스,R10307,헬스장,R91132,체력 단련시설 운영업,26,부산광역시,26320,북구,26320521,구포3동,2632010500,구포동,2632010500112130008,1,대지,1213,8,부산광역시 북구 구포동 1213-8,263203132012,부산광역시 북구 시랑로,39,,2632010500112130008002186,,부산광역시 북구 시랑로 39,616805,46618,,,,129.004824787458,35.2022156095538
MA010120220806908429,진리트레이너엔터테인먼트,,R1,예술·스포츠,R103,스포츠 서비스,R10307,헬스장,R91132,체력 단련시설 운영업,26,부산광역시,26230,부산진구,26230570,양정2동,2623010100,양정동,2623010100102630004,1,대지,263,4,부산광역시 부산진구 양정동 263-4,262304187703,부산광역시 부산진구 중앙대로969번길,16,,2623010100102630009020363,제,부산광역시 부산진구 중앙대로969번길 16,614854,47209,,1,,129.072888147896,35.1764585634312
MA010120220810476103,클럽스파이더클라이밍,,R1,예술·스포츠,R103,스포츠 서비스,R10307,헬스장,R91132,체력 단련시설 운영업,26,부산광역시,26110,중구,26110590,영주1동,2611010100,영주동,2611010100105650002,1,대지,565,2,부산광역시 중구 영주동 565-2,261103125009,부산광역시 중구 대영로,224,,2611010100105650002004595,,부산광역시 중구 대영로 224,600811,48922,,,,129.0352670651,35.1118251662881
MA010120220805311659,다짐,,R1,예술·스포츠,R103,스포츠 서비스,R10307,헬스장,R91132,체력 단련시설 운영업,26,부산광역시,26440,강서구,26440560,녹산동,2644011400,지사동,2644011400111980005,1,대지,1198,5,부산광역시 강서구 지사동 1198-5,264404208122,부산광역시 강서구 과학산단로334번길,7,,2644011400111980005000002,유진프라자,부산광역시 강서구 과학산단로334번길 7,618210,46743,,,,128.832637888616,35.149494159048
MA010120220805296439,마이피티,,R1,예술·스포츠,R103,스포츠 서비스,R10307,헬스장,S96129,체형 등 기타 신체 관리 서비스업,26,부산광역시,26290,남구,26290530,대연3동,2629010600,대연동,2629010600104580005,1,대지,458,5,부산광역시 남구 대연동 458-5,262904193205,부산광역시 남구 용소로21번길,62,,2629010600104580005001011,,부산광역시 남구 용소로21번길 62,608805,48510,,3,,129.104001576013,35.1359106570726
MA010120220803108814,에이치코어운동센터,,R1,예술·스포츠,R103,스포츠 서비스,R10307,헬스장,R91132,체력 단련시설 운영업,26,부산광역시,26410,금정구,26410690,구서2동,2641010700,구서동,2641010700102030018,1,대지,203,18,부산광역시 금정구 구서동 203-18,264103130022,부산광역시 금정구 금강로,514,,2641010700102030018000001,,부산광역시 금정구 금강로 514,609804,46230,,3,,129.087908110455,35.2534019484611
MA010120220810532480,레드핏퍼스널트레이닝,,R1,예술·스포츠,R103,스포츠 서비스,R10307,헬스장,R91132,체력 단련시설 운영업,26,부산광역시,26380,사하구,26380550,당리동,2638010200,당리동,2638010200103250010,1,대지,325,10,부산광역시 사하구 당리동 325-10,263802006002,부산광역시 사하구 낙동대로,393,,2638010200103250010018355,,부산광역시 사하구 낙동대로 393,604830,49411,,,,128.974973072676,35.102837732824
MA010120220805441064,오케이피트니스,,R1,예술·스포츠,R103,스포츠 서비스,R10307,헬스장,R91139,그 외 기타 스포츠시설 운영업,26,부산광역시,26230,부산진구,26230780,범천2동,2623010400,범천동,2623010400112980208,1,대지,1298,208,부산광역시 부산진구 범천동 1298-208,262303129031,부산광역시 부산진구 신암로,9,,2623010400112980117041427,일부,부산광역시 부산진구 신암로 9,614833,47369,,3,,129.055700639071,35.1428949190142
MA010120220805519428,와이트레이닝센터,,R1,예술·스포츠,R103,스포츠 서비스,R10307,헬스장,R91132,체력 단련시설 운영업,26,부산광역시,26500,수영구,26500660,남천1동,2650010500,남천동,2650010500102960004,1,대지,296,4,부산광역시 수영구 남천동 296-4,265002006014,부산광역시 수영구 황령대로,491,,2650010500102960004011012,남천프라자,부산광역시 수영구 황령대로 491,613816,48313,,6,,129.107752494776,35.1384317657657
MA010120220806312426,헬스보이짐,롯데광복점,R1,예술·스포츠,R103,스포츠 서비스,R10307,헬스장,R91132,체력 단련시설 운영업,26,부산광역시,26110,중구,26110510,중앙동,2611011000,중앙동7가,2611011000100200001,1,대지,20,1,부산광역시 중구 중앙동7가 20-1,261102000010,부산광역시 중구 중앙대로,2,,2611011000100200001000001,롯데백화점,부산광역시 중구 중앙대로 2,600017,48944,,7,,129.036707345866,35.0983104003377
MA010120220810388646,다짐핏헬스,,R1,예술·스포츠,R103,스포츠 서비스,R10307,헬스장,R91132,체력 단련시설 운영업,26,부산광역시,26230,부산진구,26230660,부암3동,2623010800,부암동,2623010800107220001,1,대지,722,1,부산광역시 부산진구 부암동 722-1,262304187312,부산광역시 부산진구 백양산로54번길,9,,2623010800200880022034466,다선빌딩,부산광역시 부산진구 백양산로54번길 9,614093,47148,,2,,129.031332649793,35.1741710101934
MA010120220814393306,커브스국제클럽,명지,R1,예술·스포츠,R103,스포츠 서비스,R10307,헬스장,R91132,체력 단련시설 운영업,26,부산광역시,26440,강서구,26440535,명지1동,2644010400,명지동,2644010400133570006,1,대지,3357,6,부산광역시 강서구 명지동 3357-6,264403350868,부산광역시 강서구 명지국제8로,243,,2644010400133570006000001,미주프라자,부산광역시 강서구 명지국제8로 243,618200,46773,,3,,128.919525021906,35.0984386186012
MA010120220808344874,펀점핑다이어트,,R1,예술·스포츠,R103,스포츠 서비스,R10307,헬스장,R91132,체력 단련시설 운영업,26,부산광역시,26440,강서구,26440535,명지1동,2644010400,명지동,2644010400133310013,1,대지,3331,13,부산광역시 강서구 명지동 3331-13,264403350872,부산광역시 강서구 명지국제11로,45,,2644010400133310013000001,MJ프라자,부산광역시 강서구 명지국제11로 45,618200,46773,,3,,128.923540629901,35.1046022116994
MA010120220810522651,지존스포츠헬스클럽,,R1,예술·스포츠,R103,스포츠 서비스,R10307,헬스장,R91132,체력 단련시설 운영업,26,부산광역시,26380,사하구,26380590,장림2동,2638010500,장림동,2638010500110550000,1,대지,1055,,부산광역시 사하구 장림동 1055,263803134007,부산광역시 사하구 다대로,207,,2638010500110550000001646,패션카운티지존,부산광역시 사하구 다대로 207,604840,49462,,3,,128.977834132276,35.0837309895031
MA010120220812090651,저스트플레이짐,,R1,예술·스포츠,R103,스포츠 서비스,R10307,헬스장,R91132,체력 단련시설 운영업,26,부산광역시,26350,해운대구,26350552,좌2동,2635010700,좌동,2635010700114790003,1,대지,1479,3,부산광역시 해운대구 좌동 1479-3,263502006010,부산광역시 해운대구 해운대로,814,,2635010700114790003003868,세종월드프라자,부산광역시 해운대구 해운대로 814,612842,48111,,6,,129.177683956372,35.1695726687291
MA010120220812680242,유니짐,,R1,예술·스포츠,R103,스포츠 서비스,R10307,헬스장,R91132,체력 단련시설 운영업,26,부산광역시,26470,연제구,26470630,거제3동,2647010100,거제동,2647010100105840001,1,대지,584,1,부산광역시 연제구 거제동 584-1,264703137001,부산광역시 연제구 거제시장로,42,,2647010100105840001012569,,부산광역시 연제구 거제시장로 42,611804,47543,,4,,129.070884157112,35.1831253729594
MA010120220810424229,동래피트니스,,R1,예술·스포츠,R103,스포츠 서비스,R10307,헬스장,R91132,체력 단련시설 운영업,26,부산광역시,26260,동래구,26260510,수민동,2626010600,수안동,2626010600101920003,1,대지,192,3,부산광역시 동래구 수안동 192-3,262603130023,부산광역시 동래구 명륜로,82,,2626010600101920003001845,,부산광역시 동래구 명륜로 82,607823,47877,,4,,129.084375747243,35.2012323063017
MA010120220809736110,DoubleJ.스튜디오,,R1,예술·스포츠,R103,스포츠 서비스,R10307,헬스장,R91132,체력 단련시설 운영업,26,부산광역시,26350,해운대구,26350540,중2동,2635010600,중동,2635010600118090000,1,대지,1809,,부산광역시 해운대구 중동 1809,263504199224,부산광역시 해운대구 좌동순환로433번길,30,1,2635010600115250000000010,비,부산광역시 해운대구 좌동순환로433번길 30-1,612012,48114,,,,129.179855213866,35.162522749511
MA010120220810624337,개금헬스아카데미,,R1,예술·스포츠,R103,스포츠 서비스,R10307,헬스장,R91132,체력 단련시설 운영업,26,부산광역시,26230,부산진구,26230750,개금2동,2623011100,개금동,2623011100105400284,1,대지,540,284,부산광역시 부산진구 개금동 540-284,262303129020,부산광역시 부산진구 복지로,61,,2623011100105400284020294,,부산광역시 부산진구 복지로 61,614815,47388,,,,129.020727972166,35.1474575662723
MA010120220805452045,심피트니스;주짓수,,R1,예술·스포츠,R103,스포츠 서비스,R10307,헬스장,P85611,태권도 및 무술 교육기관,26,부산광역시,26500,수영구,26500780,광안3동,2650010400,광안동,2650010400100890021,1,대지,89,21,부산광역시 수영구 광안동 89-21,265003131037,부산광역시 수영구 수영로,672,,2650010400100890021012729,동광빌딩,부산광역시 수영구 수영로 672,613800,48267,,1,,129.115035373536,35.1655015939238
MA010120220813775578,301피트니스,,R1,예술·스포츠,R103,스포츠 서비스,R10307,헬스장,R91132,체력 단련시설 운영업,26,부산광역시,26140,서구,26140540,서대신1동,2614010500,서대신동2가,2614010500100100001,1,대지,10,1,부산광역시 서구 서대신동2가 10-1,261404178053,부산광역시 서구 구덕로321번길,21,,2614010500100100001004803,남영빌딩,부산광역시 서구 구덕로321번길 21,602819,49227,,4,,129.015660943113,35.1119366020102
MA010120220811447555,미라클랜드휘트니스,,R1,예술·스포츠,R103,스포츠 서비스,R10307,헬스장,R91132,체력 단련시설 운영업,26,부산광역시,26350,해운대구,26350580,반여2동,2635010300,반여동,2635010300112910230,1,대지,1291,230,부산광역시 해운대구 반여동 1291-230,263503133035,부산광역시 해운대구 재반로,239,,2635010300112910230005437,,부산광역시 해운대구 재반로 239,612812,48028,,3,,129.131055207654,35.1986261738118
MA010120220812640175,그린피트니스,,R1,예술·스포츠,R103,스포츠 서비스,R10307,헬스장,R91132,체력 단련시설 운영업,26,부산광역시,26380,사하구,26380561,하단1동,2638010300,하단동,2638010300111860004,1,대지,1186,4,부산광역시 사하구 하단동 1186-4,263804202513,부산광역시 사하구 하신번영로201번길,20,,2638010300111860004038183,,부산광역시 사하구 하신번영로201번길 20,604858,49430,,,,128.957154461234,35.0992066269997
MA010120220814165808,베가스,,R1,예술·스포츠,R103,스포츠 서비스,R10307,헬스장,R91132,체력 단련시설 운영업,26,부산광역시,26320,북구,26320543,화명3동,2632010200,화명동,2632010200122870002,1,대지,2287,2,부산광역시 북구 화명동 2287-2,263204196051,부산광역시 북구 금곡대로285번길,13,,2632010200122870002013092,스포렉스,부산광역시 북구 금곡대로285번길 13,616852,46526,,4,,129.012739215957,35.2337241044214
MA010120220814230396,위토탈휘트니스,,R1,예술·스포츠,R103,스포츠 서비스,R10307,헬스장,R91132,체력 단련시설 운영업,26,부산광역시,26320,북구,26320572,만덕2동,2632010300,만덕동,2632010300103080000,1,대지,308,,부산광역시 북구 만덕동 308,263203132007,부산광역시 북구 만덕2로,28,,2632010300103080000000001,,부산광역시 북구 만덕2로 28,616826,46566,,2,,129.037512276813,35.2106723770883
MA010120220813858467,더핏피트니스,,R1,예술·스포츠,R103,스포츠 서비스,R10307,헬스장,R91132,체력 단련시설 운영업,26,부산광역시,26710,기장군,26710256,정관읍,2671025627,정관읍,2671025627107400015,1,대지,740,15,부산광역시 기장군 정관읍 모전리 740-15,267103140040,부산광역시 기장군 정관읍 정관2로,51,27,2671032027107400015000001,,부산광역시 기장군 정관읍 정관2로 51-27,619962,46008,,5,,129.167012729582,35.334868973982
MA010120220813656629,에잇에잇,,R1,예술·스포츠,R103,스포츠 서비스,R10307,헬스장,R91132,체력 단련시설 운영업,26,부산광역시,26500,수영구,26500750,망미2동,2650010100,망미동,2650010100102050003,1,대지,205,3,부산광역시 수영구 망미동 205-3,265003138007,부산광역시 수영구 구락로,110,,2650010100102050003003951,,부산광역시 수영구 구락로 110,613820,48214,,1,,129.117287782494,35.1770329875564
MA010120220813944541,패턴바디,,R1,예술·스포츠,R103,스포츠 서비스,R10307,헬스장,S96129,체형 등 기타 신체 관리 서비스업,26,부산광역시,26380,사하구,26380572,신평2동,2638010400,신평동,2638010400104520023,1,대지,452,23,부산광역시 사하구 신평동 452-23,263803134026,부산광역시 사하구 하신중앙로,176,,2638010400104520023010181,유니버셜상가,부산광역시 사하구 하신중앙로 176,604834,49419,,,,128.962755063601,35.0945199963718
MA010120220804937351,복싱클럽,해운대,R1,예술·스포츠,R103,스포츠 서비스,R10307,헬스장,R91132,체력 단련시설 운영업,26,부산광역시,26350,해운대구,26350530,중1동,2635010600,중동,2635010600101420008,1,대지,142,8,부산광역시 해운대구 중동 142-8,263503133001,부산광역시 해운대구 대천로,38,,2635010600101420008030799,,부산광역시 해운대구 대천로 38,612846,48082,,1,,129.169703997441,35.1703377134533
MA010120220810008386,피에트,,R1,예술·스포츠,R103,스포츠 서비스,R10307,헬스장,R91132,체력 단련시설 운영업,26,부산광역시,26140,서구,26140590,부민동,2614011000,부민동2가,2614011000100100020,1,대지,10,20,부산광역시 서구 부민동2가 10-20,261403006005,부산광역시 서구 구덕로,207,,2614011000100100020008058,,부산광역시 서구 구덕로 207,602072,49236,,3,,129.019741000684,35.1030641722361
MA010120220809197965,라이트짐,장산점,R1,예술·스포츠,R103,스포츠 서비스,R10307,헬스장,R91132,체력 단련시설 운영업,26,부산광역시,26350,해운대구,26350552,좌2동,2635010700,좌동,2635010700114730002,1,대지,1473,2,부산광역시 해운대구 좌동 1473-2,263502006010,부산광역시 해운대구 해운대로,794,,2635010700114730002000001,엘리움빌딩,부산광역시 해운대구 해운대로 794,612842,48104,,2,,129.17574276493,35.1687965420148
MA010120220805283890,이지핏반여스튜디오,,R1,예술·스포츠,R103,스포츠 서비스,R10307,헬스장,R91132,체력 단련시설 운영업,26,부산광역시,26350,해운대구,26350570,반여1동,2635010300,반여동,2635010300113610002,1,대지,1361,2,부산광역시 해운대구 반여동 1361-2,263503133009,부산광역시 해운대구 선수촌로,16,,2635010300113610002020682,,부산광역시 해운대구 선수촌로 16,612815,48043,,,,129.118555420301,35.1954212476121
MA010120220805277040,피트니스캐슬,,R1,예술·스포츠,R103,스포츠 서비스,R10307,헬스장,R91132,체력 단련시설 운영업,26,부산광역시,26320,북구,26320560,덕천2동,2632010400,덕천동,2632010400105610002,1,대지,561,2,부산광역시 북구 덕천동 561-2,263202132001,부산광역시 북구 금곡대로,126,,2632010400105610002012416,채움센트럴,부산광역시 북구 금곡대로 126,616817,46545,,9,,129.008153099173,35.2201116429327
MA010120220806700030,천지연피트니스,,R1,예술·스포츠,R103,스포츠 서비스,R10307,헬스장,R91132,체력 단련시설 운영업,26,부산광역시,26410,금정구,26410590,부곡3동,2641010900,부곡동,2641010900102250036,1,대지,225,36,부산광역시 금정구 부곡동 225-36,264103135025,부산광역시 금정구 부곡온천천로,126,,2641010900102250036007015,삼승렉스풀,부산광역시 금정구 부곡온천천로 126,609819,46277,,2,,129.088934498784,35.2373168085068
MA010120220811433378,체육시간,,R1,예술·스포츠,R103,스포츠 서비스,R10307,헬스장,R91132,체력 단련시설 운영업,26,부산광역시,26350,해운대구,26350551,좌1동,2635010700,좌동,2635010700114610003,1,대지,1461,3,부산광역시 해운대구 좌동 1461-3,263503133038,부산광역시 해운대구 좌동로,96,,2635010700114610003000001,블루스퀘어,부산광역시 해운대구 좌동로 96,612836,48106,,,,129.175616037526,35.1722772106107
MA010120220806824041,비타민헬스,,R1,예술·스포츠,R103,스포츠 서비스,R10307,헬스장,R91132,체력 단련시설 운영업,26,부산광역시,26350,해운대구,26350510,우1동,2635010500,우동,2635010500101480010,1,대지,148,10,부산광역시 해운대구 우동 148-10,263504199132,부산광역시 해운대구 우동1로38번길,31,,2635010500101480010029795,,부산광역시 해운대구 우동1로38번길 31,612818,48087,,2,,129.159877992472,35.1664582565574
MA010120220800305971,최귀성프로짐,,R1,예술·스포츠,R103,스포츠 서비스,R10307,헬스장,R91132,체력 단련시설 운영업,26,부산광역시,26380,사하구,26380590,장림2동,2638010500,장림동,2638010500103720001,1,대지,372,1,부산광역시 사하구 장림동 372-1,263803134007,부산광역시 사하구 다대로,299,,2638010500103720001034713,,부산광역시 사하구 다대로 299,604845,49511,,3,,128.977266919391,35.0756746107436
MA010120220803532994,더케이피트니스사하,,R1,예술·스포츠,R103,스포츠 서비스,R10307,헬스장,R91132,체력 단련시설 운영업,26,부산광역시,26380,사하구,26380580,장림1동,2638010500,장림동,2638010500110330002,1,대지,1033,2,부산광역시 사하구 장림동 1033-2,263802006011,부산광역시 사하구 을숙도대로,610,,2638010500110330002004243,롯데마트,부산광역시 사하구 을숙도대로 610,604843,49472,,4,,128.972312100943,35.0847852323566
MA010120220800296078,죠짐크로스핏,,R1,예술·스포츠,R103,스포츠 서비스,R10307,헬스장,R91132,체력 단련시설 운영업,26,부산광역시,26410,금정구,26410610,장전2동,2641010800,장전동,2641010800104010005,1,대지,401,5,부산광역시 금정구 장전동 401-5,264103130022,부산광역시 금정구 금강로,271,5,2641010800104010005031369,,부산광역시 금정구 금강로 271-5,609840,46288,,1,,129.084960930789,35.2322668341571
MA010120220811470963,하파휘트니스,,R1,예술·스포츠,R103,스포츠 서비스,R10307,헬스장,R91132,체력 단련시설 운영업,26,부산광역시,26380,사하구,26380562,하단2동,2638010300,하단동,2638010300105290016,1,대지,529,16,부산광역시 사하구 하단동 529-16,263802006002,부산광역시 사하구 낙동대로,474,,2638010300105290016001874,하단동대하빌딩,부산광역시 사하구 낙동대로 474,604849,49325,,6,,128.968178985036,35.1071387765265
MA010120220808827992,부평헬스,,R1,예술·스포츠,R103,스포츠 서비스,R10307,헬스장,R91132,체력 단련시설 운영업,26,부산광역시,26110,중구,26110560,부평동,2611012400,부평동2가,2611012400100160000,1,대지,16,,부산광역시 중구 부평동2가 16,261104175175,부산광역시 중구 부평1길,48,,2611012400100160000005559,,부산광역시 중구 부평1길 48,600806,48977,,4,,129.02601988449,35.1015535315177
MA010120220812725181,트랜스바디짐,,R1,예술·스포츠,R103,스포츠 서비스,R10307,헬스장,R91132,체력 단련시설 운영업,26,부산광역시,26530,사상구,26530660,주례2동,2653010600,주례동,2653010600100100021,1,대지,10,21,부산광역시 사상구 주례동 10-21,265302006008,부산광역시 사상구 백양대로,372,22,2653010600100100021001070,반도보라매머드,부산광역시 사상구 백양대로 372-22,617761,46997,,4,,129.013059864503,35.1550739912469
MA010120220806465051,더미라클짐,,R1,예술·스포츠,R103,스포츠 서비스,R10307,헬스장,R91132,체력 단련시설 운영업,26,부산광역시,26110,중구,26110530,대청동,2611011700,대청동2가,2611011700100250002,1,대지,25,2,부산광역시 중구 대청동2가 25-2,261103125002,부산광역시 중구 광복중앙로,34,,2611011700100250002005842,,부산광역시 중구 광복중앙로 34,600092,48949,,4,,129.031140215809,35.1024140577715
MA010120220803209962,스마일점핑클럽,,R1,예술·스포츠,R103,스포츠 서비스,R10307,헬스장,R91132,체력 단련시설 운영업,26,부산광역시,26350,해운대구,26350520,우2동,2635010500,우동,2635010500110080005,1,대지,1008,5,부산광역시 해운대구 우동 1008-5,263502006010,부산광역시 해운대구 해운대로,428,,2635010500110080005003521,동부올림픽타운,부산광역시 해운대구 해운대로 428,612745,48089,,,,129.139839516245,35.1668771124305
MA010120220810027616,아바니운영,,R1,예술·스포츠,R103,스포츠 서비스,R10307,헬스장,N75999,그 외 기타 분류 안된 사업 지원 서비스업,26,부산광역시,26290,남구,26290690,문현2동,2629010900,문현동,2629010900112270002,1,대지,1227,2,부산광역시 남구 문현동 1227-2,262902006005,부산광역시 남구 전포대로,133,,2629010900112270002000002,아바니센트럴부산,부산광역시 남구 전포대로 133,608042,48400,,37,,129.065480494726,35.1482887204007
MA010120220809974788,한국WMfitGym,,R1,예술·스포츠,R103,스포츠 서비스,R10307,헬스장,R91132,체력 단련시설 운영업,26,부산광역시,26260,동래구,26260520,복산동,2626010500,복천동,2626010500102920002,1,대지,292,2,부산광역시 동래구 복천동 292-2,262604190503,부산광역시 동래구 충렬대로237번길,64,,2626010500102920002016287,,부산광역시 동래구 충렬대로237번길 64,607020,47810,,3,,129.084859164681,35.2042518496381
MA010120220811220622,조아짐,,R1,예술·스포츠,R103,스포츠 서비스,R10307,헬스장,R91132,체력 단련시설 운영업,26,부산광역시,26260,동래구,26260545,명륜동,2626010700,명륜동,2626010700105700000,1,대지,570,,부산광역시 동래구 명륜동 570,262604190102,부산광역시 동래구 명륜로112번가길,51,,2626010700105700000014364,,부산광역시 동래구 명륜로112번가길 51,607804,47808,,3,,129.08294553054,35.2058437897328
MA010120220806430488,점핑하이덕천센터,,R1,예술·스포츠,R103,스포츠 서비스,R10307,헬스장,R91132,체력 단련시설 운영업,26,부산광역시,26320,북구,26320560,덕천2동,2632010400,덕천동,2632010400103840003,1,대지,384,3,부산광역시 북구 덕천동 384-3,263202006007,부산광역시 북구 만덕대로,44,,2632010400103840003001576,,부산광역시 북구 만덕대로 44,616820,46577,,,,129.009950726345,35.2110701586155
MA010120220812664592,잘트피트니스,,R1,예술·스포츠,R103,스포츠 서비스,R10307,헬스장,R91132,체력 단련시설 운영업,26,부산광역시,26350,해운대구,26350540,중2동,2635010600,중동,2635010600115110001,1,대지,1511,1,부산광역시 해운대구 중동 1511-1,263504199224,부산광역시 해운대구 좌동순환로433번길,20,,2635010600115110001009553,,부산광역시 해운대구 좌동순환로433번길 20,612850,48117,,1,,129.175679917239,35.1610839266753
MA010120220806400533,이진호水휘트니스수,,R1,예술·스포츠,R103,스포츠 서비스,R10307,헬스장,R91132,체력 단련시설 운영업,26,부산광역시,26260,동래구,26260570,온천3동,2626010800,온천동,2626010800114430001,1,대지,1443,1,부산광역시 동래구 온천동 1443-1,262602006006,부산광역시 동래구 충렬대로,110,,2626010800114430001010467,,부산광역시 동래구 충렬대로 110,607842,47823,,2,,129.07267303235,35.2064436838439
MA010120220810070103,유니크짐,,R1,예술·스포츠,R103,스포츠 서비스,R10307,헬스장,R91132,체력 단련시설 운영업,26,부산광역시,26350,해운대구,26350650,재송1동,2635010400,재송동,2635010400112080002,1,대지,1208,2,부산광역시 해운대구 재송동 1208-2,263503133020,부산광역시 해운대구 센텀중앙로,97,,2635010400112080002000001,센텀스카이비즈,부산광역시 해운대구 센텀중앙로 97,612051,48058,,1,,129.124504748223,35.1751583390907
MA010120220810071903,피지컬프로젝트,,R1,예술·스포츠,R103,스포츠 서비스,R10307,헬스장,R91132,체력 단련시설 운영업,26,부산광역시,26470,연제구,26470690,연산5동,2647010200,연산동,2647010200113590006,1,대지,1359,6,부산광역시 연제구 연산동 1359-6,264702000010,부산광역시 연제구 중앙대로,1037,,2647010200113590006024916,,부산광역시 연제구 중앙대로 1037,611828,47542,,2,,129.077487092691,35.1812099363049
MA010120220809943682,크로스핏원,대연점,R1,예술·스포츠,R103,스포츠 서비스,R10307,헬스장,R91132,체력 단련시설 운영업,26,부산광역시,26290,남구,26290550,대연5동,2629010600,대연동,2629010600113490012,1,대지,1349,12,부산광역시 남구 대연동 1349-12,262903131008,부산광역시 남구 못골로,95,,2629010600113490012005103,,부산광역시 남구 못골로 95,608808,48444,,1,,129.092678645019,35.1358364475571
MA0101202212A0021053,정석피트니스,,R1,예술·스포츠,R103,스포츠 서비스,R10307,헬스장,R91132,체력 단련시설 운영업,26,부산광역시,26500,수영구,26500730,수영동,2650010200,수영동,2650010200104450013,1,대지,445,13,부산광역시 수영구 수영동 445-13,265003131037,부산광역시 수영구 수영로,701,,2650010200104450013000001,선옥빌딩,부산광역시 수영구 수영로 701,613830,48228,,3,,129.116030761239,35.1679173090845
MA0101202301A0061307,전사체육관,,R1,예술·스포츠,R103,스포츠 서비스,R10307,헬스장,R91132,체력 단련시설 운영업,26,부산광역시,26320,북구,26320550,덕천1동,2632010400,덕천동,2632010400103930004,1,대지,393,4,부산광역시 북구 덕천동 393-4,263202006007,부산광역시 북구 만덕대로,164,,2632010400103930004002038,,부산광역시 북구 만덕대로 164,616819,46569,,3,,129.022617308163,35.2130940198828
MA0101202301A0060429,피에스스포츠,,R1,예술·스포츠,R103,스포츠 서비스,R10307,헬스장,R91132,체력 단련시설 운영업,26,부산광역시,26200,영도구,26200650,동삼1동,2620012100,동삼동,2620012100104360000,1,대지,436,,부산광역시 영도구 동삼동 436,262003128020,부산광역시 영도구 절영로,531,,2620012100104360000019055,영도마트,부산광역시 영도구 절영로 531,606808,49108,,2,,129.073273803798,35.0739806254659
MA0101202301A0005241,바디퀄리티,,R1,예술·스포츠,R103,스포츠 서비스,R10307,헬스장,R91132,체력 단련시설 운영업,26,부산광역시,26410,금정구,26410580,부곡2동,2641010900,부곡동,2641010900102660015,1,대지,266,15,부산광역시 금정구 부곡동 266-15,264102000010,부산광역시 금정구 중앙대로,1632,,2641010900102660015027069,,부산광역시 금정구 중앙대로 1632,609822,46272,,3,,129.091590176319,35.2299536189875
MA0101202212A0071866,태림물산,,R1,예술·스포츠,R103,스포츠 서비스,R10307,헬스장,R91132,체력 단련시설 운영업,26,부산광역시,26260,동래구,26260750,안락2동,2626010200,안락동,2626010200102430001,1,대지,243,1,부산광역시 동래구 안락동 243-1,262603130015,부산광역시 동래구 안남로,108,,2626010200102430001000003,화성코아,부산광역시 동래구 안남로 108,607825,47900,,2,,129.103544695353,35.1927182553205
MA0101202212A0075330,태림물산,,R1,예술·스포츠,R103,스포츠 서비스,R10307,헬스장,R91132,체력 단련시설 운영업,26,부산광역시,26410,금정구,26410680,구서1동,2641010700,구서동,2641010700104090011,1,대지,409,11,부산광역시 금정구 구서동 409-11,264103130022,부산광역시 금정구 금강로,441,,2641010700104090011031022,,부산광역시 금정구 금강로 441,609800,46242,,7,,129.088698884202,35.2469721465684
MA0101202301A0032795,쑥필라,,R1,예술·스포츠,R103,스포츠 서비스,R10307,헬스장,R91132,체력 단련시설 운영업,26,부산광역시,26350,해운대구,26350595,반여4동,2635010300,반여동,2635010300111830023,1,대지,1183,23,부산광역시 해운대구 반여동 1183-23,263504006030,부산광역시 해운대구 명장로67번길,121,7,2635010300202790007000435,,부산광역시 해운대구 명장로67번길 121-7,612859,48045,,2,,129.115951324424,35.2046404609705
MA0101202301A0045444,오성피트니스,,R1,예술·스포츠,R103,스포츠 서비스,R10307,헬스장,R91132,체력 단련시설 운영업,26,부산광역시,26410,금정구,26410610,장전2동,2641010800,장전동,2641010800104200001,1,대지,420,1,부산광역시 금정구 장전동 420-1,264103135026,부산광역시 금정구 부산대학로,49,,2641010800104200001011219,오션프라자,부산광역시 금정구 부산대학로 49,609392,46293,,8,,129.085668098579,35.2311462345355
MA0101202301A0052767,코치엔짐,,R1,예술·스포츠,R103,스포츠 서비스,R10307,헬스장,R91132,체력 단련시설 운영업,26,부산광역시,26380,사하구,26380602,다대2동,2638010600,다대동,2638010600115730001,1,대지,1573,1,부산광역시 사하구 다대동 1573-1,263804202233,부산광역시 사하구 다송로72번길,80,,2638010600115730001031118,,부산광역시 사하구 다송로72번길 80,604868,49521,,4,,128.979958587397,35.060040111095
MA0101202211A0016308,오케이피트니스,초량점,R1,예술·스포츠,R103,스포츠 서비스,R10307,헬스장,R91139,그 외 기타 스포츠시설 운영업,26,부산광역시,26170,동구,26170530,초량3동,2617010100,초량동,2617010100111690003,1,대지,1169,3,부산광역시 동구 초량동 1169-3,261702000010,부산광역시 동구 중앙대로,270,,2617010100111690003005701,,부산광역시 동구 중앙대로 270,601837,48731,,8,,129.043065386279,35.1206425603129
MA0101202211A0049141,미라클짐학장점,,R1,예술·스포츠,R103,스포츠 서비스,R10307,헬스장,R91132,체력 단련시설 운영업,26,부산광역시,26530,사상구,26530670,학장동,2653010700,학장동,2653010700107970001,1,대지,797,1,부산광역시 사상구 학장동 797-1,265303139006,부산광역시 사상구 대동로,95,,2653010700107970001017411,제,부산광역시 사상구 대동로 95,617846,47050,,4,,128.977930238451,35.1385213899725
MA0101202211A0014508,에프엠퍼스널트레이닝,3호점,R1,예술·스포츠,R103,스포츠 서비스,R10307,헬스장,R91132,체력 단련시설 운영업,26,부산광역시,26230,부산진구,26230570,양정2동,2623010100,양정동,2623010100102380002,1,대지,238,2,부산광역시 부산진구 양정동 238-2,262303006050,부산광역시 부산진구 진연로,7,,2623010100102380002004553,제이드,부산광역시 부산진구 진연로 7,614854,47209,,3,,129.074298651541,35.1784079401836
MA0101202211A0031088,스카이피티,,R1,예술·스포츠,R103,스포츠 서비스,R10307,헬스장,R91132,체력 단련시설 운영업,26,부산광역시,26380,사하구,26380601,다대1동,2638010600,다대동,2638010600115480049,1,대지,1548,49,부산광역시 사하구 다대동 1548-49,263804202163,부산광역시 사하구 다대낙조1길,19,,2638010600115480049015267,,부산광역시 사하구 다대낙조1길 19,604827,49505,,6,,128.965821878516,35.0500596004108
MA0101202211A0023715,써밋퍼스널트레이닝,,R1,예술·스포츠,R103,스포츠 서비스,R10307,헬스장,R91132,체력 단련시설 운영업,26,부산광역시,26380,사하구,26380550,당리동,2638010200,당리동,2638010200100160007,1,대지,16,7,부산광역시 사하구 당리동 16-7,263803134025,부산광역시 사하구 제석로,160,,2638010200100160007005136,당리동동원베네스트1차,부산광역시 사하구 제석로 160,604723,49317,,,,128.984301910705,35.1103994762789
MA0101202212A0060967,위위필라테스,,R1,예술·스포츠,R103,스포츠 서비스,R10307,헬스장,R91132,체력 단련시설 운영업,26,부산광역시,26110,중구,26110510,중앙동,2611011000,중앙동7가,2611011000100200001,1,대지,20,1,부산광역시 중구 중앙동7가 20-1,261102000010,부산광역시 중구 중앙대로,2,,2611011000100200001000001,롯데백화점,부산광역시 중구 중앙대로 2,600017,48944,,7,,129.036707345866,35.0983104003377
MA0101202212A0052539,오케이헬스클럽,,R1,예술·스포츠,R103,스포츠 서비스,R10307,헬스장,R91132,체력 단련시설 운영업,26,부산광역시,26320,북구,26320560,덕천2동,2632010400,덕천동,2632010400103460001,1,대지,346,1,부산광역시 북구 덕천동 346-1,263204196045,부산광역시 북구 금곡대로20번길,56,,2632010400103460001009772,,부산광역시 북구 금곡대로20번길 56,616816,46546,,4,,129.007830525151,35.2123669818087
MA0101202210A0060228,404피트니스신호,,R1,예술·스포츠,R103,스포츠 서비스,R10307,헬스장,P85612,기타 스포츠 교육기관,26,부산광역시,26440,강서구,26440590,신호동,2644011700,신호동,2644011700102150015,1,대지,215,15,부산광역시 강서구 신호동 215-15,264404208450,부산광역시 강서구 신호산단2로27번길,3,,2644011700102150015000001,채움THE테라스,부산광역시 강서구 신호산단2로27번길 3,618290,46759,,3,,128.877784425008,35.0866919246169
MA0101202209A0081318,부산피트니스,,R1,예술·스포츠,R103,스포츠 서비스,R10307,헬스장,R91132,체력 단련시설 운영업,26,부산광역시,26350,해운대구,26350552,좌2동,2635010700,좌동,2635010700114790001,1,대지,1479,1,부산광역시 해운대구 좌동 1479-1,263502006010,부산광역시 해운대구 해운대로,802,,2635010700114790001000001,웅신시네아트,부산광역시 해운대구 해운대로 802,612842,48111,,,,129.176663275189,35.1691584756189
MA0101202210A0097642,원피티,,R1,예술·스포츠,R103,스포츠 서비스,R10307,헬스장,R91132,체력 단련시설 운영업,26,부산광역시,26440,강서구,26440535,명지1동,2644010400,명지동,2644010400136020002,1,대지,3602,2,부산광역시 강서구 명지동 3602-2,264403350853,부산광역시 강서구 명지국제2로28번길,7,,2644010400136020002000001,에프앤비,부산광역시 강서구 명지국제2로28번길 7,618200,46726,,5,,128.908193516451,35.094021439655
MA0101202210A0062962,바다퍼스널트레이닝,,R1,예술·스포츠,R103,스포츠 서비스,R10307,헬스장,R91132,체력 단련시설 운영업,26,부산광역시,26350,해운대구,26350525,우3동,2635010500,우동,2635010500114050000,1,대지,1405,,부산광역시 해운대구 우동 1405,263503133004,부산광역시 해운대구 마린시티2로,2,,2635010500114050000011274,마린파크,부산광역시 해운대구 마린시티2로 2,612020,48092,,11,,129.144239431622,35.1593287860931
MA0101202210A0031992,강해짐,,R1,예술·스포츠,R103,스포츠 서비스,R10307,헬스장,R91132,체력 단련시설 운영업,26,부산광역시,26710,기장군,26710256,정관읍,2671025622,정관읍,2671025622107200001,1,대지,720,1,부산광역시 기장군 정관읍 매학리 720-1,267103140047,부산광역시 기장군 정관읍 정관로,578,,2671032022107200001000001,,부산광역시 기장군 정관읍 정관로 578,619963,46017,,7,,129.176816768753,35.3207434598198
MA0101202301A0048487,포드짐,,R1,예술·스포츠,R103,스포츠 서비스,R10307,헬스장,R91132,체력 단련시설 운영업,26,부산광역시,26500,수영구,26500770,광안2동,2650010400,광안동,2650010400101420019,1,대지,142,19,부산광역시 수영구 광안동 142-19,265003131037,부산광역시 수영구 수영로,586,,2650010400101420019012887,,부산광역시 수영구 수영로 586,613804,48297,,11,,129.113479167703,35.1579500836459
MA0101202301A0049029,힐링짐,,R1,예술·스포츠,R103,스포츠 서비스,R10307,헬스장,R91132,체력 단련시설 운영업,26,부산광역시,26500,수영구,26500730,수영동,2650010200,수영동,2650010200104510011,1,대지,451,11,부산광역시 수영구 수영동 451-11,265003129044,부산광역시 수영구 연수로,399,,2650010200104510011020038,수영영안빌딩,부산광역시 수영구 연수로 399,613831,48232,,7,,129.113192719377,35.1689311023241
MA0101202301A0052760,팰리스피트니스,,R1,예술·스포츠,R103,스포츠 서비스,R10307,헬스장,R91132,체력 단련시설 운영업,26,부산광역시,26320,북구,26320572,만덕2동,2632010300,만덕동,2632010300102560013,1,대지,256,13,부산광역시 북구 만덕동 256-13,263204196166,부산광역시 북구 만덕2로44번길,57,,2632010300102560013017658,만덕성문학원,부산광역시 북구 만덕2로44번길 57,616826,46565,,6,,129.034454542356,35.2104624794108
MA0101202301A0071894,강나원PT,,R1,예술·스포츠,R103,스포츠 서비스,R10307,헬스장,R91132,체력 단련시설 운영업,26,부산광역시,26470,연제구,26470680,연산4동,2647010200,연산동,2647010200106390023,1,대지,639,23,부산광역시 연제구 연산동 639-23,264704211219,부산광역시 연제구 쌍미천로135번길,11,1,2647010200106390023003555,,부산광역시 연제구 쌍미천로135번길 11-1,611822,47578,,1,,129.086517832925,35.1845421014819
MA0101202301A0102213,투와이핏,,R1,예술·스포츠,R103,스포츠 서비스,R10307,헬스장,R91132,체력 단련시설 운영업,26,부산광역시,26140,서구,26140680,암남동,2614012400,암남동,2614012400103540001,1,대지,354,1,부산광역시 서구 암남동 354-1,261402126001,부산광역시 서구 충무대로,8,,2614012400103540002018563,기산비치타운,부산광역시 서구 충무대로 8,602831,49269,,5,,129.016409552025,35.0764357295776
MA0101202211A0071206,엘디앤에스아카데미,,R1,예술·스포츠,R103,스포츠 서비스,R10307,헬스장,R91132,체력 단련시설 운영업,26,부산광역시,26500,수영구,26500660,남천1동,2650010500,남천동,2650010500105580019,1,대지,558,19,부산광역시 수영구 남천동 558-19,265003138005,부산광역시 수영구 광안해변로,29,,2650010500105580019015086,,부산광역시 수영구 광안해변로 29,613819,48310,,3,,129.113127871592,35.1380046851264
MA0101202211A0051238,인리치짐,,R1,예술·스포츠,R103,스포츠 서비스,R10307,헬스장,R91132,체력 단련시설 운영업,26,부산광역시,26260,동래구,26260545,명륜동,2626010700,명륜동,2626010700104180000,1,대지,418,,부산광역시 동래구 명륜동 418,262603130023,부산광역시 동래구 명륜로,105,,2626010700104180000001913,동일빌딩,부산광역시 동래구 명륜로 105,607804,47738,,4,,129.082926609525,35.2033839713684
MA0101202211A0053916,풀핏,,R1,예술·스포츠,R103,스포츠 서비스,R10307,헬스장,R91132,체력 단련시설 운영업,26,부산광역시,26320,북구,26320550,덕천1동,2632010400,덕천동,2632010400103870005,1,대지,387,5,부산광역시 북구 덕천동 387-5,263202006007,부산광역시 북구 만덕대로,82,1,2632010400103870005005808,,부산광역시 북구 만덕대로 82-1,616821,46567,,2,,129.013894012299,35.2120139105164
MA0101202301A0067086,레고핏,,R1,예술·스포츠,R103,스포츠 서비스,R10307,헬스장,R91132,체력 단련시설 운영업,26,부산광역시,26410,금정구,26410690,구서2동,2641010700,구서동,2641010700101840001,1,대지,184,1,부산광역시 금정구 구서동 184-1,264104205406,부산광역시 금정구 중앙대로1929번길,11,,2641010700101840001022505,유림빌딩,부산광역시 금정구 중앙대로1929번길 11,609801,46230,,2,,129.090498642014,35.2563129569211
MA0101202211A0087196,빅베어짐,,R1,예술·스포츠,R103,스포츠 서비스,R10307,헬스장,R91132,체력 단련시설 운영업,26,부산광역시,26260,동래구,26260550,온천1동,2626010800,온천동,2626010800101840007,1,대지,184,7,부산광역시 동래구 온천동 184-7,262603130032,부산광역시 동래구 온천장로,54,,2626010800101840007004769,,부산광역시 동래구 온천장로 54,607833,47711,,,,129.081073819035,35.2163924211442
MA0101202212A0081707,수정동헬스장,,R1,예술·스포츠,R103,스포츠 서비스,R10307,헬스장,R91132,체력 단련시설 운영업,26,부산광역시,26170,동구,26170570,수정2동,2617010200,수정동,2617010200102470006,1,대지,247,6,부산광역시 동구 수정동 247-6,261703127042,부산광역시 동구 진성로,19,,2617010200102470006017814,진우빌딩,부산광역시 동구 진성로 19,601812,48781,,4,,129.047297355891,35.1302136315637
MA0101202212A0016317,스타트짐,,R1,예술·스포츠,R103,스포츠 서비스,R10307,헬스장,R91132,체력 단련시설 운영업,26,부산광역시,26440,강서구,26440535,명지1동,2644010400,명지동,2644010400133310005,1,대지,3331,5,부산광역시 강서구 명지동 3331-5,264403350874,부산광역시 강서구 명지국제12로,10,,2644010400133310005000001,예진빌딩,부산광역시 강서구 명지국제12로 10,618200,46773,,2,,128.922129480225,35.1047507683065
MA0101202212A0071062,피트니스모건,,R1,예술·스포츠,R103,스포츠 서비스,R10307,헬스장,R91132,체력 단련시설 운영업,26,부산광역시,26500,수영구,26500800,민락동,2650010300,민락동,2650010300103360013,1,대지,336,13,부산광역시 수영구 민락동 336-13,265004214218,부산광역시 수영구 민락수변로239번길,4,,2650010300103360013000001,,부산광역시 수영구 민락수변로239번길 4,613827,48275,,1,,129.128671565657,35.1636495941493
MA0101202212A0043388,리즈핏PT,,R1,예술·스포츠,R103,스포츠 서비스,R10307,헬스장,R91132,체력 단련시설 운영업,26,부산광역시,26410,금정구,26410590,부곡3동,2641010900,부곡동,2641010900102230018,1,대지,223,18,부산광역시 금정구 부곡동 223-18,264103135038,부산광역시 금정구 수림로,17,,2641010900102230018013418,찬지빌,부산광역시 금정구 수림로 17,609819,46276,,5,,129.090502987222,35.2393713635721
MA0101202212A0038218,제이원퍼스널트레이닝,,R1,예술·스포츠,R103,스포츠 서비스,R10307,헬스장,R91132,체력 단련시설 운영업,26,부산광역시,26410,금정구,26410665,청룡노포동,2641010200,노포동,2641010200107910001,1,대지,791,1,부산광역시 금정구 노포동 791-1,264104205354,부산광역시 금정구 작장1길,26,14,2641010200107910001000001,,부산광역시 금정구 작장1길 26-14,609360,46203,,1,,129.093277069599,35.2835965178358
MA0101202212A0005090,커스텀피트니스,초량점,R1,예술·스포츠,R103,스포츠 서비스,R10307,헬스장,R91132,체력 단련시설 운영업,26,부산광역시,26170,동구,26170530,초량3동,2617010100,초량동,2617010100101350009,1,대지,135,9,부산광역시 동구 초량동 135-9,261703006002,부산광역시 동구 초량중로,95,,2617010100101350009018274,커스텀피트니스,부산광역시 동구 초량중로 95,601827,48797,,3,,129.039809416911,35.1202648576173
MA0101202212A0097023,다짐,,R1,예술·스포츠,R103,스포츠 서비스,R10307,헬스장,R91132,체력 단련시설 운영업,26,부산광역시,26230,부산진구,26230610,전포2동,2623010200,전포동,2623010200100270285,1,대지,27,285,부산광역시 부산진구 전포동 27-285,262304187173,부산광역시 부산진구 동성로112번나길,5,,2623010200100270285053526,천지탕,부산광역시 부산진구 동성로112번나길 5,614862,47235,,2,,129.067962595787,35.1635570896734
MA0101202212A0013645,바디&마인드짐,,R1,예술·스포츠,R103,스포츠 서비스,R10307,헬스장,R91132,체력 단련시설 운영업,26,부산광역시,26710,기장군,26710256,정관읍,2671025622,정관읍,2671025622107180008,1,대지,718,8,부산광역시 기장군 정관읍 매학리 718-8,267103140047,부산광역시 기장군 정관읍 정관로,574,,2671032022107180008000001,조은시티,부산광역시 기장군 정관읍 정관로 574,619963,46017,,3,,129.176414022501,35.3208948921353
MA0101202212A0007344,더힐튼피트니스,,R1,예술·스포츠,R103,스포츠 서비스,R10307,헬스장,R91132,체력 단련시설 운영업,26,부산광역시,26710,기장군,26710256,정관읍,2671025622,정관읍,2671025622107130006,1,대지,713,6,부산광역시 기장군 정관읍 매학리 713-6,267103140047,부산광역시 기장군 정관읍 정관로,575,3,2671032022107130006000001,정관제일타워,부산광역시 기장군 정관읍 정관로 575-3,619963,46015,,8,,129.176739115741,35.3215378424847
MA0101202210A0005944,마블피트니스,,R1,예술·스포츠,R103,스포츠 서비스,R10307,헬스장,R91132,체력 단련시설 운영업,26,부산광역시,26230,부산진구,26230610,전포2동,2623010200,전포동,2623010200106670016,1,대지,667,16,부산광역시 부산진구 전포동 667-16,262303129027,부산광역시 부산진구 서전로,25,,2623010200106670016000001,이오스프라자,부산광역시 부산진구 서전로 25,614865,47247,,6,,129.062586802639,35.1579624454637
MA0101202209A0043755,준피티샵,,R1,예술·스포츠,R103,스포츠 서비스,R10307,헬스장,R91132,체력 단련시설 운영업,26,부산광역시,26380,사하구,26380620,감천1동,2638010800,감천동,2638010800107070015,1,대지,707,15,부산광역시 사하구 감천동 707-15,263803006004,부산광역시 사하구 감천로,60,1,2638010800107070015006603,,부산광역시 사하구 감천로 60-1,604806,49445,,2,,128.998903030206,35.0899189752001
MA0101202209A0027400,머슬농부,,R1,예술·스포츠,R103,스포츠 서비스,R10307,헬스장,R91132,체력 단련시설 운영업,26,부산광역시,26230,부산진구,26230560,양정1동,2623010100,양정동,2623010100103420005,1,대지,342,5,부산광역시 부산진구 양정동 342-5,262303129046,부산광역시 부산진구 진남로,525,,2623010100103420005000001,유정빌딩,부산광역시 부산진구 진남로 525,614853,47222,,4,,129.072051113213,35.1707235044527
MA0101202209A0025752,무브썸짐,,R1,예술·스포츠,R103,스포츠 서비스,R10307,헬스장,R91132,체력 단련시설 운영업,26,부산광역시,26230,부산진구,26230610,전포2동,2623010200,전포동,2623010200101920013,1,대지,192,13,부산광역시 부산진구 전포동 192-13,262303129009,부산광역시 부산진구 동성로,113,1,2623010200101920013051588,,부산광역시 부산진구 동성로 113-1,614865,47301,,3,,129.06637713054,35.1598803851211
MA0101202210A0046056,노블짐,,R1,예술·스포츠,R103,스포츠 서비스,R10307,헬스장,R91132,체력 단련시설 운영업,26,부산광역시,26290,남구,26290580,용호2동,2629010700,용호동,2629010700104950010,1,대지,495,10,부산광역시 남구 용호동 495-10,262903131025,부산광역시 남구 용호로,187,2,2629010700104950010010594,연지빌딩,부산광역시 남구 용호로 187-2,608092,48587,,3,,129.111318721862,35.1155253512487
MA0101202210A0060539,로운짐,,R1,예술·스포츠,R103,스포츠 서비스,R10307,헬스장,R91132,체력 단련시설 운영업,26,부산광역시,26710,기장군,26710250,기장읍,2671025022,기장읍,2671025022103570006,1,대지,357,6,부산광역시 기장군 기장읍 교리 357-6,267104220285,부산광역시 기장군 기장읍 차성동로182번길,13,,2671025022103570006000001,,부산광역시 기장군 기장읍 차성동로182번길 13,619901,46055,,2,,129.218907041534,35.2540074578902
MA0101202209A0048196,으뜸핏,,R1,예술·스포츠,R103,스포츠 서비스,R10307,헬스장,R91132,체력 단련시설 운영업,26,부산광역시,26260,동래구,26260570,온천3동,2626010800,온천동,2626010800114420011,1,대지,1442,11,부산광역시 동래구 온천동 1442-11,262604190187,부산광역시 동래구 미남로132번길,112,,2626010800114420011000001,,부산광역시 동래구 미남로132번길 112,607836,47823,,7,,129.075420526115,35.2052521375153
MA0101202210A0033853,오션14,,R1,예술·스포츠,R103,스포츠 서비스,R10307,헬스장,R91132,체력 단련시설 운영업,26,부산광역시,26200,영도구,26200540,영선1동,2620010800,영선동1가,2620010800100210001,1,대지,21,1,부산광역시 영도구 영선동1가 21-1,262003006003,부산광역시 영도구 태종로,107,,2620010800100210001021936,영도오션트라움,부산광역시 영도구 태종로 107,606041,49036,,14,,129.042738809987,35.091305900903
MA0101202210A0058310,헬스달리아일광점,,R1,예술·스포츠,R103,스포츠 서비스,R10307,헬스장,R91132,체력 단련시설 운영업,26,부산광역시,26710,기장군,26710259,일광읍,2671025921,일광읍,2671025921107790000,1,대지,779,,부산광역시 기장군 일광읍 삼성리 779,267103352377,부산광역시 기장군 일광읍 해빛3로,122,,2671031021107790000000001,헬스달리아일광점디바인스퀘어,부산광역시 기장군 일광읍 해빛3로 122,619912,46048,,6,,129.222302499387,35.2669121900435
MA0101202209A0022035,훈스짐스튜디오,연지점,R1,예술·스포츠,R103,스포츠 서비스,R10307,헬스장,R91132,체력 단련시설 운영업,26,부산광역시,26230,부산진구,26230540,연지동,2623010600,연지동,2623010600101560006,1,대지,156,6,부산광역시 부산진구 연지동 156-6,262303129011,부산광역시 부산진구 동평로,213,7,2623010600101560006039753,,부산광역시 부산진구 동평로 213-7,614860,47133,,1,,129.050935748706,35.1694158457247
MA0101202209A0041548,에스휘트니스PT;GX,,R1,예술·스포츠,R103,스포츠 서비스,R10307,헬스장,R91132,체력 단련시설 운영업,26,부산광역시,26230,부산진구,26230610,전포2동,2623010200,전포동,2623010200108750001,1,대지,875,1,부산광역시 부산진구 전포동 875-1,262302000010,부산광역시 부산진구 중앙대로,792,,2623010200108750001000001,진흥프라자,부산광역시 부산진구 중앙대로 792,614870,47241,,5,,129.063270021765,35.1624205668453
MA0101202209A0012714,블랙바디GYM,,R1,예술·스포츠,R103,스포츠 서비스,R10307,헬스장,R91132,체력 단련시설 운영업,26,부산광역시,26410,금정구,26410600,장전1동,2641010800,장전동,2641010800102130009,1,대지,213,9,부산광역시 금정구 장전동 213-9,264104205096,부산광역시 금정구 금정로149번길,8,,2641010800102130009027780,,부산광역시 금정구 금정로149번길 8,609837,46283,,2,,129.087285341828,35.2381112462316
MA0101202209A0078240,멋짐,,R1,예술·스포츠,R103,스포츠 서비스,R10307,헬스장,R91132,체력 단련시설 운영업,26,부산광역시,26230,부산진구,26230510,부전1동,2623010300,부전동,2623010300101170001,1,대지,117,1,부산광역시 부산진구 부전동 117-1,262304187428,부산광역시 부산진구 서전로9번길,20,,2623010300101170001022163,헤도인파크에비뉴,부산광역시 부산진구 서전로9번길 20,614844,47246,,2,,129.061113294125,35.1587084619157
MA0101202306A0020390,퍼스널짐,,R1,예술·스포츠,R103,스포츠 서비스,R10307,헬스장,R91132,체력 단련시설 운영업,26,부산광역시,26140,서구,26140520,동대신2동,2614010200,동대신동2가,2614010200102830002,1,대지,283,2,부산광역시 서구 동대신동2가 283-2,261404178121,부산광역시 서구 대영로85번길,14,,2614010200102830002024353,해오름빌딩,부산광역시 서구 대영로85번길 14,602811,49216,,3,,129.020337016815,35.1116604707696
MA0101202306A0061976,어썸바디PT,,R1,예술·스포츠,R103,스포츠 서비스,R10307,헬스장,R91132,체력 단련시설 운영업,26,부산광역시,26410,금정구,26410610,장전2동,2641010800,장전동,2641010800103120034,1,대지,312,34,부산광역시 금정구 장전동 312-34,264103006033,부산광역시 금정구 금정로,62,,2641010800103120034006259,청암타워,부산광역시 금정구 금정로 62,609392,46291,,5,,129.086530090944,35.2300680185257
MA0101202306A0058980,빌드프로짐,,R1,예술·스포츠,R103,스포츠 서비스,R10307,헬스장,R91132,체력 단련시설 운영업,26,부산광역시,26500,수영구,26500760,광안1동,2650010400,광안동,2650010400105020003,1,대지,502,3,부산광역시 수영구 광안동 502-3,265003138006,부산광역시 수영구 광일로,40,,2650010400105020003012470,,부산광역시 수영구 광일로 40,613807,48249,,4,,129.109859619038,35.1626811659687
MA0101202305A0074308,인더짐,,R1,예술·스포츠,R103,스포츠 서비스,R10307,헬스장,R91132,체력 단련시설 운영업,26,부산광역시,26380,사하구,26380530,괴정3동,2638010100,괴정동,2638010100109610006,1,대지,961,6,부산광역시 사하구 괴정동 961-6,263804202314,부산광역시 사하구 사하로186번길,6,,2638010100109610006036369,,부산광역시 사하구 사하로186번길 6,604811,49358,,4,,128.994230242743,35.0983859574952
MA0101202305A0055830,트렌드핏피트니스,,R1,예술·스포츠,R103,스포츠 서비스,R10307,헬스장,R91132,체력 단련시설 운영업,26,부산광역시,26350,해운대구,26350510,우1동,2635010500,우동,2635010500115620000,1,대지,1562,,부산광역시 해운대구 우동 1562,263502006010,부산광역시 해운대구 해운대로,650,,2635010500105870001029778,해운대센트럴푸르지오,부산광역시 해운대구 해운대로 650,612021,48095,,2,,129.161321584426,35.1646121927464
MA0101202305A0195290,필피트니스,,R1,예술·스포츠,R103,스포츠 서비스,R10307,헬스장,R91132,체력 단련시설 운영업,26,부산광역시,26230,부산진구,26230550,초읍동,2623010700,초읍동,2623010700101030006,1,대지,103,6,부산광역시 부산진구 초읍동 103-6,262304187429,부산광역시 부산진구 성지곡로12번길,20,,2623010700101030006050991,필사우나,부산광역시 부산진구 성지곡로12번길 20,614871,47103,,4,,129.048653586355,35.1834314990967
MA0101202305A0069301,더스피닝,,R1,예술·스포츠,R103,스포츠 서비스,R10307,헬스장,R91132,체력 단련시설 운영업,26,부산광역시,26470,연제구,26470730,연산9동,2647010200,연산동,2647010200104190004,1,대지,419,4,부산광역시 연제구 연산동 419-4,264703006054,부산광역시 연제구 과정로,190,,2647010200104190004009036,,부산광역시 연제구 과정로 190,611817,47567,,4,,129.106458492884,35.1882249219651
MA0101202305A0090266,힘쎄짐,,R1,예술·스포츠,R103,스포츠 서비스,R10307,헬스장,R91132,체력 단련시설 운영업,26,부산광역시,26230,부산진구,26230550,초읍동,2623010700,초읍동,2623010700101790007,1,대지,179,7,부산광역시 부산진구 초읍동 179-7,262304187644,부산광역시 부산진구 월드컵대로449번길,55,,2623010700101790007014318,,부산광역시 부산진구 월드컵대로449번길 55,614872,47111,,3,,129.051205107412,35.1810092322929
MA0101202305A0124094,큐브짐구서점,,R1,예술·스포츠,R103,스포츠 서비스,R10307,헬스장,R91132,체력 단련시설 운영업,26,부산광역시,26410,금정구,26410690,구서2동,2641010700,구서동,2641010700102030005,1,대지,203,5,부산광역시 금정구 구서동 203-5,264104205021,부산광역시 금정구 구서중앙로15번길,20,,2641010700102030005031765,,부산광역시 금정구 구서중앙로15번길 20,609804,46230,,4,,129.08905163642,35.2538688225178
MA0101202305A0017486,핏라이프스타일,해운대,R1,예술·스포츠,R103,스포츠 서비스,R10307,헬스장,R91132,체력 단련시설 운영업,26,부산광역시,26350,해운대구,26350551,좌1동,2635010700,좌동,2635010700114630003,1,대지,1463,3,부산광역시 해운대구 좌동 1463-3,263504199085,부산광역시 해운대구 세실로69번길,15,,2635010700114660003011751,윈프라자,부산광역시 해운대구 세실로69번길 15,612836,48106,,,,129.176010787717,35.1714410703308
MA0101202305A0038337,웰리빙아카이브올짐,,R1,예술·스포츠,R103,스포츠 서비스,R10307,헬스장,R91132,체력 단련시설 운영업,26,부산광역시,26230,부산진구,26230770,범천1동,2623010400,범천동,2623010400108390412,1,대지,839,412,부산광역시 부산진구 범천동 839-412,262303006021,부산광역시 부산진구 자유평화로,15,,2623010400108390412006755,제,부산광역시 부산진구 자유평화로 15,614826,47366,,3,,129.061526889768,35.1416153748734
MA0101202303A0061609,넥스트짐,,R1,예술·스포츠,R103,스포츠 서비스,R10307,헬스장,R91132,체력 단련시설 운영업,26,부산광역시,26230,부산진구,26230660,부암3동,2623010800,부암동,2623010800107220003,1,대지,722,3,부산광역시 부산진구 부암동 722-3,262304187312,부산광역시 부산진구 백양산로54번길,3,,2623010800206200012013875,골든박스,부산광역시 부산진구 백양산로54번길 3,614093,47148,,,,129.031064870122,35.173995269196
MA0101202303A0001682,엔프라이빗,,R1,예술·스포츠,R103,스포츠 서비스,R10307,헬스장,R91132,체력 단련시설 운영업,26,부산광역시,26500,수영구,26500660,남천1동,2650010500,남천동,2650010500105560017,1,대지,556,17,부산광역시 수영구 남천동 556-17,265004214386,부산광역시 수영구 황령대로489번길,14,,2650010500105560017019202,대성상가,부산광역시 수영구 황령대로489번길 14,613819,48313,,4,,129.108197615322,35.1386763430999
MA0101202303A0017619,조아짐영도,,R1,예술·스포츠,R103,스포츠 서비스,R10307,헬스장,R91132,체력 단련시설 운영업,26,부산광역시,26200,영도구,26200530,남항동,2620010700,남항동3가,2620010700101410037,1,대지,141,37,부산광역시 영도구 남항동3가 141-37,262003128003,부산광역시 영도구 남항서로,52,,2620010700101410037024035,,부산광역시 영도구 남항서로 52,606033,49050,,3,,129.034833944993,35.0855812234211
MA0101202303A0091114,매드맥스,,R1,예술·스포츠,R103,스포츠 서비스,R10307,헬스장,R91132,체력 단련시설 운영업,26,부산광역시,26260,동래구,26260590,사직2동,2626010900,사직동,2626010900100920006,1,대지,92,6,부산광역시 동래구 사직동 92-6,262603130010,부산광역시 동래구 사직북로,5,,2626010900100920006008080,,부산광역시 동래구 사직북로 5,607815,47865,,1,,129.060657901025,35.1963125835152
MA0101202303A0007626,크로스핏디와이,,R1,예술·스포츠,R103,스포츠 서비스,R10307,헬스장,R91132,체력 단련시설 운영업,26,부산광역시,26320,북구,26320543,화명3동,2632010200,화명동,2632010200122870001,1,대지,2287,1,부산광역시 북구 화명동 2287-1,263204196051,부산광역시 북구 금곡대로285번길,19,,2632010200122870001006386,리버사이드빌딩,부산광역시 북구 금곡대로285번길 19,616852,46526,,2,,129.012322909671,35.2337670754076
MA0101202303A0055877,태림물산,,R1,예술·스포츠,R103,스포츠 서비스,R10307,헬스장,R91132,체력 단련시설 운영업,26,부산광역시,26380,사하구,26380510,괴정1동,2638010100,괴정동,2638010100105540005,1,대지,554,5,부산광역시 사하구 괴정동 554-5,263803134024,부산광역시 사하구 장평로,440,,2638010100105540005023780,,부산광역시 사하구 장평로 440,604812,49384,,5,,128.986578328442,35.0975563681712
MA0101202302A0063787,베가스,,R1,예술·스포츠,R103,스포츠 서비스,R10307,헬스장,R91132,체력 단련시설 운영업,26,부산광역시,26320,북구,26320543,화명3동,2632010200,화명동,2632010200122670003,1,대지,2267,3,부산광역시 북구 화명동 2267-3,263203132027,부산광역시 북구 화명신도시로,133,,2632010200122670003008606,포인트빌딩,부산광역시 북구 화명신도시로 133,616852,46524,,4,,129.010729894833,35.2359743698051
MA0101202303A0036456,열GYM,,R1,예술·스포츠,R103,스포츠 서비스,R10307,헬스장,R91132,체력 단련시설 운영업,26,부산광역시,26230,부산진구,26230770,범천1동,2623010400,범천동,2623010400108700001,1,대지,870,1,부산광역시 부산진구 범천동 870-1,262302000010,부산광역시 부산진구 중앙대로,621,,2623010400108700001022000,,부산광역시 부산진구 중앙대로 621,614829,47351,,2,,129.058948072188,35.1481205827825
MA0101202303A0105275,더뉴바디스미스,명지점,R1,예술·스포츠,R103,스포츠 서비스,R10307,헬스장,R91132,체력 단련시설 운영업,26,부산광역시,26440,강서구,26440590,신호동,2644011700,신호동,2644011700103150006,1,대지,315,6,부산광역시 강서구 신호동 315-6,264403136056,부산광역시 강서구 신호산단1로,84,,2644011700103150006000001,,부산광역시 강서구 신호산단1로 84,618290,46760,,5,,128.87265664755,35.0815622761643
MA0101202306A0022568,플러스휘트니스,,R1,예술·스포츠,R103,스포츠 서비스,R10307,헬스장,R91132,체력 단련시설 운영업,26,부산광역시,26410,금정구,26410530,서3동,2641011000,서동,2641011000102060008,1,대지,206,8,부산광역시 금정구 서동 206-8,264104205243,부산광역시 금정구 서동로175번길,30,,2641011000102060008012745,,부산광역시 금정구 서동로175번길 30,609850,46321,,3,,129.107313826373,35.2149560874803
MA0101202306A0107303,탄단짐,,R1,예술·스포츠,R103,스포츠 서비스,R10307,헬스장,R91132,체력 단련시설 운영업,26,부산광역시,26110,중구,26110510,중앙동,2611010600,중앙동3가,2611010600100130010,1,대지,13,10,부산광역시 중구 중앙동3가 13-10,261104175047,부산광역시 중구 대청로137번길,8,,2611010600100130010000904,,부산광역시 중구 대청로137번길 8,600013,48931,,2,,129.035090933965,35.1034201765108
MA0101202306A0079227,크로스핏에이치,,R1,예술·스포츠,R103,스포츠 서비스,R10307,헬스장,R91132,체력 단련시설 운영업,26,부산광역시,26260,동래구,26260570,온천3동,2626010800,온천동,2626010800114430001,1,대지,1443,1,부산광역시 동래구 온천동 1443-1,262602006006,부산광역시 동래구 충렬대로,110,,2626010800114430001010467,,부산광역시 동래구 충렬대로 110,607842,47823,,1,,129.07267303235,35.2064436838439
MA0101202307A0024778,우리동네GYM재송1동점,,R1,예술·스포츠,R103,스포츠 서비스,R10307,헬스장,R91132,체력 단련시설 운영업,26,부산광역시,26350,해운대구,26350650,재송1동,2635010400,재송동,2635010400111180001,1,대지,1118,1,부산광역시 해운대구 재송동 1118-1,263503133035,부산광역시 해운대구 재반로,82,,2635010400111180001000001,장안빌딩,부산광역시 해운대구 재반로 82,612833,48053,,7,,129.125830334697,35.1860209199679
MA0101202306A0001106,놈GYM,,R1,예술·스포츠,R103,스포츠 서비스,R10307,헬스장,R91132,체력 단련시설 운영업,26,부산광역시,26230,부산진구,26230600,전포1동,2623010200,전포동,2623010200106920004,1,대지,692,4,부산광역시 부산진구 전포동 692-4,262303129010,부산광역시 부산진구 동천로,62,,2623010200106920004004764,흥국생명보험빌딩,부산광역시 부산진구 동천로 62,614746,47297,,2,,129.062603001121,35.1542583943877
MA0101202306A0062104,아르케핏,,R1,예술·스포츠,R103,스포츠 서비스,R10307,헬스장,R91132,체력 단련시설 운영업,26,부산광역시,26230,부산진구,26230600,전포1동,2623010200,전포동,2623010200106830001,1,대지,683,1,부산광역시 부산진구 전포동 683-1,262304187664,부산광역시 부산진구 전포대로209번길,43,,2623010200106830012032881,,부산광역시 부산진구 전포대로209번길 43,614866,47294,,1,,129.062837093315,35.1552727204237
MA0101202305A0054716,커스텀피트니스,사직점,R1,예술·스포츠,R103,스포츠 서비스,R10307,헬스장,R91132,체력 단련시설 운영업,26,부산광역시,26260,동래구,26260580,사직1동,2626010900,사직동,2626010900100930006,1,대지,93,6,부산광역시 동래구 사직동 93-6,262603130010,부산광역시 동래구 사직북로,4,,2626010900100930006008099,사직동자이언츠파크,부산광역시 동래구 사직북로 4,607817,47866,,1,,129.06135929353,35.1962645950225
MA0101202305A0080085,정석피트니스,,R1,예술·스포츠,R103,스포츠 서비스,R10307,헬스장,R91132,체력 단련시설 운영업,26,부산광역시,26350,해운대구,26350660,재송2동,2635010400,재송동,2635010400111300016,1,대지,1130,16,부산광역시 해운대구 재송동 1130-16,263503133035,부산광역시 해운대구 재반로,116,,2635010400111300016000001,,부산광역시 해운대구 재반로 116,612832,48053,,8,,129.126831955209,35.1886526943309
MA0101202306A0084507,장림점핑피트니스,,R1,예술·스포츠,R103,스포츠 서비스,R10307,헬스장,P85612,기타 스포츠 교육기관,26,부산광역시,26380,사하구,26380590,장림2동,2638010500,장림동,2638010500102280001,1,대지,228,1,부산광역시 사하구 장림동 228-1,263803134007,부산광역시 사하구 다대로,269,,2638010500102280001026245,,부산광역시 사하구 다대로 269,604840,49509,,3,,128.977638320945,35.0783450817764
MA0101202305A0019059,이안피트니스,,R1,예술·스포츠,R103,스포츠 서비스,R10307,헬스장,R91132,체력 단련시설 운영업,26,부산광역시,26290,남구,26290645,우암동,2629011000,우암동,2629011000100320074,1,대지,32,74,부산광역시 남구 우암동 32-74,262903131029,부산광역시 남구 유엔로,16,,2629011000100320074019792,,부산광역시 남구 유엔로 16,608841,48482,,5,,129.079785502729,35.1257852506886
MA0101202305A0117155,빌리브핏,,R1,예술·스포츠,R103,스포츠 서비스,R10307,헬스장,R91132,체력 단련시설 운영업,26,부산광역시,26290,남구,26290690,문현2동,2629010900,문현동,2629010900107340003,1,대지,734,3,부산광역시 남구 문현동 734-3,262904006033,부산광역시 남구 전포대로91번길,27,,2629010900107340003018085,,부산광역시 남구 전포대로91번길 27,608827,48401,,3,,129.065085773417,35.1448259750145
MA0101202305A0040792,멋짐,,R1,예술·스포츠,R103,스포츠 서비스,R10307,헬스장,R91132,체력 단련시설 운영업,26,부산광역시,26410,금정구,26410690,구서2동,2641010700,구서동,2641010700101620001,1,대지,162,1,부산광역시 금정구 구서동 162-1,264103135020,부산광역시 금정구 두실로,5,,2641010700101620001013542,명승명가,부산광역시 금정구 두실로 5,609802,46229,,2,,129.090577339397,35.2602315697924
MA0101202305A0014536,제이엘피트니스장림점,,R1,예술·스포츠,R103,스포츠 서비스,R10307,헬스장,R91132,체력 단련시설 운영업,26,부산광역시,26380,사하구,26380590,장림2동,2638010500,장림동,2638010500103330002,1,대지,333,2,부산광역시 사하구 장림동 333-2,263803134023,부산광역시 사하구 장림번영로,50,,2638010500103330002020299,지원시티파크,부산광역시 사하구 장림번영로 50,604845,49482,,2,,128.970811699939,35.080294679771
MA0101202305A0086357,일번피티,,R1,예술·스포츠,R103,스포츠 서비스,R10307,헬스장,R91132,체력 단련시설 운영업,26,부산광역시,26350,해운대구,26350552,좌2동,2635010700,좌동,2635010700114810002,1,대지,1481,2,부산광역시 해운대구 좌동 1481-2,263504199084,부산광역시 해운대구 세실로27번길,21,1,2635010700114810002000001,,부산광역시 해운대구 세실로27번길 21-1,612842,48111,,,,129.17788147259,35.1687490811385
MA0101202305A0079426,글래드휘트니스,서면점,R1,예술·스포츠,R103,스포츠 서비스,R10307,헬스장,R91132,체력 단련시설 운영업,26,부산광역시,26230,부산진구,26230600,전포1동,2623010200,전포동,2623010200108920020,1,대지,892,20,부산광역시 부산진구 전포동 892-20,262303129010,부산광역시 부산진구 동천로,4,,2623010200108920020038724,지오플레이스,부산광역시 부산진구 동천로 4,614773,47299,,6,,129.063973327968,35.1494318547054
MA0101202305A0115879,오늘피트니스,,R1,예술·스포츠,R103,스포츠 서비스,R10307,헬스장,R91132,체력 단련시설 운영업,26,부산광역시,26260,동래구,26260545,명륜동,2626010700,명륜동,2626010700105690001,1,대지,569,1,부산광역시 동래구 명륜동 569-1,262603130023,부산광역시 동래구 명륜로,134,,2626010700105690001000001,,부산광역시 동래구 명륜로 134,607804,47808,,5,,129.082491660041,35.2056984041556
MA0101202305A0099276,레슬링넘버원,,R1,예술·스포츠,R103,스포츠 서비스,R10307,헬스장,R91132,체력 단련시설 운영업,26,부산광역시,26500,수영구,26500670,남천2동,2650010500,남천동,2650010500101480084,1,대지,148,84,부산광역시 수영구 남천동 148-84,265003138008,부산광역시 수영구 남천동로,82,,2650010500101480084007385,반도빌딩,부산광역시 수영구 남천동로 82,613818,48305,,1,,129.113387034953,35.144209114152
MA0101202305A0024144,헬스인더짐,,R1,예술·스포츠,R103,스포츠 서비스,R10307,헬스장,R91132,체력 단련시설 운영업,26,부산광역시,26230,부산진구,26230770,범천1동,2623010400,범천동,2623010400108820024,1,대지,882,24,부산광역시 부산진구 범천동 882-24,262303127051,부산광역시 부산진구 범일로,161,1,2623010400108820025012222,범천에스제이파베르,부산광역시 부산진구 범일로 161-1,614826,47360,,3,,129.058891095003,35.144552942579
MA0101202303A0037141,삼육육GYM,,R1,예술·스포츠,R103,스포츠 서비스,R10307,헬스장,R91132,체력 단련시설 운영업,26,부산광역시,26350,해운대구,26350520,우2동,2635010500,우동,2635010500115030000,1,대지,1503,,부산광역시 해운대구 우동 1503,263503133012,부산광역시 해운대구 센텀2로,15,,2635010500115030000000001,센텀브라이빌딩,부산광역시 해운대구 센텀2로 15,612889,48060,,7,,129.132365559233,35.1676938319208
MA0101202303A0092959,피티포유,,R1,예술·스포츠,R103,스포츠 서비스,R10307,헬스장,R91132,체력 단련시설 운영업,26,부산광역시,26230,부산진구,26230570,양정2동,2623010100,양정동,2623010100103110001,1,대지,311,1,부산광역시 부산진구 양정동 311-1,262303006041,부산광역시 부산진구 거제천로,16,,2623010100103110001015926,,부산광역시 부산진구 거제천로 16,614855,47211,,2,,129.070871360142,35.1761326119334
MA0101202302A0068014,인트로피트니스망미점,,R1,예술·스포츠,R103,스포츠 서비스,R10307,헬스장,R91132,체력 단련시설 운영업,26,부산광역시,26500,수영구,26500750,망미2동,2650010100,망미동,2650010100104130009,1,대지,413,9,부산광역시 수영구 망미동 413-9,265003006054,부산광역시 수영구 과정로,54,,2650010100104130009002090,새망미메디컬,부산광역시 수영구 과정로 54,613821,48218,,8,,129.107684211786,35.1761822502804
MA0101202303A0001915,에프엠퍼스널트레이닝,2호점,R1,예술·스포츠,R103,스포츠 서비스,R10307,헬스장,R91132,체력 단련시설 운영업,26,부산광역시,26260,동래구,26260600,사직3동,2626010900,사직동,2626010900101290001,1,대지,129,1,부산광역시 동래구 사직동 129-1,262604190361,부산광역시 동래구 여고로51번길,12,,2626010900101290001002279,,부산광역시 동래구 여고로51번길 12,607818,47843,,5,,129.069486724682,35.1964052754828
MA0101202303A0019186,오케이헬스클럽구포2동점,,R1,예술·스포츠,R103,스포츠 서비스,R10307,헬스장,R91132,체력 단련시설 운영업,26,부산광역시,26320,북구,26320520,구포2동,2632010500,구포동,2632010500109690004,1,대지,969,4,부산광역시 북구 구포동 969-4,263204196108,부산광역시 북구 낙동북로681번길,23,,2632010500109860003010959,행정복지센터,부산광역시 북구 낙동북로681번길 23,616802,46634,,3,,128.999419650865,35.2016291388512
MA0101202303A0079578,오케이피트니스영도,2호점,R1,예술·스포츠,R103,스포츠 서비스,R10307,헬스장,R91132,체력 단련시설 운영업,26,부산광역시,26200,영도구,26200650,동삼1동,2620012100,동삼동,2620012100102190061,1,대지,219,61,부산광역시 영도구 동삼동 219-61,262003128011,부산광역시 영도구 동삼서로,52,,2620012100102190061099771,장원,부산광역시 영도구 동삼서로 52,606806,49092,,1,,129.07012346923,35.082920001845
MA0101202303A0103565,팬덤핏컴퍼니,,R1,예술·스포츠,R103,스포츠 서비스,R10307,헬스장,R91132,체력 단련시설 운영업,26,부산광역시,26470,연제구,26470690,연산5동,2647010200,연산동,2647010200115050028,1,대지,1505,28,부산광역시 연제구 연산동 1505-28,264703006041,부산광역시 연제구 거제천로,94,,2647010200115050028004004,,부산광역시 연제구 거제천로 94,611830,47542,,6,,129.073709557873,35.1824371896643
MA0101202302A0035714,에이치엔엠핏,,R1,예술·스포츠,R103,스포츠 서비스,R10307,헬스장,R91132,체력 단련시설 운영업,26,부산광역시,26260,동래구,26260590,사직2동,2626010900,사직동,2626010900100450023,1,대지,45,23,부산광역시 동래구 사직동 45-23,262604190234,부산광역시 동래구 사직북로19번길,18,,2626010900100450023008155,,부산광역시 동래구 사직북로19번길 18,607815,47864,,6,,129.059547136757,35.1975390381178
MA0101202302A0069082,우리동네GYM,,R1,예술·스포츠,R103,스포츠 서비스,R10307,헬스장,R91132,체력 단련시설 운영업,26,부산광역시,26350,해운대구,26350590,반여3동,2635010300,반여동,2635010300116090001,1,대지,1609,1,부산광역시 해운대구 반여동 1609-1,263503133035,부산광역시 해운대구 재반로,253,1,2635010300116090001021440,문훈치과,부산광역시 해운대구 재반로 253-1,612817,48024,,3,,129.131288036604,35.1999737886841
MA0101202310A0013079,모션핏피트니스,,R1,예술·스포츠,R103,스포츠 서비스,R10307,헬스장,R91132,체력 단련시설 운영업,26,부산광역시,26470,연제구,26470730,연산9동,2647010200,연산동,2647010200104200008,1,대지,420,8,부산광역시 연제구 연산동 420-8,264703130031,부산광역시 연제구 연안로,19,,2647010200104200008007178,,부산광역시 연제구 연안로 19,611817,47567,,2,,129.1067870707,35.1894718012653
MA0101202310A0053613,크로노스짐,,R1,예술·스포츠,R103,스포츠 서비스,R10307,헬스장,R91132,체력 단련시설 운영업,26,부산광역시,26350,해운대구,26350551,좌1동,2635010700,좌동,2635010700109860000,1,대지,986,,부산광역시 해운대구 좌동 986,263503133029,부산광역시 해운대구 양운로,110,,2635010700109860000006006,아슬란빌딩,부산광역시 해운대구 양운로 110,612835,48079,,4,,129.17388100957,35.1726508069108
MA0101202309A0085891,바디포유헬스케어,,R1,예술·스포츠,R103,스포츠 서비스,R10307,헬스장,P85612,기타 스포츠 교육기관,26,부산광역시,26230,부산진구,26230610,전포2동,2623010200,전포동,2623010200106670001,1,대지,667,1,부산광역시 부산진구 전포동 667-1,262303129027,부산광역시 부산진구 서전로,35,,2623010200106670001004894,,부산광역시 부산진구 서전로 35,614865,47247,,2,,129.063551104435,35.1579099717345
MA0101202307A0013129,올아웃피트니스,,R1,예술·스포츠,R103,스포츠 서비스,R10307,헬스장,R91132,체력 단련시설 운영업,26,부산광역시,26530,사상구,26530620,괘법동,2653010400,괘법동,2653010400105160025,1,대지,516,25,부산광역시 사상구 괘법동 516-25,265303139018,부산광역시 사상구 운산로,48,,2653010400105160025029738,장원빌딩,부산광역시 사상구 운산로 48,617808,46963,,4,,128.981589937328,35.1677408367929
MA0101202309A0057224,해피점핑다이어트,,R1,예술·스포츠,R103,스포츠 서비스,R10307,헬스장,R91132,체력 단련시설 운영업,26,부산광역시,26410,금정구,26410570,부곡1동,2641010900,부곡동,2641010900103030001,1,대지,303,1,부산광역시 금정구 부곡동 303-1,264103135035,부산광역시 금정구 서부곡로,5,,2641010900103030001001947,,부산광역시 금정구 서부곡로 5,609851,46302,,2,,129.09102414208,35.2258721947194
MA0101202307A0001650,피티데이,,R1,예술·스포츠,R103,스포츠 서비스,R10307,헬스장,R91132,체력 단련시설 운영업,26,부산광역시,26230,부산진구,26230740,개금1동,2623011100,개금동,2623011100101710121,1,대지,171,121,부산광역시 부산진구 개금동 171-121,262302006015,부산광역시 부산진구 가야대로,480,1,2623011100101710121010249,,부산광역시 부산진구 가야대로 480-1,614813,47323,,,,129.024570364162,35.1528635025664
MA0101202309A0021001,젠,,R1,예술·스포츠,R103,스포츠 서비스,R10307,헬스장,R91132,체력 단련시설 운영업,26,부산광역시,26350,해운대구,26350650,재송1동,2635010400,재송동,2635010400111280001,1,대지,1128,1,부산광역시 해운대구 재송동 1128-1,263504199157,부산광역시 해운대구 재반로112번길,6,,2635010400111280001000001,스파젠,부산광역시 해운대구 재반로112번길 6,612833,48053,,7,,129.127205171687,35.1882316099555
MA0101202308A0012055,24시트렌드핏피트니스,하단점,R1,예술·스포츠,R103,스포츠 서비스,R10307,헬스장,R91132,체력 단련시설 운영업,26,부산광역시,26380,사하구,26380562,하단2동,2638010300,하단동,2638010300105280009,1,대지,528,9,부산광역시 사하구 하단동 528-9,263802006002,부산광역시 사하구 낙동대로,475,,2638010300105280009000001,,부산광역시 사하구 낙동대로 475,604852,49310,,2,,128.967581830908,35.106932188752
MA0101202308A0073903,에스이코어업,,R1,예술·스포츠,R103,스포츠 서비스,R10307,헬스장,R91132,체력 단련시설 운영업,26,부산광역시,26260,동래구,26260510,수민동,2626010600,수안동,2626010600102750008,1,대지,275,8,부산광역시 동래구 수안동 275-8,262602006006,부산광역시 동래구 충렬대로,249,1,2626010600102750008001812,태원빌딩,부산광역시 동래구 충렬대로 249-1,607824,47813,,3,,129.086707992367,35.2014174087691
MA0101202308A0097394,티비에프,,R1,예술·스포츠,R103,스포츠 서비스,R10307,헬스장,R91132,체력 단련시설 운영업,26,부산광역시,26260,동래구,26260570,온천3동,2626010800,온천동,2626010800116000000,1,대지,1600,,부산광역시 동래구 온천동 1600,262604190258,부산광역시 동래구 쇠미로129번길,62,12,2626010800116820000003638,새온천화신동영,부산광역시 동래구 쇠미로129번길 62-12,607774,47868,,,,129.060117803447,35.2049188101301
MA0101202308A0028788,피티필드,대연점,R1,예술·스포츠,R103,스포츠 서비스,R10307,헬스장,R91132,체력 단련시설 운영업,26,부산광역시,26290,남구,26290510,대연1동,2629010600,대연동,2629010600117290005,1,대지,1729,5,부산광역시 남구 대연동 1729-5,262903131037,부산광역시 남구 수영로,244,,2629010600117290005006897,남천빌딩,부산광역시 남구 수영로 244,608811,48496,,4,,129.093302753125,35.1349335172471
MA0101202308A0032478,피트니스스퀘어서면,,R1,예술·스포츠,R103,스포츠 서비스,R10307,헬스장,R91132,체력 단련시설 운영업,26,부산광역시,26230,부산진구,26230600,전포1동,2623010200,전포동,2623010200106830011,1,대지,683,11,부산광역시 부산진구 전포동 683-11,262303129010,부산광역시 부산진구 동천로,70,,2623010200106830022048277,서면쌍용플래티넘,부산광역시 부산진구 동천로 70,614866,47294,,3,,129.062719680176,35.1549683251917
MA0101202311A0049269,더블유에스피트니스,,R1,예술·스포츠,R103,스포츠 서비스,R10307,헬스장,P85612,기타 스포츠 교육기관,26,부산광역시,26350,해운대구,26350520,우2동,2635010500,우동,2635010500114830000,1,대지,1483,,부산광역시 해운대구 우동 1483,263503133015,부산광역시 해운대구 센텀5로,55,,2635010500114830000000001,센텀큐,부산광역시 해운대구 센텀5로 55,612022,48059,,,,129.131592225704,35.172961132372
MA0101202311A0104707,안락한짐,,R1,예술·스포츠,R103,스포츠 서비스,R10307,헬스장,R91132,체력 단련시설 운영업,26,부산광역시,26260,동래구,26260750,안락2동,2626010200,안락동,2626010200105990028,1,대지,599,28,부산광역시 동래구 안락동 599-28,262604190539,부산광역시 동래구 충렬대로428번길,31,,2626010200105990028018074,,부산광역시 동래구 충렬대로428번길 31,607825,47891,,3,,129.104637019734,35.1950602785387
MA0101202406A0004925,팀터틀랫장산,해운대,R1,예술·스포츠,R103,스포츠 서비스,R10307,헬스장,R91132,체력 단련시설 운영업,26,부산광역시,26350,해운대구,26350552,좌2동,2635010700,좌동,2635010700114850005,1,대지,1485,5,부산광역시 해운대구 좌동 1485-5,263503133010,부산광역시 해운대구 세실로,33,,2635010700114850005000001,좌동메디컬센터,부산광역시 해운대구 세실로 33,612842,48111,,,,129.178959136322,35.1680087828426
MA0101202406A0390284,러쉬짐,,R1,예술·스포츠,R103,스포츠 서비스,R10307,헬스장,R91132,체력 단련시설 운영업,26,부산광역시,26290,남구,26290510,대연1동,2629010600,대연동,2629010600117400006,1,대지,1740,6,부산광역시 남구 대연동 1740-6,262903131030,부산광역시 남구 유엔평화로,3,,2629010600117400006007739,,부산광역시 남구 유엔평화로 3,608811,48496,,3,,129.092198412488,35.1346462015848
MA0101202311A0047151,비케이휘트니스,,R1,예술·스포츠,R103,스포츠 서비스,R10307,헬스장,R91132,체력 단련시설 운영업,26,부산광역시,26350,해운대구,26350595,반여4동,2635010300,반여동,2635010300114720001,1,대지,1472,1,부산광역시 해운대구 반여동 1472-1,263503006022,부산광역시 해운대구 삼어로,48,,2635010300114720001011502,세동프라자,부산광역시 해운대구 삼어로 48,612064,48046,,3,,129.115895672308,35.2016496311204
MA0101202311A0064462,404피트니스,만덕점,R1,예술·스포츠,R103,스포츠 서비스,R10307,헬스장,P85612,기타 스포츠 교육기관,26,부산광역시,26320,북구,26320573,만덕3동,2632010300,만덕동,2632010300109240000,1,대지,924,,부산광역시 북구 만덕동 924,263203132005,부산광역시 북구 덕천로,257,,2632010300109240000005227,현대레포션,부산광역시 북구 덕천로 257,616829,46563,,,,129.032403905059,35.2105690257047
MA0101202406A0036745,피지컬에듀케이션센터,,R1,예술·스포츠,R103,스포츠 서비스,R10307,헬스장,R91132,체력 단련시설 운영업,26,부산광역시,26440,강서구,26440535,명지1동,2644010400,명지동,2644010400136030007,1,대지,3603,7,부산광역시 강서구 명지동 3603-7,264403350853,부산광역시 강서구 명지국제2로28번길,34,,2644010400136030007000001,에코팰리스,부산광역시 강서구 명지국제2로28번길 34,618200,46726,,4,,128.908856953255,35.0928484471212
MA0101202311A0075131,슬릭부스트,서면점,R1,예술·스포츠,R103,스포츠 서비스,R10307,헬스장,R91132,체력 단련시설 운영업,26,부산광역시,26230,부산진구,26230520,부전2동,2623010300,부전동,2623010300101560028,1,대지,156,28,부산광역시 부산진구 부전동 156-28,262304187419,부산광역시 부산진구 서전로10번길,28,,2623010300101560028038095,오기빌딩,부산광역시 부산진구 서전로10번길 28,614845,47291,,2,,129.059889693937,35.1567467239292
MA0101202309A0074612,헬짐,,R1,예술·스포츠,R103,스포츠 서비스,R10307,헬스장,R91132,체력 단련시설 운영업,26,부산광역시,26350,해운대구,26350520,우2동,2635010500,우동,2635010500112170009,1,대지,1217,9,부산광역시 해운대구 우동 1217-9,263502006010,부산광역시 해운대구 해운대로,335,,2635010500112170009000001,,부산광역시 해운대구 해운대로 335,612827,48061,,6,,129.134468380307,35.1717299625835
MA0101202308A0095467,에이피엠다이어트댄스,,R1,예술·스포츠,R103,스포츠 서비스,R10307,헬스장,R91132,체력 단련시설 운영업,26,부산광역시,26530,사상구,26530591,모라1동,2653010200,모라동,2653010200102020002,1,대지,202,2,부산광역시 사상구 모라동 202-2,265304217186,부산광역시 사상구 백양대로934번길,80,,2653010200102020002004243,모라벽산상가,부산광역시 사상구 백양대로934번길 80,617818,46927,,4,,128.993682182822,35.1914864897604
MA0101202309A0083700,뉴피트니스,2호점,R1,예술·스포츠,R103,스포츠 서비스,R10307,헬스장,R91132,체력 단련시설 운영업,26,부산광역시,26350,해운대구,26350551,좌1동,2635010700,좌동,2635010700114660001,1,대지,1466,1,부산광역시 해운대구 좌동 1466-1,263504199085,부산광역시 해운대구 세실로69번길,24,,2635010700114660001009682,,부산광역시 해운대구 세실로69번길 24,612836,48106,,8,,129.176296066418,35.1718504662094
MA0101202309A0009294,마이웨이,,R1,예술·스포츠,R103,스포츠 서비스,R10307,헬스장,R91132,체력 단련시설 운영업,26,부산광역시,26230,부산진구,26230600,전포1동,2623010200,전포동,2623010200103430007,1,대지,343,7,부산광역시 부산진구 전포동 343-7,262303129009,부산광역시 부산진구 동성로,37,,2623010200103430007004566,,부산광역시 부산진구 동성로 37,614867,47305,,1,,129.068186089128,35.1537486472422
MA0101202309A0079090,피티가치시청,연산점,R1,예술·스포츠,R103,스포츠 서비스,R10307,헬스장,R91132,체력 단련시설 운영업,26,부산광역시,26470,연제구,26470690,연산5동,2647010200,연산동,2647010200113300009,1,대지,1330,9,부산광역시 연제구 연산동 1330-9,264702000010,부산광역시 연제구 중앙대로,1043,,2647010200113300009024228,,부산광역시 연제구 중앙대로 1043,611830,47542,,5,,129.077830452284,35.1817627604267
MA0101202309A0075186,우노짐,,R1,예술·스포츠,R103,스포츠 서비스,R10307,헬스장,R91132,체력 단련시설 운영업,26,부산광역시,26500,수영구,26500660,남천1동,2650010500,남천동,2650010500100270006,1,대지,27,6,부산광역시 수영구 남천동 27-6,265003138002,부산광역시 수영구 광남로,33,,2650010500100270006000001,한진빌딩,부산광역시 수영구 광남로 33,613815,48314,,3,,129.110850710931,35.1458303614432
MA0101202310A0097447,오케이피트니스신,주례점,R1,예술·스포츠,R103,스포츠 서비스,R10307,헬스장,P85612,기타 스포츠 교육기관,26,부산광역시,26530,사상구,26530660,주례2동,2653010600,주례동,2653010600100050014,1,대지,5,14,부산광역시 사상구 주례동 5-14,265302006008,부산광역시 사상구 백양대로,337,,2653010600100050014000001,,부산광역시 사상구 백양대로 337,617832,46998,,4,,129.014887003195,35.1530790544544
MA0101202310A0055362,더라이프헬스PT,,R1,예술·스포츠,R103,스포츠 서비스,R10307,헬스장,R91132,체력 단련시설 운영업,26,부산광역시,26500,수영구,26500760,광안1동,2650010400,광안동,2650010400107160005,1,대지,716,5,부산광역시 수영구 광안동 716-5,265003138003,부산광역시 수영구 광서로,33,,2650010400107160005002587,강남사우나,부산광역시 수영구 광서로 33,613807,48248,,5,,129.11085789438,35.1643669451164
MA0101202310A0057117,몽키짐,3호점,R1,예술·스포츠,R103,스포츠 서비스,R10307,헬스장,R91132,체력 단련시설 운영업,26,부산광역시,26710,기장군,26710259,일광읍,2671025921,일광읍,2671025921107790000,1,대지,779,,부산광역시 기장군 일광읍 삼성리 779,267103352377,부산광역시 기장군 일광읍 해빛3로,122,,2671031021107790000000001,,부산광역시 기장군 일광읍 해빛3로 122,619912,46048,,6,,129.222302499387,35.2669121900435
MA0101202310A0069701,쑥피트니스,해운대점,R1,예술·스포츠,R103,스포츠 서비스,R10307,헬스장,R91132,체력 단련시설 운영업,26,부산광역시,26350,해운대구,26350552,좌2동,2635010700,좌동,2635010700114730005,1,대지,1473,5,부산광역시 해운대구 좌동 1473-5,263504199285,부산광역시 해운대구 해운대로774번길,11,,2635010700114730005000001,해천빌딩,부산광역시 해운대구 해운대로774번길 11,612842,48104,,4,,129.175134602401,35.1682127174953
MA0101202310A0087900,강해짐일광점,,R1,예술·스포츠,R103,스포츠 서비스,R10307,헬스장,R91132,체력 단련시설 운영업,26,부산광역시,26710,기장군,26710259,일광읍,2671025921,일광읍,2671025921108930000,1,대지,893,,부산광역시 기장군 일광읍 삼성리 893,267103352384,부산광역시 기장군 일광읍 해송4로,16,,2671025921108930000000001,에코테라스,부산광역시 기장군 일광읍 해송4로 16,619912,46044,,7,,129.232047903184,35.2664984245892
MA0101202308A0017764,머슬팩토리,신평점,R1,예술·스포츠,R103,스포츠 서비스,R10307,헬스장,R91132,체력 단련시설 운영업,26,부산광역시,26380,사하구,26380572,신평2동,2638010400,신평동,2638010400104520023,1,대지,452,23,부산광역시 사하구 신평동 452-23,263803134026,부산광역시 사하구 하신중앙로,176,,2638010400104520023010181,,부산광역시 사하구 하신중앙로 176,604834,49419,,5,,128.962755063601,35.0945199963718
MA0101202307A0064214,404피트니스,덕천점,R1,예술·스포츠,R103,스포츠 서비스,R10307,헬스장,R91132,체력 단련시설 운영업,26,부산광역시,26320,북구,26320550,덕천1동,2632010400,덕천동,2632010400103870008,1,대지,387,8,부산광역시 북구 덕천동 387-8,263202006007,부산광역시 북구 만덕대로,86,,2632010400103870008010040,북부산새마을금고,부산광역시 북구 만덕대로 86,616821,46567,,6,,129.014485153659,35.2119409909583
MA0101202307A0028567,제이디피트니스,,R1,예술·스포츠,R103,스포츠 서비스,R10307,헬스장,R91132,체력 단련시설 운영업,26,부산광역시,26410,금정구,26410690,구서2동,2641010700,구서동,2641010700110180020,1,대지,1018,20,부산광역시 금정구 구서동 1018-20,264104205047,부산광역시 금정구 금강로565번길,26,,2641010700110180020015136,,부산광역시 금정구 금강로565번길 26,609802,46228,,1,,129.086296879189,35.2582598829153
MA0101202308A0065368,엠에이치핏,,R1,예술·스포츠,R103,스포츠 서비스,R10307,헬스장,R91132,체력 단련시설 운영업,26,부산광역시,26320,북구,26320543,화명3동,2632010200,화명동,2632010200122770005,1,대지,2277,5,부산광역시 북구 화명동 2277-5,263204196051,부산광역시 북구 금곡대로285번길,22,,2632010200122770005008595,월드타워,부산광역시 북구 금곡대로285번길 22,616852,46526,,6,,129.01232194551,35.2341726139896
MA0101202307A0049492,클레오짐,,R1,예술·스포츠,R103,스포츠 서비스,R10307,헬스장,R91132,체력 단련시설 운영업,26,부산광역시,26500,수영구,26500660,남천1동,2650010500,남천동,2650010500100270008,1,대지,27,8,부산광역시 수영구 남천동 27-8,265003138002,부산광역시 수영구 광남로,31,,2650010500100270008020216,케이빌딩,부산광역시 수영구 광남로 31,613815,48314,,4,,129.110725892981,35.1456703289795
MA0101202307A0027121,브랜드짐,,R1,예술·스포츠,R103,스포츠 서비스,R10307,헬스장,R91132,체력 단련시설 운영업,26,부산광역시,26500,수영구,26500760,광안1동,2650010400,광안동,2650010400100990010,1,대지,99,10,부산광역시 수영구 광안동 99-10,265003131037,부산광역시 수영구 수영로,642,,2650010400100990010006782,,부산광역시 수영구 수영로 642,613801,48269,,3,,129.114498165774,35.1629787424195
MA0101202307A0106956,에스짐,,R1,예술·스포츠,R103,스포츠 서비스,R10307,헬스장,R91132,체력 단련시설 운영업,26,부산광역시,26320,북구,26320550,덕천1동,2632010400,덕천동,2632010400103560001,1,대지,356,1,부산광역시 북구 덕천동 356-1,263203132018,부산광역시 북구 의성로,91,,2632010400103560001010141,,부산광역시 북구 의성로 91,616819,46555,,3,,129.010700370799,35.2125266047189
MA0101202307A0091127,한핏,,R1,예술·스포츠,R103,스포츠 서비스,R10307,헬스장,R91132,체력 단련시설 운영업,26,부산광역시,26290,남구,26290680,문현1동,2629010900,문현동,2629010900100620025,1,대지,62,25,부산광역시 남구 문현동 62-25,262903129046,부산광역시 남구 진남로,202,1,2629010900100620025030286,,부산광역시 남구 진남로 202-1,608820,48422,,3,,129.077003576524,35.144081501875
MA0101202307A0075751,시소짐,,R1,예술·스포츠,R103,스포츠 서비스,R10307,헬스장,R91132,체력 단련시설 운영업,26,부산광역시,26350,해운대구,26350650,재송1동,2635010400,재송동,2635010400110960004,1,대지,1096,4,부산광역시 해운대구 재송동 1096-4,263504199252,부산광역시 해운대구 해운대로161번길,5,,2635010400110960004005453,,부산광역시 해운대구 해운대로161번길 5,612831,48055,,3,,129.12243563093,35.1833770445572
MA0101202307A0058955,피티박스,정관점,R1,예술·스포츠,R103,스포츠 서비스,R10307,헬스장,R91132,체력 단련시설 운영업,26,부산광역시,26710,기장군,26710256,정관읍,2671025627,정관읍,2671025627107400009,1,대지,740,9,부산광역시 기장군 정관읍 모전리 740-9,267104220092,부산광역시 기장군 정관읍 모전1길,6,37,2671032027107400009000001,,부산광역시 기장군 정관읍 모전1길 6-37,619962,46008,,3,,129.166110710514,35.3348581132784
MA0101202307A0050108,워너짐대,연동지점,R1,예술·스포츠,R103,스포츠 서비스,R10307,헬스장,R91132,체력 단련시설 운영업,26,부산광역시,26290,남구,26290530,대연3동,2629010600,대연동,2629010600100630003,1,대지,63,3,부산광역시 남구 대연동 63-3,262904193203,부산광역시 남구 용소로14번길,23,,2629010600100630003026653,지,부산광역시 남구 용소로14번길 23,608805,48498,,1,,129.099536328446,35.1354654601894
MA0101202406A0117100,에프사십오서면,,R1,예술·스포츠,R103,스포츠 서비스,R10307,헬스장,R91132,체력 단련시설 운영업,26,부산광역시,26230,부산진구,26230520,부전2동,2623010300,부전동,2623010300105370009,1,대지,537,9,부산광역시 부산진구 부전동 537-9,262304187684,부산광역시 부산진구 중앙대로666번길,50,,2623010300105370009000001,더샵센트럴스타,부산광역시 부산진구 중앙대로666번길 50,614894,47300,,2,,129.060303770563,35.151846367734
MA0101202406A0465977,연중무휴24시헬스PT,,R1,예술·스포츠,R103,스포츠 서비스,R10307,헬스장,R91139,그 외 기타 스포츠시설 운영업,26,부산광역시,26380,사하구,26380562,하단2동,2638010300,하단동,2638010300105280009,1,대지,528,9,부산광역시 사하구 하단동 528-9,263802006002,부산광역시 사하구 낙동대로,475,,2638010300105280009000001,,부산광역시 사하구 낙동대로 475,604852,49310,,3,,128.967581830908,35.106932188752
MA0101202406A0034567,엘라ing스피닝,,R1,예술·스포츠,R103,스포츠 서비스,R10307,헬스장,R91132,체력 단련시설 운영업,26,부산광역시,26290,남구,26290510,대연1동,2629010600,대연동,2629010600117520015,1,대지,1752,15,부산광역시 남구 대연동 1752-15,262904193139,부산광역시 남구 수영로196번길,7,,2629010600117520015007221,,부산광역시 남구 수영로196번길 7,608813,48492,,3,,129.088137217874,35.1345540662816
MA0101202406A0364437,인더짐,,R1,예술·스포츠,R103,스포츠 서비스,R10307,헬스장,R91132,체력 단련시설 운영업,26,부산광역시,26290,남구,26290710,문현4동,2629010900,문현동,2629010900102460005,1,대지,246,5,부산광역시 남구 문현동 246-5,262903131037,부산광역시 남구 수영로,46,1,2629010900102460005014793,,부산광역시 남구 수영로 46-1,608828,48457,,2,,129.072368965033,35.1361044971395
MA0101202406A0294653,버킷바디짐,,R1,예술·스포츠,R103,스포츠 서비스,R10307,헬스장,R91132,체력 단련시설 운영업,26,부산광역시,26710,기장군,26710256,정관읍,2671025622,정관읍,2671025622107130001,1,대지,713,1,부산광역시 기장군 정관읍 매학리 713-1,267103140047,부산광역시 기장군 정관읍 정관로,561,,2671032022107130001000001,정관타워,부산광역시 기장군 정관읍 정관로 561,619963,46015,,7,,129.175366498546,35.32201311611
MA0101202406A0084463,엔스피닝앤드피티,,R1,예술·스포츠,R103,스포츠 서비스,R10307,헬스장,R91132,체력 단련시설 운영업,26,부산광역시,26170,동구,26170660,범일2동,2617010400,범일동,2617010400108300050,1,대지,830,50,부산광역시 동구 범일동 830-50,261704181197,부산광역시 동구 범일로102번길,7,,2617010400108300050010131,,부산광역시 동구 범일로102번길 7,601807,48738,,3,,129.060434986765,35.1392098213168
MA0101202406A0445233,매료피티,,R1,예술·스포츠,R103,스포츠 서비스,R10307,헬스장,R91132,체력 단련시설 운영업,26,부산광역시,26380,사하구,26380550,당리동,2638010200,당리동,2638010200103080018,1,대지,308,18,부산광역시 사하구 당리동 308-18,263803134017,부산광역시 사하구 승학로,19,,2638010200103080018025801,,부산광역시 사하구 승학로 19,604829,49316,,4,,128.970990395943,35.1068497637285
MA0101202406A0474588,포드짐,,R1,예술·스포츠,R103,스포츠 서비스,R10307,헬스장,R91132,체력 단련시설 운영업,26,부산광역시,26410,금정구,26410670,남산동,2641010400,남산동,2641010400100680001,1,대지,68,1,부산광역시 금정구 남산동 68-1,264102000010,부산광역시 금정구 중앙대로,1989,,2641010400100680001018821,효산테라스파크,부산광역시 금정구 중앙대로 1989,609814,46227,,,,129.091307528267,35.2621383806077
MA0101202406A0040495,정PT,,R1,예술·스포츠,R103,스포츠 서비스,R10307,헬스장,R91132,체력 단련시설 운영업,26,부산광역시,26260,동래구,26260600,사직3동,2626010900,사직동,2626010900101070004,1,대지,107,4,부산광역시 동래구 사직동 107-4,262604190306,부산광역시 동래구 아시아드대로146번길,4,,2626010900101070004008535,,부산광역시 동래구 아시아드대로146번길 4,607821,47842,,B1,,129.065966711765,35.1974296412164
MA0101202406A0265701,젠틀짐,,R1,예술·스포츠,R103,스포츠 서비스,R10307,헬스장,R91132,체력 단련시설 운영업,26,부산광역시,26440,강서구,26440535,명지1동,2644010400,명지동,2644010400133630001,1,대지,3363,1,부산광역시 강서구 명지동 3363-1,264403350872,부산광역시 강서구 명지국제11로,54,,2644010400133630001000001,성민빌딩,부산광역시 강서구 명지국제11로 54,618200,46773,,2,,128.924250361572,35.1040051685018
MA0101202406A0397535,노웨어짐,,R1,예술·스포츠,R103,스포츠 서비스,R10307,헬스장,R91132,체력 단련시설 운영업,26,부산광역시,26260,동래구,26260580,사직1동,2626010900,사직동,2626010900100710003,1,대지,71,3,부산광역시 동래구 사직동 71-3,262602006012,부산광역시 동래구 아시아드대로,175,,2626010900100710003008671,,부산광역시 동래구 아시아드대로 175,607817,47858,,5,,129.064473215008,35.2000144054306
MA0101202406A0018114,레아핏PT,,R1,예술·스포츠,R103,스포츠 서비스,R10307,헬스장,R91132,체력 단련시설 운영업,26,부산광역시,26350,해운대구,26350510,우1동,2635010500,우동,2635010500106440002,1,대지,644,2,부산광역시 해운대구 우동 644-2,263504199275,부산광역시 해운대구 해운대로570번길,23,,2635010500106440002000001,더세일링타워,부산광역시 해운대구 해운대로570번길 23,612821,48094,,1,,129.156651625403,35.1606403151188
MA0101202406A0384984,빅스짐,신호점,R1,예술·스포츠,R103,스포츠 서비스,R10307,헬스장,R91132,체력 단련시설 운영업,26,부산광역시,26440,강서구,26440590,신호동,2644011700,신호동,2644011700102170001,1,대지,217,1,부산광역시 강서구 신호동 217-1,264403136057,부산광역시 강서구 신호산단2로,33,,2644011700102170001000001,골든뷰,부산광역시 강서구 신호산단2로 33,618290,46759,,,,128.877767281935,35.0859441899645
MA0101202406A0266060,헬스보이짐&WeWe필라테스&요가당리점,,R1,예술·스포츠,R103,스포츠 서비스,R10307,헬스장,P85612,기타 스포츠 교육기관,26,부산광역시,26380,사하구,26380550,당리동,2638010200,당리동,2638010200103240004,1,대지,324,4,부산광역시 사하구 당리동 324-4,263802006002,부산광역시 사하구 낙동대로,381,,2638010200103240004040518,삼원당리프라자,부산광역시 사하구 낙동대로 381,604830,49411,,,,128.976192063253,35.1024573876999
MA0101202406A0051498,뉴로트레이닝센터,,R1,예술·스포츠,R103,스포츠 서비스,R10307,헬스장,R91132,체력 단련시설 운영업,26,부산광역시,26290,남구,26290530,대연3동,2629010600,대연동,2629010600100380014,1,대지,38,14,부산광역시 남구 대연동 38-14,262904193156,부산광역시 남구 수영로346번길,11,,2629010600100380014000092,,부산광역시 남구 수영로346번길 11,608804,48509,,4,,129.103846259956,35.1384005459972
MA0101202406A0196813,포바디짐,,R1,예술·스포츠,R103,스포츠 서비스,R10307,헬스장,R91132,체력 단련시설 운영업,26,부산광역시,26470,연제구,26470650,연산1동,2647010200,연산동,2647010200105810004,1,대지,581,4,부산광역시 연제구 연산동 581-4,264703006041,부산광역시 연제구 거제천로,258,,2647010200105810004009494,월드빌스포츠센터,부산광역시 연제구 거제천로 258,611821,47518,,7,,129.085260561192,35.1916107829157
MA0101202406A0422621,올라잇짐피트니스,,R1,예술·스포츠,R103,스포츠 서비스,R10307,헬스장,R91132,체력 단련시설 운영업,26,부산광역시,26320,북구,26320573,만덕3동,2632010300,만덕동,2632010300102310004,1,대지,231,4,부산광역시 북구 만덕동 231-4,263204196170,부산광역시 북구 만덕3로33번길,4,9,2632010300102310004011144,,부산광역시 북구 만덕3로33번길 4-9,616825,46562,,4,,129.028135077869,35.21199237811
MA0101202406A0088828,베베짐,,R1,예술·스포츠,R103,스포츠 서비스,R10307,헬스장,R91132,체력 단련시설 운영업,26,부산광역시,26710,기장군,26710259,일광읍,2671025921,일광읍,2671025921108090001,1,대지,809,1,부산광역시 기장군 일광읍 삼성리 809-1,267103352375,부산광역시 기장군 일광읍 해빛1로,74,,2671031021108090001000001,골드타워,부산광역시 기장군 일광읍 해빛1로 74,619912,46048,,6,,129.22280372319,35.2603248298837
MA0101202406A0034687,인앤스타,,R1,예술·스포츠,R103,스포츠 서비스,R10307,헬스장,R91132,체력 단련시설 운영업,26,부산광역시,26410,금정구,26410580,부곡2동,2641010900,부곡동,2641010900102350001,1,대지,235,1,부산광역시 금정구 부곡동 235-1,264104205389,부산광역시 금정구 중앙대로1685번길,7,,2641010900102350001027204,부곡빌딩,부산광역시 금정구 중앙대로1685번길 7,609821,46278,,3,,129.091239307129,35.2346816911797
MA0101202406A0466934,오성피트니스,,R1,예술·스포츠,R103,스포츠 서비스,R10307,헬스장,P85612,기타 스포츠 교육기관,26,부산광역시,26140,서구,26140520,동대신2동,2614010200,동대신동2가,2614010200100580000,1,대지,58,,부산광역시 서구 동대신동2가 58,261402006003,부산광역시 서구 보수대로,198,1,2614010200100580000001445,,부산광역시 서구 보수대로 198-1,602809,49215,,2,,129.021118952791,35.1131253590122
MA0101202406A0329509,풀핏덕포,,R1,예술·스포츠,R103,스포츠 서비스,R10307,헬스장,R91132,체력 단련시설 운영업,26,부산광역시,26530,사상구,26530610,덕포2동,2653010300,덕포동,2653010300104040005,1,대지,404,5,부산광역시 사상구 덕포동 404-5,265303132023,부산광역시 사상구 사상로,336,,2653010300104040005003907,,부산광역시 사상구 사상로 336,617814,46945,,3,,128.984444468849,35.1745610420513
MA0101202406A0475386,와이트레이닝센터,동래점,R1,예술·스포츠,R103,스포츠 서비스,R10307,헬스장,R91132,체력 단련시설 운영업,26,부산광역시,26260,동래구,26260545,명륜동,2626010700,명륜동,2626010700107530000,1,대지,753,,부산광역시 동래구 명륜동 753,262604190113,부산광역시 동래구 명륜로187번길,47,,2626010700107530000000542,쌍용예가,부산광역시 동래구 명륜로187번길 47,607806,47743,,3,,129.080133259385,35.2109476167944
MA0101202406A0369052,피트니스2Q,,R1,예술·스포츠,R103,스포츠 서비스,R10307,헬스장,P85501,일반 교과학원,26,부산광역시,26230,부산진구,26230700,당감4동,2623010900,당감동,2623010900104300001,1,대지,430,1,부산광역시 부산진구 당감동 430-1,262303129006,부산광역시 부산진구 당감로,35,1,2623010900102820053000001,,부산광역시 부산진구 당감로 35-1,614821,47180,,3,,129.039142643053,35.1647667502036
MA0101202406A0565440,에스아이,,R1,예술·스포츠,R103,스포츠 서비스,R10307,헬스장,R91132,체력 단련시설 운영업,26,부산광역시,26230,부산진구,26230710,가야1동,2623011000,가야동,2623011000105850000,1,대지,585,,부산광역시 부산진구 가야동 585,262304211446,부산광역시 부산진구 가야대로552번길,79,,2623011000105850000000002,가야봄여름가을겨울,부산광역시 부산진구 가야대로552번길 79,614807,47336,,2,,129.033700438497,35.1502593613904
MA0101202406A0431951,바디닥터짐,,R1,예술·스포츠,R103,스포츠 서비스,R10307,헬스장,R91132,체력 단련시설 운영업,26,부산광역시,26500,수영구,26500800,민락동,2650010300,민락동,2650010300101610015,1,대지,161,15,부산광역시 수영구 민락동 161-15,265003138002,부산광역시 수영구 광남로,211,,2650010300101610016005015,서연빌딩,부산광역시 수영구 광남로 211,613829,48277,,7,,129.122042402385,35.1589628183422
MA0101202406A0428213,아워짐,,R1,예술·스포츠,R103,스포츠 서비스,R10307,헬스장,R91132,체력 단련시설 운영업,26,부산광역시,26260,동래구,26260600,사직3동,2626010900,사직동,2626010900100640017,1,대지,64,17,부산광역시 동래구 사직동 64-17,262604190315,부산광역시 동래구 아시아드대로164번길,8,,2626010900100640017008485,,부산광역시 동래구 아시아드대로164번길 8,607816,47842,,4,,129.065655024834,35.1989939601161
MA0101202406A0416344,무브앤스웻,,R1,예술·스포츠,R103,스포츠 서비스,R10307,헬스장,R91132,체력 단련시설 운영업,26,부산광역시,26500,수영구,26500760,광안1동,2650010400,광안동,2650010400100980005,1,대지,98,5,부산광역시 수영구 광안동 98-5,265003131037,부산광역시 수영구 수영로,660,,2650010400100980005016313,,부산광역시 수영구 수영로 660,613801,48268,,2,,129.114914256373,35.1646386048685
MA0101202406A0191120,더진짜휘트니스,,R1,예술·스포츠,R103,스포츠 서비스,R10307,헬스장,R91132,체력 단련시설 운영업,26,부산광역시,26530,사상구,26530660,주례2동,2653010600,주례동,2653010600112410014,1,대지,1241,14,부산광역시 사상구 주례동 1241-14,265302006008,부산광역시 사상구 백양대로,370,,2653010600112410014000001,,부산광역시 사상구 백양대로 370,617012,46997,,5,,129.011352420854,35.1530206525639
MA0101202406A0045894,조짐pt,,R1,예술·스포츠,R103,스포츠 서비스,R10307,헬스장,R91132,체력 단련시설 운영업,26,부산광역시,26320,북구,26320520,구포2동,2632010500,구포동,2632010500109170002,1,대지,917,2,부산광역시 북구 구포동 917-2,263202006008,부산광역시 북구 백양대로,1039,,2632010500109170002011605,,부산광역시 북구 백양대로 1039,616806,46649,,3,,128.995804912109,35.1983815049788
MA0101202406A0311541,성공PT,,R1,예술·스포츠,R103,스포츠 서비스,R10307,헬스장,R91132,체력 단련시설 운영업,26,부산광역시,26350,해운대구,26350552,좌2동,2635010700,좌동,2635010700114830002,1,대지,1483,2,부산광역시 해운대구 좌동 1483-2,263504199084,부산광역시 해운대구 세실로27번길,15,,2635010700114830002003803,노블시티,부산광역시 해운대구 세실로27번길 15,612842,48111,,,,129.178260974931,35.1681655265811
MA0101202406A0458186,에이치엠피트니스센터,,R1,예술·스포츠,R103,스포츠 서비스,R10307,헬스장,R91132,체력 단련시설 운영업,26,부산광역시,26230,부산진구,26230520,부전2동,2623010300,부전동,2623010300101830001,1,대지,183,1,부산광역시 부산진구 부전동 183-1,262304187419,부산광역시 부산진구 서전로10번길,61,,2623010300101860001029420,쥬디스태화신관,부산광역시 부산진구 서전로10번길 61,614845,47295,,7,,129.060353333272,35.1551167449119
MA0101202406A0259380,스탠다드짐,,R1,예술·스포츠,R103,스포츠 서비스,R10307,헬스장,R91132,체력 단련시설 운영업,26,부산광역시,26290,남구,26290590,용호3동,2629010700,용호동,2629010700100840005,1,대지,84,5,부산광역시 남구 용호동 84-5,262903131025,부산광역시 남구 용호로,91,,2629010700100840005008641,휴렉스,부산광역시 남구 용호로 91,608831,48577,,4,,129.112743499738,35.1239804013713
MA0101202311A0056011,굿니스피티,,R1,예술·스포츠,R103,스포츠 서비스,R10307,헬스장,R91132,체력 단련시설 운영업,26,부산광역시,26230,부산진구,26230600,전포1동,2623010200,전포동,2623010200103370008,1,대지,337,8,부산광역시 부산진구 전포동 337-8,262304187663,부산광역시 부산진구 전포대로200번길,33,,2623010200103370008034632,,부산광역시 부산진구 전포대로200번길 33,614867,47304,,1,,129.067344486334,35.1547452818865
MA0101202406A0290562,노블레스짐,,R1,예술·스포츠,R103,스포츠 서비스,R10307,헬스장,R91132,체력 단련시설 운영업,26,부산광역시,26470,연제구,26470650,연산1동,2647010200,연산동,2647010200103020003,1,대지,302,3,부산광역시 연제구 연산동 302-3,264703137017,부산광역시 연제구 신금로,25,,2647010200103020003018510,노블레스스퀘어,부산광역시 연제구 신금로 25,611811,47560,,,,129.094371555541,35.1915976783422
MA0101202406A0070377,오르카짐,,R1,예술·스포츠,R103,스포츠 서비스,R10307,헬스장,R91132,체력 단련시설 운영업,26,부산광역시,26140,서구,26140680,암남동,2614012400,암남동,2614012400100620017,1,대지,62,17,부산광역시 서구 암남동 62-17,261403006004,부산광역시 서구 감천로,253,,2614012400100620017017647,,부산광역시 서구 감천로 253,602830,49265,,3,,129.015682513873,35.0816386217243
MA0101202406A0043618,플러스휘트니스,,R1,예술·스포츠,R103,스포츠 서비스,R10307,헬스장,R91132,체력 단련시설 운영업,26,부산광역시,26380,사하구,26380601,다대1동,2638010600,다대동,2638010600115480018,1,대지,1548,18,부산광역시 사하구 다대동 1548-18,263804202164,부산광역시 사하구 다대낙조2길,3,,2638010600115480018041126,,부산광역시 사하구 다대낙조2길 3,604827,49505,,2,,128.965851777272,35.0503925575017
MA0101202311A0050415,프리미엄스퀘어짐,,R1,예술·스포츠,R103,스포츠 서비스,R10307,헬스장,R91132,체력 단련시설 운영업,26,부산광역시,26320,북구,26320542,화명2동,2632010200,화명동,2632010200101900001,1,대지,190,1,부산광역시 북구 화명동 190-1,263202132001,부산광역시 북구 금곡대로,368,,2632010200101900001000208,,부산광역시 북구 금곡대로 368,616833,46517,,2,,129.014264881655,35.2412324162651
MA0101202311A0011395,마이루틴짐,,R1,예술·스포츠,R103,스포츠 서비스,R10307,헬스장,R91132,체력 단련시설 운영업,26,부산광역시,26470,연제구,26470630,거제3동,2647010100,거제동,2647010100105840001,1,대지,584,1,부산광역시 연제구 거제동 584-1,264703137001,부산광역시 연제구 거제시장로,42,,2647010100105840001012569,,부산광역시 연제구 거제시장로 42,611804,47543,,4,,129.070884157112,35.1831253729594
MA0101202409A0139468,제이앤핏,,R1,예술·스포츠,R103,스포츠 서비스,R10307,헬스장,R91132,체력 단련시설 운영업,26,부산광역시,26290,남구,26290700,문현3동,2629010900,문현동,2629010900104050006,1,대지,405,6,부산광역시 남구 문현동 405-6,262903131037,부산광역시 남구 수영로,19,,2629010900104050006015363,,부산광역시 남구 수영로 19,608824,48415,,3,,129.069896695652,35.1372461853877
MA0101202409A0082343,유플렉스짐,화명점,R1,예술·스포츠,R103,스포츠 서비스,R10307,헬스장,R91132,체력 단련시설 운영업,26,부산광역시,26320,북구,26320543,화명3동,2632010200,화명동,2632010200122700003,1,대지,2270,3,부산광역시 북구 화명동 2270-3,263202132002,부산광역시 북구 화명대로,9,,2632010200122700003016161,코스모북부산빌딩,부산광역시 북구 화명대로 9,616852,46524,,8,,129.009370344441,35.2356274800806
MA0101202409A0239235,건담짐헬스&PT,화명점,R1,예술·스포츠,R103,스포츠 서비스,R10307,헬스장,R91132,체력 단련시설 운영업,26,부산광역시,26320,북구,26320543,화명3동,2632010200,화명동,2632010200122770004,1,대지,2277,4,부산광역시 북구 화명동 2277-4,263202132001,부산광역시 북구 금곡대로,287,,2632010200122770004007901,삼한골든뷰,부산광역시 북구 금곡대로 287,616852,46526,,11,,129.013310715534,35.2341831999158
MA0101202409A0111411,헬스캐어,,R1,예술·스포츠,R103,스포츠 서비스,R10307,헬스장,P85612,기타 스포츠 교육기관,26,부산광역시,26230,부산진구,26230540,연지동,2623010600,연지동,2623010600101250000,1,대지,125,,부산광역시 부산진구 연지동 125,262304187415,부산광역시 부산진구 새싹로92번길,68,,2623010600101250000050624,,부산광역시 부산진구 새싹로92번길 68,614860,47196,,,,129.052769383727,35.168141170901
MA0101202409A0246658,이루짐,,R1,예술·스포츠,R103,스포츠 서비스,R10307,헬스장,R91132,체력 단련시설 운영업,26,부산광역시,26230,부산진구,26230720,가야2동,2623011000,가야동,2623011000106290000,1,대지,629,,부산광역시 부산진구 가야동 629,262302006015,부산광역시 부산진구 가야대로,509,,2623011000106290000019249,가야스퀘어,부산광역시 부산진구 가야대로 509,614801,47270,,6,,129.027757075509,35.1534950793058
MA0101202409A0137837,레몬짐PT,,R1,예술·스포츠,R103,스포츠 서비스,R10307,헬스장,R91132,체력 단련시설 운영업,26,부산광역시,26260,동래구,26260545,명륜동,2626010700,명륜동,2626010700104500004,1,대지,450,4,부산광역시 동래구 명륜동 450-4,262604190101,부산광역시 동래구 명륜로103번길,20,,2626010700104500004014362,,부산광역시 동래구 명륜로103번길 20,607804,47738,,2,,129.082073769245,35.2030922533609
MA0101202409A0018506,버닝209그룹PT/그룹운동,,R1,예술·스포츠,R103,스포츠 서비스,R10307,헬스장,R91132,체력 단련시설 운영업,26,부산광역시,26500,수영구,26500800,민락동,2650010300,민락동,2650010300101610017,1,대지,161,17,부산광역시 수영구 민락동 161-17,265003138002,부산광역시 수영구 광남로,209,,2650010300101610017004496,스타빌딩,부산광역시 수영구 광남로 209,613829,48277,,1,,129.121855477662,35.1589480706868
MA0101202409A0027528,바바바디라운지,,R1,예술·스포츠,R103,스포츠 서비스,R10307,헬스장,R91132,체력 단련시설 운영업,26,부산광역시,26380,사하구,26380561,하단1동,2638010300,하단동,2638010300105890022,1,대지,589,22,부산광역시 사하구 하단동 589-22,263803006030,부산광역시 사하구 낙동남로,1426,,2638010300105890022011903,하단프라자,부산광역시 사하구 낙동남로 1426,604850,49427,,5,,128.96761260077,35.1059313724685
MA0101202409A0238289,에스클래스짐,,R1,예술·스포츠,R103,스포츠 서비스,R10307,헬스장,R91132,체력 단련시설 운영업,26,부산광역시,26230,부산진구,26230560,양정1동,2623010100,양정동,2623010100105110003,1,대지,511,3,부산광역시 부산진구 양정동 511-3,262303129011,부산광역시 부산진구 동평로,350,,2623010100105110003054044,양정현대프라자,부산광역시 부산진구 동평로 350,614858,47206,,6,,129.063245723603,35.1744875148685
MA0101202409A0046691,오케이피트니스,다대점,R1,예술·스포츠,R103,스포츠 서비스,R10307,헬스장,P85612,기타 스포츠 교육기관,26,부산광역시,26380,사하구,26380601,다대1동,2638010600,다대동,2638010600115480024,1,대지,1548,24,부산광역시 사하구 다대동 1548-24,263804202163,부산광역시 사하구 다대낙조1길,5,,2638010600115480024018631,,부산광역시 사하구 다대낙조1길 5,604827,49505,,4,,128.965232167173,35.0492310476477
MA0101202406A0011511,새싹피티,,R1,예술·스포츠,R103,스포츠 서비스,R10307,헬스장,R91132,체력 단련시설 운영업,26,부산광역시,26320,북구,26320543,화명3동,2632010200,화명동,2632010200123160012,1,대지,2316,12,부산광역시 북구 화명동 2316-12,263204196380,부산광역시 북구 학사로17번나길,21,,2632010200123160012010804,하은빌딩,부산광역시 북구 학사로17번나길 21,616853,46542,,2,,129.008198751986,35.2233010044434
MA0101202406A0343536,케이앤피트니스,,R1,예술·스포츠,R103,스포츠 서비스,R10307,헬스장,P85612,기타 스포츠 교육기관,26,부산광역시,26140,서구,26140590,부민동,2614011000,부민동2가,2614011000100090001,1,대지,9,1,부산광역시 서구 부민동2가 9-1,261403126015,부산광역시 서구 임시수도기념로,13,,2614011000100090001007870,,부산광역시 서구 임시수도기념로 13,602072,49236,,1,,129.019108358662,35.1032008789614
MA0101202406A0264832,404피트니스사상점,,R1,예술·스포츠,R103,스포츠 서비스,R10307,헬스장,R91132,체력 단련시설 운영업,26,부산광역시,26530,사상구,26530620,괘법동,2653010400,괘법동,2653010400105470004,1,대지,547,4,부산광역시 사상구 괘법동 547-4,265303139003,부산광역시 사상구 광장로,84,,2653010400105470004000001,하이앤드빌딩,부산광역시 사상구 광장로 84,617807,46975,,,,128.985907576522,35.1616142084671
MA0101202406A0368628,반송헬스타운,,R1,예술·스포츠,R103,스포츠 서비스,R10307,헬스장,R91132,체력 단련시설 운영업,26,부산광역시,26350,해운대구,26350610,반송1동,2635010100,반송동,2635010100102570251,1,대지,257,251,부산광역시 해운대구 반송동 257-251,263503133028,부산광역시 해운대구 아랫반송로,15,,2635010100102570252000146,,부산광역시 해운대구 아랫반송로 15,612805,48017,,,,129.147782004551,35.22555390156
MA0101202406A0209081,피트니스에이,,R1,예술·스포츠,R103,스포츠 서비스,R10307,헬스장,R91132,체력 단련시설 운영업,26,부산광역시,26290,남구,26290530,대연3동,2629010600,대연동,2629010600102520007,1,대지,252,7,부산광역시 남구 대연동 252-7,262904193469,부산광역시 남구 황령대로319번가길,11,,2629010600102520007000001,,부산광역시 남구 황령대로319번가길 11,608806,48427,,2,,129.091410632824,35.1501597232057
MA0101202406A0434718,스웻하우스,,R1,예술·스포츠,R103,스포츠 서비스,R10307,헬스장,R91132,체력 단련시설 운영업,26,부산광역시,26230,부산진구,26230610,전포2동,2623010200,전포동,2623010200101930014,1,대지,193,14,부산광역시 부산진구 전포동 193-14,262304187424,부산광역시 부산진구 서전로57번길,43,,2623010200101930014028584,,부산광역시 부산진구 서전로57번길 43,614865,47301,,2,,129.065923318426,35.1597259188046
MA0101202406A0374538,짐베이스헬스&PT,,R1,예술·스포츠,R103,스포츠 서비스,R10307,헬스장,R91132,체력 단련시설 운영업,26,부산광역시,26230,부산진구,26230610,전포2동,2623010200,전포동,2623010200106370001,1,대지,637,1,부산광역시 부산진구 전포동 637-1,262302006005,부산광역시 부산진구 전포대로,265,,2623010200106370001051191,,부산광역시 부산진구 전포대로 265,614865,47242,,3,,129.064895426604,35.160302169384
MA0101202406A0269577,핏핏바디트레이닝PT센터수영,민락점,R1,예술·스포츠,R103,스포츠 서비스,R10307,헬스장,R91132,체력 단련시설 운영업,26,부산광역시,26500,수영구,26500730,수영동,2650010200,수영동,2650010200105270000,1,대지,527,,부산광역시 수영구 수영동 527,265003131037,부산광역시 수영구 수영로,769,,2650010200105270000004121,,부산광역시 수영구 수영로 769,613832,48222,,3,,129.122792861298,35.1667265836827
MA0101202406A0136364,젬스톤피트니스,해운대장산점,R1,예술·스포츠,R103,스포츠 서비스,R10307,헬스장,R91132,체력 단련시설 운영업,26,부산광역시,26350,해운대구,26350551,좌1동,2635010700,좌동,2635010700114610003,1,대지,1461,3,부산광역시 해운대구 좌동 1461-3,263503133038,부산광역시 해운대구 좌동로,96,,2635010700114610003000001,블루스퀘어,부산광역시 해운대구 좌동로 96,612836,48106,,4,,129.175616037526,35.1722772106107
MA0101202406A0357873,프로팰리스짐,,R1,예술·스포츠,R103,스포츠 서비스,R10307,헬스장,R91132,체력 단련시설 운영업,26,부산광역시,26320,북구,26320571,만덕1동,2632010300,만덕동,2632010300108300006,1,대지,830,6,부산광역시 북구 만덕동 830-6,263203132006,부산광역시 북구 만덕1로,17,,2632010300108300006003440,,부산광역시 북구 만덕1로 17,616828,46561,,2,,129.035597496757,35.2140208651352
MA0101202406A0397779,피트니스메이트그룹운동센터,,R1,예술·스포츠,R103,스포츠 서비스,R10307,헬스장,R91132,체력 단련시설 운영업,26,부산광역시,26260,동래구,26260550,온천1동,2626010800,온천동,2626010800101700003,1,대지,170,3,부산광역시 동래구 온천동 170-3,262603130001,부산광역시 동래구 금강공원로,11,,2626010800101700003012910,온천메디플러스,부산광역시 동래구 금강공원로 11,607833,47711,,6,,129.083165784243,35.2183299467544
MA0101202409A0106772,멋짐,,R1,예술·스포츠,R103,스포츠 서비스,R10307,헬스장,R91132,체력 단련시설 운영업,26,부산광역시,26470,연제구,26470680,연산4동,2647010200,연산동,2647010200105880012,1,대지,588,12,부산광역시 연제구 연산동 588-12,264703130026,부산광역시 연제구 반송로,21,,2647010200105880012019034,화성빌딩,부산광역시 연제구 반송로 21,611820,47520,,5,,129.083203225533,35.187563979522
MA0101202409A0201405,솔레노어양정,,R1,예술·스포츠,R103,스포츠 서비스,R10307,헬스장,R91132,체력 단련시설 운영업,26,부산광역시,26230,부산진구,26230560,양정1동,2623010100,양정동,2623010100103990021,1,대지,399,21,부산광역시 부산진구 양정동 399-21,262302348120,부산광역시 부산진구 거제대로,36,,2623010100103990021000975,신협양정빌딩,부산광역시 부산진구 거제대로 36,614856,47212,,2,,129.06775608608,35.1718693052842
MA0101202409A0086844,제이투피트니스,,R1,예술·스포츠,R103,스포츠 서비스,R10307,헬스장,P85613,레크리에이션 교육기관,26,부산광역시,26230,부산진구,26230740,개금1동,2623011100,개금동,2623011100102010010,1,대지,201,10,부산광역시 부산진구 개금동 201-10,262302006015,부산광역시 부산진구 가야대로,473,,2623011100102010010026680,,부산광역시 부산진구 가야대로 473,614813,47268,,B1,,129.023785550725,35.1535164495399
MA0101202409A0250985,엔제이피트니스냉정점,,R1,예술·스포츠,R103,스포츠 서비스,R10307,헬스장,R91139,그 외 기타 스포츠시설 운영업,26,부산광역시,26530,사상구,26530660,주례2동,2653010600,주례동,2653010600100570014,1,대지,57,14,부산광역시 사상구 주례동 57-14,265302006015,부산광역시 사상구 가야대로,384,,2653010600100570014016169,,부산광역시 사상구 가야대로 384,617833,47006,,7,,129.014561936547,35.151020779152
MA0101202409A0070854,케이엔컴퍼니,,R1,예술·스포츠,R103,스포츠 서비스,R10307,헬스장,R91132,체력 단련시설 운영업,26,부산광역시,26470,연제구,26470610,거제1동,2647010100,거제동,2647010100102030008,1,대지,203,8,부산광역시 연제구 거제동 203-8,264703137014,부산광역시 연제구 법원북로,45,,2647010100102030008018987,조선빌딩,부산광역시 연제구 법원북로 45,611803,47502,,2,,129.071879800563,35.1942376126912
MA0101202406A0474883,에프사십오센텀시티,,R1,예술·스포츠,R103,스포츠 서비스,R10307,헬스장,R91132,체력 단련시설 운영업,26,부산광역시,26350,해운대구,26350520,우2동,2635010500,우동,2635010500115060000,1,대지,1506,,부산광역시 해운대구 우동 1506,263503133013,부산광역시 해운대구 센텀3로,26,,2635010500115060000000001,센텀스퀘어,부산광역시 해운대구 센텀3로 26,612889,48060,,5,,129.133459555478,35.1671428849622
MA0101202406A0355415,반반피트니스,,R1,예술·스포츠,R103,스포츠 서비스,R10307,헬스장,R91132,체력 단련시설 운영업,26,부산광역시,26410,금정구,26410520,서2동,2641011000,서동,2641011000101990005,1,대지,199,5,부산광역시 금정구 서동 199-5,264103130027,부산광역시 금정구 서동중심로,62,,2641011000101990005022486,플러스마트,부산광역시 금정구 서동중심로 62,609849,46327,,3,,129.103500662722,35.214418659166
MA0101202409A0166892,더인핏PT&헬스,,R1,예술·스포츠,R103,스포츠 서비스,R10307,헬스장,R91132,체력 단련시설 운영업,26,부산광역시,26530,사상구,26530620,괘법동,2653010400,괘법동,2653010400105330001,1,대지,533,1,부산광역시 사상구 괘법동 533-1,265303132023,부산광역시 사상구 사상로,201,,2653010400105330001000242,사상애플아울렛,부산광역시 사상구 사상로 201,617807,46969,,4,,128.980984606691,35.1631457315728
MA0101202409A0220042,404피트니스PT,만덕점,R1,예술·스포츠,R103,스포츠 서비스,R10307,헬스장,R91139,그 외 기타 스포츠시설 운영업,26,부산광역시,26320,북구,26320573,만덕3동,2632010300,만덕동,2632010300109240000,1,대지,924,,부산광역시 북구 만덕동 924,263203132005,부산광역시 북구 덕천로,257,,2632010300109240000005227,현대레포션,부산광역시 북구 덕천로 257,616829,46563,,,,129.032393154032,35.21057821785
MA0101202406A0370254,싸피엔스짐명지국제,신도시점,R1,예술·스포츠,R103,스포츠 서비스,R10307,헬스장,R91132,체력 단련시설 운영업,26,부산광역시,26440,강서구,26440535,명지1동,2644010400,명지동,2644010400133570004,1,대지,3357,4,부산광역시 강서구 명지동 3357-4,264403350868,부산광역시 강서구 명지국제8로,237,,2644010400133570004000001,금샘빌딩,부산광역시 강서구 명지국제8로 237,618200,46773,,,,128.918912455933,35.0985023903219
MA0101202406A0330345,에프원피트니스헬스&PT,화명점,R1,예술·스포츠,R103,스포츠 서비스,R10307,헬스장,R91132,체력 단련시설 운영업,26,부산광역시,26320,북구,26320543,화명3동,2632010200,화명동,2632010200122720004,1,대지,2272,4,부산광역시 북구 화명동 2272-4,263202132002,부산광역시 북구 화명대로,27,,2632010200122720004008584,,부산광역시 북구 화명대로 27,616852,46525,,,,129.011260612572,35.2352265965475
MA0101202406A0415699,헬스,명지,R1,예술·스포츠,R103,스포츠 서비스,R10307,헬스장,P85613,레크리에이션 교육기관,26,부산광역시,26440,강서구,26440535,명지1동,2644010400,명지동,2644010400134200007,1,대지,3420,7,부산광역시 강서구 명지동 3420-7,264403350868,부산광역시 강서구 명지국제8로,270,,2644010400116350005000001,모아진빌딩,부산광역시 강서구 명지국제8로 270,618200,46772,,9,,128.922091158284,35.097514778576
MA0101202406A0583557,프롬더블유워너짐하단2지점헬스&PT,,R1,예술·스포츠,R103,스포츠 서비스,R10307,헬스장,R91139,그 외 기타 스포츠시설 운영업,26,부산광역시,26380,사하구,26380561,하단1동,2638010300,하단동,2638010300106050035,1,대지,605,35,부산광역시 사하구 하단동 605-35,263803134026,부산광역시 사하구 하신중앙로,299,,2638010300106050035004745,,부산광역시 사하구 하신중앙로 299,604850,49428,,3,,128.963104174198,35.1040489113853
MA0101202406A0049300,케이앤피트니스,대연점,R1,예술·스포츠,R103,스포츠 서비스,R10307,헬스장,P85612,기타 스포츠 교육기관,26,부산광역시,26290,남구,26290510,대연1동,2629010600,대연동,2629010600112580013,1,대지,1258,13,부산광역시 남구 대연동 1258-13,262903131037,부산광역시 남구 수영로,174,,2629010600112580013004869,,부산광역시 남구 수영로 174,608816,48460,,2,,129.085658664383,35.1345787419901
MA0101202406A0319173,바디팩토리장림점,,R1,예술·스포츠,R103,스포츠 서비스,R10307,헬스장,R91132,체력 단련시설 운영업,26,부산광역시,26380,사하구,26380590,장림2동,2638010500,장림동,2638010500102410040,1,대지,241,40,부산광역시 사하구 장림동 241-40,263803134007,부산광역시 사하구 다대로,247,,2638010500200290004030295,,부산광역시 사하구 다대로 247,604840,49509,,,,128.977554009848,35.0803020349561
MA0101202406A0300499,미채,,R1,예술·스포츠,R103,스포츠 서비스,R10307,헬스장,R91132,체력 단련시설 운영업,26,부산광역시,26320,북구,26320543,화명3동,2632010200,화명동,2632010200122690002,1,대지,2269,2,부산광역시 북구 화명동 2269-2,263204196053,부산광역시 북구 금곡대로303번길,12,,2632010200122690002013047,샤롯데,부산광역시 북구 금곡대로303번길 12,616852,46525,,,,129.013062221597,35.2356832617318
MA0101202406A0056125,바디모어핏,,R1,예술·스포츠,R103,스포츠 서비스,R10307,헬스장,R91132,체력 단련시설 운영업,26,부산광역시,26260,동래구,26260750,안락2동,2626010200,안락동,2626010200104720082,1,대지,472,82,부산광역시 동래구 안락동 472-82,262604190547,부산광역시 동래구 충렬대로459번길,20,,2626010200104720082021192,,부산광역시 동래구 충렬대로459번길 20,607826,47798,,3,,129.10945178493,35.1957334328478
MA0101202406A0539436,프롬더블유위너짐,남천점,R1,예술·스포츠,R103,스포츠 서비스,R10307,헬스장,R91132,체력 단련시설 운영업,26,부산광역시,26500,수영구,26500660,남천1동,2650010500,남천동,2650010500102580004,1,대지,258,4,부산광역시 수영구 남천동 258-4,265004214239,부산광역시 수영구 수영로384번길,8,,2650010500102580004002617,,부산광역시 수영구 수영로384번길 8,613816,48312,,3,,129.106828351087,35.1404574193444
MA0101202409A0161886,금메달짐,,R1,예술·스포츠,R103,스포츠 서비스,R10307,헬스장,R91132,체력 단련시설 운영업,26,부산광역시,26470,연제구,26470610,거제1동,2647010100,거제동,2647010100114620033,1,대지,1462,33,부산광역시 연제구 거제동 1462-33,264704211041,부산광역시 연제구 거제천로269번길,44,,2647010100114620033008948,,부산광역시 연제구 거제천로269번길 44,611803,47517,,1,,129.086612017501,35.1938043303066
MA0101202409A0139582,태리짐,,R1,예술·스포츠,R103,스포츠 서비스,R10307,헬스장,R91132,체력 단련시설 운영업,26,부산광역시,26350,해운대구,26350525,우3동,2635010500,우동,2635010500114350003,1,대지,1435,3,부산광역시 해운대구 우동 1435-3,263503133005,부산광역시 해운대구 마린시티3로,37,,2635010500114350003015459,한일오르듀,부산광역시 해운대구 마린시티3로 37,612020,48118,,,,129.146606367595,35.155447974014
MA0101202409A0067795,스마일짐,,R1,예술·스포츠,R103,스포츠 서비스,R10307,헬스장,R91132,체력 단련시설 운영업,26,부산광역시,26230,부산진구,26230520,부전2동,2623010300,부전동,2623010300105170017,1,대지,517,17,부산광역시 부산진구 부전동 517-17,262303129025,부산광역시 부산진구 서면로,51,,2623010300105170017037890,,부산광역시 부산진구 서면로 51,614847,47287,,10,,129.057573821853,35.1554163246814
MA0101202409A0162998,물리치료사의바디포스쳐PT,,R1,예술·스포츠,R103,스포츠 서비스,R10307,헬스장,R91132,체력 단련시설 운영업,26,부산광역시,26350,해운대구,26350570,반여1동,2635010300,반여동,2635010300116390005,1,대지,1639,5,부산광역시 해운대구 반여동 1639-5,263503133009,부산광역시 해운대구 선수촌로,92,,2635010300116390005005451,반여,부산광역시 해운대구 선수촌로 92,612061,48037,,3,,129.119533620059,35.201802254644
MA0101202409A0115824,핏튜브짐,민락점,R1,예술·스포츠,R103,스포츠 서비스,R10307,헬스장,R91132,체력 단련시설 운영업,26,부산광역시,26500,수영구,26500800,민락동,2650010300,민락동,2650010300101810079,1,대지,181,79,부산광역시 수영구 민락동 181-79,265003138016,부산광역시 수영구 민락수변로,49,,2650010300101810079007200,광안KCC스위첸하버뷰,부산광역시 수영구 민락수변로 49,613828,48283,,2,,129.126151271024,35.1536730936177
MA0101202409A0193735,정석피트니스반여점,,R1,예술·스포츠,R103,스포츠 서비스,R10307,헬스장,R91132,체력 단련시설 운영업,26,부산광역시,26350,해운대구,26350570,반여1동,2635010300,반여동,2635010300114410053,1,대지,1441,53,부산광역시 해운대구 반여동 1441-53,263503133009,부산광역시 해운대구 선수촌로,58,,2635010300114410053023149,,부산광역시 해운대구 선수촌로 58,612811,48039,,2,,129.118877816464,35.1989571067709
MA0101202409A0006865,칼리스핏,,R1,예술·스포츠,R103,스포츠 서비스,R10307,헬스장,R91132,체력 단련시설 운영업,26,부산광역시,26410,금정구,26410610,장전2동,2641010800,장전동,2641010800104240002,1,대지,424,2,부산광역시 금정구 장전동 424-2,264103130022,부산광역시 금정구 금강로,247,5,2641010800104240002011221,상지빌딩,부산광역시 금정구 금강로 247-5,609840,46288,,4,,129.084423263288,35.2301403775533
MA0101202409A0062566,모션업피트니스,,R1,예술·스포츠,R103,스포츠 서비스,R10307,헬스장,R91132,체력 단련시설 운영업,26,부산광역시,26110,중구,26110530,대청동,2611011700,대청동2가,2611011700100320001,1,대지,32,1,부산광역시 중구 대청동2가 32-1,261103125002,부산광역시 중구 광복중앙로,32,1,2611011700100320001008497,,부산광역시 중구 광복중앙로 32-1,600092,48949,,4,,129.031124336915,35.102216065431
MA0101202409A0211031,아이언짐,,R1,예술·스포츠,R103,스포츠 서비스,R10307,헬스장,R91132,체력 단련시설 운영업,26,부산광역시,26440,강서구,26440535,명지1동,2644010400,명지동,2644010400136030007,1,대지,3603,7,부산광역시 강서구 명지동 3603-7,264403350853,부산광역시 강서구 명지국제2로28번길,34,,2644010400136030007000001,에코팰리스,부산광역시 강서구 명지국제2로28번길 34,618200,46726,,5,,128.908856953255,35.0928484471212
MA0101202409A0214769,케이앤피트니스동래,온천점,R1,예술·스포츠,R103,스포츠 서비스,R10307,헬스장,R91132,체력 단련시설 운영업,26,부산광역시,26260,동래구,26260560,온천2동,2626010800,온천동,2626010800107280082,1,대지,728,82,부산광역시 동래구 온천동 728-82,262604190483,부산광역시 동래구 충렬대로107번길,49,,2626010800107280082000933,,부산광역시 동래구 충렬대로107번길 49,607835,47731,,2,,129.072728238943,35.2090470711776
MA0101202409A0139668,404피트니스,하단점,R1,예술·스포츠,R103,스포츠 서비스,R10307,헬스장,P85612,기타 스포츠 교육기관,26,부산광역시,26380,사하구,26380562,하단2동,2638010300,하단동,2638010300105110008,1,대지,511,8,부산광역시 사하구 하단동 511-8,263802006002,부산광역시 사하구 낙동대로,487,,2638010300105110008020564,,부산광역시 사하구 낙동대로 487,604852,49310,,4,,128.966968761932,35.1078883865114
MA0101202409A0225240,페트릭짐헬스&피티,대연점,R1,예술·스포츠,R103,스포츠 서비스,R10307,헬스장,P85612,기타 스포츠 교육기관,26,부산광역시,26290,남구,26290510,대연1동,2629010600,대연동,2629010600117290005,1,대지,1729,5,부산광역시 남구 대연동 1729-5,262903131037,부산광역시 남구 수영로,244,,2629010600117290005006897,,부산광역시 남구 수영로 244,608811,48496,,5,,129.093302753125,35.1349335172471
MA0101202409A0069108,마이애미짐24시헬스PT,센텀점,R1,예술·스포츠,R103,스포츠 서비스,R10307,헬스장,R91132,체력 단련시설 운영업,26,부산광역시,26350,해운대구,26350650,재송1동,2635010400,재송동,2635010400112120000,1,대지,1212,,부산광역시 해운대구 재송동 1212,263503133020,부산광역시 해운대구 센텀중앙로,90,,2635010400112120000000001,큐,부산광역시 해운대구 센텀중앙로 90,612051,48059,,,,129.126432744148,35.1754398948144
MA0101202409A0224012,오케이피트니스헬스&PT,연산점,R1,예술·스포츠,R103,스포츠 서비스,R10307,헬스장,P85612,기타 스포츠 교육기관,26,부산광역시,26470,연제구,26470690,연산5동,2647010200,연산동,2647010200111270007,1,대지,1127,7,부산광역시 연제구 연산동 1127-7,264703129045,부산광역시 연제구 월드컵대로,152,,2647010200111270007022138,CMC빌딩,부산광역시 연제구 월드컵대로 152,611831,47524,,1,,129.079884757864,35.1869992419645
MA0101202409A0136405,굿웨이피트니스,,R1,예술·스포츠,R103,스포츠 서비스,R10307,헬스장,R91132,체력 단련시설 운영업,26,부산광역시,26350,해운대구,26350510,우1동,2635010500,우동,2635010500105980009,1,대지,598,9,부산광역시 해운대구 우동 598-9,263503133040,부산광역시 해운대구 중동1로,15,2,2635010500106100009029528,,부산광역시 해운대구 중동1로 15-2,612820,48095,,4,,129.16159389084,35.1637061907235
MA0101202409A0201479,브이엠짐,,R1,예술·스포츠,R103,스포츠 서비스,R10307,헬스장,R91132,체력 단련시설 운영업,26,부산광역시,26260,동래구,26260550,온천1동,2626010800,온천동,2626010800101830008,1,대지,183,8,부산광역시 동래구 온천동 183-8,262603130032,부산광역시 동래구 온천장로,64,,2626010800101830008012938,,부산광역시 동래구 온천장로 64,607833,47711,,4,,129.081747106677,35.2169575772105
MA0101202409A0186169,051짐,,R1,예술·스포츠,R103,스포츠 서비스,R10307,헬스장,R91132,체력 단련시설 운영업,26,부산광역시,26290,남구,26290510,대연1동,2629010600,대연동,2629010600103250006,1,대지,325,6,부산광역시 남구 대연동 325-6,262903131037,부산광역시 남구 수영로,264,,2629010600103250006000909,금화당,부산광역시 남구 수영로 264,608809,48497,,2,,129.095562587168,35.1353630476903
MA0101202409A0149231,아이언짐,,R1,예술·스포츠,R103,스포츠 서비스,R10307,헬스장,R91132,체력 단련시설 운영업,26,부산광역시,26380,사하구,26380602,다대2동,2638010600,다대동,2638010600100960005,1,대지,96,5,부산광역시 사하구 다대동 96-5,263803134009,부산광역시 사하구 다송로,71,,2638010600100960005000001,제비,부산광역시 사하구 다송로 71,604821,49516,,1,,128.984192742915,35.0619985745152
MA0101202409A0146229,헬스버디짐요가;줌바;필라테스,,R1,예술·스포츠,R103,스포츠 서비스,R10307,헬스장,P85612,기타 스포츠 교육기관,26,부산광역시,26530,사상구,26530600,덕포1동,2653010300,덕포동,2653010300104290007,1,대지,429,7,부산광역시 사상구 덕포동 429-7,265303139018,부산광역시 사상구 운산로,43,,2653010300104290007023752,,부산광역시 사상구 운산로 43,617816,46955,,2,,128.98133076529,35.1683668887756
MA0101202409A0220933,바른목운동센터,,R1,예술·스포츠,R103,스포츠 서비스,R10307,헬스장,R91132,체력 단련시설 운영업,26,부산광역시,26470,연제구,26470620,거제2동,2647010100,거제동,2647010100115360000,1,대지,1536,,부산광역시 연제구 거제동 1536,264702006012,부산광역시 연제구 아시아드대로,39,,2647010100108020000002836,레이카운티,부산광역시 연제구 아시아드대로 39,611072,47529,,2,,129.066063564642,35.1899844370474
MA0101202411A0143774,에프원피트니스사상점,,R1,예술·스포츠,R103,스포츠 서비스,R10307,헬스장,P85612,기타 스포츠 교육기관,26,부산광역시,26530,사상구,26530620,괘법동,2653010400,괘법동,2653010400105350015,1,대지,535,15,부산광역시 사상구 괘법동 535-15,265303132023,부산광역시 사상구 사상로,208,1,2653010400105350015000001,사상티오피,부산광역시 사상구 사상로 208-1,617807,46968,,13,,128.984387771042,35.1636487433211
MA0101202411A0147921,그레이트짐온천장PT&헬스,,R1,예술·스포츠,R103,스포츠 서비스,R10307,헬스장,R91139,그 외 기타 스포츠시설 운영업,26,부산광역시,26260,동래구,26260550,온천1동,2626010800,온천동,2626010800101380003,1,대지,138,3,부산광역시 동래구 온천동 138-3,262604006027,부산광역시 동래구 금강공원로20번길,56,,2626010800101380003013331,,부산광역시 동래구 금강공원로20번길 56,607831,47709,,5,,129.083220509004,35.2213298329225
MA0101202411A0023958,더그릿,,R1,예술·스포츠,R103,스포츠 서비스,R10307,헬스장,R91132,체력 단련시설 운영업,26,부산광역시,26350,해운대구,26350520,우2동,2635010500,우동,2635010500114700000,1,대지,1470,,부산광역시 해운대구 우동 1470,263503133020,부산광역시 해운대구 센텀중앙로,48,,2635010500114710000000001,에이스하이테크,부산광역시 해운대구 센텀중앙로 48,612022,48059,,,,129.129859692776,35.1730186556248
MA0101202411A0009550,에이치피트니스PT,재송점,R1,예술·스포츠,R103,스포츠 서비스,R10307,헬스장,R91199,그 외 기타 스포츠 서비스업,26,부산광역시,26350,해운대구,26350650,재송1동,2635010400,재송동,2635010400110910036,1,대지,1091,36,부산광역시 해운대구 재송동 1091-36,263504199199,부산광역시 해운대구 재송1로60번길,36,,2635010400110910036015411,해송온천,부산광역시 해운대구 재송1로60번길 36,612831,48055,,6,,129.123887882402,35.1860369913231
MA0101202411A0003344,제이짐,,R1,예술·스포츠,R103,스포츠 서비스,R10307,헬스장,R91132,체력 단련시설 운영업,26,부산광역시,26230,부산진구,26230520,부전2동,2623010300,부전동,2623010300101600003,1,대지,160,3,부산광역시 부산진구 부전동 160-3,262302000010,부산광역시 부산진구 중앙대로,712,1,2623010300101600005047931,,부산광역시 부산진구 중앙대로 712-1,614845,47291,,4,,129.059463137336,35.1563664785976
MA0101202411A0180066,유니크짐,,R1,예술·스포츠,R103,스포츠 서비스,R10307,헬스장,R91132,체력 단련시설 운영업,26,부산광역시,26500,수영구,26500670,남천2동,2650010500,남천동,2650010500100070017,1,대지,7,17,부산광역시 수영구 남천동 7-17,265003138002,부산광역시 수영구 광남로,38,,2650010500100070017013111,스타빌딩,부산광역시 수영구 광남로 38,613813,48304,,8,,129.111590810239,35.1460247262925
MA0101202411A0142313,브리너스짐,,R1,예술·스포츠,R103,스포츠 서비스,R10307,헬스장,R91132,체력 단련시설 운영업,26,부산광역시,26500,수영구,26500660,남천1동,2650010500,남천동,2650010500100330021,1,대지,33,21,부산광역시 수영구 남천동 33-21,265003138009,부산광역시 수영구 남천바다로,8,,2650010500100330021013197,,부산광역시 수영구 남천바다로 8,613815,48314,,2,,129.111766047054,35.1498335497383
MA0101202411A0174549,유니크짐,,R1,예술·스포츠,R103,스포츠 서비스,R10307,헬스장,R91132,체력 단련시설 운영업,26,부산광역시,26500,수영구,26500790,광안4동,2650010400,광안동,2650010400103790048,1,대지,379,48,부산광역시 수영구 광안동 379-48,265004214267,부산광역시 수영구 수영로545번길,21,,2650010400103790048003723,유원빌딩,부산광역시 수영구 수영로545번길 21,613806,48262,,6,,129.110988021729,35.1545421198152
MA0101202411A0027448,빅터짐,,R1,예술·스포츠,R103,스포츠 서비스,R10307,헬스장,R91132,체력 단련시설 운영업,26,부산광역시,26530,사상구,26530661,주례3동,2653010600,주례동,2653010600111620001,1,대지,1162,1,부산광역시 사상구 주례동 1162-1,265302006015,부산광역시 사상구 가야대로,256,,2653010600111620002003496,,부산광역시 사상구 가야대로 256,617838,47012,,7,,129.000721734361,35.1499525025911
MA0101202411A0043618,포시즌헬스,,R1,예술·스포츠,R103,스포츠 서비스,R10307,헬스장,R91132,체력 단련시설 운영업,26,부산광역시,26140,서구,26140640,충무동,2614011700,토성동4가,2614011700100020009,1,대지,2,9,부산광역시 서구 토성동4가 2-9,261403006005,부산광역시 서구 구덕로,119,,2614011700100020009011787,,부산광역시 서구 구덕로 119,602054,49253,,4,,129.022920998424,35.096405507114
MA0101202411A0023513,에프원피트니스반여점,,R1,예술·스포츠,R103,스포츠 서비스,R10307,헬스장,R91132,체력 단련시설 운영업,26,부산광역시,26350,해운대구,26350595,반여4동,2635010300,반여동,2635010300111830011,1,대지,1183,11,부산광역시 해운대구 반여동 1183-11,263504006030,부산광역시 해운대구 명장로67번길,131,,2635010300111830011019222,,부산광역시 해운대구 명장로67번길 131,612859,48045,,2,,129.116736323735,35.2044284827256
MA0101202411A0176434,유니크짐,,R1,예술·스포츠,R103,스포츠 서비스,R10307,헬스장,R91132,체력 단련시설 운영업,26,부산광역시,26470,연제구,26470660,연산2동,2647010200,연산동,2647010200108210006,1,대지,821,6,부산광역시 연제구 연산동 821-6,264703129044,부산광역시 연제구 연수로,113,1,2647010200108210006009576,비쥬빌오션타워,부산광역시 연제구 연수로 113-1,611840,47604,,2,,129.083320222669,35.1753783564597
MA0101202411A0060324,헬스버디짐사상점,,R1,예술·스포츠,R103,스포츠 서비스,R10307,헬스장,R91132,체력 단련시설 운영업,26,부산광역시,26530,사상구,26530600,덕포1동,2653010300,덕포동,2653010300104290007,1,대지,429,7,부산광역시 사상구 덕포동 429-7,265303139018,부산광역시 사상구 운산로,43,,2653010300104290007023752,,부산광역시 사상구 운산로 43,617816,46955,,4,,128.98133076529,35.1683668887756
MA0101202411A0036786,킹콩짐,대연점,R1,예술·스포츠,R103,스포츠 서비스,R10307,헬스장,R91132,체력 단련시설 운영업,26,부산광역시,26290,남구,26290530,대연3동,2629010600,대연동,2629010600102450157,1,대지,245,157,부산광역시 남구 대연동 245-157,262904193469,부산광역시 남구 황령대로319번가길,137,,2629010600102450157000001,동진스포렉스,부산광역시 남구 황령대로319번가길 137,608806,48427,,4,,129.088954532939,35.1527974433138
MA0101202411A0175023,유니크짐,,R1,예술·스포츠,R103,스포츠 서비스,R10307,헬스장,R91132,체력 단련시설 운영업,26,부산광역시,26290,남구,26290530,대연3동,2629010600,대연동,2629010600100720006,1,대지,72,6,부산광역시 남구 대연동 72-6,262903131037,부산광역시 남구 수영로,300,,2629010600100720006000338,PL아파트,부산광역시 남구 수영로 300,608805,48499,,7,,129.099227408159,35.1366783648146
MA0101202411A0054738,짐핏부산,,R1,예술·스포츠,R103,스포츠 서비스,R10307,헬스장,R91132,체력 단련시설 운영업,26,부산광역시,26410,금정구,26410600,장전1동,2641010800,장전동,2641010800101460005,1,대지,146,5,부산광역시 금정구 장전동 146-5,264104205314,부산광역시 금정구 수림로85번길,53,,2641010800101460005016417,,부산광역시 금정구 수림로85번길 53,609837,46281,,3,,129.083195561233,35.2375329102807
MA0101202505A0057212,낫개점핑다이어트,,R1,예술·스포츠,R103,스포츠 서비스,R10307,헬스장,R91132,체력 단련시설 운영업,26,부산광역시,26380,사하구,26380602,다대2동,2638010600,다대동,2638010600100630015,1,대지,63,15,부산광역시 사하구 다대동 63-15,263804202204,부산광역시 사하구 다대로429번길,1,,2638010600100630015013446,,부산광역시 사하구 다대로429번길 1,604819,49518,,3,,128.980146688647,35.0646511306723
MA0101202505A0020936,럭키짐,,R1,예술·스포츠,R103,스포츠 서비스,R10307,헬스장,R91132,체력 단련시설 운영업,26,부산광역시,26470,연제구,26470650,연산1동,2647010200,연산동,2647010200101050054,1,대지,105,54,부산광역시 연제구 연산동 105-54,264704211116,부산광역시 연제구 과정로343번길,22,,2647010200103140010020353,더스타,부산광역시 연제구 과정로343번길 22,611811,47552,,3,,129.089097005798,35.1901027920339
MA0101202505A0022792,멋짐,,R1,예술·스포츠,R103,스포츠 서비스,R10307,헬스장,R91132,체력 단련시설 운영업,26,부산광역시,26230,부산진구,26230520,부전2동,2623010300,부전동,2623010300105370009,1,대지,537,9,부산광역시 부산진구 부전동 537-9,262304187684,부산광역시 부산진구 중앙대로666번길,50,,2623010300105370009000001,더샵센트럴스타,부산광역시 부산진구 중앙대로666번길 50,614894,47300,,2,,129.060303770563,35.151846367734
MA0101202502A0001275,오케이피트니스,,R1,예술·스포츠,R103,스포츠 서비스,R10307,헬스장,R91132,체력 단련시설 운영업,26,부산광역시,26230,부산진구,26230710,가야1동,2623011000,가야동,2623011000102560009,1,대지,256,9,부산광역시 부산진구 가야동 256-9,262302006015,부산광역시 부산진구 가야대로,561,,2623011000100600037000001,,부산광역시 부산진구 가야대로 561,614804,47271,,2,,129.033247375362,35.1549800761049
MA0101202502A0015120,정석피트니스헬스PT,해운대점,R1,예술·스포츠,R103,스포츠 서비스,R10307,헬스장,R91132,체력 단련시설 운영업,26,부산광역시,26350,해운대구,26350510,우1동,2635010500,우동,2635010500115650000,1,대지,1565,,부산광역시 해운대구 우동 1565,263503132002,부산광역시 해운대구 구남로,21,,2635010500105480038000001,해운대경동리인뷰2차,부산광역시 해운대구 구남로 21,612021,48095,,5,,129.16017469424,35.1627402605519
MA0101202502A0114536,슈퍼짐,초량점,R1,예술·스포츠,R103,스포츠 서비스,R10307,헬스장,R91132,체력 단련시설 운영업,26,부산광역시,26170,동구,26170520,초량2동,2617010100,초량동,2617010100102800009,1,대지,280,9,부산광역시 동구 초량동 280-9,261703006001,부산광역시 동구 초량상로,91,,2617010100102800002014039,삼보빌딩,부산광역시 동구 초량상로 91,601829,48813,,4,,129.038668508897,35.1198154508012
MA0101202501A0013985,마음가짐PT,,R1,예술·스포츠,R103,스포츠 서비스,R10307,헬스장,R91132,체력 단련시설 운영업,26,부산광역시,26260,동래구,26260580,사직1동,2626010900,사직동,2626010900100560008,1,대지,56,8,부산광역시 동래구 사직동 56-8,262602006012,부산광역시 동래구 아시아드대로,187,,2626010900100560008008698,,부산광역시 동래구 아시아드대로 187,607814,47852,,2,,129.064699253302,35.2011369945343
MA0101202502A0035463,프레임체크하우스,,R1,예술·스포츠,R103,스포츠 서비스,R10307,헬스장,R91132,체력 단련시설 운영업,26,부산광역시,26440,강서구,26440535,명지1동,2644010400,명지동,2644010400134320001,1,대지,3432,1,부산광역시 강서구 명지동 3432-1,264403350853,부산광역시 강서구 명지국제2로28번길,23,,2644010400134320001000001,네오웨스턴스퀘어,부산광역시 강서구 명지국제2로28번길 23,618200,46726,,2,,128.909901119561,35.0934267897614
MA0101202502A0015151,케이앤피트니스법원,,R1,예술·스포츠,R103,스포츠 서비스,R10307,헬스장,P85612,기타 스포츠 교육기관,26,부산광역시,26470,연제구,26470620,거제2동,2647010100,거제동,2647010100111670015,1,대지,1167,15,부산광역시 연제구 거제동 1167-15,264703137013,부산광역시 연제구 법원로,2,,2647010100111670015013596,고성빌딩,부산광역시 연제구 법원로 2,611808,47509,,3,,129.072269693403,35.1897071389042
MA0101202501A0058498,달라스짐,,R1,예술·스포츠,R103,스포츠 서비스,R10307,헬스장,R91132,체력 단련시설 운영업,26,부산광역시,26200,영도구,26200540,영선1동,2620010900,영선동2가,2620010900100010001,1,대지,1,1,부산광역시 영도구 영선동2가 1-1,262004184216,부산광역시 영도구 절영로35번길,56,,2620010900100010010015647,,부산광역시 영도구 절영로35번길 56,606042,49053,,1,,129.042071482234,35.0900464900846
MA0101202501A0027881,디파인짐,,R1,예술·스포츠,R103,스포츠 서비스,R10307,헬스장,R91132,체력 단련시설 운영업,26,부산광역시,26380,사하구,26380610,구평동,2638010700,구평동,2638010700105060003,1,대지,506,3,부산광역시 사하구 구평동 506-3,263804853449,부산광역시 사하구 서포로30번길,3,,2638010700105060003000001,,부산광역시 사하구 서포로30번길 3,604060,49459,,3,,128.986338977083,35.0827177760965
MA0101202501A0019086,세찬,,R1,예술·스포츠,R103,스포츠 서비스,R10307,헬스장,R91132,체력 단련시설 운영업,26,부산광역시,26320,북구,26320541,화명1동,2632010200,화명동,2632010200109530000,1,대지,953,,부산광역시 북구 화명동 953,263203132027,부산광역시 북구 화명신도시로,2,,2632010200109530000008687,,부산광역시 북구 화명신도시로 2,616846,46541,,1,,129.00809765799,35.2245462874619
MA0101202501A0013086,언더독바벨클럽,,R1,예술·스포츠,R103,스포츠 서비스,R10307,헬스장,R91132,체력 단련시설 운영업,26,부산광역시,26230,부산진구,26230600,전포1동,2623010200,전포동,2623010200103390005,1,대지,339,5,부산광역시 부산진구 전포동 339-5,262304187427,부산광역시 부산진구 서전로68번길,64,,2623010200103390005013209,,부산광역시 부산진구 서전로68번길 64,614867,47304,,1,,129.067128320288,35.1548751342217
MA0101202501A0064029,고프로PT,,R1,예술·스포츠,R103,스포츠 서비스,R10307,헬스장,R91132,체력 단련시설 운영업,26,부산광역시,26230,부산진구,26230600,전포1동,2623010200,전포동,2623010200106830015,1,대지,683,15,부산광역시 부산진구 전포동 683-15,262304187664,부산광역시 부산진구 전포대로209번길,39,8,2623010200106830016027163,,부산광역시 부산진구 전포대로209번길 39-8,614866,47294,,5,,129.062842601986,35.155056347733
MA0101202504A0056461,에스에프짐,,R1,예술·스포츠,R103,스포츠 서비스,R10307,헬스장,R91132,체력 단련시설 운영업,26,부산광역시,26440,강서구,26440535,명지1동,2644010400,명지동,2644010400135970002,1,대지,3597,2,부산광역시 강서구 명지동 3597-2,264403350851,부산광역시 강서구 명지국제1로,60,1,2644010400135970002000001,S,부산광역시 강서구 명지국제1로 60-1,618200,46726,,10,,128.905435589486,35.0942450662738
MA0101202504A0092481,인모션재활트레이닝센터,,R1,예술·스포츠,R103,스포츠 서비스,R10307,헬스장,R91132,체력 단련시설 운영업,26,부산광역시,26470,연제구,26470730,연산9동,2647010200,연산동,2647010200104190004,1,대지,419,4,부산광역시 연제구 연산동 419-4,264703006054,부산광역시 연제구 과정로,190,,2647010200104190004009036,제이앤엘빌딩,부산광역시 연제구 과정로 190,611817,47567,,6,,129.106458492884,35.1882249219651
MA0101202504A0065232,한국복싱캠프,,R1,예술·스포츠,R103,스포츠 서비스,R10307,헬스장,R91132,체력 단련시설 운영업,26,부산광역시,26470,연제구,26470650,연산1동,2647010200,연산동,2647010200103070025,1,대지,307,25,부산광역시 연제구 연산동 307-25,264703006054,부산광역시 연제구 과정로,336,1,2647010200103070025008219,,부산광역시 연제구 과정로 336-1,611811,47561,,2,,129.091255225037,35.1903629077206
MA0101202504A0089319,진심재활운동센터,,R1,예술·스포츠,R103,스포츠 서비스,R10307,헬스장,R91132,체력 단련시설 운영업,26,부산광역시,26230,부산진구,26230520,부전2동,2623010300,부전동,2623010300102400008,1,대지,240,8,부산광역시 부산진구 부전동 240-8,262303129025,부산광역시 부산진구 서면로,32,,2623010300102400008017911,MMM메티컬센터,부산광역시 부산진구 서면로 32,614846,47289,,20,,129.058065866423,35.1536056382584
MA0101202502A0011068,시스템짐,,R1,예술·스포츠,R103,스포츠 서비스,R10307,헬스장,R91132,체력 단련시설 운영업,26,부산광역시,26500,수영구,26500800,민락동,2650010300,민락동,2650010300101100034,1,대지,110,34,부산광역시 수영구 민락동 110-34,265004214080,부산광역시 수영구 광안해변로358번길,6,,2650010300101100034016749,호원빌딩,부산광역시 수영구 광안해변로358번길 6,613827,48280,,4,,129.131747569183,35.1557915418914
MA0101202502A0105354,핏라이프스타일화명,,R1,예술·스포츠,R103,스포츠 서비스,R10307,헬스장,R91132,체력 단련시설 운영업,26,부산광역시,26320,북구,26320543,화명3동,2632010200,화명동,2632010200122770003,1,대지,2277,3,부산광역시 북구 화명동 2277-3,263202132002,부산광역시 북구 화명대로,44,,2632010200122770003017578,금호타워,부산광역시 북구 화명대로 44,616852,46526,,,,129.01299655698,35.2343596476477
MA0101202502A0083193,네이처피트니스,,R1,예술·스포츠,R103,스포츠 서비스,R10307,헬스장,R91132,체력 단련시설 운영업,26,부산광역시,26260,동래구,26260550,온천1동,2626010800,온천동,2626010800101980011,1,대지,198,11,부산광역시 동래구 온천동 198-11,262603130022,부산광역시 동래구 금강로,91,,2626010800101980011012696,대동빌딩,부산광역시 동래구 금강로 91,607833,47705,,1,,129.078369213152,35.2171237756593
MA0101202502A0109484,피트니스382,엄궁점,R1,예술·스포츠,R103,스포츠 서비스,R10307,헬스장,R91132,체력 단련시설 운영업,26,부산광역시,26530,사상구,26530680,엄궁동,2653010800,엄궁동,2653010800106780001,1,대지,678,1,부산광역시 사상구 엄궁동 678-1,265303139015,부산광역시 사상구 엄궁로,97,,2653010800106780001012119,한아름빌딩,부산광역시 사상구 엄궁로 97,617830,47043,,5,,128.975404610233,35.1248015608605
MA0101202502A0093615,이벡스퍼포먼스트레이닝,,R1,예술·스포츠,R103,스포츠 서비스,R10307,헬스장,R91132,체력 단련시설 운영업,26,부산광역시,26710,기장군,26710256,정관읍,2671025625,정관읍,2671025625100440070,1,대지,44,70,부산광역시 기장군 정관읍 달산리 44-70,267103140029,부산광역시 기장군 정관읍 산단5로,76,142,2671032025200140000000003,,부산광역시 기장군 정관읍 산단5로 76-142,619961,46026,,1,,129.202112191135,35.3153471012111
MA0101202502A0059026,트렌드핏,명지점,R1,예술·스포츠,R103,스포츠 서비스,R10307,헬스장,R91132,체력 단련시설 운영업,26,부산광역시,26440,강서구,26440535,명지1동,2644010400,명지동,2644010400133580002,1,대지,3358,2,부산광역시 강서구 명지동 3358-2,264403350868,부산광역시 강서구 명지국제8로,257,,2644010400133580002000001,TS스퀘어,부산광역시 강서구 명지국제8로 257,618200,46773,,2,,128.920891801608,35.0982727732186
MA0101202502A0085039,바른몸운동센터,,R1,예술·스포츠,R103,스포츠 서비스,R10307,헬스장,R91132,체력 단련시설 운영업,26,부산광역시,26320,북구,26320541,화명1동,2632010200,화명동,2632010200109770012,1,대지,977,12,부산광역시 북구 화명동 977-12,263204196041,부산광역시 북구 금곡대로199번길,10,,2632010200109770012017503,,부산광역시 북구 금곡대로199번길 10,616846,46541,,2,,129.010494575647,35.2268855568707
MA0101202502A0101078,아돌프그룹PT,,R1,예술·스포츠,R103,스포츠 서비스,R10307,헬스장,R91132,체력 단련시설 운영업,26,부산광역시,26380,사하구,26380601,다대1동,2638010600,다대동,2638010600103820007,1,대지,382,7,부산광역시 사하구 다대동 382-7,263803134007,부산광역시 사하구 다대로,613,,2638010600103820007012840,,부산광역시 사하구 다대로 613,604824,49525,,2,,128.971181151522,35.0519011610181
MA0101202502A0079139,짐엔터,,R1,예술·스포츠,R103,스포츠 서비스,R10307,헬스장,R91132,체력 단련시설 운영업,26,부산광역시,26500,수영구,26500740,망미1동,2650010100,망미동,2650010100104420010,1,대지,442,10,부산광역시 수영구 망미동 442-10,265004006055,부산광역시 수영구 과정로41번길,20,,2650010100104420010010405,메디플러스,부산광역시 수영구 과정로41번길 20,613823,48210,,7,,129.106408242192,35.1752222013286
MA0101202501A0025327,모움피티,,R1,예술·스포츠,R103,스포츠 서비스,R10307,헬스장,R91132,체력 단련시설 운영업,26,부산광역시,26260,동래구,26260545,명륜동,2626010700,명륜동,2626010700107210021,1,대지,721,21,부산광역시 동래구 명륜동 721-21,262603130018,부산광역시 동래구 온천천로,71,1,2626010700107210021004257,,부산광역시 동래구 온천천로 71-1,607803,47741,,3,,129.08046482597,35.2127532313613
MA0101202501A0007075,헬스인더짐&스피닝미남점,,R1,예술·스포츠,R103,스포츠 서비스,R10307,헬스장,R91132,체력 단련시설 운영업,26,부산광역시,26260,동래구,26260570,온천3동,2626010800,온천동,2626010800112480004,1,대지,1248,4,부산광역시 동래구 온천동 1248-4,262602006012,부산광역시 동래구 아시아드대로,239,1,2626010800112480004011513,월드메디컬타워,부산광역시 동래구 아시아드대로 239-1,607841,47851,,5,,129.06744357152,35.205451740135
MA0101202412A0010065,리부트핏,,R1,예술·스포츠,R103,스포츠 서비스,R10307,헬스장,R91132,체력 단련시설 운영업,26,부산광역시,26230,부산진구,26230740,개금1동,2623011100,개금동,2623011100105450012,1,대지,545,12,부산광역시 부산진구 개금동 545-12,262303129042,부산광역시 부산진구 냉정로,214,,2623011100105450012003261,리부트핏,부산광역시 부산진구 냉정로 214,614814,47378,,2,,129.023101968694,35.1507252318061
MA0101202501A0003410,핏메이트,,R1,예술·스포츠,R103,스포츠 서비스,R10307,헬스장,R91132,체력 단련시설 운영업,26,부산광역시,26260,동래구,26260740,안락1동,2626010200,안락동,2626010200104250001,1,대지,425,1,부산광역시 동래구 안락동 425-1,262603130016,부산광역시 동래구 안락로,12,,2626010200104250001019102,안락동메디컬센터,부산광역시 동래구 안락로 12,607827,47786,,6,,129.098461625406,35.2008086878373
MA0101202412A0002371,헬스데이짐,,R1,예술·스포츠,R103,스포츠 서비스,R10307,헬스장,R91132,체력 단련시설 운영업,26,부산광역시,26170,동구,26170530,초량3동,2617010100,초량동,2617010100101320001,1,대지,132,1,부산광역시 동구 초량동 132-1,261703006001,부산광역시 동구 초량상로,102,,2617010100101320001018617,,부산광역시 동구 초량상로 102,601827,48797,,2,,129.039400892183,35.1205961561009
MA0101202411A0147504,더해,,R1,예술·스포츠,R103,스포츠 서비스,R10307,헬스장,R91132,체력 단련시설 운영업,26,부산광역시,26710,기장군,26710250,기장읍,2671025021,기장읍,2671025021101550001,1,대지,155,1,부산광역시 기장군 기장읍 동부리 155-1,267104220316,부산광역시 기장군 기장읍 차성로338번길,28,,2671025021101550001003548,모닝팬시프라자,부산광역시 기장군 기장읍 차성로338번길 28,619905,46061,,1,,129.215478682543,35.2475191652181
MA0101202412A0066180,에프원피트니스헬스&PT모라점,,R1,예술·스포츠,R103,스포츠 서비스,R10307,헬스장,R91139,그 외 기타 스포츠시설 운영업,26,부산광역시,26530,사상구,26530591,모라1동,2653010200,모라동,2653010200110040001,1,대지,1004,1,부산광역시 사상구 모라동 1004-1,265303132023,부산광역시 사상구 사상로,524,,2653010200110040001020214,,부산광역시 사상구 사상로 524,617822,46919,,8,,128.989650790941,35.1909310068054
MA0101202501A0031048,커넥트현대휘트니스,,R1,예술·스포츠,R103,스포츠 서비스,R10307,헬스장,R91132,체력 단련시설 운영업,26,부산광역시,26170,동구,26170660,범일2동,2617010400,범일동,2617010400100620260,1,대지,62,260,부산광역시 동구 범일동 62-260,261704181204,부산광역시 동구 범일일길,47,,2617010400100620260007565,커넥트현대별관,부산광역시 동구 범일일길 47,601803,48734,,,,129.057960020072,35.1411263172238
MA0101202412A0080796,스트릿짐,,R1,예술·스포츠,R103,스포츠 서비스,R10307,헬스장,R91132,체력 단련시설 운영업,26,부산광역시,26350,해운대구,26350570,반여1동,2635010300,반여동,2635010300116380000,1,대지,1638,,부산광역시 해운대구 반여동 1638,263503133009,부산광역시 해운대구 선수촌로,122,,2635010300116380000001425,주공아시아선수촌아파트,부산광역시 해운대구 선수촌로 122,612719,48037,,2,,129.121684458394,35.2038732487115
MA0101202412A0067810,404피트니스학장점,,R1,예술·스포츠,R103,스포츠 서비스,R10307,헬스장,R91132,체력 단련시설 운영업,26,부산광역시,26530,사상구,26530670,학장동,2653010700,학장동,2653010700105740024,1,대지,574,24,부산광역시 사상구 학장동 574-24,265303139006,부산광역시 사상구 대동로,123,,2653010700105740024024700,,부산광역시 사상구 대동로 123,617845,47050,,4,,128.98085038875,35.1399606210177
MA0101202412A0059939,범피티재활교정운동센터,,R1,예술·스포츠,R103,스포츠 서비스,R10307,헬스장,R91132,체력 단련시설 운영업,26,부산광역시,26500,수영구,26500660,남천1동,2650010500,남천동,2650010500100190010,1,대지,19,10,부산광역시 수영구 남천동 19-10,265004214129,부산광역시 수영구 남천동로10번길,38,,2650010500100190010019971,남천시티빌,부산광역시 수영구 남천동로10번길 38,613814,48308,,2,,129.108395610044,35.1416737431491
MA0101202412A0012608,뉴인핏PT,,R1,예술·스포츠,R103,스포츠 서비스,R10307,헬스장,R91132,체력 단련시설 운영업,26,부산광역시,26530,사상구,26530620,괘법동,2653010400,괘법동,2653010400105470001,1,대지,547,1,부산광역시 사상구 괘법동 547-1,265303132023,부산광역시 사상구 사상로,182,,2653010400105470001018476,,부산광역시 사상구 사상로 182,617807,46975,,,,128.985523211766,35.1616024873403
MA0101202412A0072163,와일드플라워짐,,R1,예술·스포츠,R103,스포츠 서비스,R10307,헬스장,R91132,체력 단련시설 운영업,26,부산광역시,26710,기장군,26710259,일광읍,2671025921,일광읍,2671025921108760011,1,대지,876,11,부산광역시 기장군 일광읍 삼성리 876-11,267103352382,부산광역시 기장군 일광읍 해송2로,11,,2671025921108760011000001,미라벨,부산광역시 기장군 일광읍 해송2로 11,619912,46044,,4,,129.229557027151,35.2666164614802
MA0106202307A2167381,로한스포츠아카데미,,R1,예술·스포츠,R103,스포츠 서비스,R10307,헬스장,R91132,체력 단련시설 운영업,26,부산광역시,26440,강서구,26440545,명지2동,2644010400,명지동,2644010400132400006,1,대지,3240,6,부산광역시 강서구 명지동 3240-6,264403136045,부산광역시 강서구 명지오션시티4로,99,,2644010400132400006000001,,부산광역시 강서구 명지오션시티4로 99,618814,46764,,,,128.903946796341,35.0802007247219
MA0106202312A1112119,테넌짐,,R1,예술·스포츠,R103,스포츠 서비스,R10307,헬스장,R91132,체력 단련시설 운영업,26,부산광역시,26230,부산진구,26230660,부암3동,2623010800,부암동,2623010800105600014,1,대지,560,14,부산광역시 부산진구 부암동 560-14,262303129006,부산광역시 부산진구 당감로,108,,2623010800105600020052622,협성피닉스타운,부산광역시 부산진구 당감로 108,614761,47135,,,,129.037968949001,35.1713830362109
MA0106202412A2176748,로한스포츠아카데미,,R1,예술·스포츠,R103,스포츠 서비스,R10307,헬스장,R91132,체력 단련시설 운영업,26,부산광역시,26440,강서구,26440545,명지2동,2644010400,명지동,2644010400132400006,1,대지,3240,6,부산광역시 강서구 명지동 3240-6,264403136045,부산광역시 강서구 명지오션시티4로,99,,2644010400132400006000001,,부산광역시 강서구 명지오션시티4로 99,618814,46764,,,,128.903946796341,35.0802007247219
MA0106202309A1302059,댄스팜컬쳐,,R1,예술·스포츠,R103,스포츠 서비스,R10307,헬스장,R91132,체력 단련시설 운영업,26,부산광역시,26230,부산진구,26230770,범천1동,2623010400,범천동,2623010400108480020,1,대지,848,20,부산광역시 부산진구 범천동 848-20,262303127051,부산광역시 부산진구 범일로,168,,2623010400108480020043995,,부산광역시 부산진구 범일로 168,614828,47357,,,,129.059552423508,35.1451094327296
MA0106202307A1940811,윈스골프스튜디오x골프마데,,R1,예술·스포츠,R103,스포츠 서비스,R10307,헬스장,R91132,체력 단련시설 운영업,26,부산광역시,26320,북구,26320542,화명2동,2632010200,화명동,2632010200106990003,1,대지,699,3,부산광역시 북구 화명동 699-3,263203132014,부산광역시 북구 와석장터로,9,,2632010200113920001000001,,부산광역시 북구 와석장터로 9,616835,46531,,,,129.014725029505,35.23541227104
MA0106202409A1583680,레몬짐,,R1,예술·스포츠,R103,스포츠 서비스,R10307,헬스장,R91132,체력 단련시설 운영업,26,부산광역시,26260,동래구,26260545,명륜동,2626010700,명륜동,2626010700104500004,1,대지,450,4,부산광역시 동래구 명륜동 450-4,262604190101,부산광역시 동래구 명륜로103번길,20,,2626010700104500004014362,,부산광역시 동래구 명륜로103번길 20,607804,47738,,,,129.082073769245,35.2030922533609
MA0106202301A1387438,엘바디핏,,R1,예술·스포츠,R103,스포츠 서비스,R10307,헬스장,R91132,체력 단련시설 운영업,26,부산광역시,26260,동래구,26260510,수민동,2626010400,낙민동,2626010400100840008,1,대지,84,8,부산광역시 동래구 낙민동 84-8,262603130015,부산광역시 동래구 안남로,23,,2626010400100840008017390,,부산광역시 동래구 안남로 23,607801,47892,,,,129.094823040509,35.1946447675219
MA0106202301A2104884,그래비티휘트니스,,R1,예술·스포츠,R103,스포츠 서비스,R10307,헬스장,R91132,체력 단련시설 운영업,26,부산광역시,26350,해운대구,26350552,좌2동,2635010700,좌동,2635010700114790001,1,대지,1479,1,부산광역시 해운대구 좌동 1479-1,263502006010,부산광역시 해운대구 해운대로,802,,2635010700114790001000001,,부산광역시 해운대구 해운대로 802,612842,48111,,,,129.176663515328,35.1691674826786
MA0106202305A2162831,로한스포츠아카데미,,R1,예술·스포츠,R103,스포츠 서비스,R10307,헬스장,R91132,체력 단련시설 운영업,26,부산광역시,26440,강서구,26440545,명지2동,2644010400,명지동,2644010400132400006,1,대지,3240,6,부산광역시 강서구 명지동 3240-6,264403136045,부산광역시 강서구 명지오션시티4로,99,,2644010400132400006000001,,부산광역시 강서구 명지오션시티4로 99,618814,46764,,,,128.903946796341,35.0802007247219
MA0106202301A1926222,윈스골프스튜디오x골프마데,,R1,예술·스포츠,R103,스포츠 서비스,R10307,헬스장,R91132,체력 단련시설 운영업,26,부산광역시,26320,북구,26320542,화명2동,2632010200,화명동,2632010200106990003,1,대지,699,3,부산광역시 북구 화명동 699-3,263203132014,부산광역시 북구 와석장터로,9,,2632010200113920001000001,,부산광역시 북구 와석장터로 9,616835,46531,,,,129.014725029505,35.23541227104
MA0101202503A0046668,에프원피트니스냉정점,,R1,예술·스포츠,R103,스포츠 서비스,R10307,헬스장,R91132,체력 단련시설 운영업,26,부산광역시,26530,사상구,26530660,주례2동,2653010600,주례동,2653010600100600005,1,대지,60,5,부산광역시 사상구 주례동 60-5,265302006015,부산광역시 사상구 가야대로,374,,2653010600100600018016111,신성빌딩,부산광역시 사상구 가야대로 374,617833,47006,,6,,129.01338816794,35.151031285157
MA0106202201A1871562,이스턴에프앤씨,,R1,예술·스포츠,R103,스포츠 서비스,R10307,헬스장,R91132,체력 단련시설 운영업,26,부산광역시,26350,해운대구,26350552,좌2동,2635010700,좌동,2635010700114790001,1,대지,1479,1,부산광역시 해운대구 좌동 1479-1,263502006010,부산광역시 해운대구 해운대로,802,,2635010700114790001000001,,부산광역시 해운대구 해운대로 802,612842,48111,,,,129.176663275189,35.1691584756189
MA0101202503A0025071,세찬피트니스,,R1,예술·스포츠,R103,스포츠 서비스,R10307,헬스장,R91132,체력 단련시설 운영업,26,부산광역시,26110,중구,26110580,남포동,2611014100,남포동6가,2611014100100630000,1,대지,63,,부산광역시 중구 남포동6가 63,261103006005,부산광역시 중구 구덕로,90,,2611014100100630000000933,,부산광역시 중구 구덕로 90,600046,48981,,2,,129.026009026026,35.0975705142775
MA0101202503A0043417,굿짐,남천점,R1,예술·스포츠,R103,스포츠 서비스,R10307,헬스장,R91132,체력 단련시설 운영업,26,부산광역시,26500,수영구,26500660,남천1동,2650010500,남천동,2650010500100480028,1,대지,48,28,부산광역시 수영구 남천동 48-28,265003131037,부산광역시 수영구 수영로,465,,2650010500100480028002302,,부산광역시 수영구 수영로 465,613815,48265,,5,,129.110093198017,35.1475106953612
MA0101202503A0053965,무산도장,,R1,예술·스포츠,R103,스포츠 서비스,R10307,헬스장,R91132,체력 단련시설 운영업,26,부산광역시,26380,사하구,26380602,다대2동,2638010600,다대동,2638010600100850016,1,대지,85,16,부산광역시 사하구 다대동 85-16,263803134007,부산광역시 사하구 다대로,409,1,2638010600100850016024263,,부산광역시 사하구 다대로 409-1,604821,49518,,1,,128.980146171245,35.0664445057512
MA0101202503A0008072,헤이짐,,R1,예술·스포츠,R103,스포츠 서비스,R10307,헬스장,R91132,체력 단련시설 운영업,26,부산광역시,26260,동래구,26260600,사직3동,2626010900,사직동,2626010900101420001,1,대지,142,1,부산광역시 동래구 사직동 142-1,262603130017,부산광역시 동래구 여고북로,200,,2626010900101420001007052,,부산광역시 동래구 여고북로 200,607813,47832,,2,,129.075536474035,35.2024745974876
MA0101202503A0024023,근의공식GYM,,R1,예술·스포츠,R103,스포츠 서비스,R10307,헬스장,R91132,체력 단련시설 운영업,26,부산광역시,26410,금정구,26410600,장전1동,2641010800,장전동,2641010800100960027,1,대지,96,27,부산광역시 금정구 장전동 96-27,264103130022,부산광역시 금정구 금강로,389,,2641010800100960027000215,남쪽,부산광역시 금정구 금강로 389,609836,46246,,4,,129.08647260751,35.2428292490443
MA0101202503A0023386,위플린트,,R1,예술·스포츠,R103,스포츠 서비스,R10307,헬스장,R91132,체력 단련시설 운영업,26,부산광역시,26320,북구,26320543,화명3동,2632010200,화명동,2632010200122750002,1,대지,2275,2,부산광역시 북구 화명동 2275-2,263202132002,부산광역시 북구 화명대로,20,,2632010200122750002017652,대성빌딩,부산광역시 북구 화명대로 20,616852,46527,,,,129.010127630769,35.2347137395979
MA0101202503A0055245,세개의별피트니스,,R1,예술·스포츠,R103,스포츠 서비스,R10307,헬스장,P85612,기타 스포츠 교육기관,26,부산광역시,26350,해운대구,26350552,좌2동,2635010700,좌동,2635010700114430003,1,대지,1443,3,부산광역시 해운대구 좌동 1443-3,263503133039,부산광역시 해운대구 좌동순환로,303,,2635010700114430003000001,,부산광역시 해운대구 좌동순환로 303,612843,48113,,2,,129.183254911961,35.1690127656942
MA0101202503A0036885,핏핏바디트레이닝PT센터,동래점,R1,예술·스포츠,R103,스포츠 서비스,R10307,헬스장,R91132,체력 단련시설 운영업,26,부산광역시,26260,동래구,26260545,명륜동,2626010700,명륜동,2626010700106180005,1,대지,618,5,부산광역시 동래구 명륜동 618-5,262603130023,부산광역시 동래구 명륜로,151,,2626010700106180005014478,천일스카이원,부산광역시 동래구 명륜로 151,607805,47735,,2,,129.081676117447,35.2072984605742
MA0106202506A0967001,바벨하우스,,R1,예술·스포츠,R103,스포츠 서비스,R10307,헬스장,R91132,체력 단련시설 운영업,26,부산광역시,26710,기장군,26710256,정관읍,2671025622,정관읍,2671025622101420000,1,대지,142,,부산광역시 기장군 정관읍 매학리 142,267103351577,부산광역시 기장군 정관읍 매학용수로,12,1,2671025622101430026000001,,부산광역시 기장군 정관읍 매학용수로 12-1,619963,46018,,,,129.17345793296,35.3164334825326
MA0106202406A2181178,스하우스,,R1,예술·스포츠,R103,스포츠 서비스,R10307,헬스장,R91132,체력 단련시설 운영업,26,부산광역시,26230,부산진구,26230610,전포2동,2623010200,전포동,2623010200101930014,1,대지,193,14,부산광역시 부산진구 전포동 193-14,262304187424,부산광역시 부산진구 서전로57번길,43,,2623010200101930014028584,,부산광역시 부산진구 서전로57번길 43,614865,47301,,,,129.065923318426,35.1597259188046
MA0106202407A2353417,더스윙블랙명지국제,신도시점,R1,예술·스포츠,R103,스포츠 서비스,R10307,헬스장,R91132,체력 단련시설 운영업,26,부산광역시,26440,강서구,26440535,명지1동,2644010400,명지동,2644010400136030007,1,대지,3603,7,부산광역시 강서구 명지동 3603-7,264403350853,부산광역시 강서구 명지국제2로28번길,34,,2644010400136030007000001,,부산광역시 강서구 명지국제2로28번길 34,618200,46726,,,,128.908856953255,35.0928484471212
MA0106202506A0737839,정석피티,,R1,예술·스포츠,R103,스포츠 서비스,R10307,헬스장,R91132,체력 단련시설 운영업,26,부산광역시,26350,해운대구,26350554,좌4동,2635010700,좌동,2635010700114070005,1,대지,1407,5,부산광역시 해운대구 좌동 1407-5,263503133039,부산광역시 해운대구 좌동순환로,181,,2635010700114070005011053,,부산광역시 해운대구 좌동순환로 181,612863,48075,,,,129.176020326456,35.1779741427115
MA0106202506A2289728,온리바레 서면점,,R1,예술·스포츠,R103,스포츠 서비스,R10307,헬스장,R91132,체력 단련시설 운영업,26,부산광역시,26230,부산진구,26230610,전포2동,2623010200,전포동,2623010200106610006,1,대지,661,6,부산광역시 부산진구 전포동 661-6,262304187420,부산광역시 부산진구 서전로37번길,19,1,2623010200106610006026337,,부산광역시 부산진구 서전로37번길 19-1,614865,47247,,,,129.063539818893,35.1587662673417
MA0106202506A2402686,탄단짐,,R1,예술·스포츠,R103,스포츠 서비스,R10307,헬스장,R91132,체력 단련시설 운영업,26,부산광역시,26110,중구,26110520,동광동,2611011400,동광동4가,2611011400100230001,1,대지,23,1,부산광역시 중구 동광동4가 23-1,261103125010,부산광역시 중구 대청로,127,,2611011400100230001005101,,부산광역시 중구 대청로 127,600024,48932,,,,129.033787215033,35.1030275224543
MA0106202506A1614941,블랙바디 Pt Gym(Black Body Pt Gym),,R1,예술·스포츠,R103,스포츠 서비스,R10307,헬스장,R91132,체력 단련시설 운영업,26,부산광역시,26410,금정구,26410600,장전1동,2641010800,장전동,2641010800102220002,1,대지,222,2,부산광역시 금정구 장전동 222-2,264104205096,부산광역시 금정구 금정로149번길,13,,2641010800102220002020464,,부산광역시 금정구 금정로149번길 13,609837,46283,,,,129.087048551442,35.2378720216814
MA0106202409A2386375,건담짐,화명점,R1,예술·스포츠,R103,스포츠 서비스,R10307,헬스장,R91132,체력 단련시설 운영업,26,부산광역시,26320,북구,26320543,화명3동,2632010200,화명동,2632010200122770004,1,대지,2277,4,부산광역시 북구 화명동 2277-4,263202132001,부산광역시 북구 금곡대로,287,,2632010200122770004007901,,부산광역시 북구 금곡대로 287,616852,46526,,,,129.013310715534,35.2341831999158
MA0106202310A2341870,더바디피트니스금곡점,,R1,예술·스포츠,R103,스포츠 서비스,R10307,헬스장,R91132,체력 단련시설 운영업,26,부산광역시,26320,북구,26320530,금곡동,2632010100,금곡동,2632010100100570004,1,대지,57,4,부산광역시 북구 금곡동 57-4,263203132022,부산광역시 북구 효열로,230,,2632010100100570005000219,,부산광역시 북구 효열로 230,616811,46512,,,,129.020218839792,35.2642658491138
MA0106202506A1590042,크로스핏포티튜드,,R1,예술·스포츠,R103,스포츠 서비스,R10307,헬스장,R91132,체력 단련시설 운영업,26,부산광역시,26500,수영구,26500660,남천1동,2650010500,남천동,2650010500100300017,1,대지,30,17,부산광역시 수영구 남천동 30-17,265003131037,부산광역시 수영구 수영로,466,,2650010500100300015003178,,부산광역시 수영구 수영로 466,613815,48314,,,,129.110562434602,35.1474124041439
MA0106202506A1045015,에이피엠다이어트댄스,,R1,예술·스포츠,R103,스포츠 서비스,R10307,헬스장,R91132,체력 단련시설 운영업,26,부산광역시,26230,부산진구,26230660,부암3동,2623010800,부암동,2623010800104020000,1,대지,402,,부산광역시 부산진구 부암동 402,262304187142,부산광역시 부산진구 당감로64번길,32,,2623010800104020000042837,,부산광역시 부산진구 당감로64번길 32,614839,47144,,,,129.040381701749,35.1678008278216
MA0101202503A0004186,두잇짐,,R1,예술·스포츠,R103,스포츠 서비스,R10307,헬스장,R91132,체력 단련시설 운영업,26,부산광역시,26530,사상구,26530661,주례3동,2653010600,주례동,2653010600105190023,1,대지,519,23,부산광역시 사상구 주례동 519-23,265303129042,부산광역시 사상구 냉정로,41,,2653010600105190023012179,두잇짐,부산광역시 사상구 냉정로 41,617838,47013,,2,,129.004602792151,35.1489330869196
MA0101202505A0010299,페트릭짐,,R1,예술·스포츠,R103,스포츠 서비스,R10307,헬스장,R91132,체력 단련시설 운영업,26,부산광역시,26260,동래구,26260590,사직2동,2626010900,사직동,2626010900100920004,1,대지,92,4,부산광역시 동래구 사직동 92-4,262604190243,부산광역시 동래구 사직북로5번길,11,,2626010900100920004008079,,부산광역시 동래구 사직북로5번길 11,607815,47865,,2,,129.060246648665,35.1961123176568
MA0101202503A0010360,더블유에스피트니스,,R1,예술·스포츠,R103,스포츠 서비스,R10307,헬스장,R91132,체력 단련시설 운영업,26,부산광역시,26290,남구,26290530,대연3동,2629010600,대연동,2629010600100540012,1,대지,54,12,부산광역시 남구 대연동 54-12,262903131037,부산광역시 남구 수영로,332,,2629010600100540012000021,한성빌딩,부산광역시 남구 수영로 332,608804,48508,,3,,129.102137122098,35.1380607444434
MA0106202201A1908827,부산광영시강서구,,R1,예술·스포츠,R103,스포츠 서비스,R10307,헬스장,R91132,체력 단련시설 운영업,26,부산광역시,26440,강서구,26440510,대저1동,2644010100,대저1동,2644010100123000000,1,대지,2300,,부산광역시 강서구 대저1동 2300,264403006026,부산광역시 강서구 낙동북로,477,,2644010100123000000030979,,부산광역시 강서구 낙동북로 477,618701,46702,,,,128.980594836275,35.2122029615701
MA0106202201A1903588,스포케이,,R1,예술·스포츠,R103,스포츠 서비스,R10307,헬스장,R91132,체력 단련시설 운영업,26,부산광역시,26410,금정구,26410690,구서2동,2641010700,구서동,2641010700102030005,1,대지,203,5,부산광역시 금정구 구서동 203-5,264104205021,부산광역시 금정구 구서중앙로15번길,20,,2641010700102030005031765,,부산광역시 금정구 구서중앙로15번길 20,609804,46230,,,,129.08905163642,35.2538688225178
MA0106202303A1874886,부산남구청관광체육과분포문화체육센터,,R1,예술·스포츠,R103,스포츠 서비스,R10307,헬스장,R91132,체력 단련시설 운영업,26,부산광역시,26290,남구,26290560,대연6동,2629010600,대연동,2629010600112680001,1,대지,1268,1,부산광역시 남구 대연동 1268-1,262903131008,부산광역시 남구 못골로,19,,2629010600112680001007682,,부산광역시 남구 못골로 19,608701,48452,,,,129.084117189728,35.1365067202567
MA0106202201A2274958,상상요가피트니스,,R1,예술·스포츠,R103,스포츠 서비스,R10307,헬스장,R91132,체력 단련시설 운영업,26,부산광역시,26710,기장군,26710256,정관읍,2671025622,정관읍,2671025622107770001,1,대지,777,1,부산광역시 기장군 정관읍 매학리 777-1,267103140044,부산광역시 기장군 정관읍 정관6로,39,,2671025622107770001000001,,부산광역시 기장군 정관읍 정관6로 39,619963,46024,,,,129.178353941165,35.3194361756757
MA0101202505A0073513,404피트니스헬스&PT오션시티점,명지,R1,예술·스포츠,R103,스포츠 서비스,R10307,헬스장,R91132,체력 단련시설 운영업,26,부산광역시,26440,강서구,26440545,명지2동,2644010400,명지동,2644010400132380000,1,대지,3238,,부산광역시 강서구 명지동 3238,264403136039,부산광역시 강서구 명지오션시티11로,66,,2644010400132380000000001,,부산광역시 강서구 명지오션시티11로 66,618814,46765,,9,,128.903158611712,35.0840251815594
MA0106202201A1871563,이스턴에프앤씨,,R1,예술·스포츠,R103,스포츠 서비스,R10307,헬스장,R91132,체력 단련시설 운영업,26,부산광역시,26350,해운대구,26350552,좌2동,2635010700,좌동,2635010700114790001,1,대지,1479,1,부산광역시 해운대구 좌동 1479-1,263502006010,부산광역시 해운대구 해운대로,802,,2635010700114790001000001,,부산광역시 해운대구 해운대로 802,612842,48111,,,,129.176663275189,35.1691584756189
MA0106202303A1635454,인트로피트니스,,R1,예술·스포츠,R103,스포츠 서비스,R10307,헬스장,R91132,체력 단련시설 운영업,26,부산광역시,26500,수영구,26500750,망미2동,2650010100,망미동,2650010100104130009,1,대지,413,9,부산광역시 수영구 망미동 413-9,265003006054,부산광역시 수영구 과정로,54,,2650010100104130009002090,,부산광역시 수영구 과정로 54,613821,48218,,,,129.107684211786,35.1761822502804
MA0101202505A0039678,리본휘트니스,,R1,예술·스포츠,R103,스포츠 서비스,R10307,헬스장,R91132,체력 단련시설 운영업,26,부산광역시,26290,남구,26290570,용호1동,2629010700,용호동,2629010700102000001,1,대지,200,1,부산광역시 남구 용호동 200-1,262903131025,부산광역시 남구 용호로,54,,2629010700102000001008987,대영빌딩,부산광역시 남구 용호로 54,608832,48523,,,,129.109651834103,35.1261610060498
MA0101202503A0046144,젬마짐,,R1,예술·스포츠,R103,스포츠 서비스,R10307,헬스장,R91132,체력 단련시설 운영업,26,부산광역시,26710,기장군,26710259,일광읍,2671025921,일광읍,2671025921108080006,1,대지,808,6,부산광역시 기장군 일광읍 삼성리 808-6,267103352379,부산광역시 기장군 일광읍 해빛5로,25,,2671031021108080006000002,,부산광역시 기장군 일광읍 해빛5로 25,619912,46048,,9,,129.221852561661,35.2604954972247
MA0101202503A0012903,피티메이저,,R1,예술·스포츠,R103,스포츠 서비스,R10307,헬스장,R91132,체력 단련시설 운영업,26,부산광역시,26260,동래구,26260545,명륜동,2626010700,명륜동,2626010700101740035,1,대지,174,35,부산광역시 동래구 명륜동 174-35,262603130007,부산광역시 동래구 문화로,9,8,2626010700101740035000001,,부산광역시 동래구 문화로 9-8,607803,47747,,2,,129.083759638737,35.2106329112292
MA0101202504A0010865,닥터솔루션,,R1,예술·스포츠,R103,스포츠 서비스,R10307,헬스장,R91132,체력 단련시설 운영업,26,부산광역시,26410,금정구,26410690,구서2동,2641010700,구서동,2641010700107350001,1,대지,735,1,부산광역시 금정구 구서동 735-1,264104205022,부산광역시 금정구 구서중앙로40번길,48,,2641010700107350001010103,동일,부산광역시 금정구 구서중앙로40번길 48,609805,46231,,1,,129.087193478275,35.2563790463793
MA0101202504A0052376,원트짐,,R1,예술·스포츠,R103,스포츠 서비스,R10307,헬스장,R91132,체력 단련시설 운영업,26,부산광역시,26290,남구,26290560,대연6동,2629010600,대연동,2629010600117670020,1,대지,1767,20,부산광역시 남구 대연동 1767-20,262903131037,부산광역시 남구 수영로,169,,2629010600117670020007132,,부산광역시 남구 수영로 169,608817,48453,,3,,129.085099281103,35.1350119169829
MA0101202504A0057951,피크원,,R1,예술·스포츠,R103,스포츠 서비스,R10307,헬스장,R91132,체력 단련시설 운영업,26,부산광역시,26230,부산진구,26230550,초읍동,2623010700,초읍동,2623010700102030002,1,대지,203,2,부산광역시 부산진구 초읍동 203-2,262303129029,부산광역시 부산진구 성지로,112,,2623010700102030002000001,성원빌딩,부산광역시 부산진구 성지로 112,614873,47115,,4,,129.051917549525,35.1800959991502
MA0101202504A0039397,코어GX,,R1,예술·스포츠,R103,스포츠 서비스,R10307,헬스장,R91132,체력 단련시설 운영업,26,부산광역시,26230,부산진구,26230700,당감4동,2623010900,당감동,2623010900104180001,1,대지,418,1,부산광역시 부산진구 당감동 418-1,262303129011,부산광역시 부산진구 동평로,83,,2623010900104180001038792,,부산광역시 부산진구 동평로 83,614821,47145,,9,,129.038648220477,35.1656221701462
MA0101202504A0024324,정석피티,,R1,예술·스포츠,R103,스포츠 서비스,R10307,헬스장,R91132,체력 단련시설 운영업,26,부산광역시,26350,해운대구,26350554,좌4동,2635010700,좌동,2635010700114070005,1,대지,1407,5,부산광역시 해운대구 좌동 1407-5,263503133039,부산광역시 해운대구 좌동순환로,181,,2635010700114070005011053,진성빌딩,부산광역시 해운대구 좌동순환로 181,612863,48075,,B1,,129.176020326456,35.1779741427115
MA0106202507A0804876,스클럽온천천점,,R1,예술·스포츠,R103,스포츠 서비스,R10307,헬스장,R91132,체력 단련시설 운영업,26,부산광역시,26260,동래구,26260510,수민동,2626010600,수안동,2626010600100410011,1,대지,41,11,부산광역시 동래구 수안동 41-11,262603130018,부산광역시 동래구 온천천로,319,,2626010600100410011001979,,부산광역시 동래구 온천천로 319,607823,47887,,,,129.08829743414,35.1944601415021
MA0106202511A2234439,엠케이짐,,R1,예술·스포츠,R103,스포츠 서비스,R10307,헬스장,R91132,체력 단련시설 운영업,26,부산광역시,26530,사상구,26530580,삼락동,2653010100,삼락동,2653010100104180011,1,대지,418,11,부산광역시 사상구 삼락동 418-11,265304217283,부산광역시 사상구 삼덕로46번길,116,,2653010100104180011004918,,부산광역시 사상구 삼덕로46번길 116,617827,46915,,,,128.980302571823,35.1689604601807
MA0106202507A1948340,헬스타짐문화비,,R1,예술·스포츠,R103,스포츠 서비스,R10307,헬스장,R91132,체력 단련시설 운영업,26,부산광역시,26230,부산진구,26230700,당감4동,2623010900,당감동,2623010900106660007,1,대지,666,7,부산광역시 부산진구 당감동 666-7,262303129016,부산광역시 부산진구 백양순환로,19,,2623010900106660007000001,,부산광역시 부산진구 백양순환로 19,614823,47160,,,,129.032918569584,35.1664574505347
MA0106202511A0378093,마이리얼바디,,R1,예술·스포츠,R103,스포츠 서비스,R10307,헬스장,R91132,체력 단련시설 운영업,26,부산광역시,26470,연제구,26470730,연산9동,2647010200,연산동,2647010200104800010,1,대지,480,10,부산광역시 연제구 연산동 480-10,264703135002,부산광역시 연제구 고분로,234,,2647010200104800010002025,,부산광역시 연제구 고분로 234,611812,47570,,,,129.107664115954,35.1843289959182
MA0106202512A2274170,우선생스위밍클럽,,R1,예술·스포츠,R103,스포츠 서비스,R10307,헬스장,R91132,체력 단련시설 운영업,26,부산광역시,26230,부산진구,26230770,범천1동,2623010400,범천동,2623010400108640001,1,대지,864,1,부산광역시 부산진구 범천동 864-1,262304187522,부산광역시 부산진구 신천대로65번길,9,,2623010400108640001054777,,부산광역시 부산진구 신천대로65번길 9,614829,47351,,,,129.058299128487,35.1497987652798
MA0106202511A0066134,센텀킹콩복싱아카데미,,R1,예술·스포츠,R103,스포츠 서비스,R10307,헬스장,R91132,체력 단련시설 운영업,26,부산광역시,26350,해운대구,26350650,재송1동,2635010400,재송동,2635010400112090000,1,대지,1209,,부산광역시 해운대구 재송동 1209,263502006009,부산광역시 해운대구 센텀북대로,60,,2635010400112190000000001,,부산광역시 해운대구 센텀북대로 60,612051,48059,,,,129.125410327862,35.1766383496924
MA0106202507A2379236,밀리오레피트니스문화비,,R1,예술·스포츠,R103,스포츠 서비스,R10307,헬스장,R91132,체력 단련시설 운영업,26,부산광역시,26470,연제구,26470700,연산6동,2647010200,연산동,2647010200121220030,1,대지,2122,30,부산광역시 연제구 연산동 2122-30,264703129044,부산광역시 연제구 연수로,219,,2647010200121220030022065,,부산광역시 연제구 연수로 219,611836,47594,,,,129.094726357858,35.1737757604348
MA0106202511A2305829,세브댄스스튜디오학원,,R1,예술·스포츠,R103,스포츠 서비스,R10307,헬스장,R91132,체력 단련시설 운영업,26,부산광역시,26230,부산진구,26230570,양정2동,2623010100,양정동,2623010100104060019,1,대지,406,19,부산광역시 부산진구 양정동 406-19,262304187242,부산광역시 부산진구 동평로405번길,8,,2623010100104060019010908,,부산광역시 부산진구 동평로405번길 8,614882,47210,,,,129.069744611492,35.1741152612023
MA0106202511A1448297,우노짐,,R1,예술·스포츠,R103,스포츠 서비스,R10307,헬스장,R91132,체력 단련시설 운영업,26,부산광역시,26230,부산진구,26230510,부전1동,2623010300,부전동,2623010300104670001,1,대지,467,1,부산광역시 부산진구 부전동 467-1,262303129023,부산광역시 부산진구 부전로,94,,2623010300104670001043966,,부산광역시 부산진구 부전로 94,614031,47257,,,,129.054995701966,35.1584880064191
MA0106202512A1058994,짐핏부산2,,R1,예술·스포츠,R103,스포츠 서비스,R10307,헬스장,R91132,체력 단련시설 운영업,26,부산광역시,26410,금정구,26410610,장전2동,2641010800,장전동,2641010800104010005,1,대지,401,5,부산광역시 금정구 장전동 401-5,264103130022,부산광역시 금정구 금강로,271,5,2641010800104010005031369,,부산광역시 금정구 금강로 271-5,609840,46288,,,,129.084960930789,35.2322668341571
MA0106202511A1283296,잇짐헬스&PT,,R1,예술·스포츠,R103,스포츠 서비스,R10307,헬스장,R91132,체력 단련시설 운영업,26,부산광역시,26260,동래구,26260560,온천2동,2626010800,온천동,2626010800113970005,1,대지,1397,5,부산광역시 동래구 온천동 1397-5,262603006023,부산광역시 동래구 우장춘로,7,,2626010800113970005011315,,부산광역시 동래구 우장춘로 7,607837,47724,,,,129.069645597343,35.2087213407871
MA0106202511A1320245,옐로우필드,,R1,예술·스포츠,R103,스포츠 서비스,R10307,헬스장,R91132,체력 단련시설 운영업,26,부산광역시,26260,동래구,26260570,온천3동,2626010800,온천동,2626010800112490006,1,대지,1249,6,부산광역시 동래구 온천동 1249-6,262602006012,부산광역시 동래구 아시아드대로,225,,2626010800112490006005869,,부산광역시 동래구 아시아드대로 225,607841,47851,,,,129.066611598805,35.2042493897599
MA0106202511A1530997,빌드핏,,R1,예술·스포츠,R103,스포츠 서비스,R10307,헬스장,R91132,체력 단련시설 운영업,26,부산광역시,26350,해운대구,26350551,좌1동,2635010700,좌동,2635010700108620000,1,대지,862,,부산광역시 해운대구 좌동 862,263503133029,부산광역시 해운대구 양운로,122,,2635010700108620000022528,,부산광역시 해운대구 양운로 122,612835,48079,,,,129.173103733924,35.1735478751572
MA0106202507A1437936,바론피티,,R1,예술·스포츠,R103,스포츠 서비스,R10307,헬스장,R91132,체력 단련시설 운영업,26,부산광역시,26500,수영구,26500660,남천1동,2650010500,남천동,2650010500103570009,1,대지,357,9,부산광역시 수영구 남천동 357-9,265003131037,부산광역시 수영구 수영로,381,,2650010500103570009011885,,부산광역시 수영구 수영로 381,613816,48318,,,,129.106403885323,35.1410145062041
MA0106202511A2134385,목어깨편한세상,,R1,예술·스포츠,R103,스포츠 서비스,R10307,헬스장,R91132,체력 단련시설 운영업,26,부산광역시,26230,부산진구,26230560,양정1동,2623010100,양정동,2623010100103630002,1,대지,363,2,부산광역시 부산진구 양정동 363-2,262303129034,부산광역시 부산진구 양지로,4,,2623010100103630002003869,,부산광역시 부산진구 양지로 4,614853,47229,,,,129.069333318706,35.1700130084578
MA0106202511A1086462,언더파,,R1,예술·스포츠,R103,스포츠 서비스,R10307,헬스장,R91132,체력 단련시설 운영업,26,부산광역시,26350,해운대구,26350553,좌3동,2635010700,좌동,2635010700112780001,1,대지,1278,1,부산광역시 해운대구 좌동 1278-1,263504199026,부산광역시 해운대구 대천로67번길,12,,2635010700112780001011037,,부산광역시 해운대구 대천로67번길 12,612852,48081,,,,129.169009660627,35.1735311737591
MA0106202511A0789470,제이피트니스,문현점,R1,예술·스포츠,R103,스포츠 서비스,R10307,헬스장,R91132,체력 단련시설 운영업,26,부산광역시,26290,남구,26290680,문현1동,2629010900,문현동,2629010900101270059,1,대지,127,59,부산광역시 남구 문현동 127-59,262903131002,부산광역시 남구 고동골로,66,,2629010900101270059014402,,부산광역시 남구 고동골로 66,608821,48416,,,,129.071443867715,35.1428880486729
MA0106202507A0388355,승산스포렉스,,R1,예술·스포츠,R103,스포츠 서비스,R10307,헬스장,R91132,체력 단련시설 운영업,26,부산광역시,26410,금정구,26410690,구서2동,2641010700,구서동,2641010700102030005,1,대지,203,5,부산광역시 금정구 구서동 203-5,264104205021,부산광역시 금정구 구서중앙로15번길,20,,2641010700102030005031765,,부산광역시 금정구 구서중앙로15번길 20,609804,46230,,,,129.08905163642,35.2538688225178
MA0106202511A1533186,휴엔씨개발,,R1,예술·스포츠,R103,스포츠 서비스,R10307,헬스장,R91132,체력 단련시설 운영업,26,부산광역시,26410,금정구,26410590,부곡3동,2641010900,부곡동,2641010900100630001,1,대지,63,1,부산광역시 금정구 부곡동 63-1,264104205301,부산광역시 금정구 수림로20번길,36,,2641010900100630001022661,,부산광역시 금정구 수림로20번길 36,609817,46275,,,,129.090701912979,35.2415577096529
MA0106202507A0045117,최귀성프로짐_문화비,,R1,예술·스포츠,R103,스포츠 서비스,R10307,헬스장,R91132,체력 단련시설 운영업,26,부산광역시,26380,사하구,26380590,장림2동,2638010500,장림동,2638010500103720001,1,대지,372,1,부산광역시 사하구 장림동 372-1,263803134007,부산광역시 사하구 다대로,299,,2638010500103720001034713,,부산광역시 사하구 다대로 299,604845,49511,,,,128.977266919391,35.0756746107436
MA0106202507A1612163,피티타임,,R1,예술·스포츠,R103,스포츠 서비스,R10307,헬스장,R91132,체력 단련시설 운영업,26,부산광역시,26500,수영구,26500660,남천1동,2650010500,남천동,2650010500100180016,1,대지,18,16,부산광역시 수영구 남천동 18-16,265004214129,부산광역시 수영구 남천동로10번길,2,,2650010500100180016010737,,부산광역시 수영구 남천동로10번길 2,613814,48308,,,,129.109598248286,35.1427882581152
MA0106202507A2139935,스윗 피트니스,,R1,예술·스포츠,R103,스포츠 서비스,R10307,헬스장,R91132,체력 단련시설 운영업,26,부산광역시,26230,부산진구,26230740,개금1동,2623011100,개금동,2623011100101820013,1,대지,182,13,부산광역시 부산진구 개금동 182-13,262302006015,부산광역시 부산진구 가야대로,474,,2623011100101770142000001,,부산광역시 부산진구 가야대로 474,614813,47323,,,,129.023790304156,35.1528224695026
MA0106202507A1758118,필라델리오-리햅,,R1,예술·스포츠,R103,스포츠 서비스,R10307,헬스장,R91132,체력 단련시설 운영업,26,부산광역시,26500,수영구,26500660,남천1동,2650010500,남천동,2650010500101480048,1,대지,148,48,부산광역시 수영구 남천동 148-48,265003138008,부산광역시 수영구 남천동로,36,,2650010500101480048000001,,부산광역시 수영구 남천동로 36,613011,48309,,,,129.111674644962,35.1412020912664
MA0106202506A2123313,에리카스튜디오,,R1,예술·스포츠,R103,스포츠 서비스,R10307,헬스장,R91132,체력 단련시설 운영업,26,부산광역시,26530,사상구,26530661,주례3동,2653010600,주례동,2653010600111600008,1,대지,1160,8,부산광역시 사상구 주례동 1160-8,265302006015,부산광역시 사상구 가야대로,248,,2653010600111600008012851,,부산광역시 사상구 가야대로 248,617840,47022,,,,128.999699976889,35.1498972822348
MA0106202507A0376391,마블피트니스헬스&PT_문화비,,R1,예술·스포츠,R103,스포츠 서비스,R10307,헬스장,R91132,체력 단련시설 운영업,26,부산광역시,26230,부산진구,26230610,전포2동,2623010200,전포동,2623010200106670016,1,대지,667,16,부산광역시 부산진구 전포동 667-16,262303129027,부산광역시 부산진구 서전로,25,,2623010200106670016000001,,부산광역시 부산진구 서전로 25,614865,47247,,,,129.062586802639,35.1579624454637
MA0106202507A2289370,헬스보이 하단점,,R1,예술·스포츠,R103,스포츠 서비스,R10307,헬스장,R91132,체력 단련시설 운영업,26,부산광역시,26380,사하구,26380562,하단2동,2638010300,하단동,2638010300105250007,1,대지,525,7,부산광역시 사하구 하단동 525-7,263803006030,부산광역시 사하구 낙동남로,1403,,2638010300105250007000001,,부산광역시 사하구 낙동남로 1403,604852,49312,,,,128.965204924429,35.1065922585372
MA0106202507A0991479,크로스핏바로,신호점,R1,예술·스포츠,R103,스포츠 서비스,R10307,헬스장,R91132,체력 단련시설 운영업,26,부산광역시,26440,강서구,26440590,신호동,2644011700,신호동,2644011700102170005,1,대지,217,5,부산광역시 강서구 신호동 217-5,264403354960,부산광역시 강서구 신호사로,55,,2644011700102170005000001,,부산광역시 강서구 신호사로 55,618290,46759,,,,128.879005749333,35.0859249994249
MA0106202507A2019104,불독짐,,R1,예술·스포츠,R103,스포츠 서비스,R10307,헬스장,R91132,체력 단련시설 운영업,26,부산광역시,26530,사상구,26530670,학장동,2653010700,학장동,2653010700105570000,1,대지,557,,부산광역시 사상구 학장동 557,265302006017,부산광역시 사상구 학감대로,117,,2653010700105570000027180,,부산광역시 사상구 학감대로 117,617841,47052,,,,128.988602752358,35.1411493235764
MA0106202507A2140129,올라잇짐헬스&PT,,R1,예술·스포츠,R103,스포츠 서비스,R10307,헬스장,R91132,체력 단련시설 운영업,26,부산광역시,26320,북구,26320573,만덕3동,2632010300,만덕동,2632010300102310004,1,대지,231,4,부산광역시 북구 만덕동 231-4,263204196170,부산광역시 북구 만덕3로33번길,4,9,2632010300102310004011144,,부산광역시 북구 만덕3로33번길 4-9,616825,46562,,,,129.028135750215,35.2120194016767
MA0106202506A2179826,수진운동센터,,R1,예술·스포츠,R103,스포츠 서비스,R10307,헬스장,R91132,체력 단련시설 운영업,26,부산광역시,26260,동래구,26260560,온천2동,2626010800,온천동,2626010800114000003,1,대지,1400,3,부산광역시 동래구 온천동 1400-3,262602006006,부산광역시 동래구 충렬대로,81,,2626010800114000003001063,,부산광역시 동래구 충렬대로 81,607837,47731,,,,129.070468266269,35.2082566931934
MA0106202507A1629218,진심휴먼디자인센터,,R1,예술·스포츠,R103,스포츠 서비스,R10307,헬스장,R91132,체력 단련시설 운영업,26,부산광역시,26230,부산진구,26230520,부전2동,2623010300,부전동,2623010300102400008,1,대지,240,8,부산광역시 부산진구 부전동 240-8,262303129025,부산광역시 부산진구 서면로,32,,2623010300102400008017911,,부산광역시 부산진구 서면로 32,614846,47289,,,,129.058065866423,35.1536056382584
MA0106202507A2253253,매드핏 복싱,,R1,예술·스포츠,R103,스포츠 서비스,R10307,헬스장,R91132,체력 단련시설 운영업,26,부산광역시,26350,해운대구,26350510,우1동,2635010500,우동,2635010500106390006,1,대지,639,6,부산광역시 해운대구 우동 639-6,263502006010,부산광역시 해운대구 해운대로,600,,2635010500106390006015565,,부산광역시 해운대구 해운대로 600,612821,48094,,,,129.156969361104,35.162283746979
MA0106202507A0270083,레핏짐피트니스,,R1,예술·스포츠,R103,스포츠 서비스,R10307,헬스장,R91132,체력 단련시설 운영업,26,부산광역시,26170,동구,26170510,초량1동,2617010100,초량동,2617010100112090014,1,대지,1209,14,부산광역시 동구 초량동 1209-14,261702000010,부산광역시 동구 중앙대로,193,,2617010100112090014009035,,부산광역시 동구 중앙대로 193,601839,48818,,,,129.039078623047,35.1147079194898
MA0106202506A1317399,원트짐,,R1,예술·스포츠,R103,스포츠 서비스,R10307,헬스장,R91132,체력 단련시설 운영업,26,부산광역시,26290,남구,26290560,대연6동,2629010600,대연동,2629010600117670020,1,대지,1767,20,부산광역시 남구 대연동 1767-20,262903131037,부산광역시 남구 수영로,169,,2629010600117670020007132,,부산광역시 남구 수영로 169,608817,48453,,,,129.085099281103,35.1350119169829
MA0106202508A0894770,국제휘트니스,,R1,예술·스포츠,R103,스포츠 서비스,R10307,헬스장,R91132,체력 단련시설 운영업,26,부산광역시,26470,연제구,26470610,거제1동,2647010100,거제동,2647010100100760002,1,대지,76,2,부산광역시 연제구 거제동 76-2,264702000010,부산광역시 연제구 중앙대로,1217,,2647010100100760004017472,,부산광역시 연제구 중앙대로 1217,611702,47505,,,,129.079280226012,35.1960121555578
MA0106202507A1958900,마스터김MMA복싱,,R1,예술·스포츠,R103,스포츠 서비스,R10307,헬스장,R91132,체력 단련시설 운영업,26,부산광역시,26350,해운대구,26350552,좌2동,2635010700,좌동,2635010700113270006,1,대지,1327,6,부산광역시 해운대구 좌동 1327-6,263503133039,부산광역시 해운대구 좌동순환로,310,,2635010700113270006014325,,부산광역시 해운대구 좌동순환로 310,612840,48110,,,,129.182527242305,35.1684761910083
MA0106202506A1625416,녹산스크린골프,,R1,예술·스포츠,R103,스포츠 서비스,R10307,헬스장,R91132,체력 단련시설 운영업,26,부산광역시,26440,강서구,26440560,녹산동,2644011100,녹산동,2644011100105690000,1,대지,569,,부산광역시 강서구 녹산동 569,264403006030,부산광역시 강서구 낙동남로,610,,2644011100105690000000001,,부산광역시 강서구 낙동남로 610,618210,46736,,,,128.886252156833,35.1139750150244
MA0106202508A2164561,피에스(PS) 바른몸 휘트니스,,R1,예술·스포츠,R103,스포츠 서비스,R10307,헬스장,R91132,체력 단련시설 운영업,26,부산광역시,26530,사상구,26530670,학장동,2653010700,학장동,2653010700105730001,1,대지,573,1,부산광역시 사상구 학장동 573-1,265303139006,부산광역시 사상구 대동로,94,,2653010700105730002031721,반도보라타운,부산광역시 사상구 대동로 94,617773,47051,,,,128.978311071717,35.1379384159311
MA0106202508A2017844,불독짐,,R1,예술·스포츠,R103,스포츠 서비스,R10307,헬스장,R91132,체력 단련시설 운영업,26,부산광역시,26530,사상구,26530670,학장동,2653010700,학장동,2653010700105570000,1,대지,557,,부산광역시 사상구 학장동 557,265302006017,부산광역시 사상구 학감대로,117,,2653010700105570000027180,,부산광역시 사상구 학감대로 117,617841,47052,,,,128.988602752358,35.1411493235764
MA0106202508A0321063,무지개휘트니스남산지점,,R1,예술·스포츠,R103,스포츠 서비스,R10307,헬스장,R91132,체력 단련시설 운영업,26,부산광역시,26410,금정구,26410670,남산동,2641010400,남산동,2641010400100930001,1,대지,93,1,부산광역시 금정구 남산동 93-1,264103130022,부산광역시 금정구 금강로,700,,2641010400100930001035010,,부산광역시 금정구 금강로 700,609811,46220,,,,129.089296738934,35.269832843324
MA0106202508A2103034,원트짐 2호점,,R1,예술·스포츠,R103,스포츠 서비스,R10307,헬스장,R91132,체력 단련시설 운영업,26,부산광역시,26290,남구,26290560,대연6동,2629010600,대연동,2629010600117670020,1,대지,1767,20,부산광역시 남구 대연동 1767-20,262903131037,부산광역시 남구 수영로,169,,2629010600117670020007132,,부산광역시 남구 수영로 169,608817,48453,,,,129.085099281103,35.1350119169829
MA0106202508A0497338,더케이피트니스사하문화비,롯데마트,R1,예술·스포츠,R103,스포츠 서비스,R10307,헬스장,R91132,체력 단련시설 운영업,26,부산광역시,26380,사하구,26380580,장림1동,2638010500,장림동,2638010500110330002,1,대지,1033,2,부산광역시 사하구 장림동 1033-2,263802006011,부산광역시 사하구 을숙도대로,610,,2638010500110330002004243,,부산광역시 사하구 을숙도대로 610,604843,49472,,,,128.972312100943,35.0847852323566
MA0106202508A0035557,서면PT&헬스놈짐전포,본점,R1,예술·스포츠,R103,스포츠 서비스,R10307,헬스장,R91132,체력 단련시설 운영업,26,부산광역시,26230,부산진구,26230600,전포1동,2623010200,전포동,2623010200106920004,1,대지,692,4,부산광역시 부산진구 전포동 692-4,262303129010,부산광역시 부산진구 동천로,62,,2623010200106920004004764,,부산광역시 부산진구 동천로 62,614746,47297,,,,129.062603001121,35.1542583943877
MA0106202508A0430555,헬스인더짐&PT&스피닝동래미남역점,,R1,예술·스포츠,R103,스포츠 서비스,R10307,헬스장,R91132,체력 단련시설 운영업,26,부산광역시,26260,동래구,26260570,온천3동,2626010800,온천동,2626010800112480004,1,대지,1248,4,부산광역시 동래구 온천동 1248-4,262602006012,부산광역시 동래구 아시아드대로,239,1,2626010800112480004011513,,부산광역시 동래구 아시아드대로 239-1,607841,47851,,,,129.06744357152,35.205451740135
MA0106202508A0818054,수영역브랜드짐PT_문화비,,R1,예술·스포츠,R103,스포츠 서비스,R10307,헬스장,R91132,체력 단련시설 운영업,26,부산광역시,26500,수영구,26500760,광안1동,2650010400,광안동,2650010400100990010,1,대지,99,10,부산광역시 수영구 광안동 99-10,265003131037,부산광역시 수영구 수영로,642,,2650010400100990010006782,,부산광역시 수영구 수영로 642,613801,48269,,,,129.114498165774,35.1629787424195
MA0106202508A0412166,메이드인 움직임연구소,,R1,예술·스포츠,R103,스포츠 서비스,R10307,헬스장,R91132,체력 단련시설 운영업,26,부산광역시,26350,해운대구,26350510,우1동,2635010500,우동,2635010500106400024,1,대지,640,24,부산광역시 해운대구 우동 640-24,263502006010,부산광역시 해운대구 해운대로,575,,2635010500106400024007361,,부산광역시 해운대구 해운대로 575,612821,48088,,,,129.154380692327,35.1614917667669
MA0106202508A2350970,더바디피트니스금곡점문화비,,R1,예술·스포츠,R103,스포츠 서비스,R10307,헬스장,R91132,체력 단련시설 운영업,26,부산광역시,26320,북구,26320530,금곡동,2632010100,금곡동,2632010100100570004,1,대지,57,4,부산광역시 북구 금곡동 57-4,263203132022,부산광역시 북구 효열로,230,,2632010100100570005000219,,부산광역시 북구 효열로 230,616811,46512,,,,129.020218839792,35.2642658491138
MA0106202508A1967639,피트니스모건&PT수영민락,본점,R1,예술·스포츠,R103,스포츠 서비스,R10307,헬스장,R91132,체력 단련시설 운영업,26,부산광역시,26500,수영구,26500800,민락동,2650010300,민락동,2650010300103360013,1,대지,336,13,부산광역시 수영구 민락동 336-13,265004214218,부산광역시 수영구 민락수변로239번길,4,,2650010300103360013000001,,부산광역시 수영구 민락수변로239번길 4,613827,48275,,,,129.128671565657,35.1636495941493
MA0106202508A0398247,오케이 피트니스 당감점,,R1,예술·스포츠,R103,스포츠 서비스,R10307,헬스장,R91132,체력 단련시설 운영업,26,부산광역시,26230,부산진구,26230670,당감1동,2623010900,당감동,2623010900103000001,1,대지,300,1,부산광역시 부산진구 당감동 300-1,262303129011,부산광역시 부산진구 동평로,106,,2623010900103000001015274,,부산광역시 부산진구 동평로 106,614817,47181,,,,129.041138523314,35.1655892314797
MA0106202508A0823095,무브썸짐(문화비),,R1,예술·스포츠,R103,스포츠 서비스,R10307,헬스장,R91132,체력 단련시설 운영업,26,부산광역시,26230,부산진구,26230610,전포2동,2623010200,전포동,2623010200101920013,1,대지,192,13,부산광역시 부산진구 전포동 192-13,262303129009,부산광역시 부산진구 동성로,113,1,2623010200101920013051588,,부산광역시 부산진구 동성로 113-1,614865,47301,,,,129.06637713054,35.1598803851211
MA0106202508A2117589,짐플릭스,명지점,R1,예술·스포츠,R103,스포츠 서비스,R10307,헬스장,R91132,체력 단련시설 운영업,26,부산광역시,26440,강서구,26440535,명지1동,2644010400,명지동,2644010400134200007,1,대지,3420,7,부산광역시 강서구 명지동 3420-7,264403350868,부산광역시 강서구 명지국제8로,270,,2644010400116350005000001,,부산광역시 강서구 명지국제8로 270,618200,46772,,,,128.922091158284,35.097514778576
MA0106202510A1333742,벡스휘트니스,,R1,예술·스포츠,R103,스포츠 서비스,R10307,헬스장,R91132,체력 단련시설 운영업,26,부산광역시,26350,해운대구,26350552,좌2동,2635010700,좌동,2635010700114730002,1,대지,1473,2,부산광역시 해운대구 좌동 1473-2,263502006010,부산광역시 해운대구 해운대로,794,,2635010700114730002000001,,부산광역시 해운대구 해운대로 794,612842,48104,,,,129.17574276493,35.1687965420148
MA0106202509A1312678,지바페,,R1,예술·스포츠,R103,스포츠 서비스,R10307,헬스장,R91132,체력 단련시설 운영업,26,부산광역시,26230,부산진구,26230640,부암1동,2623010800,부암동,2623010800100230016,1,대지,23,16,부산광역시 부산진구 부암동 23-16,262303129024,부산광역시 부산진구 새싹로,127,,2623010800100230016006246,,부산광역시 부산진구 새싹로 127,614835,47191,,,,129.050879978119,35.1676324886168
MA0106202512A0810068,리앤핏문화비,,R1,예술·스포츠,R103,스포츠 서비스,R10307,헬스장,R91132,체력 단련시설 운영업,26,부산광역시,26350,해운대구,26350650,재송1동,2635010400,재송동,2635010400103690001,1,대지,369,1,부산광역시 해운대구 재송동 369-1,263504199253,부산광역시 해운대구 해운대로177번길,6,,2635010400103690001000001,,부산광역시 해운대구 해운대로177번길 6,612828,48056,,,,129.123364777319,35.1819639743945
MA0106202512A1642644,어나더짐,남천점,R1,예술·스포츠,R103,스포츠 서비스,R10307,헬스장,R91132,체력 단련시설 운영업,26,부산광역시,26500,수영구,26500660,남천1동,2650010500,남천동,2650010500100290019,1,대지,29,19,부산광역시 수영구 남천동 29-19,265004214247,부산광역시 수영구 수영로464번길,6,,2650010500100290019011320,,부산광역시 수영구 수영로464번길 6,613815,48314,,,,129.110545418856,35.1471784007013
MA0106202512A1017076,커넥션,,R1,예술·스포츠,R103,스포츠 서비스,R10307,헬스장,R91132,체력 단련시설 운영업,26,부산광역시,26230,부산진구,26230610,전포2동,2623010200,전포동,2623010200106640009,1,대지,664,9,부산광역시 부산진구 전포동 664-9,262304187420,부산광역시 부산진구 서전로37번길,20,,2623010200106640008027530,,부산광역시 부산진구 서전로37번길 20,614865,47247,,,,129.06400026502,35.1587494090965
MA0106202512A1578455,102댄스스튜디오학원,,R1,예술·스포츠,R103,스포츠 서비스,R10307,헬스장,R91132,체력 단련시설 운영업,26,부산광역시,26410,금정구,26410690,구서2동,2641010700,구서동,2641010700101630018,1,대지,163,18,부산광역시 금정구 구서동 163-18,264104205409,부산광역시 금정구 중앙대로1945번길,10,,2641010700101630018023304,,부산광역시 금정구 중앙대로1945번길 10,609802,46229,,,,129.090785358737,35.2580652307343
MA0106202509A0888557,올라폴댄스학원,,R1,예술·스포츠,R103,스포츠 서비스,R10307,헬스장,R91132,체력 단련시설 운영업,26,부산광역시,26320,북구,26320571,만덕1동,2632010300,만덕동,2632010300108240036,1,대지,824,36,부산광역시 북구 만덕동 824-36,263204196155,부산광역시 북구 만덕1로10번길,6,,2632010300108240036017229,,부산광역시 북구 만덕1로10번길 6,616830,46557,,,,129.036307614589,35.2143153130312
MA0106202512A2166278,허그짐다대포점헬스&pt,,R1,예술·스포츠,R103,스포츠 서비스,R10307,헬스장,R91132,체력 단련시설 운영업,26,부산광역시,26380,사하구,26380602,다대2동,2638010600,다대동,2638010600115820018,1,대지,1582,18,부산광역시 사하구 다대동 1582-18,263804202234,부산광역시 사하구 다송로84번길,52,,2638010600115820018000002,,부산광역시 사하구 다송로84번길 52,604868,49521,,,,128.981639895693,35.0597693246876
MA0106202512A2388323,강다짐,사직점,R1,예술·스포츠,R103,스포츠 서비스,R10307,헬스장,R91132,체력 단련시설 운영업,26,부산광역시,26260,동래구,26260590,사직2동,2626010900,사직동,2626010900100780008,1,대지,78,8,부산광역시 동래구 사직동 78-8,262603130010,부산광역시 동래구 사직북로,17,,2626010900100780008008232,,부산광역시 동래구 사직북로 17,607815,47865,,,,129.060398075845,35.1973263022049
MA0106202509A0480896,지티에스웰빙라이프,,R1,예술·스포츠,R103,스포츠 서비스,R10307,헬스장,R91132,체력 단련시설 운영업,26,부산광역시,26170,동구,26170530,초량3동,2617010100,초량동,2617010100111690003,1,대지,1169,3,부산광역시 동구 초량동 1169-3,261702000010,부산광역시 동구 중앙대로,270,,2617010100111690003005701,,부산광역시 동구 중앙대로 270,601837,48731,,,,129.043065386279,35.1206425603129
MA0106202509A0543720,필라DAY,,R1,예술·스포츠,R103,스포츠 서비스,R10307,헬스장,R91132,체력 단련시설 운영업,26,부산광역시,26170,동구,26170530,초량3동,2617010100,초량동,2617010100101300011,1,대지,130,11,부산광역시 동구 초량동 130-11,261703006001,부산광역시 동구 초량상로,101,1,2617010100101300011001792,,부산광역시 동구 초량상로 101-1,601827,48797,,,,129.039207592072,35.1207616203419
MA0106202512A0339629,로한스포츠클럽,,R1,예술·스포츠,R103,스포츠 서비스,R10307,헬스장,R91132,체력 단련시설 운영업,26,부산광역시,26440,강서구,26440545,명지2동,2644010400,명지동,2644010400132370014,1,대지,3237,14,부산광역시 강서구 명지동 3237-14,264403136045,부산광역시 강서구 명지오션시티4로,88,,2644010400132370014000001,,부산광역시 강서구 명지오션시티4로 88,618814,46765,,,,128.903289317525,35.081157310179
MA0106202512A0550685,라벨짐전포점,,R1,예술·스포츠,R103,스포츠 서비스,R10307,헬스장,R91132,체력 단련시설 운영업,26,부산광역시,26230,부산진구,26230610,전포2동,2623010200,전포동,2623010200105910008,1,대지,591,8,부산광역시 부산진구 전포동 591-8,262303129009,부산광역시 부산진구 동성로,136,,2623010200105910008051275,,부산광역시 부산진구 동성로 136,614870,47241,,,,129.064420281371,35.1610402104842
MA0106202509A0204142,헬스보이짐롯데부암점,,R1,예술·스포츠,R103,스포츠 서비스,R10307,헬스장,R91132,체력 단련시설 운영업,26,부산광역시,26230,부산진구,26230640,부암1동,2623010800,부암동,2623010800102570000,1,대지,257,,부산광역시 부산진구 부암동 257,262302129001,부산광역시 부산진구 신천대로,241,,2623010800102400000000001,,부산광역시 부산진구 신천대로 241,614837,47187,,,,129.049322783607,35.1633062342067
MA0106202509A0835473,한웅골프온,,R1,예술·스포츠,R103,스포츠 서비스,R10307,헬스장,R91132,체력 단련시설 운영업,26,부산광역시,26140,서구,26140590,부민동,2614010700,부용동1가,2614010700100660001,1,대지,66,1,부산광역시 서구 부용동1가 66-1,261402006003,부산광역시 서구 보수대로,105,1,2614010700100660001019447,,부산광역시 서구 보수대로 105-1,602081,49223,,,,129.021038123643,35.1054126417416
MA0106202507A1926303,가야찌짐,,R1,예술·스포츠,R103,스포츠 서비스,R10307,헬스장,R91132,체력 단련시설 운영업,26,부산광역시,26230,부산진구,26230710,가야1동,2623011000,가야동,2623011000100500024,1,대지,50,24,부산광역시 부산진구 가야동 50-24,262302006015,부산광역시 부산진구 가야대로,631,1,2623011000100500024013812,,부산광역시 부산진구 가야대로 631-1,614800,47273,,,,129.040915539628,35.1557883103066
MA0106202507A0560781,하트비트 복싱짐 감천점,,R1,예술·스포츠,R103,스포츠 서비스,R10307,헬스장,R91132,체력 단련시설 운영업,26,부산광역시,26380,사하구,26380620,감천1동,2638010800,감천동,2638010800106480010,1,대지,648,10,부산광역시 사하구 감천동 648-10,263803006004,부산광역시 사하구 감천로,45,,2638010800106480010007957,,부산광역시 사하구 감천로 45,604806,49371,,,,128.997669481562,35.0910387545147
MA0106202507A0912460,댄스업아카데미학원,,R1,예술·스포츠,R103,스포츠 서비스,R10307,헬스장,R91132,체력 단련시설 운영업,26,부산광역시,26410,금정구,26410610,장전2동,2641010800,장전동,2641010800103120017,1,대지,312,17,부산광역시 금정구 장전동 312-17,264104205110,부산광역시 금정구 금정로68번길,12,4,2641010800103120017035484,,부산광역시 금정구 금정로68번길 12-4,609392,46291,,,,129.087097577139,35.2303556097907
MA0106202506A0267576,레핏짐피트니스,,R1,예술·스포츠,R103,스포츠 서비스,R10307,헬스장,R91132,체력 단련시설 운영업,26,부산광역시,26170,동구,26170510,초량1동,2617010100,초량동,2617010100112090014,1,대지,1209,14,부산광역시 동구 초량동 1209-14,261702000010,부산광역시 동구 중앙대로,193,,2617010100112090014009035,,부산광역시 동구 중앙대로 193,601839,48818,,,,129.039078623047,35.1147079194898
MA0106202508A0868360,에이피엠(APM)다이어트댄스,,R1,예술·스포츠,R103,스포츠 서비스,R10307,헬스장,R91132,체력 단련시설 운영업,26,부산광역시,26320,북구,26320543,화명3동,2632010200,화명동,2632010200123140004,1,대지,2314,4,부산광역시 북구 화명동 2314-4,263204196378,부산광역시 북구 학사로17번가길,5,,2632010200123140004006328,,부산광역시 북구 학사로17번가길 5,616853,46542,,,,129.007569723379,35.2240684190272
MA0106202506A0233399,강경호짐,,R1,예술·스포츠,R103,스포츠 서비스,R10307,헬스장,R91132,체력 단련시설 운영업,26,부산광역시,26500,수영구,26500780,광안3동,2650010400,광안동,2650010400100510002,1,대지,51,2,부산광역시 수영구 광안동 51-2,265003131037,부산광역시 수영구 수영로,698,1,2650010400100510002000001,,부산광역시 수영구 수영로 698-1,613800,48266,,,,129.115972878008,35.1673776306135
MA0106202508A2124554,일레븐핏 부산대점,,R1,예술·스포츠,R103,스포츠 서비스,R10307,헬스장,R91132,체력 단련시설 운영업,26,부산광역시,26410,금정구,26410610,장전2동,2641010800,장전동,2641010800105380001,1,대지,538,1,부산광역시 금정구 장전동 538-1,264103130022,부산광역시 금정구 금강로,209,,2641010800105380001005572,,부산광역시 금정구 금강로 209,609841,46294,,,,129.082764608013,35.2271230580393
MA0106202508A1591613,전포PT존피트니스재활체형교정다이어트,,R1,예술·스포츠,R103,스포츠 서비스,R10307,헬스장,R91132,체력 단련시설 운영업,26,부산광역시,26230,부산진구,26230600,전포1동,2623010200,전포동,2623010200103080034,1,대지,308,34,부산광역시 부산진구 전포동 308-34,262304187665,부산광역시 부산진구 전포대로210번길,19,,2623010200103080034000001,,부산광역시 부산진구 전포대로210번길 19,614867,47303,,,,129.066663509058,35.1555859725885
MA0106202507A2067610,밀키웨이짐,,R1,예술·스포츠,R103,스포츠 서비스,R10307,헬스장,R91132,체력 단련시설 운영업,26,부산광역시,26230,부산진구,26230770,범천1동,2623010400,범천동,2623010400108460018,1,대지,846,18,부산광역시 부산진구 범천동 846-18,262303127051,부산광역시 부산진구 범일로,148,,2623010400108460018024786,,부산광역시 부산진구 범일로 148,614827,47365,,,,129.059582877539,35.1432705403886
MA0106202508A1088604,플랜비PT_문화비,,R1,예술·스포츠,R103,스포츠 서비스,R10307,헬스장,R91132,체력 단련시설 운영업,26,부산광역시,26320,북구,26320542,화명2동,2632010200,화명동,2632010200113880008,1,대지,1388,8,부산광역시 북구 화명동 1388-8,263204196054,부산광역시 북구 금곡대로306번길,14,,2632010200113880008007694,,부산광역시 북구 금곡대로306번길 14,616834,46531,,,,129.014666791867,35.2352780666958
MA0106202508A2241418,더온피트니스문화비,,R1,예술·스포츠,R103,스포츠 서비스,R10307,헬스장,R91132,체력 단련시설 운영업,26,부산광역시,26260,동래구,26260560,온천2동,2626010800,온천동,2626010800114020003,1,대지,1402,3,부산광역시 동래구 온천동 1402-3,262603006023,부산광역시 동래구 우장춘로,14,,2626010800114020003000836,,부산광역시 동래구 우장춘로 14,607837,47731,,,,129.070265463642,35.208918004508
MA0106202508A0896195,플랜핏-문화비,,R1,예술·스포츠,R103,스포츠 서비스,R10307,헬스장,R91132,체력 단련시설 운영업,26,부산광역시,26470,연제구,26470690,연산5동,2647010200,연산동,2647010200112790001,1,대지,1279,1,부산광역시 연제구 연산동 1279-1,264704211310,부산광역시 연제구 월드컵대로145번길,32,,2647010200112790001000001,,부산광역시 연제구 월드컵대로145번길 32,611839,47540,,,,129.079860091037,35.1851703218401
MA0106202507A1918228,24헬스K.S바디스타휘트니스,남산점,R1,예술·스포츠,R103,스포츠 서비스,R10307,헬스장,R91132,체력 단련시설 운영업,26,부산광역시,26410,금정구,26410670,남산동,2641010400,남산동,2641010400101170015,1,대지,117,15,부산광역시 금정구 남산동 117-15,264102000010,부산광역시 금정구 중앙대로,2033,,2641010400101170015017837,,부산광역시 금정구 중앙대로 2033,609814,46224,,,,129.092248123916,35.26581679604
MA0106202507A0708096,빅터짐문화비,,R1,예술·스포츠,R103,스포츠 서비스,R10307,헬스장,R91132,체력 단련시설 운영업,26,부산광역시,26530,사상구,26530661,주례3동,2653010600,주례동,2653010600111620001,1,대지,1162,1,부산광역시 사상구 주례동 1162-1,265302006015,부산광역시 사상구 가야대로,256,,2653010600111620002003496,,부산광역시 사상구 가야대로 256,617838,47012,,,,129.000721734361,35.1499525025911
MA0106202507A2059071,주짓수코어킥복싱,,R1,예술·스포츠,R103,스포츠 서비스,R10307,헬스장,R91132,체력 단련시설 운영업,26,부산광역시,26230,부산진구,26230720,가야2동,2623011000,가야동,2623011000101360080,1,대지,136,80,부산광역시 부산진구 가야동 136-80,262302006015,부산광역시 부산진구 가야대로,519,,2623011000101360080047425,,부산광역시 부산진구 가야대로 519,614801,47270,,,,129.028781793369,35.1536671638859
MA0106202507A2101979,솜골프랩 남천점,,R1,예술·스포츠,R103,스포츠 서비스,R10307,헬스장,R91132,체력 단련시설 운영업,26,부산광역시,26500,수영구,26500660,남천1동,2650010500,남천동,2650010500105560009,1,대지,556,9,부산광역시 수영구 남천동 556-9,265004214386,부산광역시 수영구 황령대로489번길,22,,2650010500105560009003401,,부산광역시 수영구 황령대로489번길 22,613819,48313,,,,129.108291147114,35.1389000040156
MA0106202506A1398168,피크원,,R1,예술·스포츠,R103,스포츠 서비스,R10307,헬스장,R91132,체력 단련시설 운영업,26,부산광역시,26230,부산진구,26230550,초읍동,2623010700,초읍동,2623010700102030002,1,대지,203,2,부산광역시 부산진구 초읍동 203-2,262303129029,부산광역시 부산진구 성지로,112,,2623010700102030002000001,,부산광역시 부산진구 성지로 112,614873,47115,,,,129.051917549525,35.1800959991502
MA0106202507A0455836,피트니스  코리아(문현점),,R1,예술·스포츠,R103,스포츠 서비스,R10307,헬스장,R91132,체력 단련시설 운영업,26,부산광역시,26290,남구,26290690,문현2동,2629010900,문현동,2629010900104700005,1,대지,470,5,부산광역시 남구 문현동 470-5,262902006005,부산광역시 남구 전포대로,116,,2629010900104700005030658,,부산광역시 남구 전포대로 116,608826,48403,,,,129.067116714639,35.1470442376025
MA0106202507A2139936,스윗 피트니스,,R1,예술·스포츠,R103,스포츠 서비스,R10307,헬스장,R91132,체력 단련시설 운영업,26,부산광역시,26230,부산진구,26230740,개금1동,2623011100,개금동,2623011100101820013,1,대지,182,13,부산광역시 부산진구 개금동 182-13,262302006015,부산광역시 부산진구 가야대로,474,,2623011100101770142000001,,부산광역시 부산진구 가야대로 474,614813,47323,,,,129.023790304156,35.1528224695026
MA0106202507A2094568,크로스핏사상빡짐,,R1,예술·스포츠,R103,스포츠 서비스,R10307,헬스장,R91132,체력 단련시설 운영업,26,부산광역시,26530,사상구,26530620,괘법동,2653010400,괘법동,2653010400105160003,1,대지,516,3,부산광역시 사상구 괘법동 516-3,265303139018,부산광역시 사상구 운산로,22,,2653010400105160003009702,괘법한신2차,부산광역시 사상구 운산로 22,617760,46961,,,,128.979250508854,35.1690227194633
MA0106202507A1084491,이고짐,,R1,예술·스포츠,R103,스포츠 서비스,R10307,헬스장,R91132,체력 단련시설 운영업,26,부산광역시,26230,부산진구,26230570,양정2동,2623010100,양정동,2623010100102630004,1,대지,263,4,부산광역시 부산진구 양정동 263-4,262304187703,부산광역시 부산진구 중앙대로969번길,16,,2623010100102630009020363,,부산광역시 부산진구 중앙대로969번길 16,614854,47209,,,,129.072888147896,35.1764585634312
MA0106202507A1929538,쑥피트니스좌동점,,R1,예술·스포츠,R103,스포츠 서비스,R10307,헬스장,R91132,체력 단련시설 운영업,26,부산광역시,26350,해운대구,26350554,좌4동,2635010700,좌동,2635010700114070003,1,대지,1407,3,부산광역시 해운대구 좌동 1407-3,263503133039,부산광역시 해운대구 좌동순환로,175,,2635010700114070003029935,,부산광역시 해운대구 좌동순환로 175,612863,48075,,,,129.175529788345,35.1781001061376
MA0106202507A2289371,헬스보이짐 하단점,,R1,예술·스포츠,R103,스포츠 서비스,R10307,헬스장,R91132,체력 단련시설 운영업,26,부산광역시,26380,사하구,26380562,하단2동,2638010300,하단동,2638010300105250007,1,대지,525,7,부산광역시 사하구 하단동 525-7,263803006030,부산광역시 사하구 낙동남로,1403,,2638010300105250007000001,,부산광역시 사하구 낙동남로 1403,604852,49312,,,,128.965204924429,35.1065922585372
MA0106202507A1569104,노랑통닭 부산망미점,,R1,예술·스포츠,R103,스포츠 서비스,R10307,헬스장,R91132,체력 단련시설 운영업,26,부산광역시,26500,수영구,26500740,망미1동,2650010100,망미동,2650010100108090001,1,대지,809,1,부산광역시 수영구 망미동 809-1,265004214147,부산광역시 수영구 망미로22번길,49,,2650010100108090001017911,,부산광역시 수영구 망미로22번길 49,613825,48234,,,,129.101970182809,35.1708025816451
MA0106202507A0816666,리앤핏,,R1,예술·스포츠,R103,스포츠 서비스,R10307,헬스장,R91132,체력 단련시설 운영업,26,부산광역시,26350,해운대구,26350650,재송1동,2635010400,재송동,2635010400103690001,1,대지,369,1,부산광역시 해운대구 재송동 369-1,263504199253,부산광역시 해운대구 해운대로177번길,6,,2635010400103690001000001,,부산광역시 해운대구 해운대로177번길 6,612828,48056,,,,129.123364777319,35.1819639743945
MA0106202507A2358652,인핏퍼스널트레이닝_문화비,,R1,예술·스포츠,R103,스포츠 서비스,R10307,헬스장,R91132,체력 단련시설 운영업,26,부산광역시,26320,북구,26320560,덕천2동,2632010400,덕천동,2632010400103480002,1,대지,348,2,부산광역시 북구 덕천동 348-2,263203132004,부산광역시 북구 기찰로,3,,2632010400103480006000001,,부산광역시 북구 기찰로 3,616816,46547,,,,129.005350401319,35.2115339713055
MA0106202507A2357157,우신마린테크,,R1,예술·스포츠,R103,스포츠 서비스,R10307,헬스장,R91132,체력 단련시설 운영업,26,부산광역시,26440,강서구,26440535,명지1동,2644010400,명지동,2644010400135890006,1,대지,3589,6,부산광역시 강서구 명지동 3589-6,264403350869,부산광역시 강서구 명지국제8로10번길,16,,2644010400135890006000001,,부산광역시 강서구 명지국제8로10번길 16,618200,46726,,,,128.902765077442,35.0920971028292
MA0106202507A2216998,한핏,,R1,예술·스포츠,R103,스포츠 서비스,R10307,헬스장,R91132,체력 단련시설 운영업,26,부산광역시,26290,남구,26290530,대연3동,2629010600,대연동,2629010600100550001,1,대지,55,1,부산광역시 남구 대연동 55-1,262903131037,부산광역시 남구 수영로,312,,2629010600100550001003638,,부산광역시 남구 수영로 312,608743,48508,,,,129.100617357266,35.1369786859767
MA0106202507A1391781,엘바디핏,,R1,예술·스포츠,R103,스포츠 서비스,R10307,헬스장,R91132,체력 단련시설 운영업,26,부산광역시,26260,동래구,26260510,수민동,2626010400,낙민동,2626010400100840008,1,대지,84,8,부산광역시 동래구 낙민동 84-8,262603130015,부산광역시 동래구 안남로,23,,2626010400100840008017390,,부산광역시 동래구 안남로 23,607801,47892,,,,129.094823040509,35.1946447675219
MA0106202507A0972311,바벨하우스,,R1,예술·스포츠,R103,스포츠 서비스,R10307,헬스장,R91132,체력 단련시설 운영업,26,부산광역시,26710,기장군,26710256,정관읍,2671025622,정관읍,2671025622101420000,1,대지,142,,부산광역시 기장군 정관읍 매학리 142,267103351577,부산광역시 기장군 정관읍 매학용수로,12,1,2671025622101430026000001,,부산광역시 기장군 정관읍 매학용수로 12-1,619963,46018,,,,129.17345793296,35.3164334825326
MA0106202507A1424373,투와이핏 PT 명지점,,R1,예술·스포츠,R103,스포츠 서비스,R10307,헬스장,R91132,체력 단련시설 운영업,26,부산광역시,26440,강서구,26440535,명지1동,2644010400,명지동,2644010400133580004,1,대지,3358,4,부산광역시 강서구 명지동 3358-4,264403350870,부산광역시 강서구 명지국제9로,38,,2644010400133580004000001,,부산광역시 강서구 명지국제9로 38,618200,46773,,,,128.921493614038,35.0982181739746
MA0106202507A1739604,리온피티,,R1,예술·스포츠,R103,스포츠 서비스,R10307,헬스장,R91132,체력 단련시설 운영업,26,부산광역시,26410,금정구,26410610,장전2동,2641010800,장전동,2641010800104160016,1,대지,416,16,부산광역시 금정구 장전동 416-16,264103006033,부산광역시 금정구 금정로,80,1,2641010800104160016004628,,부산광역시 금정구 금정로 80-1,609392,46290,,,,129.086881315791,35.2317741414803
MA0106202506A1392998,인리치짐,,R1,예술·스포츠,R103,스포츠 서비스,R10307,헬스장,R91132,체력 단련시설 운영업,26,부산광역시,26260,동래구,26260520,복산동,2626010300,칠산동,2626010300102310000,1,대지,231,,부산광역시 동래구 칠산동 231,262604190103,부산광역시 동래구 명륜로112번길,105,,2626010300102310000017656,,부산광역시 동래구 명륜로112번길 105,607030,47810,,,,129.088550998348,35.2026472325162
MA0106202508A1714474,머스트짐PT,,R1,예술·스포츠,R103,스포츠 서비스,R10307,헬스장,R91132,체력 단련시설 운영업,26,부산광역시,26320,북구,26320560,덕천2동,2632010400,덕천동,2632010400103980007,1,대지,398,7,부산광역시 북구 덕천동 398-7,263202006007,부산광역시 북구 만덕대로,19,,2632010400103980007017345,,부산광역시 북구 만덕대로 19,616816,46548,,,,129.007132263235,35.2107654784368
MA0106202508A0418082,에이치(H)24 점핑다이어트 부산대점,,R1,예술·스포츠,R103,스포츠 서비스,R10307,헬스장,R91132,체력 단련시설 운영업,26,부산광역시,26410,금정구,26410610,장전2동,2641010800,장전동,2641010800104190028,1,대지,419,28,부산광역시 금정구 장전동 419-28,264103130022,부산광역시 금정구 금강로,247,6,2641010800104190028007467,,부산광역시 금정구 금강로 247-6,609840,46288,,,,129.084528518169,35.2303908857034
MA0106202508A2127179,그래비티휘트니스,,R1,예술·스포츠,R103,스포츠 서비스,R10307,헬스장,R91132,체력 단련시설 운영업,26,부산광역시,26350,해운대구,26350552,좌2동,2635010700,좌동,2635010700114790001,1,대지,1479,1,부산광역시 해운대구 좌동 1479-1,263502006010,부산광역시 해운대구 해운대로,802,,2635010700114790001000001,,부산광역시 해운대구 해운대로 802,612842,48111,,,,129.176663515328,35.1691674826786
MA0106202202A1711418,골프존파크하단을숙도골프클럽,,R1,예술·스포츠,R103,스포츠 서비스,R10307,헬스장,R91132,체력 단련시설 운영업,26,부산광역시,26380,사하구,26380562,하단2동,2638010300,하단동,2638010300111580000,1,대지,1158,,부산광역시 사하구 하단동 1158,263803134034,부산광역시 사하구 하신번영로,395,,2638010300111580000005165,,부산광역시 사하구 하신번영로 395,604851,49301,,,,128.960357577051,35.1161963131153
MA0106202201A2274957,상상기구필라테스,,R1,예술·스포츠,R103,스포츠 서비스,R10307,헬스장,R91132,체력 단련시설 운영업,26,부산광역시,26710,기장군,26710256,정관읍,2671025622,정관읍,2671025622107770001,1,대지,777,1,부산광역시 기장군 정관읍 매학리 777-1,267103140044,부산광역시 기장군 정관읍 정관6로,39,,2671025622107770001000001,,부산광역시 기장군 정관읍 정관6로 39,619963,46024,,,,129.178353941165,35.3194361756757
MA0106202508A1513511,국제다이빙협회,,R1,예술·스포츠,R103,스포츠 서비스,R10307,헬스장,R91132,체력 단련시설 운영업,26,부산광역시,26380,사하구,26380590,장림2동,2638010500,장림동,2638010500105170005,1,대지,517,5,부산광역시 사하구 장림동 517-5,263804202451,부산광역시 사하구 장평로15번길,3,1,2638010500105170005000001,,부산광역시 사하구 장평로15번길 3-1,604846,49491,,,,128.975302494956,35.0683078696033
MA0106202508A0466487,엠씨피트니스 부산역점,,R1,예술·스포츠,R103,스포츠 서비스,R10307,헬스장,R91132,체력 단련시설 운영업,26,부산광역시,26170,동구,26170530,초량3동,2617010100,초량동,2617010100111990009,1,대지,1199,9,부산광역시 동구 초량동 1199-9,261702000010,부산광역시 동구 중앙대로,216,,2617010100111990009003560,,부산광역시 동구 중앙대로 216,601838,48733,,,,129.040807997133,35.1163279485245
MA0106202201A1978524,문정,,R1,예술·스포츠,R103,스포츠 서비스,R10307,헬스장,R91132,체력 단련시설 운영업,26,부산광역시,26710,기장군,26710253,장안읍,2671025325,장안읍,2671025325104880000,1,대지,488,,부산광역시 기장군 장안읍 장안리 488,267104220138,부산광역시 기장군 장안읍 상장안3길,1,8,2671025325104880000004025,,부산광역시 기장군 장안읍 상장안3길 1-8,619951,46028,,,,129.244534131327,35.3704620781113
MA0106202506A1044773,코어GX,,R1,예술·스포츠,R103,스포츠 서비스,R10307,헬스장,R91132,체력 단련시설 운영업,26,부산광역시,26230,부산진구,26230700,당감4동,2623010900,당감동,2623010900104180001,1,대지,418,1,부산광역시 부산진구 당감동 418-1,262303129011,부산광역시 부산진구 동평로,83,,2623010900104180001038792,,부산광역시 부산진구 동평로 83,614821,47145,,,,129.038648220477,35.1656221701462
MA0106202506A2307267,대명골프연습장,,R1,예술·스포츠,R103,스포츠 서비스,R10307,헬스장,R91132,체력 단련시설 운영업,26,부산광역시,26440,강서구,26440535,명지1동,2644010400,명지동,2644010400135890008,1,대지,3589,8,부산광역시 강서구 명지동 3589-8,264403350869,부산광역시 강서구 명지국제8로10번길,12,,2644010400135890008000001,,부산광역시 강서구 명지국제8로10번길 12,618200,46726,,,,128.90216371147,35.0921696254903
MA0106202201A1903179,부산대학교소비자생활협동조합,,R1,예술·스포츠,R103,스포츠 서비스,R10307,헬스장,R91132,체력 단련시설 운영업,26,부산광역시,26410,금정구,26410610,장전2동,2641010800,장전동,2641010800100400000,1,대지,40,,부산광역시 금정구 장전동 40,264104205206,부산광역시 금정구 부산대학로63번길,2,,2641010800100400000000001,,부산광역시 금정구 부산대학로63번길 2,609737,46241,,,,129.083829027579,35.2322412765478
MA0106202201A1903587,스포케이,,R1,예술·스포츠,R103,스포츠 서비스,R10307,헬스장,R91132,체력 단련시설 운영업,26,부산광역시,26410,금정구,26410690,구서2동,2641010700,구서동,2641010700101920011,1,대지,192,11,부산광역시 금정구 구서동 192-11,264104205021,부산광역시 금정구 구서중앙로15번길,14,,2641010700101920011011878,,부산광역시 금정구 구서중앙로15번길 14,609803,46230,,,,129.089359455153,35.2543050664954
MA0106202201A1729976,부산진구체육회_대관,,R1,예술·스포츠,R103,스포츠 서비스,R10307,헬스장,R91132,체력 단련시설 운영업,26,부산광역시,26230,부산진구,26230550,초읍동,2623010700,초읍동,2623010700200660001,2,산,66,1,부산광역시 부산진구 초읍동 산 66-1,262304187443,부산광역시 부산진구 성지로143번길,27,,2623010700200660001043325,,부산광역시 부산진구 성지로143번길 27,614873,47124,,,,129.048886960109,35.1800481955304
MA0106202506A0905458,워너짐 헬스&pt 남천점,,R1,예술·스포츠,R103,스포츠 서비스,R10307,헬스장,R91132,체력 단련시설 운영업,26,부산광역시,26500,수영구,26500660,남천1동,2650010500,남천동,2650010500102580004,1,대지,258,4,부산광역시 수영구 남천동 258-4,265004214239,부산광역시 수영구 수영로384번길,8,,2650010500102580004002617,,부산광역시 수영구 수영로384번길 8,613816,48312,,,,129.106828351087,35.1404574193444
MA0106202506A2144935,멋짐,,R1,예술·스포츠,R103,스포츠 서비스,R10307,헬스장,R91132,체력 단련시설 운영업,26,부산광역시,26230,부산진구,26230540,연지동,2623010600,연지동,2623010600103400011,1,대지,340,11,부산광역시 부산진구 연지동 340-11,262303129024,부산광역시 부산진구 새싹로,184,,2623010600103400011000001,,부산광역시 부산진구 새싹로 184,614860,47132,,,,129.049850056949,35.1725071934385
MA0106202506A1585685,한국복싱캠프,,R1,예술·스포츠,R103,스포츠 서비스,R10307,헬스장,R91132,체력 단련시설 운영업,26,부산광역시,26470,연제구,26470650,연산1동,2647010200,연산동,2647010200103070025,1,대지,307,25,부산광역시 연제구 연산동 307-25,264703006054,부산광역시 연제구 과정로,336,1,2647010200103070025008219,,부산광역시 연제구 과정로 336-1,611811,47561,,,,129.091255225037,35.1903629077206
MA0106202506A2078591,인앤아웃짐,,R1,예술·스포츠,R103,스포츠 서비스,R10307,헬스장,R91132,체력 단련시설 운영업,26,부산광역시,26350,해운대구,26350530,중1동,2635010600,중동,2635010600117660006,1,대지,1766,6,부산광역시 해운대구 중동 1766-6,263503133039,부산광역시 해운대구 좌동순환로,506,,2635010600117660006030747,,부산광역시 해운대구 좌동순환로 506,612851,48101,,,,129.168737379129,35.1661737442231
MA0106202506A0474501,코코아짐 헬스.PT 범일점,,R1,예술·스포츠,R103,스포츠 서비스,R10307,헬스장,R91132,체력 단련시설 운영업,26,부산광역시,26170,동구,26170660,범일2동,2617010400,범일동,2617010400108300140,1,대지,830,140,부산광역시 동구 범일동 830-140,261703127033,부산광역시 동구 조방로,14,,2617010400108300140000001,,부산광역시 동구 조방로 14,601808,48741,,,,129.063450634676,35.1387259298607
MA0106202601A1361746,오케이피트니스 대연점 헬스 &PT,,R1,예술·스포츠,R103,스포츠 서비스,R10307,헬스장,R91132,체력 단련시설 운영업,26,부산광역시,26290,남구,26290530,대연3동,2629010600,대연동,2629010600100630003,1,대지,63,3,부산광역시 남구 대연동 63-3,262904193203,부산광역시 남구 용소로14번길,23,,2629010600100630003026653,,부산광역시 남구 용소로14번길 23,608805,48498,,,,129.099536328446,35.1354654601894
MA0106202601A2360601,더 핏 피트니스,,R1,예술·스포츠,R103,스포츠 서비스,R10307,헬스장,R91132,체력 단련시설 운영업,26,부산광역시,26710,기장군,26710256,정관읍,2671025627,정관읍,2671025627107400015,1,대지,740,15,부산광역시 기장군 정관읍 모전리 740-15,267103140040,부산광역시 기장군 정관읍 정관2로,51,27,2671032027107400015000001,,부산광역시 기장군 정관읍 정관2로 51-27,619962,46008,,,,129.167012729582,35.334868973982
MA0106202601A1385536,핏토닉 피트니스 헬스&PT 해운대점,,R1,예술·스포츠,R103,스포츠 서비스,R10307,헬스장,R91132,체력 단련시설 운영업,26,부산광역시,26350,해운대구,26350540,중2동,2635010600,중동,2635010600115210003,1,대지,1521,3,부산광역시 해운대구 중동 1521-3,263503133039,부산광역시 해운대구 좌동순환로,395,,2635010600115210003000001,,부산광역시 해운대구 좌동순환로 395,612850,48114,,,,129.177333189161,35.1621806344062
MA0106202601A0914950,진심피트니스,,R1,예술·스포츠,R103,스포츠 서비스,R10307,헬스장,R91132,체력 단련시설 운영업,26,부산광역시,26350,해운대구,26350540,중2동,2635010600,중동,2635010600115140002,1,대지,1514,2,부산광역시 해운대구 중동 1514-2,263504199021,부산광역시 해운대구 달맞이길65번길,26,,2635010600115140002016400,,부산광역시 해운대구 달맞이길65번길 26,612850,48117,,,,129.173527982434,35.1606269443822
MA0106202601A1357551,티제이짐 용호점,,R1,예술·스포츠,R103,스포츠 서비스,R10307,헬스장,R91132,체력 단련시설 운영업,26,부산광역시,26290,남구,26290600,용호4동,2629010700,용호동,2629010700105330045,1,대지,533,45,부산광역시 남구 용호동 533-45,262903131025,부산광역시 남구 용호로,214,,2629010700105330045010822,,부산광역시 남구 용호로 214,608838,48568,,,,129.110811397814,35.1132903072786
MA0106202601A1404199,(주)빅스짐 신호점,,R1,예술·스포츠,R103,스포츠 서비스,R10307,헬스장,R91132,체력 단련시설 운영업,26,부산광역시,26440,강서구,26440590,신호동,2644011700,신호동,2644011700102170001,1,대지,217,1,부산광역시 강서구 신호동 217-1,264403354958,부산광역시 강서구 신호이로,33,,2644011700102170001000001,,부산광역시 강서구 신호이로 33,618290,46759,,,,128.877767281935,35.0859441899645
MA0106202601A2426551,팀터틀랫 기장일광점,,R1,예술·스포츠,R103,스포츠 서비스,R10307,헬스장,R91132,체력 단련시설 운영업,26,부산광역시,26710,기장군,26710259,일광읍,2671025921,일광읍,2671025921108690001,1,대지,869,1,부산광역시 기장군 일광읍 삼성리 869-1,267103352381,부산광역시 기장군 일광읍 해송1로,25,,2671031021108690001000001,,부산광역시 기장군 일광읍 해송1로 25,619912,46044,,,,129.22948448507,35.2679784816024
MA0106202601A1917828,부산광역시 강서구,,R1,예술·스포츠,R103,스포츠 서비스,R10307,헬스장,R91132,체력 단련시설 운영업,26,부산광역시,26440,강서구,26440510,대저1동,2644010100,대저1동,2644010100123000000,1,대지,2300,,부산광역시 강서구 대저1동 2300,264403006026,부산광역시 강서구 낙동북로,477,,2644010100123000000030979,,부산광역시 강서구 낙동북로 477,618701,46702,,,,128.980594836275,35.2122029615701
MA0106202601A2098477,재단법인 부산남구문화재단,,R1,예술·스포츠,R103,스포츠 서비스,R10307,헬스장,R91132,체력 단련시설 운영업,26,부산광역시,26290,남구,26290580,용호2동,2629010700,용호동,2629010700109500001,1,대지,950,1,부산광역시 남구 용호동 950-1,262903131022,부산광역시 남구 오륙도로,137,,2629010700201970004000001,,부산광역시 남구 오륙도로 137,608092,48594,,,,129.123104939213,35.1014415976195
MA0106202601A0562574,팀매드 명지오션시티점,,R1,예술·스포츠,R103,스포츠 서비스,R10307,헬스장,R91132,체력 단련시설 운영업,26,부산광역시,26440,강서구,26440545,명지2동,2644010400,명지동,2644010400132390004,1,대지,3239,4,부산광역시 강서구 명지동 3239-4,264403136045,부산광역시 강서구 명지오션시티4로,67,,2644010400132390004000001,,부산광역시 강서구 명지오션시티4로 67,618814,46764,,,,128.90393603813,35.0830396769828
MA0106202601A0086705,미라클랜드휘트니스,,R1,예술·스포츠,R103,스포츠 서비스,R10307,헬스장,R91132,체력 단련시설 운영업,26,부산광역시,26350,해운대구,26350660,재송2동,2635010400,재송동,2635010400110600006,1,대지,1060,6,부산광역시 해운대구 재송동 1060-6,263503133035,부산광역시 해운대구 재반로,111,1,2635010400110600006007552,,부산광역시 해운대구 재반로 111-1,612830,48054,,,,129.126377877593,35.1884984650552
MA0106202601A1391432,감성피티 동래점,,R1,예술·스포츠,R103,스포츠 서비스,R10307,헬스장,R91132,체력 단련시설 운영업,26,부산광역시,26260,동래구,26260510,수민동,2626010600,수안동,2626010600105000002,1,대지,500,2,부산광역시 동래구 수안동 500-2,262604190130,부산광역시 동래구 명륜로94번길,46,,2626010600105000002016106,,부산광역시 동래구 명륜로94번길 46,607824,47808,,,,129.084169159402,35.2043178023299
MA0106202601A2356064,마이애미짐 해운대점 24시헬스PT,,R1,예술·스포츠,R103,스포츠 서비스,R10307,헬스장,R91132,체력 단련시설 운영업,26,부산광역시,26350,해운대구,26350530,중1동,2635010600,중동,2635010600117590000,1,대지,1759,,부산광역시 해운대구 중동 1759,263502006010,부산광역시 해운대구 해운대로,743,,2635010600117590000029915,,부산광역시 해운대구 해운대로 743,612851,48102,,,,129.17135304991,35.1671451548928
MA0106202510A1954083,라벨짐헬스&PT,서면점,R1,예술·스포츠,R103,스포츠 서비스,R10307,헬스장,R91132,체력 단련시설 운영업,26,부산광역시,26230,부산진구,26230520,부전2동,2623010300,부전동,2623010300101970001,1,대지,197,1,부산광역시 부산진구 부전동 197-1,262304187520,부산광역시 부산진구 신천대로50번길,61,,2623010300101970001001863,,부산광역시 부산진구 신천대로50번길 61,614845,47296,,,,129.059743706946,35.1535681032207
MA0106202512A1768428,피트니스공,,R1,예술·스포츠,R103,스포츠 서비스,R10307,헬스장,R91132,체력 단련시설 운영업,26,부산광역시,26230,부산진구,26230700,당감4동,2623010900,당감동,2623010900107340021,1,대지,734,21,부산광역시 부산진구 당감동 734-21,262304187151,부산광역시 부산진구 당감서로80번길,22,,2623010900107340014007940,,부산광역시 부산진구 당감서로80번길 22,614821,47145,,,,129.038251486942,35.1673140274089
MA0106202510A0980712,쑥피트니스,,R1,예술·스포츠,R103,스포츠 서비스,R10307,헬스장,R91132,체력 단련시설 운영업,26,부산광역시,26350,해운대구,26350595,반여4동,2635010300,반여동,2635010300111830023,1,대지,1183,23,부산광역시 해운대구 반여동 1183-23,263504006030,부산광역시 해운대구 명장로67번길,121,7,2635010300202790007000435,,부산광역시 해운대구 명장로67번길 121-7,612859,48045,,,,129.115951324424,35.2046404609705
MA0106202510A1588573,아르케핏PT서면전포점,,R1,예술·스포츠,R103,스포츠 서비스,R10307,헬스장,R91132,체력 단련시설 운영업,26,부산광역시,26230,부산진구,26230600,전포1동,2623010200,전포동,2623010200106830001,1,대지,683,1,부산광역시 부산진구 전포동 683-1,262304187664,부산광역시 부산진구 전포대로209번길,43,,2623010200106830012032881,,부산광역시 부산진구 전포대로209번길 43,614866,47294,,,,129.062837093315,35.1552727204237
MA0106202510A0466512,위드피트니스_문화비,,R1,예술·스포츠,R103,스포츠 서비스,R10307,헬스장,R91132,체력 단련시설 운영업,26,부산광역시,26350,해운대구,26350650,재송1동,2635010400,재송동,2635010400112090000,1,대지,1209,,부산광역시 해운대구 재송동 1209,263502006009,부산광역시 해운대구 센텀북대로,60,,2635010400112190000000001,,부산광역시 해운대구 센텀북대로 60,612051,48059,,,,129.125410327862,35.1766383496924
MA0106202510A1656528,이루짐,개금점,R1,예술·스포츠,R103,스포츠 서비스,R10307,헬스장,R91132,체력 단련시설 운영업,26,부산광역시,26230,부산진구,26230740,개금1동,2623011100,개금동,2623011100105150003,1,대지,515,3,부산광역시 부산진구 개금동 515-3,262302006015,부산광역시 부산진구 가야대로,456,,2623011100105150003000001,,부산광역시 부산진구 가야대로 456,614111,47323,,,,129.021904938678,35.1528990172756
MA0106202510A2178262,에스엔피이하단,,R1,예술·스포츠,R103,스포츠 서비스,R10307,헬스장,R91132,체력 단련시설 운영업,26,부산광역시,26380,사하구,26380562,하단2동,2638010300,하단동,2638010300105340013,1,대지,534,13,부산광역시 사하구 하단동 534-13,263802006002,부산광역시 사하구 낙동대로,466,,2638010300105340013005946,,부산광역시 사하구 낙동대로 466,604849,49325,,,,128.968721151239,35.1064270449464
MA0106202510A1697746,에프원피트니스헬스&PT,대연점,R1,예술·스포츠,R103,스포츠 서비스,R10307,헬스장,R91132,체력 단련시설 운영업,26,부산광역시,26290,남구,26290540,대연4동,2629010600,대연동,2629010600111680020,1,대지,1168,20,부산광역시 남구 대연동 1168-20,262903131016,부산광역시 남구 석포로,76,,2629010600111680020000001,,부산광역시 남구 석포로 76,608815,48539,,,,129.088636311506,35.1244614788819
MA0106202512A0985179,레저로스크린파크골프사상점,,R1,예술·스포츠,R103,스포츠 서비스,R10307,헬스장,R91132,체력 단련시설 운영업,26,부산광역시,26530,사상구,26530620,괘법동,2653010400,괘법동,2653010400105320036,1,대지,532,36,부산광역시 사상구 괘법동 532-36,265303139003,부산광역시 사상구 광장로,35,,2653010400105320036011941,,부산광역시 사상구 광장로 35,617807,46970,,,,128.98065661185,35.16319615532
MA0106202510A0687416,제이피트니스,개금점,R1,예술·스포츠,R103,스포츠 서비스,R10307,헬스장,R91132,체력 단련시설 운영업,26,부산광역시,26230,부산진구,26230740,개금1동,2623011100,개금동,2623011100105110001,1,대지,511,1,부산광역시 부산진구 개금동 511-1,262302006015,부산광역시 부산진구 가야대로,451,,2623011100105110001007008,,부산광역시 부산진구 가야대로 451,614111,47268,,,,129.02159239604,35.1535711003313
MA0106202510A1532879,금정산부곡온천,,R1,예술·스포츠,R103,스포츠 서비스,R10307,헬스장,R91132,체력 단련시설 운영업,26,부산광역시,26410,금정구,26410590,부곡3동,2641010900,부곡동,2641010900100630001,1,대지,63,1,부산광역시 금정구 부곡동 63-1,264104205301,부산광역시 금정구 수림로20번길,36,,2641010900100630001022661,,부산광역시 금정구 수림로20번길 36,609817,46275,,,,129.090701912979,35.2415577096529
MA0106202601A2393878,단폴댄스 스튜디오,,R1,예술·스포츠,R103,스포츠 서비스,R10307,헬스장,R91132,체력 단련시설 운영업,26,부산광역시,26230,부산진구,26230570,양정2동,2623010100,양정동,2623010100101160019,1,대지,116,19,부산광역시 부산진구 양정동 116-19,262303129044,부산광역시 부산진구 연수로,56,1,2623010100101160019023344,,부산광역시 부산진구 연수로 56-1,614851,47218,,,,129.077175996839,35.1750243311547
MA0106202512A0975215,그라운디댄스학원,,R1,예술·스포츠,R103,스포츠 서비스,R10307,헬스장,R91132,체력 단련시설 운영업,26,부산광역시,26440,강서구,26440535,명지1동,2644010400,명지동,2644010400133880001,1,대지,3388,1,부산광역시 강서구 명지동 3388-1,264403350859,부산광역시 강서구 명지국제6로,286,,2644010400116230002000001,,부산광역시 강서구 명지국제6로 286,618200,46773,,,,128.923862376736,35.1010283736727
MA0106202510A2201877,춤빵,해운대,R1,예술·스포츠,R103,스포츠 서비스,R10307,헬스장,R91132,체력 단련시설 운영업,26,부산광역시,26350,해운대구,26350650,재송1동,2635010400,재송동,2635010400113350000,1,대지,1335,,부산광역시 해운대구 재송동 1335,263504199266,부산광역시 해운대구 해운대로38번길,94,,2635010300114760333000001,,부산광역시 해운대구 해운대로38번길 94,612051,48047,,,,129.116370730669,35.1903409515959
MA0106202512A2166288,바디닥터짐,,R1,예술·스포츠,R103,스포츠 서비스,R10307,헬스장,R91132,체력 단련시설 운영업,26,부산광역시,26320,북구,26320543,화명3동,2632010200,화명동,2632010200122760004,1,대지,2276,4,부산광역시 북구 화명동 2276-4,263204196051,부산광역시 북구 금곡대로285번길,46,,2632010200122760004010880,,부산광역시 북구 금곡대로285번길 46,616852,46526,,,,129.011084663593,35.2343283598929
MA0106202512A1032111,404피트니스덕포점,,R1,예술·스포츠,R103,스포츠 서비스,R10307,헬스장,R91132,체력 단련시설 운영업,26,부산광역시,26530,사상구,26530600,덕포1동,2653010300,덕포동,2653010300104210009,1,대지,421,9,부산광역시 사상구 덕포동 421-9,265303132023,부산광역시 사상구 사상로,303,,2653010300104210009013334,,부산광역시 사상구 사상로 303,617816,46950,,,,128.982940518327,35.1718370983751
MA0106202512A0648234,팀케이,,R1,예술·스포츠,R103,스포츠 서비스,R10307,헬스장,R91132,체력 단련시설 운영업,26,부산광역시,26290,남구,26290530,대연3동,2629010600,대연동,2629010600100680004,1,대지,68,4,부산광역시 남구 대연동 68-4,262904193203,부산광역시 남구 용소로14번길,10,,2629010600100680004000454,,부산광역시 남구 용소로14번길 10,608805,48498,,,,129.10007884913,35.1360868660655
MA0106202510A2236974,더뉴바디스미스,명지점,R1,예술·스포츠,R103,스포츠 서비스,R10307,헬스장,R91132,체력 단련시설 운영업,26,부산광역시,26440,강서구,26440590,신호동,2644011700,신호동,2644011700103150006,1,대지,315,6,부산광역시 강서구 신호동 315-6,264403354957,부산광역시 강서구 신호일로,84,,2644011700103150006000001,,부산광역시 강서구 신호일로 84,618290,46760,,,,128.87265664755,35.0815622761643
MA0106202510A2133624,제로키니일광점,,R1,예술·스포츠,R103,스포츠 서비스,R10307,헬스장,R91132,체력 단련시설 운영업,26,부산광역시,26710,기장군,26710259,일광읍,2671025921,일광읍,2671025921107810001,1,대지,781,1,부산광역시 기장군 일광읍 삼성리 781-1,267103352374,부산광역시 기장군 일광읍 해빛로,39,30,2671031021107810001000001,,부산광역시 기장군 일광읍 해빛로 39-30,619912,46048,,,,129.222916005395,35.2668468476627
MA0106202511A0117710,케이앤피트니스,주례점,R1,예술·스포츠,R103,스포츠 서비스,R10307,헬스장,R91132,체력 단련시설 운영업,26,부산광역시,26530,사상구,26530660,주례2동,2653010600,주례동,2653010600100230007,1,대지,23,7,부산광역시 사상구 주례동 23-7,265302006015,부산광역시 사상구 가야대로,365,,2653010600100230007000533,,부산광역시 사상구 가야대로 365,617832,47005,,,,129.01254533268,35.1515589610444
MA0106202511A0906721,크로스핏디어,,R1,예술·스포츠,R103,스포츠 서비스,R10307,헬스장,R91132,체력 단련시설 운영업,26,부산광역시,26710,기장군,26710250,기장읍,2671025027,기장읍,2671025027101310030,1,대지,131,30,부산광역시 기장군 기장읍 청강리 131-30,267104220341,부산광역시 기장군 기장읍 청강로91번길,34,,2671025027101310002006732,,부산광역시 기장군 기장읍 청강로91번길 34,619906,46080,,,,129.220398441742,35.2386069997879
MA0106202511A2306997,아몬드짐,,R1,예술·스포츠,R103,스포츠 서비스,R10307,헬스장,R91132,체력 단련시설 운영업,26,부산광역시,26260,동래구,26260750,안락2동,2626010200,안락동,2626010200101510013,1,대지,151,13,부산광역시 동래구 안락동 151-13,262603130031,부산광역시 동래구 연안로,55,,2626010200101510013018171,,부산광역시 동래구 연안로 55,607825,47898,,,,129.10750932646,35.1927844676954
MA0106202510A0377587,모셔너리PT부산,교대점,R1,예술·스포츠,R103,스포츠 서비스,R10307,헬스장,R91132,체력 단련시설 운영업,26,부산광역시,26470,연제구,26470610,거제1동,2647010100,거제동,2647010100102530002,1,대지,253,2,부산광역시 연제구 거제동 253-2,264704211123,부산광역시 연제구 교대로24번길,7,,2647010100102530005009868,,부산광역시 연제구 교대로24번길 7,611803,47505,,,,129.076948375035,35.1958359114172
MA0106202511A1054182,두써킷,,R1,예술·스포츠,R103,스포츠 서비스,R10307,헬스장,R91132,체력 단련시설 운영업,26,부산광역시,26710,기장군,26710256,정관읍,2671025628,정관읍,2671025628113280007,1,대지,1328,7,부산광역시 기장군 정관읍 용수리 1328-7,267103140042,부산광역시 기장군 정관읍 정관4로,42,,2671032028113280007000001,,부산광역시 기장군 정관읍 정관4로 42,619963,46015,,,,129.17126852433,35.3262409673576
MA0106202511A0746764,부산광역시생활체육문화센터영도센터,,R1,예술·스포츠,R103,스포츠 서비스,R10307,헬스장,R91132,체력 단련시설 운영업,26,부산광역시,26200,영도구,26200650,동삼1동,2620012100,동삼동,2620012100105160001,1,대지,516,1,부산광역시 영도구 동삼동 516-1,262004184375,부산광역시 영도구 함지로79번길,6,,2620012100105120055000001,,부산광역시 영도구 함지로79번길 6,606809,49114,,,,129.06686083772,35.0752706643019
MA0106202510A2120399,오케이피트니스헬스&PT,남포점,R1,예술·스포츠,R103,스포츠 서비스,R10307,헬스장,R91132,체력 단련시설 운영업,26,부산광역시,26110,중구,26110510,중앙동,2611010400,중앙동1가,2611010400100230005,1,대지,23,5,부산광역시 중구 중앙동1가 23-5,261103125007,부산광역시 중구 해관로,19,1,2611010400100230005004893,,부산광역시 중구 해관로 19-1,600011,48956,,,,129.03557200983,35.1007175865419
MA0106202511A1170512,코치엔짐라브랜드점,,R1,예술·스포츠,R103,스포츠 서비스,R10307,헬스장,R91132,체력 단련시설 운영업,26,부산광역시,26380,사하구,26380602,다대2동,2638010600,다대동,2638010600115730001,1,대지,1573,1,부산광역시 사하구 다대동 1573-1,263804202233,부산광역시 사하구 다송로72번길,80,,2638010600115730001031118,,부산광역시 사하구 다송로72번길 80,604868,49521,,,,128.979958587397,35.060040111095
MA0106202510A0473137,코코아짐헬스.PT범일점_문화비,,R1,예술·스포츠,R103,스포츠 서비스,R10307,헬스장,R91132,체력 단련시설 운영업,26,부산광역시,26170,동구,26170660,범일2동,2617010400,범일동,2617010400108300140,1,대지,830,140,부산광역시 동구 범일동 830-140,261703127033,부산광역시 동구 조방로,14,,2617010400108300140000001,,부산광역시 동구 조방로 14,601808,48741,,,,129.063450634676,35.1387259298607
MA0106202511A0519677,바른몸수기케어,,R1,예술·스포츠,R103,스포츠 서비스,R10307,헬스장,R91132,체력 단련시설 운영업,26,부산광역시,26260,동래구,26260570,온천3동,2626010800,온천동,2626010800114520045,1,대지,1452,45,부산광역시 동래구 온천동 1452-45,262604190487,부산광역시 동래구 충렬대로126번길,38,,2626010800114520045010835,,부산광역시 동래구 충렬대로126번길 38,607842,47825,,,,129.073750510745,35.2043435630453
MA0106202511A2151639,바른몸만들기운동센터,,R1,예술·스포츠,R103,스포츠 서비스,R10307,헬스장,R91132,체력 단련시설 운영업,26,부산광역시,26260,동래구,26260510,수민동,2626010600,수안동,2626010600104510001,1,대지,451,1,부산광역시 동래구 수안동 451-1,262604190503,부산광역시 동래구 충렬대로237번길,24,,2626010600104510001001756,,부산광역시 동래구 충렬대로237번길 24,607824,47813,,,,129.085550444762,35.2025187411533
MA0106202511A0552315,라벨짐전포점,,R1,예술·스포츠,R103,스포츠 서비스,R10307,헬스장,R91132,체력 단련시설 운영업,26,부산광역시,26230,부산진구,26230610,전포2동,2623010200,전포동,2623010200105910008,1,대지,591,8,부산광역시 부산진구 전포동 591-8,262303129009,부산광역시 부산진구 동성로,136,,2623010200105910008051275,,부산광역시 부산진구 동성로 136,614870,47241,,,,129.064420281371,35.1610402104842
MA0106202511A2362109,마이애미짐24시헬스PT,해운대점,R1,예술·스포츠,R103,스포츠 서비스,R10307,헬스장,R91132,체력 단련시설 운영업,26,부산광역시,26350,해운대구,26350530,중1동,2635010600,중동,2635010600117590000,1,대지,1759,,부산광역시 해운대구 중동 1759,263502006010,부산광역시 해운대구 해운대로,743,,2635010600117590000029915,,부산광역시 해운대구 해운대로 743,612851,48102,,,,129.17135304991,35.1671451548928
MA0106202601A1698824,벱스 짐네스틱 2호점(BEFS gymnastics),,R1,예술·스포츠,R103,스포츠 서비스,R10307,헬스장,R91132,체력 단련시설 운영업,26,부산광역시,26500,수영구,26500780,광안3동,2650010400,광안동,2650010400110260012,1,대지,1026,12,부산광역시 수영구 광안동 1026-12,265004214151,부산광역시 수영구 망미로7번길,69,,2650010400110260012010541,,부산광역시 수영구 망미로7번길 69,613810,48240,,,,129.108834181492,35.1709896215665
MA0106202601A0492593,모션핏 피트니스,,R1,예술·스포츠,R103,스포츠 서비스,R10307,헬스장,R91132,체력 단련시설 운영업,26,부산광역시,26470,연제구,26470730,연산9동,2647010200,연산동,2647010200104200008,1,대지,420,8,부산광역시 연제구 연산동 420-8,264703130031,부산광역시 연제구 연안로,19,,2647010200104200008007178,,부산광역시 연제구 연안로 19,611817,47567,,,,129.1067870707,35.1894718012653
MA0106202601A1287896,팀매드 사직,,R1,예술·스포츠,R103,스포츠 서비스,R10307,헬스장,R91132,체력 단련시설 운영업,26,부산광역시,26260,동래구,26260590,사직2동,2626010900,사직동,2626010900100890010,1,대지,89,10,부산광역시 동래구 사직동 89-10,262603130009,부산광역시 동래구 사직로,58,,2626010900100890010008031,,부산광역시 동래구 사직로 58,607815,47865,,,,129.059356944801,35.1956588554356
MA0106202601A1614490,바로움PT,,R1,예술·스포츠,R103,스포츠 서비스,R10307,헬스장,R91132,체력 단련시설 운영업,26,부산광역시,26530,사상구,26530645,감전동,2653010500,감전동,2653010500101180008,1,대지,118,8,부산광역시 사상구 감전동 118-8,265302006017,부산광역시 사상구 학감대로,277,,2653010500101180008027849,,부산광역시 사상구 학감대로 277,617800,46984,,,,128.990666395226,35.1556063453184
MA0106202601A0718028,어반블루 피트니스 장산점,,R1,예술·스포츠,R103,스포츠 서비스,R10307,헬스장,R91132,체력 단련시설 운영업,26,부산광역시,26350,해운대구,26350551,좌1동,2635010700,좌동,2635010700103880000,1,대지,388,,부산광역시 해운대구 좌동 388,263503133038,부산광역시 해운대구 좌동로,106,,2635010700103880000007744,,부산광역시 해운대구 좌동로 106,612835,48107,,,,129.176710177705,35.1725639319335
MA0106202601A0889467,국제휘트니스,,R1,예술·스포츠,R103,스포츠 서비스,R10307,헬스장,R91132,체력 단련시설 운영업,26,부산광역시,26470,연제구,26470610,거제1동,2647010100,거제동,2647010100100760002,1,대지,76,2,부산광역시 연제구 거제동 76-2,264702000010,부산광역시 연제구 중앙대로,1217,,2647010100100760004017472,,부산광역시 연제구 중앙대로 1217,611702,47505,,,,129.079280226012,35.1960121555578
MA0106202601A2098478,재단법인 부산남구문화재단,,R1,예술·스포츠,R103,스포츠 서비스,R10307,헬스장,R91132,체력 단련시설 운영업,26,부산광역시,26290,남구,26290560,대연6동,2629010600,대연동,2629010600117680003,1,대지,1768,3,부산광역시 남구 대연동 1768-3,262903131037,부산광역시 남구 수영로,155,,2629010600117680003029576,,부산광역시 남구 수영로 155,608817,48453,,,,129.083551136418,35.1349574502077
MA0106202601A1412629,부산 그룹PT 전문 강짐 스튜디오 서면점,,R1,예술·스포츠,R103,스포츠 서비스,R10307,헬스장,R91132,체력 단련시설 운영업,26,부산광역시,26230,부산진구,26230520,부전2동,2623010300,부전동,2623010300102400006,1,대지,240,6,부산광역시 부산진구 부전동 240-6,262304187521,부산광역시 부산진구 신천대로62번길,67,,2623010300102400009036662,,부산광역시 부산진구 신천대로62번길 67,614846,47289,,,,129.058256630587,35.1537736173947
MA0106202601A0897600,마이애미짐 센텀점,,R1,예술·스포츠,R103,스포츠 서비스,R10307,헬스장,R91132,체력 단련시설 운영업,26,부산광역시,26350,해운대구,26350650,재송1동,2635010400,재송동,2635010400112120000,1,대지,1212,,부산광역시 해운대구 재송동 1212,263503133020,부산광역시 해운대구 센텀중앙로,90,,2635010400112120000000001,,부산광역시 해운대구 센텀중앙로 90,612051,48059,,,,129.126466593449,35.1754753461938
MA0106202601A1412638,팀매드PT인서면,,R1,예술·스포츠,R103,스포츠 서비스,R10307,헬스장,R91132,체력 단련시설 운영업,26,부산광역시,26230,부산진구,26230610,전포2동,2623010200,전포동,2623010200101930038,1,대지,193,38,부산광역시 부산진구 전포동 193-38,262304187671,부산광역시 부산진구 전포대로256번길,7,,2623010200101930038027102,,부산광역시 부산진구 전포대로256번길 7,614865,47301,,,,129.065939103572,35.1594823361158
MA0106202601A0372820,크로스핏 디와이(DY),,R1,예술·스포츠,R103,스포츠 서비스,R10307,헬스장,R91132,체력 단련시설 운영업,26,부산광역시,26320,북구,26320543,화명3동,2632010200,화명동,2632010200122870001,1,대지,2287,1,부산광역시 북구 화명동 2287-1,263204196051,부산광역시 북구 금곡대로285번길,19,,2632010200122870001006386,,부산광역시 북구 금곡대로285번길 19,616852,46526,,,,129.012322909671,35.2337670754076
MA0106202601A1973413,체리짐,,R1,예술·스포츠,R103,스포츠 서비스,R10307,헬스장,R91132,체력 단련시설 운영업,26,부산광역시,26500,수영구,26500780,광안3동,2650010400,광안동,2650010400100890021,1,대지,89,21,부산광역시 수영구 광안동 89-21,265003131037,부산광역시 수영구 수영로,672,,2650010400100890021012729,,부산광역시 수영구 수영로 672,613800,48267,,,,129.115035373536,35.1655015939238
MA0106202601A1950033,청봉 기념 이룸재활운동센터,,R1,예술·스포츠,R103,스포츠 서비스,R10307,헬스장,R91132,체력 단련시설 운영업,26,부산광역시,26350,해운대구,26350530,중1동,2635010600,중동,2635010600117660002,1,대지,1766,2,부산광역시 해운대구 중동 1766-2,263502006010,부산광역시 해운대구 해운대로,726,,2635010600117660002027115,,부산광역시 해운대구 해운대로 726,612851,48101,,,,129.169346877964,35.1663971224783
MA0106202601A0086706,미라클랜드 휘트니스,,R1,예술·스포츠,R103,스포츠 서비스,R10307,헬스장,R91132,체력 단련시설 운영업,26,부산광역시,26350,해운대구,26350660,재송2동,2635010400,재송동,2635010400110600006,1,대지,1060,6,부산광역시 해운대구 재송동 1060-6,263503133035,부산광역시 해운대구 재반로,111,1,2635010400110600006007552,,부산광역시 해운대구 재반로 111-1,612830,48054,,,,129.126377877593,35.1884984650552
MA0106202601A2093381,유토피아짐(UTOPIA GYM),,R1,예술·스포츠,R103,스포츠 서비스,R10307,헬스장,R91132,체력 단련시설 운영업,26,부산광역시,26170,동구,26170660,범일2동,2617010400,범일동,2617010400108280001,1,대지,828,1,부산광역시 동구 범일동 828-1,261703127052,부산광역시 동구 자성로,129,,2617010400108280001006476,,부산광역시 동구 자성로 129,601700,48743,,,,129.064547342768,35.1374095671259
MA0106202601A0795111,솔 휘트니스,,R1,예술·스포츠,R103,스포츠 서비스,R10307,헬스장,R91132,체력 단련시설 운영업,26,부산광역시,26530,사상구,26530620,괘법동,2653010400,괘법동,2653010400102710007,1,대지,271,7,부산광역시 사상구 괘법동 271-7,265303132023,부산광역시 사상구 사상로,230,,2653010400102710007012535,,부산광역시 사상구 사상로 230,617806,46964,,,,128.98322683512,35.1655512184377
MA0106202601A0061763,에프엠퍼스널트레이닝 2호점,,R1,예술·스포츠,R103,스포츠 서비스,R10307,헬스장,R91132,체력 단련시설 운영업,26,부산광역시,26260,동래구,26260600,사직3동,2626010900,사직동,2626010900101290001,1,대지,129,1,부산광역시 동래구 사직동 129-1,262604190361,부산광역시 동래구 여고로51번길,12,,2626010900101290001002279,,부산광역시 동래구 여고로51번길 12,607818,47843,,,,129.069486724682,35.1964052754828
MA0106202601A0729222,젬마짐 기장점 헬스&PT,,R1,예술·스포츠,R103,스포츠 서비스,R10307,헬스장,R91132,체력 단련시설 운영업,26,부산광역시,26710,기장군,26710250,기장읍,2671025021,기장읍,2671025021101240000,1,대지,124,,부산광역시 기장군 기장읍 동부리 124,267103140052,부산광역시 기장군 기장읍 차성로,314,,2671025021101240000000414,,부산광역시 기장군 기장읍 차성로 314,619905,46061,,,,129.213943324606,35.2455918451616
MA0106202601A1111022,루미너스 아크로바틱&리듬 트레이닝,,R1,예술·스포츠,R103,스포츠 서비스,R10307,헬스장,R91132,체력 단련시설 운영업,26,부산광역시,26440,강서구,26440535,명지1동,2644010400,명지동,2644010400134200006,1,대지,3420,6,부산광역시 강서구 명지동 3420-6,264403350868,부산광역시 강서구 명지국제8로,266,,2644010400134200006000001,,부산광역시 강서구 명지국제8로 266,618200,46772,,,,128.921785091654,35.0975556797723
MA0106202601A1643488,대연동 GX FIT,,R1,예술·스포츠,R103,스포츠 서비스,R10307,헬스장,R91132,체력 단련시설 운영업,26,부산광역시,26290,남구,26290540,대연4동,2629010600,대연동,2629010600111680020,1,대지,1168,20,부산광역시 남구 대연동 1168-20,262903131016,부산광역시 남구 석포로,76,,2629010600111680020000001,,부산광역시 남구 석포로 76,608815,48539,,,,129.088636311506,35.1244614788819
MA0106202601A2211686,아돌프 그룹 PT,,R1,예술·스포츠,R103,스포츠 서비스,R10307,헬스장,R91132,체력 단련시설 운영업,26,부산광역시,26380,사하구,26380601,다대1동,2638010600,다대동,2638010600103820007,1,대지,382,7,부산광역시 사하구 다대동 382-7,263803134007,부산광역시 사하구 다대로,613,,2638010600103820007012840,,부산광역시 사하구 다대로 613,604824,49525,,,,128.971181151522,35.0519011610181
MA0106202508A0104516,헬스데이짐_문화비,,R1,예술·스포츠,R103,스포츠 서비스,R10307,헬스장,R91132,체력 단련시설 운영업,26,부산광역시,26170,동구,26170530,초량3동,2617010100,초량동,2617010100101320001,1,대지,132,1,부산광역시 동구 초량동 132-1,261703006001,부산광역시 동구 초량상로,102,,2617010100101320001018617,,부산광역시 동구 초량상로 102,601827,48797,,,,129.039400892183,35.1205961561009
MA0106202512A2066388,장전스크린골프,,R1,예술·스포츠,R103,스포츠 서비스,R10307,헬스장,R91132,체력 단련시설 운영업,26,부산광역시,26410,금정구,26410610,장전2동,2641010800,장전동,2641010800107130000,1,대지,713,,부산광역시 금정구 장전동 713,264103135040,부산광역시 금정구 식물원로,82,,2641010800105190033000001,장전동금정산SKVIEW,부산광역시 금정구 식물원로 82,609745,46296,,,,129.079475782142,35.2260621980774
MA0106202509A0408031,스파인리셋운동센터,,R1,예술·스포츠,R103,스포츠 서비스,R10307,헬스장,R91132,체력 단련시설 운영업,26,부산광역시,26350,해운대구,26350530,중1동,2635010600,중동,2635010600112560003,1,대지,1256,3,부산광역시 해운대구 중동 1256-3,263503133039,부산광역시 해운대구 좌동순환로,499,13,2635010600112560003026405,,부산광역시 해운대구 좌동순환로 499-13,612848,48096,,,,129.168321424069,35.1649736661762
MA0106202508A1927866,쑥피트니스좌동점,,R1,예술·스포츠,R103,스포츠 서비스,R10307,헬스장,R91132,체력 단련시설 운영업,26,부산광역시,26350,해운대구,26350554,좌4동,2635010700,좌동,2635010700114070003,1,대지,1407,3,부산광역시 해운대구 좌동 1407-3,263503133039,부산광역시 해운대구 좌동순환로,175,,2635010700114070003029935,,부산광역시 해운대구 좌동순환로 175,612863,48075,,,,129.175529788345,35.1781001061376
MA0106202508A2448149,더아름다운재활운동센터,,R1,예술·스포츠,R103,스포츠 서비스,R10307,헬스장,R91132,체력 단련시설 운영업,26,부산광역시,26260,동래구,26260510,수민동,2626010400,낙민동,2626010400102890002,1,대지,289,2,부산광역시 동래구 낙민동 289-2,262602006006,부산광역시 동래구 충렬대로,256,,2626010400102890002017234,,부산광역시 동래구 충렬대로 256,607800,47878,,,,129.087165580341,35.2008508052855
MA0106202601A0897804,파크골프연습장,,R1,예술·스포츠,R103,스포츠 서비스,R10307,헬스장,R91132,체력 단련시설 운영업,26,부산광역시,26440,강서구,26440560,녹산동,2644011100,녹산동,2644011100100990009,1,대지,99,9,부산광역시 강서구 녹산동 99-9,264403006030,부산광역시 강서구 낙동남로,676,,2644011100100990009000002,,부산광역시 강서구 낙동남로 676,618210,46736,,,,128.891047221518,35.1183431911884
MA0106202512A0753720,바레라인사직,,R1,예술·스포츠,R103,스포츠 서비스,R10307,헬스장,R91132,체력 단련시설 운영업,26,부산광역시,26470,연제구,26470620,거제2동,2647010100,거제동,2647010100109860005,1,대지,986,5,부산광역시 연제구 거제동 986-5,264702006012,부산광역시 연제구 아시아드대로,62,,2647010100109860005001805,,부산광역시 연제구 아시아드대로 62,611807,47525,,,,129.067934156861,35.1901597633416
MA0106202512A2322438,모션업피티,,R1,예술·스포츠,R103,스포츠 서비스,R10307,헬스장,R91132,체력 단련시설 운영업,26,부산광역시,26410,금정구,26410610,장전2동,2641010800,장전동,2641010800106510012,1,대지,651,12,부산광역시 금정구 장전동 651-12,264103130032,부산광역시 금정구 온천장로,136,1,2641010800106510012009884,,부산광역시 금정구 온천장로 136-1,609392,46301,,,,129.085624442012,35.2225770672639
MA0106202512A2465828,티제이짐,경성대점,R1,예술·스포츠,R103,스포츠 서비스,R10307,헬스장,R91132,체력 단련시설 운영업,26,부산광역시,26290,남구,26290530,대연3동,2629010600,대연동,2629010600100620003,1,대지,62,3,부산광역시 남구 대연동 62-3,262903131023,부산광역시 남구 용소로,18,,2629010600100620028000364,,부산광역시 남구 용소로 18,608805,48498,,,,129.100516152011,35.1356016706707
MA0106202509A0041860,스탠다드짐,재송점,R1,예술·스포츠,R103,스포츠 서비스,R10307,헬스장,R91132,체력 단련시설 운영업,26,부산광역시,26350,해운대구,26350660,재송2동,2635010400,재송동,2635010400101940001,1,대지,194,1,부산광역시 해운대구 재송동 194-1,263504199291,부산광역시 해운대구 해운대로91번길,21,5,2635010400101950001017241,,부산광역시 해운대구 해운대로91번길 21-5,612830,48054,,,,129.122268146377,35.189597890218
MA0106202512A0651372,우암기계,,R1,예술·스포츠,R103,스포츠 서비스,R10307,헬스장,R91132,체력 단련시설 운영업,26,부산광역시,26440,강서구,26440535,명지1동,2644010400,명지동,2644010400135860004,1,대지,3586,4,부산광역시 강서구 명지동 3586-4,264403350869,부산광역시 강서구 명지국제8로10번길,38,,2644010400135860004000001,,부산광역시 강서구 명지국제8로10번길 38,618200,46726,,,,128.903454609928,35.0944023596423
MA0106202512A1762748,신호동주짓수팀와프화전동녹산동무에타이,,R1,예술·스포츠,R103,스포츠 서비스,R10307,헬스장,R91132,체력 단련시설 운영업,26,부산광역시,26440,강서구,26440590,신호동,2644011700,신호동,2644011700102150000,1,대지,215,,부산광역시 강서구 신호동 215,264403354958,부산광역시 강서구 신호이로,21,,2644011700102150000000001,,부산광역시 강서구 신호이로 21,618290,46759,,,,128.877738299835,35.0870711452129
MA0106202512A2223935,트렌드핏헬스&PT,동래점,R1,예술·스포츠,R103,스포츠 서비스,R10307,헬스장,R91132,체력 단련시설 운영업,26,부산광역시,26260,동래구,26260550,온천1동,2626010800,온천동,2626010800104730021,1,대지,473,21,부산광역시 동래구 온천동 473-21,262603130004,부산광역시 동래구 동래로,25,,2626010800104730021000001,,부산광역시 동래구 동래로 25,607834,47715,,,,129.07837165824,35.2124828049657
MA0106202509A2259156,풀핏구남,,R1,예술·스포츠,R103,스포츠 서비스,R10307,헬스장,R91132,체력 단련시설 운영업,26,부산광역시,26320,북구,26320520,구포2동,2632010500,구포동,2632010500108970006,1,대지,897,6,부산광역시 북구 구포동 897-6,263202006008,부산광역시 북구 백양대로,1028,,2632010500108970006013158,,부산광역시 북구 백양대로 1028,616806,46636,,,,128.995513320144,35.1972328159144
MA0106202508A0834033,커스텀피트니스문화비,사직점,R1,예술·스포츠,R103,스포츠 서비스,R10307,헬스장,R91132,체력 단련시설 운영업,26,부산광역시,26260,동래구,26260580,사직1동,2626010900,사직동,2626010900100930006,1,대지,93,6,부산광역시 동래구 사직동 93-6,262603130010,부산광역시 동래구 사직북로,4,,2626010900100930006008099,,부산광역시 동래구 사직북로 4,607817,47866,,,,129.06135929353,35.1962645950225
MA0106202512A1280231,잇짐헬스&PT,,R1,예술·스포츠,R103,스포츠 서비스,R10307,헬스장,R91132,체력 단련시설 운영업,26,부산광역시,26260,동래구,26260560,온천2동,2626010800,온천동,2626010800113970005,1,대지,1397,5,부산광역시 동래구 온천동 1397-5,262603006023,부산광역시 동래구 우장춘로,7,,2626010800113970005011315,,부산광역시 동래구 우장춘로 7,607837,47724,,,,129.069645597343,35.2087213407871
MA0106202512A1335898,다이어트댄스,,R1,예술·스포츠,R103,스포츠 서비스,R10307,헬스장,R91132,체력 단련시설 운영업,26,부산광역시,26380,사하구,26380572,신평2동,2638010400,신평동,2638010400105880007,1,대지,588,7,부산광역시 사하구 신평동 588-7,263804202512,부산광역시 사하구 하신번영로179번길,36,,2638010400105880007015710,,부산광역시 사하구 하신번영로179번길 36,604838,49431,,,,128.958120091925,35.0987764828997
MA0106202512A1573504,엠지골프아카데미,,R1,예술·스포츠,R103,스포츠 서비스,R10307,헬스장,R91132,체력 단련시설 운영업,26,부산광역시,26320,북구,26320550,덕천1동,2632010400,덕천동,2632010400103870008,1,대지,387,8,부산광역시 북구 덕천동 387-8,263202006007,부산광역시 북구 만덕대로,86,,2632010400103870008010040,,부산광역시 북구 만덕대로 86,616821,46567,,,,129.014485153659,35.2119409909583
MA0106202601A2393876,브리너스짐,,R1,예술·스포츠,R103,스포츠 서비스,R10307,헬스장,R91132,체력 단련시설 운영업,26,부산광역시,26500,수영구,26500660,남천1동,2650010500,남천동,2650010500100330021,1,대지,33,21,부산광역시 수영구 남천동 33-21,265003138009,부산광역시 수영구 남천바다로,8,,2650010500100330021013197,,부산광역시 수영구 남천바다로 8,613815,48314,,,,129.111766047054,35.1498335497383
MA0106202509A2019052,불독짐,,R1,예술·스포츠,R103,스포츠 서비스,R10307,헬스장,R91132,체력 단련시설 운영업,26,부산광역시,26530,사상구,26530670,학장동,2653010700,학장동,2653010700105570000,1,대지,557,,부산광역시 사상구 학장동 557,265302006017,부산광역시 사상구 학감대로,117,,2653010700105570000027180,,부산광역시 사상구 학감대로 117,617841,47052,,,,128.988602752358,35.1411493235764
MA0106202509A2421065,힐스파휘트니스,,R1,예술·스포츠,R103,스포츠 서비스,R10307,헬스장,R91132,체력 단련시설 운영업,26,부산광역시,26350,해운대구,26350540,중2동,2635010600,중동,2635010600115090007,1,대지,1509,7,부산광역시 해운대구 중동 1509-7,263504199014,부산광역시 해운대구 달맞이길117번길,11,,2635010600115090007014562,,부산광역시 해운대구 달맞이길117번길 11,612850,48117,,,,129.175269858367,35.1584599671722
MA0106202508A2407089,내몸정비소(자신감충전소),,R1,예술·스포츠,R103,스포츠 서비스,R10307,헬스장,R91132,체력 단련시설 운영업,26,부산광역시,26230,부산진구,26230510,부전1동,2623010300,부전동,2623010300104060001,1,대지,406,1,부산광역시 부산진구 부전동 406-1,262303129026,부산광역시 부산진구 서면문화로,43,,2623010300104060001050506,,부산광역시 부산진구 서면문화로 43,614849,47257,,,,129.05534117785,35.1608792366023
MA0106202509A0732399,오션스크린골프존,,R1,예술·스포츠,R103,스포츠 서비스,R10307,헬스장,R91132,체력 단련시설 운영업,26,부산광역시,26530,사상구,26530645,감전동,2653010500,감전동,2653010500105130000,1,대지,513,,부산광역시 사상구 감전동 513,265302006002,부산광역시 사상구 낙동대로,839,,2653010500105130000007611,,부산광역시 사상구 낙동대로 839,617805,47030,,,,128.970746748112,35.1354302615098
MA0106202509A2259553,오성피트니스,,R1,예술·스포츠,R103,스포츠 서비스,R10307,헬스장,R91132,체력 단련시설 운영업,26,부산광역시,26110,중구,26110570,광복동,2611013100,창선동1가,2611013100100120001,1,대지,12,1,부산광역시 중구 창선동1가 12-1,261104175010,부산광역시 중구 광복로39번길,6,,2611013100100120001000001,,부산광역시 중구 광복로39번길 6,600051,48947,,,,129.02958205151,35.0997186130933
MA0106202509A1686987,봉프로골프아카데미,,R1,예술·스포츠,R103,스포츠 서비스,R10307,헬스장,R91132,체력 단련시설 운영업,26,부산광역시,26440,강서구,26440545,명지2동,2644010400,명지동,2644010400132390004,1,대지,3239,4,부산광역시 강서구 명지동 3239-4,264403136045,부산광역시 강서구 명지오션시티4로,67,,2644010400132390004000001,,부산광역시 강서구 명지오션시티4로 67,618814,46764,,,,128.90393603813,35.0830396769828
MA0106202509A1737475,제네시스_문화비,,R1,예술·스포츠,R103,스포츠 서비스,R10307,헬스장,R91132,체력 단련시설 운영업,26,부산광역시,26200,영도구,26200650,동삼1동,2620012100,동삼동,2620012100103640006,1,대지,364,6,부산광역시 영도구 동삼동 364-6,262003128009,부산광역시 영도구 동삼로,12,,2620012100103640006000001,,부산광역시 영도구 동삼로 12,606807,49107,,,,129.0732833295,35.0756566393436
MA0106202509A0253853,더모션PT,,R1,예술·스포츠,R103,스포츠 서비스,R10307,헬스장,R91132,체력 단련시설 운영업,26,부산광역시,26230,부산진구,26230770,범천1동,2623010400,범천동,2623010400108820005,1,대지,882,5,부산광역시 부산진구 범천동 882-5,262304187348,부산광역시 부산진구 범일로131번길,56,,2623010400108820005012556,,부산광역시 부산진구 범일로131번길 56,614826,47360,,,,129.058794586019,35.143770570213
MA0106202509A0767048,복싱,데일리,R1,예술·스포츠,R103,스포츠 서비스,R10307,헬스장,R91132,체력 단련시설 운영업,26,부산광역시,26470,연제구,26470690,연산5동,2647010200,연산동,2647010200113840024,1,대지,1384,24,부산광역시 연제구 연산동 1384-24,264702000010,부산광역시 연제구 중앙대로,1067,,2647010200113840024002957,,부산광역시 연제구 중앙대로 1067,611830,47541,,,,129.079223541637,35.1834510384785
MA0106202509A1765374,바디봄,,R1,예술·스포츠,R103,스포츠 서비스,R10307,헬스장,R91132,체력 단련시설 운영업,26,부산광역시,26230,부산진구,26230540,연지동,2623010600,연지동,2623010600100730005,1,대지,73,5,부산광역시 부산진구 연지동 73-5,262303129029,부산광역시 부산진구 성지로,23,,2623010600100730007010659,,부산광역시 부산진구 성지로 23,614860,47130,,,,129.054784582816,35.1727750081161
MA0106202509A1060306,라스트짐,,R1,예술·스포츠,R103,스포츠 서비스,R10307,헬스장,R91132,체력 단련시설 운영업,26,부산광역시,26710,기장군,26710256,정관읍,2671025622,정관읍,2671025622107150006,1,대지,715,6,부산광역시 기장군 정관읍 매학리 715-6,267103140045,부산광역시 기장군 정관읍 정관7로,33,8,2671025622107150006000001,,부산광역시 기장군 정관읍 정관7로 33-8,619963,46015,,,,129.178135283984,35.3223507276298
MA0106202509A1965401,대연동핑&온열다이어트,스타점,R1,예술·스포츠,R103,스포츠 서비스,R10307,헬스장,R91132,체력 단련시설 운영업,26,부산광역시,26290,남구,26290560,대연6동,2629010600,대연동,2629010600117670013,1,대지,1767,13,부산광역시 남구 대연동 1767-13,262904193073,부산광역시 남구 못골로12번길,4,,2629010600117670013007228,,부산광역시 남구 못골로12번길 4,608817,48453,,,,129.084105131938,35.1351732104428
MA0106202511A2123039,닥터양골프아카데미,,R1,예술·스포츠,R103,스포츠 서비스,R10307,헬스장,R91132,체력 단련시설 운영업,26,부산광역시,26350,해운대구,26350650,재송1동,2635010400,재송동,2635010400112090000,1,대지,1209,,부산광역시 해운대구 재송동 1209,263502006009,부산광역시 해운대구 센텀북대로,60,,2635010400112190000000001,,부산광역시 해운대구 센텀북대로 60,612051,48059,,,,129.125410327862,35.1766383496924
MA0106202509A0041861,스탠다드짐,재송점,R1,예술·스포츠,R103,스포츠 서비스,R10307,헬스장,R91132,체력 단련시설 운영업,26,부산광역시,26350,해운대구,26350660,재송2동,2635010400,재송동,2635010400101940001,1,대지,194,1,부산광역시 해운대구 재송동 194-1,263504199291,부산광역시 해운대구 해운대로91번길,21,5,2635010400101950001017241,,부산광역시 해운대구 해운대로91번길 21-5,612830,48054,,,,129.122268146377,35.189597890218
MA0106202509A1506162,신세계스크린골프,,R1,예술·스포츠,R103,스포츠 서비스,R10307,헬스장,R91132,체력 단련시설 운영업,26,부산광역시,26350,해운대구,26350650,재송1동,2635010400,재송동,2635010400104800000,1,대지,480,,부산광역시 해운대구 재송동 480,263504199184,부산광역시 해운대구 재반로60번길,2,,2635010400104800000002613,,부산광역시 해운대구 재반로60번길 2,612828,48057,,,,129.12650932986,35.1838552566177
MA0106202509A1044749,스페이스피티&헬스,,R1,예술·스포츠,R103,스포츠 서비스,R10307,헬스장,R91132,체력 단련시설 운영업,26,부산광역시,26470,연제구,26470690,연산5동,2647010200,연산동,2647010200112870015,1,대지,1287,15,부산광역시 연제구 연산동 1287-15,264702000010,부산광역시 연제구 중앙대로,1077,,2647010200112870015000001,,부산광역시 연제구 중앙대로 1077,611839,47540,,,,129.079849251176,35.1843144109964
MA0106202509A1699181,에프원피트니스,대연점,R1,예술·스포츠,R103,스포츠 서비스,R10307,헬스장,R91132,체력 단련시설 운영업,26,부산광역시,26290,남구,26290540,대연4동,2629010600,대연동,2629010600111680020,1,대지,1168,20,부산광역시 남구 대연동 1168-20,262903131016,부산광역시 남구 석포로,76,,2629010600111680020000001,,부산광역시 남구 석포로 76,608815,48539,,,,129.088636311506,35.1244614788819
MA0106202509A2367939,에이피엠다이어트댄스,,R1,예술·스포츠,R103,스포츠 서비스,R10307,헬스장,R91132,체력 단련시설 운영업,26,부산광역시,26380,사하구,26380540,괴정4동,2638010100,괴정동,2638010100105820059,1,대지,582,59,부산광역시 사하구 괴정동 582-59,263803134004,부산광역시 사하구 괴정로,185,,2638010100105820059035939,,부산광역시 사하구 괴정로 185,604813,49400,,,,128.981801122745,35.0981572641936
MA0106202509A2435776,피에스메디,,R1,예술·스포츠,R103,스포츠 서비스,R10307,헬스장,R91132,체력 단련시설 운영업,26,부산광역시,26260,동래구,26260750,안락2동,2626010200,안락동,2626010200106060004,1,대지,606,4,부산광역시 동래구 안락동 606-4,262602006006,부산광역시 동래구 충렬대로,420,,2626010200106060004014631,,부산광역시 동래구 충렬대로 420,607830,47890,,,,129.103910086116,35.1962444088373
MA0106202509A2003694,젬핏랩,,R1,예술·스포츠,R103,스포츠 서비스,R10307,헬스장,R91132,체력 단련시설 운영업,26,부산광역시,26500,수영구,26500660,남천1동,2650010500,남천동,2650010500102580004,1,대지,258,4,부산광역시 수영구 남천동 258-4,265004214239,부산광역시 수영구 수영로384번길,8,,2650010500102580004002617,,부산광역시 수영구 수영로384번길 8,613816,48312,,,,129.106828351087,35.1404574193444
MA0106202509A1379446,라플스번지피지오&바레,남천점,R1,예술·스포츠,R103,스포츠 서비스,R10307,헬스장,R91132,체력 단련시설 운영업,26,부산광역시,26500,수영구,26500670,남천2동,2650010500,남천동,2650010500100070014,1,대지,7,14,부산광역시 수영구 남천동 7-14,265003138002,부산광역시 수영구 광남로,44,,2650010500100070014001542,,부산광역시 수영구 광남로 44,613813,48304,,,,129.111909043238,35.1464517315413
MA0106202509A2335413,오케이피트니스구남점,,R1,예술·스포츠,R103,스포츠 서비스,R10307,헬스장,R91132,체력 단련시설 운영업,26,부산광역시,26320,북구,26320520,구포2동,2632010500,구포동,2632010500110910000,1,대지,1091,,부산광역시 북구 구포동 1091,263202006008,부산광역시 북구 백양대로,1013,,2632010500110910000002225,,부산광역시 북구 백양대로 1013,616807,46650,,,,128.994260438136,35.196280200331
MA0106202509A0765556,바이스앤키즈골프,명지,R1,예술·스포츠,R103,스포츠 서비스,R10307,헬스장,R91132,체력 단련시설 운영업,26,부산광역시,26440,강서구,26440535,명지1동,2644010400,명지동,2644010400135980002,1,대지,3598,2,부산광역시 강서구 명지동 3598-2,264403350851,부산광역시 강서구 명지국제1로,56,1,2644010400135980002000001,,부산광역시 강서구 명지국제1로 56-1,618200,46726,,,,128.905378748601,35.0936872163419
MA0106202509A2418511,불독짐,,R1,예술·스포츠,R103,스포츠 서비스,R10307,헬스장,R91132,체력 단련시설 운영업,26,부산광역시,26710,기장군,26710256,정관읍,2671025627,정관읍,2671025627107390002,1,대지,739,2,부산광역시 기장군 정관읍 모전리 739-2,267104220092,부산광역시 기장군 정관읍 모전1길,14,,2671032027107390002000001,,부산광역시 기장군 정관읍 모전1길 14,619962,46008,,,,129.166521312649,35.3354094456333
MA0106202509A1656876,부산블루독프리다이빙,,R1,예술·스포츠,R103,스포츠 서비스,R10307,헬스장,R91132,체력 단련시설 운영업,26,부산광역시,26230,부산진구,26230540,연지동,2623010600,연지동,2623010600100330011,1,대지,33,11,부산광역시 부산진구 연지동 33-11,262304187451,부산광역시 부산진구 성지로34번길,18,,2623010600100330011049525,,부산광역시 부산진구 성지로34번길 18,614859,47123,,,,129.055883044129,35.1736845579302
MA0106202511A1036115,생각숨국어학원,,R1,예술·스포츠,R103,스포츠 서비스,R10307,헬스장,R91132,체력 단련시설 운영업,26,부산광역시,26230,부산진구,26230570,양정2동,2623010100,양정동,2623010100100110008,1,대지,11,8,부산광역시 부산진구 양정동 11-8,262303129046,부산광역시 부산진구 진남로,583,,2623010100100110008018299,,부산광역시 부산진구 진남로 583,614851,47219,,,,129.077494237249,35.1732976619483
MA0106202509A0688514,제이피트니스,개금점,R1,예술·스포츠,R103,스포츠 서비스,R10307,헬스장,R91132,체력 단련시설 운영업,26,부산광역시,26230,부산진구,26230740,개금1동,2623011100,개금동,2623011100105110001,1,대지,511,1,부산광역시 부산진구 개금동 511-1,262302006015,부산광역시 부산진구 가야대로,451,,2623011100105110001007008,,부산광역시 부산진구 가야대로 451,614111,47268,,,,129.02159239604,35.1535711003313
MA0106202509A2003695,젬핏랩,,R1,예술·스포츠,R103,스포츠 서비스,R10307,헬스장,R91132,체력 단련시설 운영업,26,부산광역시,26500,수영구,26500660,남천1동,2650010500,남천동,2650010500102580004,1,대지,258,4,부산광역시 수영구 남천동 258-4,265004214239,부산광역시 수영구 수영로384번길,8,,2650010500102580004002617,,부산광역시 수영구 수영로384번길 8,613816,48312,,,,129.106828351087,35.1404574193444
MA0106202509A1541741,주짓수류,,R1,예술·스포츠,R103,스포츠 서비스,R10307,헬스장,R91132,체력 단련시설 운영업,26,부산광역시,26260,동래구,26260580,사직1동,2626010900,사직동,2626010900101000002,1,대지,100,2,부산광역시 동래구 사직동 100-2,262602006012,부산광역시 동래구 아시아드대로,131,1,2626010900101000002007835,,부산광역시 동래구 아시아드대로 131-1,607817,47875,,,,129.065616995433,35.1961920142926
MA0106202511A1979886,체리짐,,R1,예술·스포츠,R103,스포츠 서비스,R10307,헬스장,R91132,체력 단련시설 운영업,26,부산광역시,26500,수영구,26500780,광안3동,2650010400,광안동,2650010400100890021,1,대지,89,21,부산광역시 수영구 광안동 89-21,265003131037,부산광역시 수영구 수영로,672,,2650010400100890021012729,,부산광역시 수영구 수영로 672,613800,48267,,,,129.115035373536,35.1655015939238
MA0106202510A0042147,무브먼트팩토리,,R1,예술·스포츠,R103,스포츠 서비스,R10307,헬스장,R91132,체력 단련시설 운영업,26,부산광역시,26440,강서구,26440545,명지2동,2644010400,명지동,2644010400132380016,1,대지,3238,16,부산광역시 강서구 명지동 3238-16,264403136045,부산광역시 강서구 명지오션시티4로,60,,2644010400132380016000001,,부산광역시 강서구 명지오션시티4로 60,618814,46765,,,,128.903283636214,35.0837438464018
MA0106202509A1928854,쑥피트니스좌동점,,R1,예술·스포츠,R103,스포츠 서비스,R10307,헬스장,R91132,체력 단련시설 운영업,26,부산광역시,26350,해운대구,26350554,좌4동,2635010700,좌동,2635010700114070003,1,대지,1407,3,부산광역시 해운대구 좌동 1407-3,263503133039,부산광역시 해운대구 좌동순환로,175,,2635010700114070003029935,,부산광역시 해운대구 좌동순환로 175,612863,48075,,,,129.175529788345,35.1781001061376
MA0106202509A2259157,풀핏구남,,R1,예술·스포츠,R103,스포츠 서비스,R10307,헬스장,R91132,체력 단련시설 운영업,26,부산광역시,26320,북구,26320520,구포2동,2632010500,구포동,2632010500108970006,1,대지,897,6,부산광역시 북구 구포동 897-6,263202006008,부산광역시 북구 백양대로,1028,,2632010500108970006013158,,부산광역시 북구 백양대로 1028,616806,46636,,,,128.995513320144,35.1972328159144
MA0106202509A0052178,이호건,,R1,예술·스포츠,R103,스포츠 서비스,R10307,헬스장,R91132,체력 단련시설 운영업,26,부산광역시,26230,부산진구,26230770,범천1동,2623010400,범천동,2623010400108590010,1,대지,859,10,부산광역시 부산진구 범천동 859-10,262304187683,부산광역시 부산진구 중앙대로644번길,70,,2623010400108590010014878,,부산광역시 부산진구 중앙대로644번길 70,614828,47353,,,,129.062219770642,35.1490742245107
MA0106202510A1333075,아우라컴퍼니,,R1,예술·스포츠,R103,스포츠 서비스,R10307,헬스장,R91132,체력 단련시설 운영업,26,부산광역시,26290,남구,26290580,용호2동,2629010700,용호동,2629010700105420014,1,대지,542,14,부산광역시 남구 용호동 542-14,262903131025,부산광역시 남구 용호로,225,1,2629010700105420014011027,,부산광역시 남구 용호로 225-1,608839,48592,,,,129.111152959927,35.1120768049534
MA0106202510A2222820,한국,골프연습장,R1,예술·스포츠,R103,스포츠 서비스,R10307,헬스장,R91132,체력 단련시설 운영업,26,부산광역시,26200,영도구,26200530,남항동,2620010500,남항동1가,2620010500100090000,1,대지,9,,부산광역시 영도구 남항동1가 9,262003128003,부산광역시 영도구 남항서로,119,,2620010500100070000005910,,부산광역시 영도구 남항서로 119,606800,49042,,,,129.037118778737,35.0910490290382
MA0106202509A0253854,더모션PT,,R1,예술·스포츠,R103,스포츠 서비스,R10307,헬스장,R91132,체력 단련시설 운영업,26,부산광역시,26230,부산진구,26230770,범천1동,2623010400,범천동,2623010400108820005,1,대지,882,5,부산광역시 부산진구 범천동 882-5,262304187348,부산광역시 부산진구 범일로131번길,56,,2623010400108820005012556,,부산광역시 부산진구 범일로131번길 56,614826,47360,,,,129.058794586019,35.143770570213
MA0106202511A1175945,기장위너스야구아카데미,,R1,예술·스포츠,R103,스포츠 서비스,R10307,헬스장,R91132,체력 단련시설 운영업,26,부산광역시,26710,기장군,26710250,기장읍,2671025026,기장읍,2671025026101260008,1,대지,126,8,부산광역시 기장군 기장읍 대라리 126-8,267103140050,부산광역시 기장군 기장읍 차성남로,57,,2671025026101260008002196,,부산광역시 기장군 기장읍 차성남로 57,619903,46066,,,,129.214446681504,35.2414825333137
MA0106202509A2421064,힐스파휘트니스,,R1,예술·스포츠,R103,스포츠 서비스,R10307,헬스장,R91132,체력 단련시설 운영업,26,부산광역시,26350,해운대구,26350540,중2동,2635010600,중동,2635010600115090007,1,대지,1509,7,부산광역시 해운대구 중동 1509-7,263504199014,부산광역시 해운대구 달맞이길117번길,11,,2635010600115090007014562,,부산광역시 해운대구 달맞이길117번길 11,612850,48117,,,,129.175269858367,35.1584599671722
MA0106202510A2134847,뉴핏,,R1,예술·스포츠,R103,스포츠 서비스,R10307,헬스장,R91132,체력 단련시설 운영업,26,부산광역시,26530,사상구,26530620,괘법동,2653010400,괘법동,2653010400105360007,1,대지,536,7,부산광역시 사상구 괘법동 536-7,265304217047,부산광역시 사상구 광장로81번길,30,,2653010400105360007016744,,부산광역시 사상구 광장로81번길 30,617807,46968,,,,128.984862967605,35.1637851437426
MA0106202510A1786719,에프원피트니스,남포점,R1,예술·스포츠,R103,스포츠 서비스,R10307,헬스장,R91132,체력 단련시설 운영업,26,부산광역시,26110,중구,26110510,중앙동,2611010900,중앙동6가,2611010900100770000,1,대지,77,,부산광역시 중구 중앙동6가 77,261104175260,부산광역시 중구 중앙대로20번길,3,,2611010900100770000002163,,부산광역시 중구 중앙대로20번길 3,600016,48942,,,,129.037108920221,35.0994661658531
MA0106202510A1123652,부산동래그룹PT전문피트니스REFIT타운점미남,온천점,R1,예술·스포츠,R103,스포츠 서비스,R10307,헬스장,R91132,체력 단련시설 운영업,26,부산광역시,26260,동래구,26260560,온천2동,2626010800,온천동,2626010800107790025,1,대지,779,25,부산광역시 동래구 온천동 779-25,262604190461,부산광역시 동래구 중앙대로1367번길,70,5,2626010800107790025000548,,부산광역시 동래구 중앙대로1367번길 70-5,607835,47728,,,,129.074196485568,35.2106530033283
MA0106202511A1394594,케이엘다이어트댄스,,R1,예술·스포츠,R103,스포츠 서비스,R10307,헬스장,R91132,체력 단련시설 운영업,26,부산광역시,26320,북구,26320543,화명3동,2632010200,화명동,2632010200122770005,1,대지,2277,5,부산광역시 북구 화명동 2277-5,263204196051,부산광역시 북구 금곡대로285번길,22,,2632010200122770005008595,,부산광역시 북구 금곡대로285번길 22,616852,46526,,,,129.01232194551,35.2341726139896
MA0106202511A2278826,핏라이프스타일화명+문화비,,R1,예술·스포츠,R103,스포츠 서비스,R10307,헬스장,R91132,체력 단련시설 운영업,26,부산광역시,26320,북구,26320543,화명3동,2632010200,화명동,2632010200122770003,1,대지,2277,3,부산광역시 북구 화명동 2277-3,263202132002,부산광역시 북구 화명대로,44,,2632010200122770003017578,,부산광역시 북구 화명대로 44,616852,46526,,,,129.01299655698,35.2343596476477
MA0106202511A2254246,클라이헬스PT,,R1,예술·스포츠,R103,스포츠 서비스,R10307,헬스장,R91132,체력 단련시설 운영업,26,부산광역시,26470,연제구,26470700,연산6동,2647010200,연산동,2647010200118670001,1,대지,1867,1,부산광역시 연제구 연산동 1867-1,264703129044,부산광역시 연제구 연수로,177,,2647010200118670001020652,,부산광역시 연제구 연수로 177,611824,47592,,,,129.090132462887,35.1743868305713
MA0106202510A0719373,다나음재활운동센터,,R1,예술·스포츠,R103,스포츠 서비스,R10307,헬스장,R91132,체력 단련시설 운영업,26,부산광역시,26350,해운대구,26350551,좌1동,2635010700,좌동,2635010700114660001,1,대지,1466,1,부산광역시 해운대구 좌동 1466-1,263504199085,부산광역시 해운대구 세실로69번길,24,,2635010700114660001009682,,부산광역시 해운대구 세실로69번길 24,612836,48106,,,,129.176296066418,35.1718504662094
MA0106202510A2094966,필라어스,,R1,예술·스포츠,R103,스포츠 서비스,R10307,헬스장,R91132,체력 단련시설 운영업,26,부산광역시,26350,해운대구,26350570,반여1동,2635010300,반여동,2635010300116520000,1,대지,1652,,부산광역시 해운대구 반여동 1652,263503133007,부산광역시 해운대구 반여로,66,,2635010300116520000000001,,부산광역시 해운대구 반여로 66,612061,48040,,,,129.123029331502,35.1973343923103
MA0106202602A1624970,지디알(GDR)골프아카데미 해운대 중동점,,R1,예술·스포츠,R103,스포츠 서비스,R10307,헬스장,R91132,체력 단련시설 운영업,26,부산광역시,26350,해운대구,26350530,중1동,2635010600,중동,2635010600117590000,1,대지,1759,,부산광역시 해운대구 중동 1759,263502006010,부산광역시 해운대구 해운대로,743,,2635010600117590000029915,,부산광역시 해운대구 해운대로 743,612851,48102,,,,129.17135304991,35.1671451548928
MA0106202602A0399455,솔레노어 PT studio,,R1,예술·스포츠,R103,스포츠 서비스,R10307,헬스장,R91132,체력 단련시설 운영업,26,부산광역시,26350,해운대구,26350525,우3동,2635010500,우동,2635010500114050000,1,대지,1405,,부산광역시 해운대구 우동 1405,263503133004,부산광역시 해운대구 마린시티2로,2,,2635010500114050000011274,,부산광역시 해운대구 마린시티2로 2,612020,48092,,,,129.144239431622,35.1593287860931
MA0106202602A1951762,헬짐(HELL GYM),,R1,예술·스포츠,R103,스포츠 서비스,R10307,헬스장,R91132,체력 단련시설 운영업,26,부산광역시,26230,부산진구,26230600,전포1동,2623010200,전포동,2623010200106900004,1,대지,690,4,부산광역시 부산진구 전포동 690-4,262304187662,부산광역시 부산진구 전포대로199번길,15,,2623010200106900007036381,,부산광역시 부산진구 전포대로199번길 15,614747,47297,,,,129.064281077364,35.1542298038177
MA0106202602A1951761,헬짐(HELL GYM),,R1,예술·스포츠,R103,스포츠 서비스,R10307,헬스장,R91132,체력 단련시설 운영업,26,부산광역시,26230,부산진구,26230600,전포1동,2623010200,전포동,2623010200106900004,1,대지,690,4,부산광역시 부산진구 전포동 690-4,262304187662,부산광역시 부산진구 전포대로199번길,15,,2623010200106900007036381,,부산광역시 부산진구 전포대로199번길 15,614747,47297,,,,129.064281077364,35.1542298038177
MA0106202602A2359747,온파크스크린골프학장그린점,,R1,예술·스포츠,R103,스포츠 서비스,R10307,헬스장,R91132,체력 단련시설 운영업,26,부산광역시,26530,사상구,26530670,학장동,2653010700,학장동,2653010700105700002,1,대지,570,2,부산광역시 사상구 학장동 570-2,265302006017,부산광역시 사상구 학감대로,109,10,2653010700105700002000001,,부산광역시 사상구 학감대로 109-10,617841,47052,,,,128.987955736091,35.1407093546848
MA0106202602A1878023,클래스윔(광안점),,R1,예술·스포츠,R103,스포츠 서비스,R10307,헬스장,R91132,체력 단련시설 운영업,26,부산광역시,26500,수영구,26500800,민락동,2650010300,민락동,2650010300101100014,1,대지,110,14,부산광역시 수영구 민락동 110-14,265004214081,부산광역시 수영구 광안해변로370번길,7,,2650010300101100014011856,,부산광역시 수영구 광안해변로370번길 7,613827,48280,,,,129.133560271352,35.1558767693709
MA0106202602A1070778,달폴댄스,,R1,예술·스포츠,R103,스포츠 서비스,R10307,헬스장,R91132,체력 단련시설 운영업,26,부산광역시,26350,해운대구,26350552,좌2동,2635010700,좌동,2635010700114790001,1,대지,1479,1,부산광역시 해운대구 좌동 1479-1,263502006010,부산광역시 해운대구 해운대로,802,,2635010700114790001000001,,부산광역시 해운대구 해운대로 802,612842,48111,,,,129.176663515328,35.1691674826786
MA0106202602A1285421,리셋PT스튜디오,,R1,예술·스포츠,R103,스포츠 서비스,R10307,헬스장,R91132,체력 단련시설 운영업,26,부산광역시,26230,부산진구,26230510,부전1동,2623010300,부전동,2623010300104660004,1,대지,466,4,부산광역시 부산진구 부전동 466-4,262303129023,부산광역시 부산진구 부전로,91,,2623010300104660004047813,,부산광역시 부산진구 부전로 91,614031,47258,,,,129.05448662179,35.1583164112053
MA0106202601A1433577,제라진배드민턴센터,,R1,예술·스포츠,R103,스포츠 서비스,R10307,헬스장,R91132,체력 단련시설 운영업,26,부산광역시,26440,강서구,26440530,강동동,2644010300,강동동,2644010300100290720,1,대지,29,720,부산광역시 강서구 강동동 29-720,264404208166,부산광역시 강서구 낙동북로126번길,56,,2644010300100290720000001,,부산광역시 강서구 낙동북로126번길 56,618800,46706,,,,128.940953783369,35.2139986907929
