상가업소번호,상호명,지점명,상권업종대분류코드,상권업종대분류명,상권업종중분류코드,상권업종중분류명,상권업종소분류코드,상권업종소분류명,표준산업분류코드,표준산업분류명,시도코드,시도명,시군구코드,시군구명,행정동코드,행정동명,법정동코드,법정동명,지번코드,대지구분코드,대지구분명,지번본번지,지번부번지,지번주소,도로명코드,도로명,건물본번지,건물부번지,건물관리번호,건물명,도로명주소,구우편번호,신우편번호,동정보,층정보,호정보,경도,위도,마트브랜드
MA010120220811462463,롯데리아,감만점,I2,음식,I210,기타 간이,I21004,버거,I56192,피자; 햄버거; 샌드위치 및 유사 음식점업,26,부산광역시,26290,남구,26290630,감만2동,2629011100,감만동,2629011100100080000,1,대지,8,,부산광역시 남구 감만동 8,262903131026,부산광역시 남구 우암로,124,,2629011100100080000026913,홈플러스내,부산광역시 남구 우암로 124,608800,48542,,,,129.082211284417,35.1215441675641,홈플러스
MA010120220803021192,유일약국,,G2,소매,G215,의약·화장품 소매,G21501,약국,G47811,의약품 및 의료용품 소매업,26,부산광역시,26530,사상구,26530620,괘법동,2653010400,괘법동,2653010400105290001,1,대지,529,1,부산광역시 사상구 괘법동 529-1,265303139003,부산광역시 사상구 광장로,7,,2653010400105290001008082,홈플러스,부산광역시 사상구 광장로 7,617725,46970,,1,,128.977721218153,35.1643345532276,홈플러스
MA010120220810820566,미래앤씨,,G2,소매,G215,의약·화장품 소매,G21503,화장품 소매업,G47813,화장품; 비누 및 방향제 소매업,26,부산광역시,26350,해운대구,26350520,우2동,2635010500,우동,2635010500114990000,1,대지,1499,,부산광역시 해운대구 우동 1499,263503133018,부산광역시 해운대구 센텀동로,6,,2635010500114490000023277,홈플러스센템시티점,부산광역시 해운대구 센텀동로 6,612022,48059,,,,129.133689814354,35.1709146307276,홈플러스
MA010120220812511888,폴햄,,G2,소매,G209,섬유·의복·신발 소매,G20902,여성 의류 소매업,G47412,여자용 겉옷 소매업,26,부산광역시,26470,연제구,26470650,연산1동,2647010200,연산동,2647010200101050001,1,대지,105,1,부산광역시 연제구 연산동 105-1,264703130026,부산광역시 연제구 반송로,88,,2647010200101050001000001,홈플러스부산연산점,부산광역시 연제구 반송로 88,611811,47552,,1,,129.089338601254,35.1909637286266,홈플러스
MA010120220805832608,오스틴리드홈플러스,연산점,G2,소매,G209,섬유·의복·신발 소매,G20901,남성 의류 소매업,G47411,남자용 겉옷 소매업,26,부산광역시,26470,연제구,26470650,연산1동,2647010200,연산동,2647010200101050001,1,대지,105,1,부산광역시 연제구 연산동 105-1,264703130026,부산광역시 연제구 반송로,88,,2647010200101050001000001,홈플러스연산점,부산광역시 연제구 반송로 88,611811,47552,,1,,129.089338601254,35.1909637286266,홈플러스
MA010120220811401062,메가마트제인스딘,동래점,G2,소매,G209,섬유·의복·신발 소매,G20905,기타 의류 소매업,G47413,속옷 및 잠옷 소매업,26,부산광역시,26260,동래구,26260545,명륜동,2626010700,명륜동,2626010700105060003,1,대지,506,3,부산광역시 동래구 명륜동 506-3,262602006006,부산광역시 동래구 충렬대로,197,,2626010700105060003000040,메가마트,부산광역시 동래구 충렬대로 197,607804,47737,,,,129.081133844024,35.2045502617048,메가마트
MA010120220810771286,누네트안경,,G2,소매,G216,안경·정밀기기 소매,G21602,안경렌즈 소매업,G47822,안경 및 렌즈 소매업,26,부산광역시,26470,연제구,26470660,연산2동,2647010200,연산동,2647010200108220007,1,대지,822,7,부산광역시 연제구 연산동 822-7,264703129044,부산광역시 연제구 연수로,89,,2647010200108220007015826,이마트,부산광역시 연제구 연수로 89,611840,47604,,1,,129.081309508809,35.1761518847322,이마트
MA010120220811423469,쌤소ATSIS이마트금정,,G2,소매,G209,섬유·의복·신발 소매,G20911,가방 소매업,G47440,가방 및 기타 가죽제품 소매업,26,부산광역시,26410,금정구,26410680,구서1동,2641010700,구서동,2641010700103680000,1,대지,368,,부산광역시 금정구 구서동 368,264104205400,부산광역시 금정구 중앙대로1841번길,24,,2641010700103680000007216,이마트,부산광역시 금정구 중앙대로1841번길 24,609847,46233,,1,,129.090598612225,35.2499401418204,이마트
MA010120220811461454,메가마트주,문현점,G2,소매,G204,종합 소매,G20404,슈퍼마켓,G47121,슈퍼마켓,26,부산광역시,26290,남구,26290700,문현3동,2629010900,문현동,2629010900102050002,1,대지,205,2,부산광역시 남구 문현동 205-2,262904193160,부산광역시 남구 수영로39번길,2,5,2629010900102050002015906,,부산광역시 남구 수영로39번길 2-5,608823,48420,,,,129.072834986202,35.1376104765052,메가마트
MA010120220808815100,아이더동래메가마트점,,G2,소매,G209,섬유·의복·신발 소매,G20905,기타 의류 소매업,G47419,기타 의복 소매업,26,부산광역시,26260,동래구,26260545,명륜동,2626010700,명륜동,2626010700105060003,1,대지,506,3,부산광역시 동래구 명륜동 506-3,262602006006,부산광역시 동래구 충렬대로,197,,2626010700105060003000040,메가마트,부산광역시 동래구 충렬대로 197,607804,47737,,2,,129.081133844024,35.2045502617048,메가마트
MA010120220803703541,이마트원스탑주얼리,금정점,G2,소매,G217,시계·귀금속 소매,G21701,시계/귀금속 소매업,G47830,시계 및 귀금속 소매업,26,부산광역시,26410,금정구,26410680,구서1동,2641010700,구서동,2641010700103680000,1,대지,368,,부산광역시 금정구 구서동 368,264104205400,부산광역시 금정구 중앙대로1841번길,24,,2641010700103680000007216,이마트,부산광역시 금정구 중앙대로1841번길 24,609847,46233,,,,129.090598612225,35.2499401418204,이마트
MA010120220814076194,amia에스테틱,,S2,수리·개인,S207,이용·미용,S20702,피부 관리실,S96113,피부 미용업,26,부산광역시,26350,해운대구,26350530,중1동,2635010600,중동,2635010600117670000,1,대지,1767,,부산광역시 해운대구 중동 1767,263503133039,부산광역시 해운대구 좌동순환로,511,,2635010600117670000019106,이마트,부산광역시 해운대구 좌동순환로 511,612851,48096,,3,,129.167372481097,35.1660179546642,이마트
MA010120220811425696,아이피아,감만점,G2,소매,G216,안경·정밀기기 소매,G21602,안경렌즈 소매업,G47822,안경 및 렌즈 소매업,26,부산광역시,26290,남구,26290630,감만2동,2629011100,감만동,2629011100100080000,1,대지,8,,부산광역시 남구 감만동 8,262903131026,부산광역시 남구 우암로,124,,2629011100100080000026913,홈플러스,부산광역시 남구 우암로 124,608800,48542,,2,,129.082211284417,35.1215441675641,홈플러스
MA010120220805023581,뉴욕버거사상점,,I2,음식,I210,기타 간이,I21004,버거,I56192,피자; 햄버거; 샌드위치 및 유사 음식점업,26,부산광역시,26530,사상구,26530620,괘법동,2653010400,괘법동,2653010400105310002,1,대지,531,2,부산광역시 사상구 괘법동 531-2,265303139003,부산광역시 사상구 광장로,17,,2653010400105310002005013,이마트,부산광역시 사상구 광장로 17,617808,46970,,2,,128.978893016647,35.1642343045877,이마트
MA010120220810683375,예작스튜디오,,M1,과학·기술,M113,사진 촬영,M11301,사진촬영업,M73301,인물 사진 및 행사용 영상 촬영업,26,부산광역시,26710,기장군,26710256,정관읍,2671025622,정관읍,2671025622107120001,1,대지,712,1,부산광역시 기장군 정관읍 매학리 712-1,267103140043,부산광역시 기장군 정관읍 정관5로,50,,2671032022107120001000001,홈플러스부산정관점내,부산광역시 기장군 정관읍 정관5로 50,619963,46015,,1,,129.176383817166,35.3230491085662,홈플러스
MA010120220800392626,더페이스샵이마트,금정점,G2,소매,G215,의약·화장품 소매,G21503,화장품 소매업,G47813,화장품; 비누 및 방향제 소매업,26,부산광역시,26410,금정구,26410680,구서1동,2641010700,구서동,2641010700103680000,1,대지,368,,부산광역시 금정구 구서동 368,264104205400,부산광역시 금정구 중앙대로1841번길,24,,2641010700103680000007216,이마트,부산광역시 금정구 중앙대로1841번길 24,609847,46233,,1,,129.090598612225,35.2499401418204,이마트
MA010120220810045233,코튼클럽수아팜,,G2,소매,G209,섬유·의복·신발 소매,G20905,기타 의류 소매업,G47413,속옷 및 잠옷 소매업,26,부산광역시,26500,수영구,26500660,남천1동,2650010500,남천동,2650010500105450002,1,대지,545,2,부산광역시 수영구 남천동 545-2,265002006014,부산광역시 수영구 황령대로,521,,2650010500105450002017618,메가마트,부산광역시 수영구 황령대로 521,613819,48313,,1,,129.110991329674,35.1372579331725,메가마트
MA010120220811214084,키무카츠,,I2,음식,I203,일식,I20302,일식 카레/돈가스/덮밥,I56194,김밥 및 기타 간이 음식점업,26,부산광역시,26470,연제구,26470620,거제2동,2647010100,거제동,2647010100112080000,1,대지,1208,,부산광역시 연제구 거제동 1208,264703130033,부산광역시 연제구 종합운동장로,7,,2647010100111980000009422,홈플러스아시아드점,부산광역시 연제구 종합운동장로 7,611807,47500,,,,129.062012486264,35.1912700712054,홈플러스
MA010120220812771724,다비치안경사상,이마트점,G2,소매,G216,안경·정밀기기 소매,G21602,안경렌즈 소매업,G47822,안경 및 렌즈 소매업,26,부산광역시,26530,사상구,26530620,괘법동,2653010400,괘법동,2653010400105310002,1,대지,531,2,부산광역시 사상구 괘법동 531-2,265303139003,부산광역시 사상구 광장로,17,,2653010400105310002005013,이마트,부산광역시 사상구 광장로 17,617808,46970,,2,,128.978893016647,35.1642343045877,이마트
MA010120220802978363,탑텐키즈,,G2,소매,G209,섬유·의복·신발 소매,G20905,기타 의류 소매업,G47419,기타 의복 소매업,26,부산광역시,26470,연제구,26470650,연산1동,2647010200,연산동,2647010200101050001,1,대지,105,1,부산광역시 연제구 연산동 105-1,264703130026,부산광역시 연제구 반송로,88,,2647010200101050001000001,홈플러스부산연산점,부산광역시 연제구 반송로 88,611811,47552,,3,,129.089338601254,35.1909637286266,홈플러스
MA010120220813753004,엔캣홈플러스,센텀시티점,G2,소매,G209,섬유·의복·신발 소매,G20907,액세서리/잡화 소매업,G47422,의복 액세서리 및 모조 장신구 소매업,26,부산광역시,26350,해운대구,26350520,우2동,2635010500,우동,2635010500114990000,1,대지,1499,,부산광역시 해운대구 우동 1499,263503133018,부산광역시 해운대구 센텀동로,6,,2635010500114490000023277,홈플러스센텀시티점,부산광역시 해운대구 센텀동로 6,612022,48059,,1,,129.133689814354,35.1709146307276,홈플러스
MA010120220814065210,로엠걸즈,,G2,소매,G209,섬유·의복·신발 소매,G20905,기타 의류 소매업,G47419,기타 의복 소매업,26,부산광역시,26110,중구,26110510,중앙동,2611011000,중앙동7가,2611011000100200001,1,대지,20,1,부산광역시 중구 중앙동7가 20-1,261102000010,부산광역시 중구 중앙대로,2,,2611011000100200001000001,롯데마트,부산광역시 중구 중앙대로 2,600017,48944,,4,,129.036707345866,35.0983104003377,롯데마트
MA010120220807394729,동보텔레콤,이마트점,G2,소매,G208,가전·통신 소매,G20802,핸드폰 소매업,G47312,통신기기 소매업,26,부산광역시,26350,해운대구,26350530,중1동,2635010600,중동,2635010600117680005,1,대지,1768,5,부산광역시 해운대구 중동 1768-5,263503133039,부산광역시 해운대구 좌동순환로,505,,2635010600117680005026400,센트럴메디타워,부산광역시 해운대구 좌동순환로 505,612851,48096,,1,,129.168230155372,35.1656691781639,이마트
MA010120220812687562,배스킨라빈스부산금정,이마트점,I2,음식,I210,기타 간이,I21008,아이스크림/빙수,I56194,김밥 및 기타 간이 음식점업,26,부산광역시,26410,금정구,26410680,구서1동,2641010700,구서동,2641010700103680000,1,대지,368,,부산광역시 금정구 구서동 368,264104205400,부산광역시 금정구 중앙대로1841번길,24,,2641010700103680000007216,,부산광역시 금정구 중앙대로1841번길 24,609847,46233,,,,129.090598612225,35.2499401418204,이마트
MA010120220808603294,모이몰른홈플러스,센텀시티점,G2,소매,G209,섬유·의복·신발 소매,G20903,유아용 의류 소매업,G47417,유아용 의류 소매업,26,부산광역시,26350,해운대구,26350520,우2동,2635010500,우동,2635010500114990000,1,대지,1499,,부산광역시 해운대구 우동 1499,263503133018,부산광역시 해운대구 센텀동로,6,,2635010500114490000023277,홈플러스센텀시티점,부산광역시 해운대구 센텀동로 6,612022,48059,,3,,129.133689814354,35.1709146307276,홈플러스
MA010120220811900782,올앤선드리메가,남천점,G2,소매,G209,섬유·의복·신발 소매,G20902,여성 의류 소매업,G47412,여자용 겉옷 소매업,26,부산광역시,26500,수영구,26500660,남천1동,2650010500,남천동,2650010500105450002,1,대지,545,2,부산광역시 수영구 남천동 545-2,265002006014,부산광역시 수영구 황령대로,521,,2650010500105450002017618,메가마트,부산광역시 수영구 황령대로 521,613819,48313,,2,,129.110991329674,35.1372579331725,메가마트
MA010120220810527978,화미주헤어장림점,,S2,수리·개인,S207,이용·미용,S20701,미용실,S96112,두발 미용업,26,부산광역시,26380,사하구,26380590,장림2동,2638010500,장림동,2638010500101850000,1,대지,185,,부산광역시 사하구 장림동 185,263803134007,부산광역시 사하구 다대로,225,,2638010500101770004026905,홈플러스장림점,부산광역시 사하구 다대로 225,604042,49458,,2,,128.978252337242,35.0824354675071,홈플러스
MA010120220804730472,모완10헤어,,S2,수리·개인,S207,이용·미용,S20701,미용실,S96112,두발 미용업,26,부산광역시,26500,수영구,26500660,남천1동,2650010500,남천동,2650010500105450002,1,대지,545,2,부산광역시 수영구 남천동 545-2,265002006014,부산광역시 수영구 황령대로,521,,2650010500105450002017618,메가마트,부산광역시 수영구 황령대로 521,613819,48313,,2,,129.110991329674,35.1372579331725,메가마트
MA010120220807439249,스타일러스,,G2,소매,G217,시계·귀금속 소매,G21701,시계/귀금속 소매업,G47830,시계 및 귀금속 소매업,26,부산광역시,26530,사상구,26530680,엄궁동,2653010800,엄궁동,2653010800106900000,1,대지,690,,부산광역시 사상구 엄궁동 690,265302006002,부산광역시 사상구 낙동대로,733,,2653010800103570005008020,롯데마트,부산광역시 사상구 낙동대로 733,617830,47032,,3,,128.968364011655,35.1275926627189,롯데마트
MA010120220804404024,탑텐키즈,,G2,소매,G209,섬유·의복·신발 소매,G20905,기타 의류 소매업,G47419,기타 의복 소매업,26,부산광역시,26410,금정구,26410680,구서1동,2641010700,구서동,2641010700103680000,1,대지,368,,부산광역시 금정구 구서동 368,264104205400,부산광역시 금정구 중앙대로1841번길,24,,2641010700103680000007216,이마트,부산광역시 금정구 중앙대로1841번길 24,609847,46233,,2,,129.090598612225,35.2499401418204,이마트
MA010120220809488342,수지포토,,M1,과학·기술,M113,사진 촬영,M11301,사진촬영업,M73301,인물 사진 및 행사용 영상 촬영업,26,부산광역시,26260,동래구,26260545,명륜동,2626010700,명륜동,2626010700105060003,1,대지,506,3,부산광역시 동래구 명륜동 506-3,262602006006,부산광역시 동래구 충렬대로,197,,2626010700105060003000040,메가마트,부산광역시 동래구 충렬대로 197,607804,47737,,1,,129.081133844024,35.2045502617048,메가마트
MA010120220806920286,홍대개미,,I2,음식,I203,일식,I20302,일식 카레/돈가스/덮밥,I56111,한식 일반 음식점업,26,부산광역시,26470,연제구,26470620,거제2동,2647010100,거제동,2647010100112080000,1,대지,1208,,부산광역시 연제구 거제동 1208,264703130033,부산광역시 연제구 종합운동장로,7,,2647010100111980000009422,홈플러스아시아드,부산광역시 연제구 종합운동장로 7,611807,47500,,2,,129.062012486264,35.1912700712054,홈플러스
MA010120220810206997,다조은에프엔비,,I2,음식,I201,한식,I20101,백반/한정식,I56111,한식 일반 음식점업,26,부산광역시,26350,해운대구,26350520,우2동,2635010500,우동,2635010500114990000,1,대지,1499,,부산광역시 해운대구 우동 1499,263503133018,부산광역시 해운대구 센텀동로,6,,2635010500114490000023277,홈플러스센텀시티점,부산광역시 해운대구 센텀동로 6,612022,48059,,2,,129.133689814354,35.1709146307276,홈플러스
MA010120220810750634,골드네일주,,S2,수리·개인,S207,이용·미용,S20703,네일숍,S96119,기타 미용업,26,부산광역시,26320,북구,26320543,화명3동,2632010200,화명동,2632010200122730000,1,대지,2273,,부산광역시 북구 화명동 2273,263202132002,부산광역시 북구 화명대로,47,,2632010200122730000003931,롯데마트,부산광역시 북구 화명대로 47,616744,46525,,,,129.013016593832,35.235170359171,롯데마트
MA010120220806905688,디와이에스,,I2,음식,I210,기타 간이,I21003,피자,I56192,피자; 햄버거; 샌드위치 및 유사 음식점업,26,부산광역시,26470,연제구,26470620,거제2동,2647010100,거제동,2647010100112080000,1,대지,1208,,부산광역시 연제구 거제동 1208,264703130033,부산광역시 연제구 종합운동장로,7,,2647010100111980000009422,홈플러스아시아드점내롯데리아,부산광역시 연제구 종합운동장로 7,611807,47500,,,,129.062012486264,35.1912700712054,홈플러스
MA010120220808671288,블루페퍼안경원,,G2,소매,G216,안경·정밀기기 소매,G21602,안경렌즈 소매업,G47822,안경 및 렌즈 소매업,26,부산광역시,26260,동래구,26260545,명륜동,2626010700,명륜동,2626010700105060003,1,대지,506,3,부산광역시 동래구 명륜동 506-3,262602006006,부산광역시 동래구 충렬대로,197,,2626010700105060003000040,메가마트,부산광역시 동래구 충렬대로 197,607804,47737,,1,,129.081133844024,35.2045502617048,메가마트
MA010120220803253859,안경진정성,연산점,G2,소매,G216,안경·정밀기기 소매,G21602,안경렌즈 소매업,G47822,안경 및 렌즈 소매업,26,부산광역시,26470,연제구,26470730,연산9동,2647010200,연산동,2647010200123740000,1,대지,2374,,부산광역시 연제구 연산동 2374,264703137034,부산광역시 연제구 좌수영로,241,,2647010200101370005000001,이마트,부산광역시 연제구 좌수영로 241,611089,47569,,B3,,129.11195372269,35.1850923075147,이마트
MA010120220809902270,송정집칼국수,,I2,음식,I201,한식,I20105,국수/칼국수,I56112,한식 면 요리 전문점,26,부산광역시,26470,연제구,26470620,거제2동,2647010100,거제동,2647010100112080000,1,대지,1208,,부산광역시 연제구 거제동 1208,264703130033,부산광역시 연제구 종합운동장로,7,,2647010100111980000009422,홈플러스아시아드,부산광역시 연제구 종합운동장로 7,611807,47500,,B2,,129.062012486264,35.1912700712054,홈플러스
MA010120220811417032,안경나라문현,이마트점,G2,소매,G216,안경·정밀기기 소매,G21602,안경렌즈 소매업,G47822,안경 및 렌즈 소매업,26,부산광역시,26290,남구,26290690,문현2동,2629010900,문현동,2629010900107510000,1,대지,751,,부산광역시 남구 문현동 751,262904006033,부산광역시 남구 전포대로91번길,47,,2629010900107590000018238,이마트,부산광역시 남구 전포대로91번길 47,608827,48401,,3,,129.064261051713,35.1443173585801,이마트
MA010120220800088898,탭플레이,,I2,음식,I212,비알코올 ,I21201,카페,I56221,커피 전문점,26,부산광역시,26380,사하구,26380580,장림1동,2638010500,장림동,2638010500110330002,1,대지,1033,2,부산광역시 사하구 장림동 1033-2,263802006011,부산광역시 사하구 을숙도대로,610,,2638010500110330002004243,롯데마트,부산광역시 사하구 을숙도대로 610,604843,49472,,1,,128.972312100943,35.0847852323566,롯데마트
MA010120220810635659,웰니스클리닉동물병원,서면점,M1,과학·기술,M111,수의,M11101,동물병원,M73100,수의업,26,부산광역시,26230,부산진구,26230640,부암1동,2623010800,부암동,2623010800100930000,1,대지,93,,부산광역시 부산진구 부암동 93,262303129030,부산광역시 부산진구 시민공원로,31,,2623010800101000001027533,트레이더스서면점,부산광역시 부산진구 시민공원로 31,614836,47192,,,,129.052553036284,35.1639003630112,이마트 트레이더스
MA010120220800641898,오토오아시스메가마트,기장점,S2,수리·개인,S203,자동차 수리·세차,S20301,자동차 정비소,S95212,자동차 전문 수리업,26,부산광역시,26710,기장군,26710259,일광읍,2671025921,일광읍,2671025921105470006,1,대지,547,6,부산광역시 기장군 일광읍 삼성리 547-6,267102006018,부산광역시 기장군 일광읍 기장대로,673,,2671031021105470006000001,메가마트,부산광역시 기장군 일광읍 기장대로 673,619912,46048,,2,,129.221858893907,35.25469218614,메가마트
MA010120220801315303,한옥마을전주비빔밥부산반여점,,I2,음식,I201,한식,I20101,백반/한정식,I56111,한식 일반 음식점업,26,부산광역시,26350,해운대구,26350570,반여1동,2635010300,반여동,2635010300114060001,1,대지,1406,1,부산광역시 해운대구 반여동 1406-1,263504199082,부산광역시 해운대구 선수촌로21번길,37,,2635010300114060001000001,홈플러스,부산광역시 해운대구 선수촌로21번길 37,612815,48043,,2,,129.115698499529,35.19658863746,홈플러스
MA010120220810609937,홈플러스부산센텀시티미샤,,G2,소매,G215,의약·화장품 소매,G21503,화장품 소매업,G47813,화장품; 비누 및 방향제 소매업,26,부산광역시,26350,해운대구,26350520,우2동,2635010500,우동,2635010500114990000,1,대지,1499,,부산광역시 해운대구 우동 1499,263503133018,부산광역시 해운대구 센텀동로,6,,2635010500114490000023277,홈플러스센텀시티점,부산광역시 해운대구 센텀동로 6,612022,48059,,1,,129.133689814354,35.1709146307276,홈플러스
MA010120220810685997,보화스위스서,부산점,G2,소매,G217,시계·귀금속 소매,G21701,시계/귀금속 소매업,G47830,시계 및 귀금속 소매업,26,부산광역시,26530,사상구,26530620,괘법동,2653010400,괘법동,2653010400105290001,1,대지,529,1,부산광역시 사상구 괘법동 529-1,265303139003,부산광역시 사상구 광장로,7,,2653010400105290001008082,홈플러스,부산광역시 사상구 광장로 7,617725,46970,,2,,128.977721218153,35.1643345532276,홈플러스
MA010120220814145742,제이디엑스,,G2,소매,G209,섬유·의복·신발 소매,G20905,기타 의류 소매업,G47419,기타 의복 소매업,26,부산광역시,26470,연제구,26470620,거제2동,2647010100,거제동,2647010100112080000,1,대지,1208,,부산광역시 연제구 거제동 1208,264703130033,부산광역시 연제구 종합운동장로,7,,2647010100111980000009422,홈플러스아시아드점,부산광역시 연제구 종합운동장로 7,611807,47500,,B2,,129.062012486264,35.1912700712054,홈플러스
MA010120220809379985,대림스포츠나이키,,G2,소매,G209,섬유·의복·신발 소매,G20910,신발 소매업,G47430,신발 소매업,26,부산광역시,26260,동래구,26260545,명륜동,2626010700,명륜동,2626010700105060003,1,대지,506,3,부산광역시 동래구 명륜동 506-3,262602006006,부산광역시 동래구 충렬대로,197,,2626010700105060003000040,메가마트,부산광역시 동래구 충렬대로 197,607804,47737,,,,129.081133844024,35.2045502617048,메가마트
MA010120220810645741,홈플러스가야르까프,,G2,소매,G209,섬유·의복·신발 소매,G20905,기타 의류 소매업,G47419,기타 의복 소매업,26,부산광역시,26230,부산진구,26230720,가야2동,2623011000,가야동,2623011000106240007,1,대지,624,7,부산광역시 부산진구 가야동 624-7,262302006015,부산광역시 부산진구 가야대로,506,,2623011000106240007000001,동홈플러스가야,부산광역시 부산진구 가야대로 506,614801,47324,,3,,129.027315703707,35.1525111823615,홈플러스
MA010120220810818217,우리여행사주,,N1,시설관리·임대,N105,여행사·보조,N10501,여행사,N75210,여행사업,26,부산광역시,26320,북구,26320543,화명3동,2632010200,화명동,2632010200122730000,1,대지,2273,,부산광역시 북구 화명동 2273,263202132002,부산광역시 북구 화명대로,47,,2632010200122730000003931,롯데마트,부산광역시 북구 화명대로 47,616744,46525,,2,,129.013016593832,35.235170359171,롯데마트
MA010120220802948330,부암점아모레화장품,롯데마트,G2,소매,G215,의약·화장품 소매,G21503,화장품 소매업,G47813,화장품; 비누 및 방향제 소매업,26,부산광역시,26230,부산진구,26230640,부암1동,2623010800,부암동,2623010800102570000,1,대지,257,,부산광역시 부산진구 부암동 257,262302129001,부산광역시 부산진구 신천대로,241,,2623010800102400000000001,롯데마트,부산광역시 부산진구 신천대로 241,614837,47187,,2,,129.049322783607,35.1633062342067,롯데마트
MA010120220805080350,더페이스샵홈플러스,센텀시티점,G2,소매,G215,의약·화장품 소매,G21503,화장품 소매업,G47813,화장품; 비누 및 방향제 소매업,26,부산광역시,26350,해운대구,26350520,우2동,2635010500,우동,2635010500114990000,1,대지,1499,,부산광역시 해운대구 우동 1499,263503133018,부산광역시 해운대구 센텀동로,6,,2635010500114490000023277,홈플러스센템시티점,부산광역시 해운대구 센텀동로 6,612022,48059,,1,,129.133689814354,35.1709146307276,홈플러스
MA010120220809819548,아이피아안경,,G2,소매,G216,안경·정밀기기 소매,G21602,안경렌즈 소매업,G47822,안경 및 렌즈 소매업,26,부산광역시,26350,해운대구,26350520,우2동,2635010500,우동,2635010500114990000,1,대지,1499,,부산광역시 해운대구 우동 1499,263503133018,부산광역시 해운대구 센텀동로,6,,2635010500114490000023277,홈플러스센텀시티점,부산광역시 해운대구 센텀동로 6,612022,48059,,2,,129.133689814354,35.1709146307276,홈플러스
MA010120220814387481,까사벨르바이네일파이어,,S2,수리·개인,S207,이용·미용,S20703,네일숍,S96119,기타 미용업,26,부산광역시,26350,해운대구,26350520,우2동,2635010500,우동,2635010500114990000,1,대지,1499,,부산광역시 해운대구 우동 1499,263503133018,부산광역시 해운대구 센텀동로,6,,2635010500114490000023277,홈플러스센텀시티점,부산광역시 해운대구 센텀동로 6,612022,48059,,3,,129.133689814354,35.1709146307276,홈플러스
MA010120220812161323,치크,,G2,소매,G209,섬유·의복·신발 소매,G20903,유아용 의류 소매업,G47417,유아용 의류 소매업,26,부산광역시,26350,해운대구,26350520,우2동,2635010500,우동,2635010500114990000,1,대지,1499,,부산광역시 해운대구 우동 1499,263503133018,부산광역시 해운대구 센텀동로,6,,2635010500114490000023277,홈플러스센텀시티점,부산광역시 해운대구 센텀동로 6,612022,48059,,3,,129.133689814354,35.1709146307276,홈플러스
MA010120220802784730,이디야커피부산화명점,롯데마트,I2,음식,I212,비알코올 ,I21201,카페,I56221,커피 전문점,26,부산광역시,26320,북구,26320543,화명3동,2632010200,화명동,2632010200122730000,1,대지,2273,,부산광역시 북구 화명동 2273,263202132002,부산광역시 북구 화명대로,47,,2632010200122730000003931,카페롯데마트,부산광역시 북구 화명대로 47,616744,46525,,1,,129.013016593832,35.235170359171,롯데마트
MA010120220810219544,크린토피아광복점,롯데마트,S2,수리·개인,S209,세탁,S20901,세탁소,S96912,가정용 세탁업,26,부산광역시,26110,중구,26110510,중앙동,2611011000,중앙동7가,2611011000100200001,1,대지,20,1,부산광역시 중구 중앙동7가 20-1,261102000010,부산광역시 중구 중앙대로,2,,2611011000100200001000001,롯데마트,부산광역시 중구 중앙대로 2,600017,48944,,2,,129.036707345866,35.0983104003377,롯데마트
MA010120220806462249,이마트연제에스콰이아,,G2,소매,G209,섬유·의복·신발 소매,G20910,신발 소매업,G47430,신발 소매업,26,부산광역시,26470,연제구,26470660,연산2동,2647010200,연산동,2647010200108220007,1,대지,822,7,부산광역시 연제구 연산동 822-7,264703129044,부산광역시 연제구 연수로,89,,2647010200108220007015826,,부산광역시 연제구 연수로 89,611840,47604,,,,129.081309508809,35.1761518847322,이마트
MA010120220803819284,연스,,I2,음식,I210,기타 간이,I21003,피자,I56192,피자; 햄버거; 샌드위치 및 유사 음식점업,26,부산광역시,26530,사상구,26530680,엄궁동,2653010800,엄궁동,2653010800106900000,1,대지,690,,부산광역시 사상구 엄궁동 690,265302006002,부산광역시 사상구 낙동대로,733,,2653010800103570005008020,롯데마트,부산광역시 사상구 낙동대로 733,617830,47032,,1,,128.968364011655,35.1275926627189,롯데마트
MA010120220807068229,씨네일,,S2,수리·개인,S207,이용·미용,S20703,네일숍,S96119,기타 미용업,26,부산광역시,26320,북구,26320543,화명3동,2632010200,화명동,2632010200122730000,1,대지,2273,,부산광역시 북구 화명동 2273,263202132002,부산광역시 북구 화명대로,47,,2632010200122730000003931,롯데마트,부산광역시 북구 화명대로 47,616744,46525,,4,,129.013016593832,35.235170359171,롯데마트
MA010120220810268714,시크릿데스크,,G2,소매,G215,의약·화장품 소매,G21503,화장품 소매업,G47813,화장품; 비누 및 방향제 소매업,26,부산광역시,26290,남구,26290630,감만2동,2629011100,감만동,2629011100100080000,1,대지,8,,부산광역시 남구 감만동 8,262903131026,부산광역시 남구 우암로,124,,2629011100100080000026913,홈플러스감만점,부산광역시 남구 우암로 124,608800,48542,,2,,129.082211284417,35.1215441675641,홈플러스
MA010120220803051161,콜핑,,G2,소매,G209,섬유·의복·신발 소매,G20905,기타 의류 소매업,G47414,셔츠 및 블라우스 소매업,26,부산광역시,26320,북구,26320543,화명3동,2632010200,화명동,2632010200122730000,1,대지,2273,,부산광역시 북구 화명동 2273,263202132002,부산광역시 북구 화명대로,47,,2632010200122730000003931,롯데마트,부산광역시 북구 화명대로 47,616744,46525,,2,,129.013016593832,35.235170359171,롯데마트
MA010120220803378613,수스,,G2,소매,G209,섬유·의복·신발 소매,G20902,여성 의류 소매업,G47412,여자용 겉옷 소매업,26,부산광역시,26530,사상구,26530680,엄궁동,2653010800,엄궁동,2653010800106900000,1,대지,690,,부산광역시 사상구 엄궁동 690,265302006002,부산광역시 사상구 낙동대로,733,,2653010800103570005008020,롯데마트,부산광역시 사상구 낙동대로 733,617830,47032,,3,,128.968364011655,35.1275926627189,롯데마트
MA010120220811410997,이마트휠라인티모,금정점,G2,소매,G209,섬유·의복·신발 소매,G20905,기타 의류 소매업,G47413,속옷 및 잠옷 소매업,26,부산광역시,26410,금정구,26410680,구서1동,2641010700,구서동,2641010700103680000,1,대지,368,,부산광역시 금정구 구서동 368,264104205400,부산광역시 금정구 중앙대로1841번길,24,,2641010700103680000007216,이마트,부산광역시 금정구 중앙대로1841번길 24,609847,46233,,2,,129.090598612225,35.2499401418204,이마트
MA010120220808561139,롯데리아동래점,롯데마트,I2,음식,I210,기타 간이,I21004,버거,I56192,피자; 햄버거; 샌드위치 및 유사 음식점업,26,부산광역시,26260,동래구,26260560,온천2동,2626010800,온천동,2626010800105020003,1,대지,502,3,부산광역시 동래구 온천동 502-3,262602000010,부산광역시 동래구 중앙대로,1393,,2626010800105020003000477,롯데백화점,부산광역시 동래구 중앙대로 1393,607716,47727,,1,,129.07747341266,35.2117052140663,롯데마트
MA010120220809742903,김가네메가마트,기장점,I2,음식,I210,기타 간이,I21007,김밥/만두/분식,I56194,김밥 및 기타 간이 음식점업,26,부산광역시,26710,기장군,26710259,일광읍,2671025921,일광읍,2671025921105470006,1,대지,547,6,부산광역시 기장군 일광읍 삼성리 547-6,267102006018,부산광역시 기장군 일광읍 기장대로,673,,2671031021105470006000001,메가마트,부산광역시 기장군 일광읍 기장대로 673,619912,46048,,1,,129.221858893907,35.25469218614,메가마트
MA010120220804897970,이니스프리사상점,롯데마트,G2,소매,G215,의약·화장품 소매,G21503,화장품 소매업,G47813,화장품; 비누 및 방향제 소매업,26,부산광역시,26530,사상구,26530680,엄궁동,2653010800,엄궁동,2653010800106900000,1,대지,690,,부산광역시 사상구 엄궁동 690,265302006002,부산광역시 사상구 낙동대로,733,,2653010800103570005008020,이니스프리롯데마트,부산광역시 사상구 낙동대로 733,617830,47032,,1,,128.968364011655,35.1275926627189,롯데마트
MA010120220810477449,소나무약국,,G2,소매,G215,의약·화장품 소매,G21501,약국,G47811,의약품 및 의료용품 소매업,26,부산광역시,26110,중구,26110510,중앙동,2611011000,중앙동7가,2611011000100200001,1,대지,20,1,부산광역시 중구 중앙동7가 20-1,261102000010,부산광역시 중구 중앙대로,2,,2611011000100200001000001,롯데마트,부산광역시 중구 중앙대로 2,600017,48944,,1,,129.036707345866,35.0983104003377,롯데마트
MA010120220811624749,모이몰른,,G2,소매,G209,섬유·의복·신발 소매,G20903,유아용 의류 소매업,G47417,유아용 의류 소매업,26,부산광역시,26710,기장군,26710256,정관읍,2671025622,정관읍,2671025622107120001,1,대지,712,1,부산광역시 기장군 정관읍 매학리 712-1,267103140043,부산광역시 기장군 정관읍 정관5로,50,,2671032022107120001000001,홈플러스,부산광역시 기장군 정관읍 정관5로 50,619963,46015,,1,,129.176383817166,35.3230491085662,홈플러스
MA010120220803513128,오토오아시스동래점,롯데마트,S2,수리·개인,S203,자동차 수리·세차,S20301,자동차 정비소,S95212,자동차 전문 수리업,26,부산광역시,26260,동래구,26260560,온천2동,2626010800,온천동,2626010800105020003,1,대지,502,3,부산광역시 동래구 온천동 502-3,262602000010,부산광역시 동래구 중앙대로,1393,,2626010800105020003000477,정비코너롯데마트,부산광역시 동래구 중앙대로 1393,607716,47727,,3,,129.07747341266,35.2117052140663,롯데마트
MA010120220803129886,어울림,,G2,소매,G208,가전·통신 소매,G20802,핸드폰 소매업,G47312,통신기기 소매업,26,부산광역시,26260,동래구,26260545,명륜동,2626010700,명륜동,2626010700105060003,1,대지,506,3,부산광역시 동래구 명륜동 506-3,262602006006,부산광역시 동래구 충렬대로,197,,2626010700105060003000040,메가마트,부산광역시 동래구 충렬대로 197,607804,47737,,2,,129.081133844024,35.2045502617048,메가마트
MA010120220810284558,체이스컬트,,G2,소매,G209,섬유·의복·신발 소매,G20905,기타 의류 소매업,G47419,기타 의복 소매업,26,부산광역시,26410,금정구,26410680,구서1동,2641010700,구서동,2641010700103680000,1,대지,368,,부산광역시 금정구 구서동 368,264104205400,부산광역시 금정구 중앙대로1841번길,24,,2641010700103680000007216,이마트,부산광역시 금정구 중앙대로1841번길 24,609847,46233,,2,,129.090598612225,35.2499401418204,이마트
MA010120220804992833,리트머스,,G2,소매,G209,섬유·의복·신발 소매,G20905,기타 의류 소매업,G47414,셔츠 및 블라우스 소매업,26,부산광역시,26470,연제구,26470620,거제2동,2647010100,거제동,2647010100112080000,1,대지,1208,,부산광역시 연제구 거제동 1208,264703130033,부산광역시 연제구 종합운동장로,7,,2647010100111980000009422,홈플러스부산아시아드점,부산광역시 연제구 종합운동장로 7,611807,47500,,,,129.062012486264,35.1912700712054,홈플러스
MA010120220811612999,열쇠도장,금정점,G2,소매,G210,철물·건설자재 소매,G21001,철물/공구 소매업,G47511,철물 및 난방용구 소매업,26,부산광역시,26410,금정구,26410680,구서1동,2641010700,구서동,2641010700103680000,1,대지,368,,부산광역시 금정구 구서동 368,264104205400,부산광역시 금정구 중앙대로1841번길,24,,2641010700103680000007216,이마트,부산광역시 금정구 중앙대로1841번길 24,609847,46233,,3,,129.090598612225,35.2499401418204,이마트
MA010120220807820861,메가마트동래프로스펙스,,G2,소매,G209,섬유·의복·신발 소매,G20910,신발 소매업,G47430,신발 소매업,26,부산광역시,26260,동래구,26260545,명륜동,2626010700,명륜동,2626010700105060003,1,대지,506,3,부산광역시 동래구 명륜동 506-3,262602006006,부산광역시 동래구 충렬대로,197,,2626010700105060003000040,동래메가마트,부산광역시 동래구 충렬대로 197,607804,47737,,,,129.081133844024,35.2045502617048,메가마트
MA010120220803421441,행복나눔치과,,Q1,보건의료,Q102,의원,Q10210,치과의원,Q86202,치과의원,26,부산광역시,26530,사상구,26530680,엄궁동,2653010800,엄궁동,2653010800106900000,1,대지,690,,부산광역시 사상구 엄궁동 690,265302006002,부산광역시 사상구 낙동대로,733,,2653010800103570005008020,롯데마트,부산광역시 사상구 낙동대로 733,617830,47032,,4,,128.968364011655,35.1275926627189,롯데마트
MA010120220806464700,커피스토어홈플러스,광안점,I2,음식,I212,비알코올 ,I21201,카페,I56221,커피 전문점,26,부산광역시,26500,수영구,26500760,광안1동,2650010400,광안동,2650010400104910001,1,대지,491,1,부산광역시 수영구 광안동 491-1,265003131037,부산광역시 수영구 수영로,625,,2650010400104910001017985,홈플러스슈퍼익스프레스광안점,부산광역시 수영구 수영로 625,613807,48253,,1,,129.113519894991,35.1616440938727,홈플러스
MA010120220811459374,손오공투어주,,N1,시설관리·임대,N105,여행사·보조,N10501,여행사,N75210,여행사업,26,부산광역시,26500,수영구,26500660,남천1동,2650010500,남천동,2650010500105450002,1,대지,545,2,부산광역시 수영구 남천동 545-2,265002006014,부산광역시 수영구 황령대로,521,,2650010500105450002017618,메가마트,부산광역시 수영구 황령대로 521,613819,48313,,3,,129.110991329674,35.1372579331725,메가마트
MA010120220808239833,던킨트레이더스,연산점,I2,음식,I210,기타 간이,I21001,빵/도넛,I56191,제과점업,26,부산광역시,26470,연제구,26470730,연산9동,2647010200,연산동,2647010200123740000,1,대지,2374,,부산광역시 연제구 연산동 2374,264703137034,부산광역시 연제구 좌수영로,241,,,이마트,부산광역시 연제구 좌수영로 241,611089,47569,,,,129.112138595138,35.1854495416045,이마트 트레이더스
MA010120220812480944,토니모리사상점,롯데마트,G2,소매,G215,의약·화장품 소매,G21503,화장품 소매업,G47813,화장품; 비누 및 방향제 소매업,26,부산광역시,26530,사상구,26530680,엄궁동,2653010800,엄궁동,2653010800106900000,1,대지,690,,부산광역시 사상구 엄궁동 690,265302006002,부산광역시 사상구 낙동대로,733,,,롯데마트,부산광역시 사상구 낙동대로 733,617830,47032,,1,,128.96846526974,35.1286093546013,롯데마트
MA010120220810383211,사상점아모레화장품,롯데마트,G2,소매,G215,의약·화장품 소매,G21503,화장품 소매업,G47813,화장품; 비누 및 방향제 소매업,26,부산광역시,26530,사상구,26530680,엄궁동,2653010800,엄궁동,2653010800106900000,1,대지,690,,부산광역시 사상구 엄궁동 690,265302006002,부산광역시 사상구 낙동대로,733,,,,부산광역시 사상구 낙동대로 733,617830,47032,,,,128.96846526974,35.1286093546013,롯데마트
MA010120220814114494,던킨도너츠,,I2,음식,I210,기타 간이,I21001,빵/도넛,I56191,제과점업,26,부산광역시,26230,부산진구,26230640,부암1동,2623010800,부암동,2623010800102570000,1,대지,257,,부산광역시 부산진구 부암동 257,262302129001,부산광역시 부산진구 신천대로,241,,,롯데마트,부산광역시 부산진구 신천대로 241,614837,47187,,1,,129.048902687629,35.1627456096785,롯데마트
MA010120220808695471,오스틴리드롯데사상점,,G2,소매,G209,섬유·의복·신발 소매,G20901,남성 의류 소매업,G47411,남자용 겉옷 소매업,26,부산광역시,26530,사상구,26530680,엄궁동,2653010800,엄궁동,2653010800106900000,1,대지,690,,부산광역시 사상구 엄궁동 690,265302006002,부산광역시 사상구 낙동대로,733,,,롯데마트,부산광역시 사상구 낙동대로 733,617830,47032,,3,,128.96846526974,35.1286093546013,롯데마트
MA010120220810723304,사상점에드윈,롯데마트,G2,소매,G209,섬유·의복·신발 소매,G20905,기타 의류 소매업,G47414,셔츠 및 블라우스 소매업,26,부산광역시,26530,사상구,26530680,엄궁동,2653010800,엄궁동,2653010800106900000,1,대지,690,,부산광역시 사상구 엄궁동 690,265302006002,부산광역시 사상구 낙동대로,733,,2653010800103570005008020,,부산광역시 사상구 낙동대로 733,617830,47032,,1,,128.968364011655,35.1275926627189,롯데마트
MA010120220813662188,시호비전안경원,해운대점,G2,소매,G216,안경·정밀기기 소매,G21602,안경렌즈 소매업,G47822,안경 및 렌즈 소매업,26,부산광역시,26350,해운대구,26350530,중1동,2635010600,중동,2635010600117670000,1,대지,1767,,부산광역시 해운대구 중동 1767,263503133039,부산광역시 해운대구 좌동순환로,511,,2635010600117670000019106,이마트,부산광역시 해운대구 좌동순환로 511,612851,48096,,2,,129.167372481097,35.1660179546642,이마트
MA010120220811230218,송사부수제쌀고로케이마트,해운대점,I2,음식,I210,기타 간이,I21001,빵/도넛,I56113,한식 육류 요리 전문점,26,부산광역시,26350,해운대구,26350530,중1동,2635010600,중동,2635010600117670000,1,대지,1767,,부산광역시 해운대구 중동 1767,263503133039,부산광역시 해운대구 좌동순환로,511,,2635010600117670000019106,이마트,부산광역시 해운대구 좌동순환로 511,612851,48096,,1,,129.167372481097,35.1660179546642,이마트
MA010120220810782134,21세기약국,,G2,소매,G215,의약·화장품 소매,G21501,약국,G47811,의약품 및 의료용품 소매업,26,부산광역시,26260,동래구,26260560,온천2동,2626010800,온천동,2626010800105020003,1,대지,502,3,부산광역시 동래구 온천동 502-3,262602000010,부산광역시 동래구 중앙대로,1393,,2626010800105020003000477,롯데마트,부산광역시 동래구 중앙대로 1393,607716,47727,,1,,129.07747341266,35.2117052140663,롯데마트
MA010120220808220874,이브자리,,G2,소매,G209,섬유·의복·신발 소매,G20906,침구류/커튼 소매업,G47421,가정용 직물제품 소매업,26,부산광역시,26500,수영구,26500660,남천1동,2650010500,남천동,2650010500105450002,1,대지,545,2,부산광역시 수영구 남천동 545-2,265002006014,부산광역시 수영구 황령대로,521,,2650010500105450002017618,메가마트,부산광역시 수영구 황령대로 521,613819,48313,,,,129.110991329674,35.1372579331725,메가마트
MA010120220803136370,삼대진가푸드,,I2,음식,I201,한식,I20105,국수/칼국수,I56112,한식 면 요리 전문점,26,부산광역시,26350,해운대구,26350525,우3동,2635010500,우동,2635010500114060002,1,대지,1406,2,부산광역시 해운대구 우동 1406-2,263503133043,부산광역시 해운대구 해운대해변로,140,,2635010500114060002006106,홈플러스,부산광역시 해운대구 해운대해변로 140,612020,48092,,,,129.146486355558,35.1583968463107,홈플러스
MA010120220806574001,신세계푸드블랑제리사상점,,I2,음식,I207,구내식당·뷔페,I20701,구내식당,I56191,제과점업,26,부산광역시,26530,사상구,26530620,괘법동,2653010400,괘법동,2653010400105310002,1,대지,531,2,부산광역시 사상구 괘법동 531-2,265303139003,부산광역시 사상구 광장로,17,,2653010400105310002005013,이마트,부산광역시 사상구 광장로 17,617808,46970,,,,128.978893016647,35.1642343045877,이마트
MA010120220809719926,채연시원텔금곡점,,G2,소매,G208,가전·통신 소매,G20802,핸드폰 소매업,G47312,통신기기 소매업,26,부산광역시,26320,북구,26320530,금곡동,2632010100,금곡동,2632010100100570009,1,대지,57,9,부산광역시 북구 금곡동 57-9,263203132022,부산광역시 북구 효열로,222,,2632010100100570009014873,홈플러스익스프레스,부산광역시 북구 효열로 222,616811,46512,,1,,129.019675783117,35.263635097925,홈플러스
MA010120220813966128,이마트휠라인티모,해운대점,G2,소매,G209,섬유·의복·신발 소매,G20905,기타 의류 소매업,G47413,속옷 및 잠옷 소매업,26,부산광역시,26350,해운대구,26350530,중1동,2635010600,중동,2635010600117670000,1,대지,1767,,부산광역시 해운대구 중동 1767,263503133039,부산광역시 해운대구 좌동순환로,511,,2635010600117670000019106,해운대이마트,부산광역시 해운대구 좌동순환로 511,612851,48096,,1,,129.167372481097,35.1660179546642,이마트
MA010120220811591193,월드크리닝,,S2,수리·개인,S209,세탁,S20901,세탁소,S96912,가정용 세탁업,26,부산광역시,26710,기장군,26710256,정관읍,2671025622,정관읍,2671025622107120001,1,대지,712,1,부산광역시 기장군 정관읍 매학리 712-1,267103140043,부산광역시 기장군 정관읍 정관5로,50,,2671032022107120001000001,홈플러스부산정관점,부산광역시 기장군 정관읍 정관5로 50,619963,46015,,,,129.176383817166,35.3230491085662,홈플러스
MA010120220804151502,이마트,연제점,G2,소매,G215,의약·화장품 소매,G21503,화장품 소매업,G47813,화장품; 비누 및 방향제 소매업,26,부산광역시,26470,연제구,26470660,연산2동,2647010200,연산동,2647010200108220007,1,대지,822,7,부산광역시 연제구 연산동 822-7,264703129044,부산광역시 연제구 연수로,89,,2647010200108220007015826,,부산광역시 연제구 연수로 89,611840,47604,,,,129.081309508809,35.1761518847322,이마트
MA010120220805284502,엘칸토홈플러스,아시아드점,G2,소매,G209,섬유·의복·신발 소매,G20910,신발 소매업,G47430,신발 소매업,26,부산광역시,26470,연제구,26470620,거제2동,2647010100,거제동,2647010100112080000,1,대지,1208,,부산광역시 연제구 거제동 1208,264703130033,부산광역시 연제구 종합운동장로,7,,2647010100111980000009422,홈플러스아시아드점,부산광역시 연제구 종합운동장로 7,611807,47500,,B2,,129.062012486264,35.1912700712054,홈플러스
MA010120220806703212,배스킨라빈스사상,이마트점,I2,음식,I210,기타 간이,I21008,아이스크림/빙수,I56194,김밥 및 기타 간이 음식점업,26,부산광역시,26530,사상구,26530620,괘법동,2653010400,괘법동,2653010400105310002,1,대지,531,2,부산광역시 사상구 괘법동 531-2,265303139003,부산광역시 사상구 광장로,17,,2653010400105310002005013,,부산광역시 사상구 광장로 17,617808,46970,,2,,128.978893016647,35.1642343045877,이마트
MA010120220810790228,케이워치골드,,G2,소매,G217,시계·귀금속 소매,G21701,시계/귀금속 소매업,G47830,시계 및 귀금속 소매업,26,부산광역시,26470,연제구,26470650,연산1동,2647010200,연산동,2647010200101050001,1,대지,105,1,부산광역시 연제구 연산동 105-1,264703130026,부산광역시 연제구 반송로,88,,2647010200101050001000001,홈플러스부산연산점,부산광역시 연제구 반송로 88,611811,47552,,2,,129.089338601254,35.1909637286266,홈플러스
MA010120220801141935,로반스윗,,I2,음식,I210,기타 간이,I21008,아이스크림/빙수,G47216,빵류; 과자류 및 당류 소매업,26,부산광역시,26260,동래구,26260545,명륜동,2626010700,명륜동,2626010700105060003,1,대지,506,3,부산광역시 동래구 명륜동 506-3,262602006006,부산광역시 동래구 충렬대로,197,,2626010700105060003000040,메가마트,부산광역시 동래구 충렬대로 197,607804,47737,,1,,129.081133844024,35.2045502617048,메가마트
MA010120220813491074,크린토피아메가마트,기장점,S2,수리·개인,S209,세탁,S20901,세탁소,S96912,가정용 세탁업,26,부산광역시,26710,기장군,26710259,일광읍,2671025921,일광읍,2671025921105470006,1,대지,547,6,부산광역시 기장군 일광읍 삼성리 547-6,267102006018,부산광역시 기장군 일광읍 기장대로,673,,2671031021105470006000001,메가마트,부산광역시 기장군 일광읍 기장대로 673,619912,46048,,2,,129.221858893907,35.25469218614,메가마트
MA010120220800994307,이니스프리이마트사상점,,G2,소매,G215,의약·화장품 소매,G21503,화장품 소매업,G47813,화장품; 비누 및 방향제 소매업,26,부산광역시,26530,사상구,26530620,괘법동,2653010400,괘법동,2653010400105310002,1,대지,531,2,부산광역시 사상구 괘법동 531-2,265303139003,부산광역시 사상구 광장로,17,,2653010400105310002005013,이마트,부산광역시 사상구 광장로 17,617808,46970,,1,,128.978893016647,35.1642343045877,이마트
MA010120220813987884,지지글로벌,,G2,소매,G209,섬유·의복·신발 소매,G20910,신발 소매업,G47430,신발 소매업,26,부산광역시,26350,해운대구,26350530,중1동,2635010600,중동,2635010600117670000,1,대지,1767,,부산광역시 해운대구 중동 1767,263503133039,부산광역시 해운대구 좌동순환로,511,,2635010600117670000019106,이마트,부산광역시 해운대구 좌동순환로 511,612851,48096,,2,,129.167372481097,35.1660179546642,이마트
MA010120220805536359,코오롱글로벌스포렉스부산,아시아드점,R1,예술·스포츠,R103,스포츠 서비스,R10307,헬스장,R91132,체력 단련시설 운영업,26,부산광역시,26470,연제구,26470620,거제2동,2647010100,거제동,2647010100112080000,1,대지,1208,,부산광역시 연제구 거제동 1208,264703130033,부산광역시 연제구 종합운동장로,7,,2647010100111980000009422,홈플러스아시아드점,부산광역시 연제구 종합운동장로 7,611807,47500,,B2,,129.062012486264,35.1912700712054,홈플러스
MA010120220806709423,정담약국,,G2,소매,G215,의약·화장품 소매,G21501,약국,G47811,의약품 및 의료용품 소매업,26,부산광역시,26350,해운대구,26350570,반여1동,2635010300,반여동,2635010300114060001,1,대지,1406,1,부산광역시 해운대구 반여동 1406-1,263504199082,부산광역시 해운대구 선수촌로21번길,37,,2635010300114060001000001,홈플러스부산반여점,부산광역시 해운대구 선수촌로21번길 37,612815,48043,,1,,129.115698499529,35.19658863746,홈플러스
MA010120220810730890,프로월드컵,,G2,소매,G213,오락용품 소매,G21304,운동용품 소매업,G47631,운동 및 경기용품 소매업,26,부산광역시,26320,북구,26320530,금곡동,2632010100,금곡동,2632010100118740003,1,대지,1874,3,부산광역시 북구 금곡동 1874-3,263202132001,부산광역시 북구 금곡대로,469,,2632010100118740003013110,하나로클럽,부산광역시 북구 금곡대로 469,616739,46519,,2,,129.011219697036,35.2500243285982,농협 하나로마트
MA010120220807013011,그리니,감만점,G2,소매,G208,가전·통신 소매,G20803,가전제품 소매업,G47320,가전제품 소매업,26,부산광역시,26290,남구,26290630,감만2동,2629011100,감만동,2629011100100080000,1,대지,8,,부산광역시 남구 감만동 8,262903131026,부산광역시 남구 우암로,124,,2629011100100080000026913,홈플러스감만동판매시설,부산광역시 남구 우암로 124,608800,48542,,1,,129.082211284417,35.1215441675641,홈플러스
MA010120220810534513,크린토피아사하점,롯데마트,S2,수리·개인,S209,세탁,S20901,세탁소,S96912,가정용 세탁업,26,부산광역시,26380,사하구,26380580,장림1동,2638010500,장림동,2638010500110330002,1,대지,1033,2,부산광역시 사하구 장림동 1033-2,263802006011,부산광역시 사하구 을숙도대로,610,,2638010500110330002004243,,부산광역시 사하구 을숙도대로 610,604843,49472,,3,,128.972312100943,35.0847852323566,롯데마트
MA010120220810168966,홈플러스르피타,아시아드점,G2,소매,G209,섬유·의복·신발 소매,G20902,여성 의류 소매업,G47412,여자용 겉옷 소매업,26,부산광역시,26470,연제구,26470620,거제2동,2647010100,거제동,2647010100114270006,1,대지,1427,6,부산광역시 연제구 거제동 1427-6,264703130033,부산광역시 연제구 종합운동장로,7,,2647010100111980000009422,,부산광역시 연제구 종합운동장로 7,611072,47500,,1,,129.062012486264,35.1912700712054,홈플러스
MA010120220804132391,에이션패션홈플러스,아시아드점,G2,소매,G209,섬유·의복·신발 소매,G20905,기타 의류 소매업,G47419,기타 의복 소매업,26,부산광역시,26470,연제구,26470620,거제2동,2647010100,거제동,2647010100112080000,1,대지,1208,,부산광역시 연제구 거제동 1208,264703130033,부산광역시 연제구 종합운동장로,7,,2647010100111980000009422,홈플러스아시아드점,부산광역시 연제구 종합운동장로 7,611807,47500,,1,,129.062012486264,35.1912700712054,홈플러스
MA010120220810458823,트레몰로홈플러스,센텀시티점,G2,소매,G209,섬유·의복·신발 소매,G20901,남성 의류 소매업,G47411,남자용 겉옷 소매업,26,부산광역시,26350,해운대구,26350520,우2동,2635010500,우동,2635010500114990000,1,대지,1499,,부산광역시 해운대구 우동 1499,263503133018,부산광역시 해운대구 센텀동로,6,,2635010500114490000023277,홈플러스센텀시티점,부산광역시 해운대구 센텀동로 6,612022,48059,,,,129.133689814354,35.1709146307276,홈플러스
MA010120220800292517,뉴욕버거,부산금정점,I2,음식,I210,기타 간이,I21004,버거,I56192,피자; 햄버거; 샌드위치 및 유사 음식점업,26,부산광역시,26410,금정구,26410680,구서1동,2641010700,구서동,2641010700103680000,1,대지,368,,부산광역시 금정구 구서동 368,264104205400,부산광역시 금정구 중앙대로1841번길,24,,2641010700103680000007216,이마트,부산광역시 금정구 중앙대로1841번길 24,609847,46233,,2,,129.090598612225,35.2499401418204,이마트
MA010120220805469563,공차홈플러스,아시아드점,I2,음식,I212,비알코올 ,I21201,카페,I56229,기타 비알코올 음료점업,26,부산광역시,26470,연제구,26470620,거제2동,2647010100,거제동,2647010100112080000,1,대지,1208,,부산광역시 연제구 거제동 1208,264703130033,부산광역시 연제구 종합운동장로,7,,2647010100111980000009422,홈플러스아시아드점,부산광역시 연제구 종합운동장로 7,611807,47500,,,,129.062012486264,35.1912700712054,홈플러스
MA010120220805227515,컴포즈,이마트점,I2,음식,I212,비알코올 ,I21201,카페,I56221,커피 전문점,26,부산광역시,26470,연제구,26470660,연산2동,2647010200,연산동,2647010200108440001,1,대지,844,1,부산광역시 연제구 연산동 844-1,264703129044,부산광역시 연제구 연수로,100,,2647010200108440001003122,,부산광역시 연제구 연수로 100,611840,47607,,1,,129.081612210698,35.1751103519025,이마트
MA010120220802831955,메가마트,동래점,G2,소매,G215,의약·화장품 소매,G21503,화장품 소매업,G47813,화장품; 비누 및 방향제 소매업,26,부산광역시,26260,동래구,26260545,명륜동,2626010700,명륜동,2626010700105060003,1,대지,506,3,부산광역시 동래구 명륜동 506-3,262602006006,부산광역시 동래구 충렬대로,197,,2626010700105060003000040,,부산광역시 동래구 충렬대로 197,607804,47737,,1,,129.081133844024,35.2045502617048,메가마트
MA010120220807786659,에리카헤어사하,,S2,수리·개인,S207,이용·미용,S20701,미용실,S96112,두발 미용업,26,부산광역시,26380,사하구,26380580,장림1동,2638010500,장림동,2638010500110330002,1,대지,1033,2,부산광역시 사하구 장림동 1033-2,263802006011,부산광역시 사하구 을숙도대로,610,,2638010500110330002004243,롯데마트,부산광역시 사하구 을숙도대로 610,604843,49472,,3,,128.972312100943,35.0847852323566,롯데마트
MA010120220814015800,와이드앵글,남천점,G2,소매,G209,섬유·의복·신발 소매,G20905,기타 의류 소매업,G47419,기타 의복 소매업,26,부산광역시,26500,수영구,26500660,남천1동,2650010500,남천동,2650010500105450002,1,대지,545,2,부산광역시 수영구 남천동 545-2,265002006014,부산광역시 수영구 황령대로,521,,2650010500105450002017618,메가마트,부산광역시 수영구 황령대로 521,613819,48313,,2,,129.110991329674,35.1372579331725,메가마트
MA010120220804932719,채연시원텔토곡점,,G2,소매,G208,가전·통신 소매,G20802,핸드폰 소매업,G47312,통신기기 소매업,26,부산광역시,26470,연제구,26470730,연산9동,2647010200,연산동,2647010200103990010,1,대지,399,10,부산광역시 연제구 연산동 399-10,264703006054,부산광역시 연제구 과정로,226,,2647010200103990010000046,홈플러스익스프레스,부산광역시 연제구 과정로 226,611817,47565,,1,,129.102495011212,35.1881946971832,홈플러스
MA010120220802486678,신세계푸드블랑제리,해운대점,I2,음식,I207,구내식당·뷔페,I20701,구내식당,I56191,제과점업,26,부산광역시,26350,해운대구,26350530,중1동,2635010600,중동,2635010600117670000,1,대지,1767,,부산광역시 해운대구 중동 1767,263503133039,부산광역시 해운대구 좌동순환로,511,,2635010600117670000019106,이마트,부산광역시 해운대구 좌동순환로 511,612851,48096,,1,,129.167372481097,35.1660179546642,이마트
MA010120220810204037,주경식품,,I2,음식,I210,기타 간이,I21007,김밥/만두/분식,I56194,김밥 및 기타 간이 음식점업,26,부산광역시,26500,수영구,26500660,남천1동,2650010500,남천동,2650010500105450002,1,대지,545,2,부산광역시 수영구 남천동 545-2,265002006014,부산광역시 수영구 황령대로,521,,2650010500105450002017618,메가마트,부산광역시 수영구 황령대로 521,613819,48313,,3,,129.110991329674,35.1372579331725,메가마트
MA010120220812735934,농협한삼인,,G2,소매,G205,식료품 소매,G20508,건강보조식품 소매업,G47217,건강 보조식품 소매업,26,부산광역시,26230,부산진구,26230720,가야2동,2623011000,가야동,2623011000106240007,1,대지,624,7,부산광역시 부산진구 가야동 624-7,262302006015,부산광역시 부산진구 가야대로,506,,,홈플러스가야점,부산광역시 부산진구 가야대로 506,614801,47324,,2,,129.027315703707,35.1525111823615,홈플러스
MA010120220803025544,신세계푸드트레이더스베이커리,연산점,I2,음식,I210,기타 간이,I21001,빵/도넛,I56191,제과점업,26,부산광역시,26470,연제구,26470730,연산9동,2647010200,연산동,2647010200123740000,1,대지,2374,,부산광역시 연제구 연산동 2374,264703137034,부산광역시 연제구 좌수영로,241,,,이마트,부산광역시 연제구 좌수영로 241,611089,47569,,1,,129.112138595138,35.1854495416045,이마트 트레이더스
MA010120220814137868,메가마트삼성전기부산한울림프라자매점,,G2,소매,G204,종합 소매,G20404,슈퍼마켓,G47129,기타 음ㆍ식료품 위주 종합 소매업,26,부산광역시,26440,강서구,26440560,녹산동,2644010900,송정동,2644010900116230002,1,대지,1623,2,부산광역시 강서구 송정동 1623-2,264403136033,부산광역시 강서구 녹산산업중로,333,,2644010900116230002003805,한울림프라자,부산광역시 강서구 녹산산업중로 333,618721,46754,,1,,128.857747573918,35.0961028498881,메가마트
MA010120220810783123,리트머스홈플러스부산,아시아드점,G2,소매,G209,섬유·의복·신발 소매,G20905,기타 의류 소매업,G47414,셔츠 및 블라우스 소매업,26,부산광역시,26470,연제구,26470620,거제2동,2647010100,거제동,2647010100112080000,1,대지,1208,,부산광역시 연제구 거제동 1208,264703130033,부산광역시 연제구 종합운동장로,7,,2647010100111980000009422,홈플러스아시아드내,부산광역시 연제구 종합운동장로 7,611807,47500,,,,129.062012486264,35.1912700712054,홈플러스
MA010120220811408601,쌤소ATSIS광복,롯데마트,G2,소매,G209,섬유·의복·신발 소매,G20911,가방 소매업,G47440,가방 및 기타 가죽제품 소매업,26,부산광역시,26110,중구,26110510,중앙동,2611011000,중앙동7가,2611011000100010001,1,대지,1,1,부산광역시 중구 중앙동7가 1-1,261102000010,부산광역시 중구 중앙대로,2,,2611011000100200001000001,롯데마트,부산광역시 중구 중앙대로 2,600017,48944,,1,,129.036707345866,35.0983104003377,롯데마트
MA010120220808624247,이노센트가구,,G2,소매,G211,가구 소매,G21101,가구 소매업,G47520,가구 소매업,26,부산광역시,26350,해운대구,26350520,우2동,2635010500,우동,2635010500114990000,1,대지,1499,,부산광역시 해운대구 우동 1499,263503133018,부산광역시 해운대구 센텀동로,6,,2635010500114490000023277,홈플러스센텀시티점,부산광역시 해운대구 센텀동로 6,612022,48059,,3,,129.133689814354,35.1709146307276,홈플러스
MA010120220813600960,월드크리닝,,S2,수리·개인,S209,세탁,S20901,세탁소,S96912,가정용 세탁업,26,부산광역시,26350,해운대구,26350520,우2동,2635010500,우동,2635010500114990000,1,대지,1499,,부산광역시 해운대구 우동 1499,263503133018,부산광역시 해운대구 센텀동로,6,,2635010500114490000023277,홈플러스센템시티점,부산광역시 해운대구 센텀동로 6,612022,48059,,4,,129.133689814354,35.1709146307276,홈플러스
MA010120220810750602,메가마트주,덕천점,G2,소매,G204,종합 소매,G20404,슈퍼마켓,G47121,슈퍼마켓,26,부산광역시,26320,북구,26320550,덕천1동,2632010400,덕천동,2632010400103700000,1,대지,370,,부산광역시 북구 덕천동 370,263203132004,부산광역시 북구 기찰로,164,,2632010400103700000008663,,부산광역시 북구 기찰로 164,616814,46554,,,,129.022907334758,35.2141615551317,메가마트
MA010120220810822861,네일죤,,S2,수리·개인,S207,이용·미용,S20703,네일숍,S96119,기타 미용업,26,부산광역시,26470,연제구,26470620,거제2동,2647010100,거제동,2647010100112080000,1,대지,1208,,부산광역시 연제구 거제동 1208,264703130033,부산광역시 연제구 종합운동장로,7,,2647010100111980000009422,홈플러스아시아드점,부산광역시 연제구 종합운동장로 7,611807,47500,,2,,129.062012486264,35.1912700712054,홈플러스
MA010120220810750589,네일죤,,S2,수리·개인,S207,이용·미용,S20703,네일숍,S96119,기타 미용업,26,부산광역시,26530,사상구,26530620,괘법동,2653010400,괘법동,2653010400105310002,1,대지,531,2,부산광역시 사상구 괘법동 531-2,265303139003,부산광역시 사상구 광장로,17,,2653010400105310002005013,이마트,부산광역시 사상구 광장로 17,617808,46970,,1,,128.978893016647,35.1642343045877,이마트
MA010120220808499059,홍대쌀국수,,I2,음식,I205,동남아시아,I20501,베트남식 전문,I56129,기타 외국식 음식점업,26,부산광역시,26470,연제구,26470730,연산9동,2647010200,연산동,2647010200123740000,1,대지,2374,,부산광역시 연제구 연산동 2374,264703137034,부산광역시 연제구 좌수영로,241,,2647010200101370005000001,트레이더스연산점,부산광역시 연제구 좌수영로 241,611089,47569,,,,129.11195372269,35.1850923075147,이마트 트레이더스
MA010120220805682326,휠라,코리아,G2,소매,G209,섬유·의복·신발 소매,G20905,기타 의류 소매업,G47419,기타 의복 소매업,26,부산광역시,26470,연제구,26470620,거제2동,2647010100,거제동,2647010100112080000,1,대지,1208,,부산광역시 연제구 거제동 1208,264703130033,부산광역시 연제구 종합운동장로,7,,2647010100111980000009422,홈플러스아시아드점,부산광역시 연제구 종합운동장로 7,611807,47500,,2,,129.062012486264,35.1912700712054,홈플러스
MA010120220810978819,투어일번지,,N1,시설관리·임대,N105,여행사·보조,N10501,여행사,N75210,여행사업,26,부산광역시,26470,연제구,26470650,연산1동,2647010200,연산동,2647010200101050001,1,대지,105,1,부산광역시 연제구 연산동 105-1,264703130026,부산광역시 연제구 반송로,88,,2647010200101050001000001,홈플러스부산연산점,부산광역시 연제구 반송로 88,611811,47552,,,,129.089338601254,35.1909637286266,홈플러스
MA010120220811447665,던킨도너츠센텀시티홈플러스,,I2,음식,I210,기타 간이,I21001,빵/도넛,I56191,제과점업,26,부산광역시,26350,해운대구,26350520,우2동,2635010500,우동,2635010500114990000,1,대지,1499,,부산광역시 해운대구 우동 1499,263503133018,부산광역시 해운대구 센텀동로,6,,2635010500114490000023277,홈플러스센텀시티점,부산광역시 해운대구 센텀동로 6,612022,48059,,1,,129.133689814354,35.1709146307276,홈플러스
MA010120220811833065,이니스프리,,G2,소매,G215,의약·화장품 소매,G21503,화장품 소매업,G47813,화장품; 비누 및 방향제 소매업,26,부산광역시,26500,수영구,26500660,남천1동,2650010500,남천동,2650010500105450002,1,대지,545,2,부산광역시 수영구 남천동 545-2,265002006014,부산광역시 수영구 황령대로,521,,2650010500105450002017618,메가마트,부산광역시 수영구 황령대로 521,613819,48313,,1,,129.110991329674,35.1372579331725,메가마트
MA010120220803360924,연제이마트그린조이,,G2,소매,G209,섬유·의복·신발 소매,G20905,기타 의류 소매업,G47414,셔츠 및 블라우스 소매업,26,부산광역시,26470,연제구,26470660,연산2동,2647010200,연산동,2647010200108220007,1,대지,822,7,부산광역시 연제구 연산동 822-7,264703129044,부산광역시 연제구 연수로,89,,2647010200108220007015826,이마트,부산광역시 연제구 연수로 89,611840,47604,,2,,129.081309508809,35.1761518847322,이마트
MA010120220812147065,에스콰이아,,G2,소매,G209,섬유·의복·신발 소매,G20910,신발 소매업,G47430,신발 소매업,26,부산광역시,26470,연제구,26470620,거제2동,2647010100,거제동,2647010100112080000,1,대지,1208,,부산광역시 연제구 거제동 1208,264703130033,부산광역시 연제구 종합운동장로,7,,2647010100111980000009422,홈플러스아시아드,부산광역시 연제구 종합운동장로 7,611807,47500,,2,,129.062012486264,35.1912700712054,홈플러스
MA010120220803553045,홈플러스레드페이스,부산가야점,G2,소매,G209,섬유·의복·신발 소매,G20905,기타 의류 소매업,G47419,기타 의복 소매업,26,부산광역시,26230,부산진구,26230720,가야2동,2623011000,가야동,2623011000106240007,1,대지,624,7,부산광역시 부산진구 가야동 624-7,262302006015,부산광역시 부산진구 가야대로,506,,,가야홈플러스,부산광역시 부산진구 가야대로 506,614801,47324,,3,,129.027315703707,35.1525111823615,홈플러스
MA010120220810935041,크린매직,,S2,수리·개인,S203,자동차 수리·세차,S20302,자동차 세차장,S95213,자동차 세차업,26,부산광역시,26710,기장군,26710256,정관읍,2671025622,정관읍,2671025622107120001,1,대지,712,1,부산광역시 기장군 정관읍 매학리 712-1,267103140043,부산광역시 기장군 정관읍 정관5로,50,,2671032022107120001000001,홈플러스내,부산광역시 기장군 정관읍 정관5로 50,619963,46015,,,,129.176383817166,35.3230491085662,홈플러스
MA010120220809203308,ING안경원,,G2,소매,G216,안경·정밀기기 소매,G21602,안경렌즈 소매업,G47822,안경 및 렌즈 소매업,26,부산광역시,26500,수영구,26500760,광안1동,2650010400,광안동,2650010400104910001,1,대지,491,1,부산광역시 수영구 광안동 491-1,265003131037,부산광역시 수영구 수영로,625,,2650010400104910001017985,홈플러스,부산광역시 수영구 수영로 625,613807,48253,,1,,129.113519894991,35.1616440938727,홈플러스
MA010120220810471987,불스원워시앤케어홈플러스,센텀점,S2,수리·개인,S203,자동차 수리·세차,S20302,자동차 세차장,S95213,자동차 세차업,26,부산광역시,26350,해운대구,26350520,우2동,2635010500,우동,2635010500114990000,1,대지,1499,,부산광역시 해운대구 우동 1499,263503133018,부산광역시 해운대구 센텀동로,6,,2635010500114490000023277,홈플러스센텀시티점,부산광역시 해운대구 센텀동로 6,612022,48059,,,,129.133689814354,35.1709146307276,홈플러스
MA010120220810789382,동래JH,롯데마트,G2,소매,G215,의약·화장품 소매,G21503,화장품 소매업,G47813,화장품; 비누 및 방향제 소매업,26,부산광역시,26260,동래구,26260560,온천2동,2626010800,온천동,2626010800105020003,1,대지,502,3,부산광역시 동래구 온천동 502-3,262602000010,부산광역시 동래구 중앙대로,1393,,2626010800105020003000477,롯데마트,부산광역시 동래구 중앙대로 1393,607716,47727,,,,129.07747341266,35.2117052140663,롯데마트
MA010120220810562252,제이제이커터링롯데사하점주,,I2,음식,I207,구내식당·뷔페,I20701,구내식당,I56130,기관 구내식당업,26,부산광역시,26380,사하구,26380580,장림1동,2638010500,장림동,2638010500110330002,1,대지,1033,2,부산광역시 사하구 장림동 1033-2,263802006011,부산광역시 사하구 을숙도대로,610,,2638010500110330002004243,롯데마트,부산광역시 사하구 을숙도대로 610,604843,49472,,1,,128.972312100943,35.0847852323566,롯데마트
MA010120220808661304,스피드메이트이마트,해운대점,S2,수리·개인,S203,자동차 수리·세차,S20301,자동차 정비소,S95212,자동차 전문 수리업,26,부산광역시,26350,해운대구,26350530,중1동,2635010600,중동,2635010600117670000,1,대지,1767,,부산광역시 해운대구 중동 1767,263503133039,부산광역시 해운대구 좌동순환로,511,,2635010600117670000019106,이마트,부산광역시 해운대구 좌동순환로 511,612851,48096,,5,,129.167372481097,35.1660179546642,이마트
MA010120220810745734,스마트관광,,N1,시설관리·임대,N105,여행사·보조,N10501,여행사,N75210,여행사업,26,부산광역시,26230,부산진구,26230640,부암1동,2623010800,부암동,2623010800100930000,1,대지,93,,부산광역시 부산진구 부암동 93,262303129030,부산광역시 부산진구 시민공원로,31,,2623010800101000001027533,이마트,부산광역시 부산진구 시민공원로 31,614836,47192,,1,,129.052553036284,35.1639003630112,이마트
MA010120220810110067,크린토피아사상점,롯데마트,S2,수리·개인,S209,세탁,S20901,세탁소,S96912,가정용 세탁업,26,부산광역시,26530,사상구,26530680,엄궁동,2653010800,엄궁동,2653010800106900000,1,대지,690,,부산광역시 사상구 엄궁동 690,265302006002,부산광역시 사상구 낙동대로,733,,2653010800103570005008020,롯데마트,부산광역시 사상구 낙동대로 733,617830,47032,,5,,128.968364011655,35.1275926627189,롯데마트
MA010120220807082806,포쉬네일,,S2,수리·개인,S207,이용·미용,S20703,네일숍,S96119,기타 미용업,26,부산광역시,26380,사하구,26380590,장림2동,2638010500,장림동,2638010500101850000,1,대지,185,,부산광역시 사하구 장림동 185,263803134007,부산광역시 사하구 다대로,225,,2638010500101770004026905,홈플러스장림점,부산광역시 사하구 다대로 225,604042,49458,,3,,128.978252337242,35.0824354675071,홈플러스
MA010120220807158226,서부산홈플러스아모레화장품,,G2,소매,G215,의약·화장품 소매,G21503,화장품 소매업,G47813,화장품; 비누 및 방향제 소매업,26,부산광역시,26530,사상구,26530620,괘법동,2653010400,괘법동,2653010400105290001,1,대지,529,1,부산광역시 사상구 괘법동 529-1,265303139003,부산광역시 사상구 광장로,7,,2653010400105290001008082,홈플러스,부산광역시 사상구 광장로 7,617725,46970,,1,,128.977721218153,35.1643345532276,홈플러스
MA010120220810032887,스피드메이트이마트,서면점,S2,수리·개인,S203,자동차 수리·세차,S20301,자동차 정비소,S95212,자동차 전문 수리업,26,부산광역시,26230,부산진구,26230640,부암1동,2623010800,부암동,2623010800100930000,1,대지,93,,부산광역시 부산진구 부암동 93,262303129030,부산광역시 부산진구 시민공원로,31,,2623010800101000001027533,이마트,부산광역시 부산진구 시민공원로 31,614836,47192,,,,129.052553036284,35.1639003630112,이마트
MA010120220810613496,골드스타,,G2,소매,G217,시계·귀금속 소매,G21701,시계/귀금속 소매업,G47830,시계 및 귀금속 소매업,26,부산광역시,26530,사상구,26530591,모라1동,2653010200,모라동,2653010200104250002,1,대지,425,2,부산광역시 사상구 모라동 425-2,265303139010,부산광역시 사상구 모라로,116,,2653010200104250002012146,홈플러스,부산광역시 사상구 모라로 116,617820,46932,,1,,128.992260604986,35.1858685634647,홈플러스
MA010120220812635681,슈마커연산,,G2,소매,G209,섬유·의복·신발 소매,G20910,신발 소매업,G47430,신발 소매업,26,부산광역시,26470,연제구,26470650,연산1동,2647010200,연산동,2647010200101050001,1,대지,105,1,부산광역시 연제구 연산동 105-1,264703130026,부산광역시 연제구 반송로,88,,2647010200101050001000001,홈플러스부산연산점,부산광역시 연제구 반송로 88,611811,47552,,1,,129.089338601254,35.1909637286266,홈플러스
MA010120220813683053,스팀파워,,S2,수리·개인,S203,자동차 수리·세차,S20302,자동차 세차장,S95213,자동차 세차업,26,부산광역시,26530,사상구,26530680,엄궁동,2653010800,엄궁동,2653010800106900000,1,대지,690,,부산광역시 사상구 엄궁동 690,265302006002,부산광역시 사상구 낙동대로,733,,,롯데마트,부산광역시 사상구 낙동대로 733,617830,47032,,4,,128.96846526974,35.1286093546013,롯데마트
MA010120220810741346,오토오아시스홈플러스,영도점,S2,수리·개인,S203,자동차 수리·세차,S20301,자동차 정비소,S95212,자동차 전문 수리업,26,부산광역시,26200,영도구,26200590,봉래1동,2620011600,봉래동2가,2620011600101510001,1,대지,151,1,부산광역시 영도구 봉래동2가 151-1,262004184050,부산광역시 영도구 대교로14번길,57,,2620011600101510001022365,홈플러스,부산광역시 영도구 대교로14번길 57,606062,49004,,2,,129.044235083049,35.0959036943445,홈플러스
MA010120220812169380,GR정관-H,,G2,소매,G209,섬유·의복·신발 소매,G20901,남성 의류 소매업,G47411,남자용 겉옷 소매업,26,부산광역시,26710,기장군,26710256,정관읍,2671025622,정관읍,2671025622107120001,1,대지,712,1,부산광역시 기장군 정관읍 매학리 712-1,267103140043,부산광역시 기장군 정관읍 정관5로,50,,2671032022107120001000001,홈플러스,부산광역시 기장군 정관읍 정관5로 50,619963,46015,,,,129.176383817166,35.3230491085662,홈플러스
MA010120220806239947,화명새봄약국,,G2,소매,G215,의약·화장품 소매,G21501,약국,G47811,의약품 및 의료용품 소매업,26,부산광역시,26320,북구,26320543,화명3동,2632010200,화명동,2632010200122730000,1,대지,2273,,부산광역시 북구 화명동 2273,263202132002,부산광역시 북구 화명대로,47,,2632010200122730000003931,롯데마트,부산광역시 북구 화명대로 47,616744,46525,,1,,129.013016593832,35.235170359171,롯데마트
MA010120220808493994,브레드파파,,I2,음식,I210,기타 간이,I21001,빵/도넛,I56191,제과점업,26,부산광역시,26320,북구,26320543,화명3동,2632010200,화명동,2632010200122730000,1,대지,2273,,부산광역시 북구 화명동 2273,263202132002,부산광역시 북구 화명대로,47,,2632010200122730000003931,롯데마트,부산광역시 북구 화명대로 47,616744,46525,,1,,129.013016593832,35.235170359171,롯데마트
MA010120220812017401,메가마취통증의학과의원,,Q1,보건의료,Q102,의원,Q10209,기타 의원,Q86201,일반의원,26,부산광역시,26260,동래구,26260545,명륜동,2626010700,명륜동,2626010700105060003,1,대지,506,3,부산광역시 동래구 명륜동 506-3,262602006006,부산광역시 동래구 충렬대로,197,,2626010700105060003000040,메가마트,부산광역시 동래구 충렬대로 197,607804,47737,,2,,129.081133844024,35.2045502617048,메가마트
MA010120220810693943,이팜약국,,G2,소매,G215,의약·화장품 소매,G21501,약국,G47811,의약품 및 의료용품 소매업,26,부산광역시,26530,사상구,26530620,괘법동,2653010400,괘법동,2653010400105310002,1,대지,531,2,부산광역시 사상구 괘법동 531-2,265303139003,부산광역시 사상구 광장로,17,,2653010400105310002005013,이마트,부산광역시 사상구 광장로 17,617808,46970,,2,,128.978893016647,35.1642343045877,이마트
MA010120220810618304,비젼센타,,G2,소매,G216,안경·정밀기기 소매,G21602,안경렌즈 소매업,G47822,안경 및 렌즈 소매업,26,부산광역시,26230,부산진구,26230640,부암1동,2623010800,부암동,2623010800100930000,1,대지,93,,부산광역시 부산진구 부암동 93,262303129030,부산광역시 부산진구 시민공원로,31,,2623010800101000001027533,이마트,부산광역시 부산진구 시민공원로 31,614836,47192,,1,,129.052553036284,35.1639003630112,이마트
MA010120220803091293,이마트금정아모레,,G2,소매,G215,의약·화장품 소매,G21503,화장품 소매업,G47813,화장품; 비누 및 방향제 소매업,26,부산광역시,26410,금정구,26410680,구서1동,2641010700,구서동,2641010700103680000,1,대지,368,,부산광역시 금정구 구서동 368,264104205400,부산광역시 금정구 중앙대로1841번길,24,,2641010700103680000007216,,부산광역시 금정구 중앙대로1841번길 24,609847,46233,,,,129.090598612225,35.2499401418204,이마트
MA010120220812747541,두끼센텀시티,홈플러스점,I2,음식,I210,기타 간이,I21007,김밥/만두/분식,I56194,김밥 및 기타 간이 음식점업,26,부산광역시,26350,해운대구,26350520,우2동,2635010500,우동,2635010500114990000,1,대지,1499,,부산광역시 해운대구 우동 1499,263503133018,부산광역시 해운대구 센텀동로,6,,2635010500114490000023277,홈플러스센텀시티점,부산광역시 해운대구 센텀동로 6,612022,48059,,2,,129.133689814354,35.1709146307276,홈플러스
MA010120220813575583,라라키즈어드벤처부산진,,R1,예술·스포츠,R104,유원지·오락,R10405,기타 오락장,R91229,기타 오락장 운영업,26,부산광역시,26230,부산진구,26230640,부암1동,2623010800,부암동,2623010800102570000,1,대지,257,,부산광역시 부산진구 부암동 257,262302129001,부산광역시 부산진구 신천대로,241,,,롯데마트,부산광역시 부산진구 신천대로 241,614837,47187,,4,,129.049467190832,35.1633758834023,롯데마트
MA010120220806433075,여행재미,,N1,시설관리·임대,N105,여행사·보조,N10501,여행사,N75210,여행사업,26,부산광역시,26230,부산진구,26230720,가야2동,2623011000,가야동,2623011000106240007,1,대지,624,7,부산광역시 부산진구 가야동 624-7,262302006015,부산광역시 부산진구 가야대로,506,,,홈플러스가야점,부산광역시 부산진구 가야대로 506,614801,47324,,2,,129.027315703707,35.1525111823615,홈플러스
MA010120220808459327,할리바버샵,,S2,수리·개인,S207,이용·미용,S20701,미용실,S96112,두발 미용업,26,부산광역시,26350,해운대구,26350525,우3동,2635010500,우동,2635010500114060002,1,대지,1406,2,부산광역시 해운대구 우동 1406-2,263503133043,부산광역시 해운대구 해운대해변로,140,,2635010500114060002006106,홈플러스해운대점,부산광역시 해운대구 해운대해변로 140,612020,48092,,1,,129.146486355558,35.1583968463107,홈플러스
MA010120220813844615,수스,아시아드점,G2,소매,G209,섬유·의복·신발 소매,G20902,여성 의류 소매업,G47412,여자용 겉옷 소매업,26,부산광역시,26470,연제구,26470620,거제2동,2647010100,거제동,2647010100112080000,1,대지,1208,,부산광역시 연제구 거제동 1208,264703130033,부산광역시 연제구 종합운동장로,7,,2647010100111980000009422,홈플러스아시아드점,부산광역시 연제구 종합운동장로 7,611807,47500,,1,,129.062012486264,35.1912700712054,홈플러스
MA010120220806997647,나림통신,,G2,소매,G208,가전·통신 소매,G20802,핸드폰 소매업,G47312,통신기기 소매업,26,부산광역시,26350,해운대구,26350520,우2동,2635010500,우동,2635010500114990000,1,대지,1499,,부산광역시 해운대구 우동 1499,263503133018,부산광역시 해운대구 센텀동로,6,,2635010500114490000023277,홈플러스센템시티점,부산광역시 해운대구 센텀동로 6,612022,48059,,1,,129.133689814354,35.1709146307276,홈플러스
MA010120220808161756,코오롱글로벌스포렉스,부산점,R1,예술·스포츠,R103,스포츠 서비스,R10307,헬스장,R91132,체력 단련시설 운영업,26,부산광역시,26470,연제구,26470620,거제2동,2647010100,거제동,2647010100112080000,1,대지,1208,,부산광역시 연제구 거제동 1208,264703130033,부산광역시 연제구 종합운동장로,7,,2647010100111980000009422,홈플러스아시아드점,부산광역시 연제구 종합운동장로 7,611807,47500,,1,,129.062012486264,35.1912700712054,홈플러스
MA010120220810518240,오토오아시스홈플러스,해운대점,S2,수리·개인,S203,자동차 수리·세차,S20301,자동차 정비소,S95212,자동차 전문 수리업,26,부산광역시,26350,해운대구,26350525,우3동,2635010500,우동,2635010500114060002,1,대지,1406,2,부산광역시 해운대구 우동 1406-2,263503133043,부산광역시 해운대구 해운대해변로,140,,2635010500114060002006106,홈플러스해운대점내,부산광역시 해운대구 해운대해변로 140,612020,48092,,,,129.146486355558,35.1583968463107,홈플러스
MA010120220812338664,이마트사상점아모레화장품,,G2,소매,G215,의약·화장품 소매,G21503,화장품 소매업,G47813,화장품; 비누 및 방향제 소매업,26,부산광역시,26530,사상구,26530620,괘법동,2653010400,괘법동,2653010400105310002,1,대지,531,2,부산광역시 사상구 괘법동 531-2,265303139003,부산광역시 사상구 광장로,17,,2653010400105310002005013,,부산광역시 사상구 광장로 17,617808,46970,,,,128.978893016647,35.1642343045877,이마트
MA010120220809638225,황금나무여행사,,N1,시설관리·임대,N105,여행사·보조,N10501,여행사,N75210,여행사업,26,부산광역시,26350,해운대구,26350570,반여1동,2635010300,반여동,2635010300114060001,1,대지,1406,1,부산광역시 해운대구 반여동 1406-1,263504199082,부산광역시 해운대구 선수촌로21번길,37,,2635010300114060001000001,홈플러스부산반여점,부산광역시 해운대구 선수촌로21번길 37,612815,48043,,1,,129.115698499529,35.19658863746,홈플러스
MA010120220808099740,마이고기앤하노이식당,,I2,음식,I201,한식,I20101,백반/한정식,I56129,기타 외국식 음식점업,26,부산광역시,26470,연제구,26470620,거제2동,2647010100,거제동,2647010100112080000,1,대지,1208,,부산광역시 연제구 거제동 1208,264703130033,부산광역시 연제구 종합운동장로,7,,2647010100111980000009422,홈플러스아시아드점,부산광역시 연제구 종합운동장로 7,611807,47500,,2,,129.062012486264,35.1912700712054,홈플러스
MA010120220810785923,베스킨라빈스,,I2,음식,I210,기타 간이,I21008,아이스크림/빙수,I56194,김밥 및 기타 간이 음식점업,26,부산광역시,26470,연제구,26470620,거제2동,2647010100,거제동,2647010100112080000,1,대지,1208,,부산광역시 연제구 거제동 1208,264703130033,부산광역시 연제구 종합운동장로,7,,2647010100111980000009422,홈플러스아시아드점,부산광역시 연제구 종합운동장로 7,611807,47500,,,,129.062012486264,35.1912700712054,홈플러스
MA010120220813657782,채연시원텔모라점,,G2,소매,G208,가전·통신 소매,G20802,핸드폰 소매업,G47312,통신기기 소매업,26,부산광역시,26530,사상구,26530591,모라1동,2653010200,모라동,2653010200104250002,1,대지,425,2,부산광역시 사상구 모라동 425-2,265303139010,부산광역시 사상구 모라로,116,,2653010200104250002012146,홈플러스익스프레스,부산광역시 사상구 모라로 116,617820,46932,,1,,128.992260604986,35.1858685634647,홈플러스
MA010120220811418803,알즈너부산환희,,G2,소매,G221,기타 상품 소매,G22199,그 외 기타 상품 전문 소매업,G47859,그 외 기타 분류 안된 상품 전문 소매업,26,부산광역시,26500,수영구,26500660,남천1동,2650010500,남천동,2650010500105450002,1,대지,545,2,부산광역시 수영구 남천동 545-2,265002006014,부산광역시 수영구 황령대로,521,,2650010500105450002017618,메가마트,부산광역시 수영구 황령대로 521,613819,48313,,,,129.110991329674,35.1372579331725,메가마트
MA010120220810464417,가마솥튀김,,I2,음식,I210,기타 간이,I21007,김밥/만두/분식,I56194,김밥 및 기타 간이 음식점업,26,부산광역시,26530,사상구,26530591,모라1동,2653010200,모라동,2653010200104250002,1,대지,425,2,부산광역시 사상구 모라동 425-2,265303139010,부산광역시 사상구 모라로,116,,2653010200104250002012146,홈플러스익스프러스모라점,부산광역시 사상구 모라로 116,617820,46932,,1,,128.992260604986,35.1858685634647,홈플러스
MA010120220805046433,키무카츠홈플러스,정관점,I2,음식,I203,일식,I20302,일식 카레/돈가스/덮밥,I56122,일식 음식점업,26,부산광역시,26710,기장군,26710256,정관읍,2671025622,정관읍,2671025622107120001,1,대지,712,1,부산광역시 기장군 정관읍 매학리 712-1,267103140043,부산광역시 기장군 정관읍 정관5로,50,,2671032022107120001000001,홈플러스,부산광역시 기장군 정관읍 정관5로 50,619963,46015,,1,,129.176383817166,35.3230491085662,홈플러스
MA010120220809892734,제주스센텀,,I2,음식,I212,비알코올 ,I21201,카페,I56229,기타 비알코올 음료점업,26,부산광역시,26350,해운대구,26350520,우2동,2635010500,우동,2635010500114990000,1,대지,1499,,부산광역시 해운대구 우동 1499,263503133018,부산광역시 해운대구 센텀동로,6,,2635010500114490000023277,홈플러스센텀시티점,부산광역시 해운대구 센텀동로 6,612022,48059,,1,,129.133689814354,35.1709146307276,홈플러스
MA010120220806779986,케이투메가마트,동래점,G2,소매,G209,섬유·의복·신발 소매,G20905,기타 의류 소매업,G47419,기타 의복 소매업,26,부산광역시,26260,동래구,26260545,명륜동,2626010700,명륜동,2626010700105060003,1,대지,506,3,부산광역시 동래구 명륜동 506-3,262602006006,부산광역시 동래구 충렬대로,197,,2626010700105060003000040,메가마트,부산광역시 동래구 충렬대로 197,607804,47737,,1,,129.081133844024,35.2045502617048,메가마트
MA010120220812807701,씨네일,,S2,수리·개인,S207,이용·미용,S20703,네일숍,S96119,기타 미용업,26,부산광역시,26530,사상구,26530680,엄궁동,2653010800,엄궁동,2653010800106900000,1,대지,690,,부산광역시 사상구 엄궁동 690,265302006002,부산광역시 사상구 낙동대로,733,,,롯데마트,부산광역시 사상구 낙동대로 733,617830,47032,,3,,128.96846526974,35.1286093546013,롯데마트
MA010120220808780740,제임스딘사상점,롯데마트,G2,소매,G209,섬유·의복·신발 소매,G20905,기타 의류 소매업,G47413,속옷 및 잠옷 소매업,26,부산광역시,26530,사상구,26530680,엄궁동,2653010800,엄궁동,2653010800106900000,1,대지,690,,부산광역시 사상구 엄궁동 690,265302006002,부산광역시 사상구 낙동대로,733,,,롯데마트,부산광역시 사상구 낙동대로 733,617830,47032,,3,,128.96846526974,35.1286093546013,롯데마트
MA010120220812356928,북촌손만두홈플러스,센텀시티점,I2,음식,I210,기타 간이,I21007,김밥/만두/분식,I56194,김밥 및 기타 간이 음식점업,26,부산광역시,26350,해운대구,26350520,우2동,2635010500,우동,2635010500114990000,1,대지,1499,,부산광역시 해운대구 우동 1499,263503133018,부산광역시 해운대구 센텀동로,6,,2635010500114490000023277,홈플러스센텀시티점,부산광역시 해운대구 센텀동로 6,612022,48059,,1,,129.133689814354,35.1709146307276,홈플러스
MA010120220812244813,황생가에프앤비,,I2,음식,I201,한식,I20105,국수/칼국수,I56112,한식 면 요리 전문점,26,부산광역시,26470,연제구,26470730,연산9동,2647010200,연산동,2647010200123740000,1,대지,2374,,부산광역시 연제구 연산동 2374,264703137034,부산광역시 연제구 좌수영로,241,,,이마트,부산광역시 연제구 좌수영로 241,611089,47569,,B3,,129.112138595138,35.1854495416045,이마트
MA010120220808293885,박승철헤어스튜디오,,S2,수리·개인,S207,이용·미용,S20701,미용실,S96112,두발 미용업,26,부산광역시,26350,해운대구,26350530,중1동,2635010600,중동,2635010600117670000,1,대지,1767,,부산광역시 해운대구 중동 1767,263503133039,부산광역시 해운대구 좌동순환로,511,,2635010600117670000019106,이마트,부산광역시 해운대구 좌동순환로 511,612851,48096,,3,,129.167372481097,35.1660179546642,이마트
MA010120220811572696,서래마을서래식당,,I2,음식,I201,한식,I20101,백반/한정식,I56111,한식 일반 음식점업,26,부산광역시,26470,연제구,26470620,거제2동,2647010100,거제동,2647010100112080000,1,대지,1208,,부산광역시 연제구 거제동 1208,264703130033,부산광역시 연제구 종합운동장로,7,,2647010100111980000009422,홈플러스아시아드점,부산광역시 연제구 종합운동장로 7,611807,47500,,2,,129.062012486264,35.1912700712054,홈플러스
MA010120220809749517,청광약국,,G2,소매,G215,의약·화장품 소매,G21501,약국,G47811,의약품 및 의료용품 소매업,26,부산광역시,26380,사하구,26380580,장림1동,2638010500,장림동,2638010500110330002,1,대지,1033,2,부산광역시 사하구 장림동 1033-2,263802006011,부산광역시 사하구 을숙도대로,610,,2638010500110330002004243,롯데마트,부산광역시 사하구 을숙도대로 610,604843,49472,,,,128.972312100943,35.0847852323566,롯데마트
MA010120220813072192,아이피아,아시아드점,G2,소매,G216,안경·정밀기기 소매,G21602,안경렌즈 소매업,G47822,안경 및 렌즈 소매업,26,부산광역시,26470,연제구,26470620,거제2동,2647010100,거제동,2647010100112080000,1,대지,1208,,부산광역시 연제구 거제동 1208,264703130033,부산광역시 연제구 종합운동장로,7,,2647010100111980000009422,홈플러스아시아드점,부산광역시 연제구 종합운동장로 7,611807,47500,,2,,129.062012486264,35.1912700712054,홈플러스
MA010120220810175042,엘칸토,,G2,소매,G209,섬유·의복·신발 소매,G20910,신발 소매업,G47430,신발 소매업,26,부산광역시,26320,북구,26320543,화명3동,2632010200,화명동,2632010200122730000,1,대지,2273,,부산광역시 북구 화명동 2273,263202132002,부산광역시 북구 화명대로,47,,2632010200122730000003931,롯데마트,부산광역시 북구 화명대로 47,616744,46525,,1,,129.013016593832,35.235170359171,롯데마트
MA010120220810729201,수비비안사상점,롯데마트,G2,소매,G209,섬유·의복·신발 소매,G20905,기타 의류 소매업,G47413,속옷 및 잠옷 소매업,26,부산광역시,26530,사상구,26530680,엄궁동,2653010800,엄궁동,2653010800106900000,1,대지,690,,부산광역시 사상구 엄궁동 690,265302006002,부산광역시 사상구 낙동대로,733,,2653010800103570005008020,롯데마트,부산광역시 사상구 낙동대로 733,617830,47032,,3,,128.968364011655,35.1275926627189,롯데마트
MA010120220813828740,롯데마트레드페이스,부산점,G2,소매,G209,섬유·의복·신발 소매,G20905,기타 의류 소매업,G47419,기타 의복 소매업,26,부산광역시,26230,부산진구,26230640,부암1동,2623010800,부암동,2623010800102570000,1,대지,257,,부산광역시 부산진구 부암동 257,262302129001,부산광역시 부산진구 신천대로,241,,2623010800102400000000001,롯데마트,부산광역시 부산진구 신천대로 241,614837,47187,,2,,129.049322783607,35.1633062342067,롯데마트
MA010120220807051077,프렐린,,G2,소매,G209,섬유·의복·신발 소매,G20902,여성 의류 소매업,G47412,여자용 겉옷 소매업,26,부산광역시,26470,연제구,26470620,거제2동,2647010100,거제동,2647010100112080000,1,대지,1208,,부산광역시 연제구 거제동 1208,264703130033,부산광역시 연제구 종합운동장로,7,,2647010100111980000009422,홈플러스아시아드점,부산광역시 연제구 종합운동장로 7,611807,47500,,B2,,129.062012486264,35.1912700712054,홈플러스
MA010120220810714520,토니모리롯데마트,화명점,G2,소매,G215,의약·화장품 소매,G21503,화장품 소매업,G47813,화장품; 비누 및 방향제 소매업,26,부산광역시,26320,북구,26320543,화명3동,2632010200,화명동,2632010200122730000,1,대지,2273,,부산광역시 북구 화명동 2273,263202132002,부산광역시 북구 화명대로,47,,2632010200122730000003931,롯데마트,부산광역시 북구 화명대로 47,616744,46525,,1,,129.013016593832,35.235170359171,롯데마트
MA010120220800103455,코인워시365이마트트레이더스,연산점,S2,수리·개인,S209,세탁,S20901,세탁소,S96912,가정용 세탁업,26,부산광역시,26470,연제구,26470730,연산9동,2647010200,연산동,2647010200123740000,1,대지,2374,,부산광역시 연제구 연산동 2374,264703137034,부산광역시 연제구 좌수영로,241,,2647010200101370005000001,코인세탁코너,부산광역시 연제구 좌수영로 241,611089,47569,,1,,129.11195372269,35.1850923075147,이마트 트레이더스
MA010120220803275275,엘지화장품광복점,롯데마트,G2,소매,G215,의약·화장품 소매,G21503,화장품 소매업,G47813,화장품; 비누 및 방향제 소매업,26,부산광역시,26110,중구,26110510,중앙동,2611011000,중앙동7가,2611011000100200001,1,대지,20,1,부산광역시 중구 중앙동7가 20-1,261102000010,부산광역시 중구 중앙대로,2,,2611011000100200001000001,롯데마트,부산광역시 중구 중앙대로 2,600017,48944,,1,,129.036707345866,35.0983104003377,롯데마트
MA010120220810777256,렌즈맨,연산점,G2,소매,G216,안경·정밀기기 소매,G21602,안경렌즈 소매업,G47822,안경 및 렌즈 소매업,26,부산광역시,26470,연제구,26470650,연산1동,2647010200,연산동,2647010200101050001,1,대지,105,1,부산광역시 연제구 연산동 105-1,264703130026,부산광역시 연제구 반송로,88,,2647010200101050001000001,홈플러스연산점,부산광역시 연제구 반송로 88,611811,47552,,3,,129.089338601254,35.1909637286266,홈플러스
MA010120220810230168,짬뽕타임사하점,롯데마트,I2,음식,I202,중식,I20201,중국집,I56121,중식 음식점업,26,부산광역시,26380,사하구,26380580,장림1동,2638010500,장림동,2638010500110330002,1,대지,1033,2,부산광역시 사하구 장림동 1033-2,263802006011,부산광역시 사하구 을숙도대로,610,,2638010500110330002004243,푸드코너롯데마트,부산광역시 사하구 을숙도대로 610,604843,49472,,1,,128.972312100943,35.0847852323566,롯데마트
MA010120220804382924,비빔가,,I2,음식,I201,한식,I20101,백반/한정식,I56111,한식 일반 음식점업,26,부산광역시,26350,해운대구,26350520,우2동,2635010500,우동,2635010500114990000,1,대지,1499,,부산광역시 해운대구 우동 1499,263503133018,부산광역시 해운대구 센텀동로,6,,2635010500114490000023277,홈플러스센텀시티점,부산광역시 해운대구 센텀동로 6,612022,48059,,1,,129.133689814354,35.1709146307276,홈플러스
MA010120220813161554,씨제이모바일모라점,,G2,소매,G208,가전·통신 소매,G20802,핸드폰 소매업,G47312,통신기기 소매업,26,부산광역시,26530,사상구,26530591,모라1동,2653010200,모라동,2653010200104250002,1,대지,425,2,부산광역시 사상구 모라동 425-2,265303139010,부산광역시 사상구 모라로,116,,2653010200104250002012146,홈플러스익스프레스모라점,부산광역시 사상구 모라로 116,617820,46932,,1,,128.992260604986,35.1858685634647,홈플러스
MA010120220811470205,한스델리,,I2,음식,I204,서양식,I20403,패밀리레스토랑,I56113,한식 육류 요리 전문점,26,부산광역시,26470,연제구,26470620,거제2동,2647010100,거제동,2647010100112080000,1,대지,1208,,부산광역시 연제구 거제동 1208,264703130033,부산광역시 연제구 종합운동장로,7,,2647010100111980000009422,홈플러스,부산광역시 연제구 종합운동장로 7,611807,47500,,2,,129.062012486264,35.1912700712054,홈플러스
MA010120220800460054,던킨도너츠홈플러스,아시아드점,I2,음식,I210,기타 간이,I21001,빵/도넛,I56191,제과점업,26,부산광역시,26470,연제구,26470620,거제2동,2647010100,거제동,2647010100112080000,1,대지,1208,,부산광역시 연제구 거제동 1208,264703130033,부산광역시 연제구 종합운동장로,7,,2647010100111980000009422,홈플러스아시아드점,부산광역시 연제구 종합운동장로 7,611807,47500,,2,,129.062012486264,35.1912700712054,홈플러스
MA010120220811457469,토성투어주,,N1,시설관리·임대,N105,여행사·보조,N10501,여행사,N75210,여행사업,26,부산광역시,26350,해운대구,26350525,우3동,2635010500,우동,2635010500114060002,1,대지,1406,2,부산광역시 해운대구 우동 1406-2,263503133043,부산광역시 해운대구 해운대해변로,140,,2635010500114060002006106,홈플러스해운대점,부산광역시 해운대구 해운대해변로 140,612020,48092,,1,,129.146486355558,35.1583968463107,홈플러스
MA010120220811575572,카모메홈플러스반여점,,I2,음식,I203,일식,I20301,일식 회/초밥,I56122,일식 음식점업,26,부산광역시,26350,해운대구,26350570,반여1동,2635010300,반여동,2635010300114060001,1,대지,1406,1,부산광역시 해운대구 반여동 1406-1,263504199082,부산광역시 해운대구 선수촌로21번길,37,,2635010300114060001000001,홈플러스반여점,부산광역시 해운대구 선수촌로21번길 37,612815,48043,,2,,129.115698499529,35.19658863746,홈플러스
MA010120220806397454,리트머스홈플러스,센텀점,G2,소매,G209,섬유·의복·신발 소매,G20902,여성 의류 소매업,G47412,여자용 겉옷 소매업,26,부산광역시,26350,해운대구,26350520,우2동,2635010500,우동,2635010500114990000,1,대지,1499,,부산광역시 해운대구 우동 1499,263503133018,부산광역시 해운대구 센텀동로,6,,2635010500114490000023277,홈플러스센텀시티점,부산광역시 해운대구 센텀동로 6,612022,48059,,,,129.133689814354,35.1709146307276,홈플러스
MA010120220810598259,좋은숨홈플러스반여점,,G2,소매,G209,섬유·의복·신발 소매,G20906,침구류/커튼 소매업,G47421,가정용 직물제품 소매업,26,부산광역시,26350,해운대구,26350570,반여1동,2635010300,반여동,2635010300114060001,1,대지,1406,1,부산광역시 해운대구 반여동 1406-1,263504199082,부산광역시 해운대구 선수촌로21번길,37,,2635010300114060001000001,홈플러스부산반여점,부산광역시 해운대구 선수촌로21번길 37,612815,48043,,1,,129.115698499529,35.19658863746,홈플러스
MA010120220805688343,뚜레쥬르연제,이마트점,I2,음식,I210,기타 간이,I21001,빵/도넛,I56191,제과점업,26,부산광역시,26470,연제구,26470660,연산2동,2647010200,연산동,2647010200108220006,1,대지,822,6,부산광역시 연제구 연산동 822-6,264703129044,부산광역시 연제구 연수로,103,,2647010200108220006000002,시청스마트더블유,부산광역시 연제구 연수로 103,611840,47604,,,,129.082139082427,35.1755428588545,이마트
MA010120220813267302,미센스,,G2,소매,G209,섬유·의복·신발 소매,G20902,여성 의류 소매업,G47412,여자용 겉옷 소매업,26,부산광역시,26470,연제구,26470620,거제2동,2647010100,거제동,2647010100112080000,1,대지,1208,,부산광역시 연제구 거제동 1208,264703130033,부산광역시 연제구 종합운동장로,7,,2647010100111980000009422,홈플러스아시아드,부산광역시 연제구 종합운동장로 7,611807,47500,,2,,129.062012486264,35.1912700712054,홈플러스
MA010120220806583462,렌즈맨안경,,G2,소매,G216,안경·정밀기기 소매,G21602,안경렌즈 소매업,G47822,안경 및 렌즈 소매업,26,부산광역시,26710,기장군,26710256,정관읍,2671025622,정관읍,2671025622107120001,1,대지,712,1,부산광역시 기장군 정관읍 매학리 712-1,267103140043,부산광역시 기장군 정관읍 정관5로,50,,2671032022107120001000001,홈플러스매장내안경코너,부산광역시 기장군 정관읍 정관5로 50,619963,46015,,,,129.176383817166,35.3230491085662,홈플러스
MA010120220811406030,아레나메가마트,남천점,G2,소매,G209,섬유·의복·신발 소매,G20905,기타 의류 소매업,G47419,기타 의복 소매업,26,부산광역시,26500,수영구,26500660,남천1동,2650010500,남천동,2650010500105450002,1,대지,545,2,부산광역시 수영구 남천동 545-2,265002006014,부산광역시 수영구 황령대로,521,,2650010500105450002017618,메가마트,부산광역시 수영구 황령대로 521,613819,48313,,1,,129.110991329674,35.1372579331725,메가마트
MA010120220810486836,이디야사상점,,I2,음식,I212,비알코올 ,I21201,카페,I56221,커피 전문점,26,부산광역시,26530,사상구,26530620,괘법동,2653010400,괘법동,2653010400105310002,1,대지,531,2,부산광역시 사상구 괘법동 531-2,265303139003,부산광역시 사상구 광장로,17,,2653010400105310002005013,이마트,부산광역시 사상구 광장로 17,617808,46970,,,,128.978893016647,35.1642343045877,이마트
MA010120220810710564,국수면가,,I2,음식,I201,한식,I20105,국수/칼국수,I56112,한식 면 요리 전문점,26,부산광역시,26260,동래구,26260545,명륜동,2626010700,명륜동,2626010700105060003,1,대지,506,3,부산광역시 동래구 명륜동 506-3,262602006006,부산광역시 동래구 충렬대로,197,,2626010700105060003000040,메가마트,부산광역시 동래구 충렬대로 197,607804,47737,,1,,129.081133844024,35.2045502617048,메가마트
MA010120220806819844,전국열쇠이마트,해운대점,G2,소매,G210,철물·건설자재 소매,G21001,철물/공구 소매업,G47511,철물 및 난방용구 소매업,26,부산광역시,26350,해운대구,26350530,중1동,2635010600,중동,2635010600117670000,1,대지,1767,,부산광역시 해운대구 중동 1767,263503133039,부산광역시 해운대구 좌동순환로,511,,2635010600117670000019106,이마트,부산광역시 해운대구 좌동순환로 511,612851,48096,,3,,129.167372481097,35.1660179546642,이마트
MA010120220810822871,네일죤연제지점,,S2,수리·개인,S207,이용·미용,S20703,네일숍,S96119,기타 미용업,26,부산광역시,26470,연제구,26470660,연산2동,2647010200,연산동,2647010200108220007,1,대지,822,7,부산광역시 연제구 연산동 822-7,264703129044,부산광역시 연제구 연수로,89,,2647010200108220007015826,이마트,부산광역시 연제구 연수로 89,611840,47604,,1,,129.081309508809,35.1761518847322,이마트
MA010120220812931024,미래인터텍스홈플러스,센텀시티점,G2,소매,G209,섬유·의복·신발 소매,G20906,침구류/커튼 소매업,G47421,가정용 직물제품 소매업,26,부산광역시,26350,해운대구,26350520,우2동,2635010500,우동,2635010500114990000,1,대지,1499,,부산광역시 해운대구 우동 1499,263503133018,부산광역시 해운대구 센텀동로,6,,2635010500114490000023277,홈플러스센템시티점,부산광역시 해운대구 센텀동로 6,612022,48059,,3,,129.133689814354,35.1709146307276,홈플러스
MA010120220810701552,쿨펫동물병원,,M1,과학·기술,M111,수의,M11101,동물병원,M73100,수의업,26,부산광역시,26530,사상구,26530680,엄궁동,2653010800,엄궁동,2653010800106900000,1,대지,690,,부산광역시 사상구 엄궁동 690,265302006002,부산광역시 사상구 낙동대로,733,,2653010800103570005008020,롯데마트,부산광역시 사상구 낙동대로 733,617830,47032,,2,,128.968364011655,35.1275926627189,롯데마트
MA010120220807792286,키무카츠,,I2,음식,I203,일식,I20302,일식 카레/돈가스/덮밥,I56123,서양식 음식점업,26,부산광역시,26530,사상구,26530620,괘법동,2653010400,괘법동,2653010400105310002,1,대지,531,2,부산광역시 사상구 괘법동 531-2,265303139003,부산광역시 사상구 광장로,17,,2653010400105310002005013,이마트,부산광역시 사상구 광장로 17,617808,46970,,2,,128.978893016647,35.1642343045877,이마트
MA010120220810750662,골드네일주,,S2,수리·개인,S207,이용·미용,S20703,네일숍,S96119,기타 미용업,26,부산광역시,26530,사상구,26530680,엄궁동,2653010800,엄궁동,2653010800106900000,1,대지,690,,부산광역시 사상구 엄궁동 690,265302006002,부산광역시 사상구 낙동대로,733,,2653010800103570005008020,롯데마트,부산광역시 사상구 낙동대로 733,617830,47032,,3,,128.968364011655,35.1275926627189,롯데마트
MA010120220806833798,리트머스정관,홈플러스점,G2,소매,G209,섬유·의복·신발 소매,G20905,기타 의류 소매업,G47419,기타 의복 소매업,26,부산광역시,26710,기장군,26710256,정관읍,2671025622,정관읍,2671025622107120001,1,대지,712,1,부산광역시 기장군 정관읍 매학리 712-1,267103140043,부산광역시 기장군 정관읍 정관5로,50,,2671032022107120001000001,정관홈플러스,부산광역시 기장군 정관읍 정관5로 50,619963,46015,,1,,129.176383817166,35.3230491085662,홈플러스
MA010120220811426498,쌤소ATSIS홈플아시아드,,G2,소매,G209,섬유·의복·신발 소매,G20911,가방 소매업,G47440,가방 및 기타 가죽제품 소매업,26,부산광역시,26470,연제구,26470620,거제2동,2647010100,거제동,2647010100112080000,1,대지,1208,,부산광역시 연제구 거제동 1208,264703130033,부산광역시 연제구 종합운동장로,7,,2647010100111980000009422,홈플러스,부산광역시 연제구 종합운동장로 7,611807,47500,,,,129.062012486264,35.1912700712054,홈플러스
MA010120220803191527,신준골프아카데미,,P1,교육,P106,기타 교육,P10603,요가/필라테스 학원,P85612,기타 스포츠 교육기관,26,부산광역시,26350,해운대구,26350520,우2동,2635010500,우동,2635010500114990000,1,대지,1499,,부산광역시 해운대구 우동 1499,263503133018,부산광역시 해운대구 센텀동로,6,,2635010500114490000023277,홈플러스센텀시티점,부산광역시 해운대구 센텀동로 6,612022,48059,,2,,129.133689814354,35.1709146307276,홈플러스
MA010120220810784871,제이씨비주니어아동복,,G2,소매,G209,섬유·의복·신발 소매,G20905,기타 의류 소매업,G47419,기타 의복 소매업,26,부산광역시,26470,연제구,26470620,거제2동,2647010100,거제동,2647010100112080000,1,대지,1208,,부산광역시 연제구 거제동 1208,264703130033,부산광역시 연제구 종합운동장로,7,,2647010100111980000009422,홈플러스아시아드점,부산광역시 연제구 종합운동장로 7,611807,47500,,,,129.062012486264,35.1912700712054,홈플러스
MA010120220810701537,이철헤어커커,,S2,수리·개인,S207,이용·미용,S20701,미용실,S96112,두발 미용업,26,부산광역시,26530,사상구,26530680,엄궁동,2653010800,엄궁동,2653010800106900000,1,대지,690,,부산광역시 사상구 엄궁동 690,265302006002,부산광역시 사상구 낙동대로,733,,2653010800103570005008020,롯데마트,부산광역시 사상구 낙동대로 733,617830,47032,,3,,128.968364011655,35.1275926627189,롯데마트
MA010120220811620014,토니모리홈플러스부산반여점,,G2,소매,G215,의약·화장품 소매,G21503,화장품 소매업,G47813,화장품; 비누 및 방향제 소매업,26,부산광역시,26350,해운대구,26350570,반여1동,2635010300,반여동,2635010300114060001,1,대지,1406,1,부산광역시 해운대구 반여동 1406-1,263504199082,부산광역시 해운대구 선수촌로21번길,37,,2635010300114060001000001,홈플러스부산반여점,부산광역시 해운대구 선수촌로21번길 37,612815,48043,,2,,129.115698499529,35.19658863746,홈플러스
MA010120220808213896,홈플러스부산레드페이스,감만점,G2,소매,G213,오락용품 소매,G21304,운동용품 소매업,G47631,운동 및 경기용품 소매업,26,부산광역시,26290,남구,26290630,감만2동,2629011100,감만동,2629011100100080000,1,대지,8,,부산광역시 남구 감만동 8,262903131026,부산광역시 남구 우암로,124,,2629011100100080000026913,홈플러스,부산광역시 남구 우암로 124,608800,48542,,1,,129.082211284417,35.1215441675641,홈플러스
MA010120220810822880,지에이치오토티스테이션주,아시아드점,S2,수리·개인,S203,자동차 수리·세차,S20301,자동차 정비소,S95212,자동차 전문 수리업,26,부산광역시,26470,연제구,26470620,거제2동,2647010100,거제동,2647010100112080000,1,대지,1208,,부산광역시 연제구 거제동 1208,264703130033,부산광역시 연제구 종합운동장로,7,,2647010100111980000009422,홈플러스아시아드점,부산광역시 연제구 종합운동장로 7,611807,47500,,1,,129.062012486264,35.1912700712054,홈플러스
MA010120220811428013,이팜약국,해운대,G2,소매,G215,의약·화장품 소매,G21501,약국,G47811,의약품 및 의료용품 소매업,26,부산광역시,26350,해운대구,26350530,중1동,2635010600,중동,2635010600117670000,1,대지,1767,,부산광역시 해운대구 중동 1767,263503133039,부산광역시 해운대구 좌동순환로,511,,2635010600117670000019106,이마트,부산광역시 해운대구 좌동순환로 511,612851,48096,,1,,129.167372481097,35.1660179546642,이마트
MA010120220806511918,신화사,,G2,소매,G209,섬유·의복·신발 소매,G20905,기타 의류 소매업,G47419,기타 의복 소매업,26,부산광역시,26260,동래구,26260545,명륜동,2626010700,명륜동,2626010700105060003,1,대지,506,3,부산광역시 동래구 명륜동 506-3,262602006006,부산광역시 동래구 충렬대로,197,,2626010700105060003000040,메가마트,부산광역시 동래구 충렬대로 197,607804,47737,,1,,129.081133844024,35.2045502617048,메가마트
MA010120220810502996,루미가넷네일죤광복점주,롯데마트,S2,수리·개인,S207,이용·미용,S20703,네일숍,S96119,기타 미용업,26,부산광역시,26110,중구,26110510,중앙동,2611011000,중앙동7가,2611011000100200001,1,대지,20,1,부산광역시 중구 중앙동7가 20-1,261102000010,부산광역시 중구 중앙대로,2,,2611011000100200001000001,롯데마트,부산광역시 중구 중앙대로 2,600017,48944,,,,129.036707345866,35.0983104003377,롯데마트
MA010120220805408815,동래메가약국,,G2,소매,G215,의약·화장품 소매,G21501,약국,G47811,의약품 및 의료용품 소매업,26,부산광역시,26260,동래구,26260545,명륜동,2626010700,명륜동,2626010700105060003,1,대지,506,3,부산광역시 동래구 명륜동 506-3,262602006006,부산광역시 동래구 충렬대로,197,,2626010700105060003000040,메가마트,부산광역시 동래구 충렬대로 197,607804,47737,,1,,129.081133844024,35.2045502617048,메가마트
MA010120220813549130,송사부수제쌀고로케홈플러스,센텀시티점,I2,음식,I210,기타 간이,I21001,빵/도넛,I56191,제과점업,26,부산광역시,26350,해운대구,26350520,우2동,2635010500,우동,2635010500114990000,1,대지,1499,,부산광역시 해운대구 우동 1499,263503133018,부산광역시 해운대구 센텀동로,6,,2635010500114490000023277,홈플러스센텀시티점,부산광역시 해운대구 센텀동로 6,612022,48059,,1,,129.133689814354,35.1709146307276,홈플러스
MA010120220813489723,네이처리퍼블릭,,G2,소매,G215,의약·화장품 소매,G21503,화장품 소매업,G47813,화장품; 비누 및 방향제 소매업,26,부산광역시,26260,동래구,26260560,온천2동,2626010800,온천동,2626010800105020003,1,대지,502,3,부산광역시 동래구 온천동 502-3,262602000010,부산광역시 동래구 중앙대로,1393,,2626010800105020003000477,롯데마트,부산광역시 동래구 중앙대로 1393,607716,47727,,1,,129.07747341266,35.2117052140663,롯데마트
MA010120220812919914,두부본가어묵,기장점,G2,소매,G205,식료품 소매,G20509,반찬/식료품 소매업,C10211,수산동물 훈제; 조리 및 유사 조제식품 제조업,26,부산광역시,26710,기장군,26710259,일광읍,2671025921,일광읍,2671025921105470006,1,대지,547,6,부산광역시 기장군 일광읍 삼성리 547-6,267102006018,부산광역시 기장군 일광읍 기장대로,673,,2671031021105470006000001,메가마트,부산광역시 기장군 일광읍 기장대로 673,619912,46048,,1,,129.221858893907,35.25469218614,메가마트
MA010120220810613870,이가자헤어비스,,S2,수리·개인,S207,이용·미용,S20701,미용실,S96112,두발 미용업,26,부산광역시,26470,연제구,26470620,거제2동,2647010100,거제동,2647010100112080000,1,대지,1208,,부산광역시 연제구 거제동 1208,264703130033,부산광역시 연제구 종합운동장로,7,,2647010100111980000009422,홈플러스아시아파트,부산광역시 연제구 종합운동장로 7,611807,47500,,1,,129.062012486264,35.1912700712054,홈플러스
MA010120220800076112,오토오아시스,남천점,S2,수리·개인,S203,자동차 수리·세차,S20301,자동차 정비소,S95212,자동차 전문 수리업,26,부산광역시,26500,수영구,26500660,남천1동,2650010500,남천동,2650010500105450002,1,대지,545,2,부산광역시 수영구 남천동 545-2,265002006014,부산광역시 수영구 황령대로,521,,2650010500105450002017618,메가마트,부산광역시 수영구 황령대로 521,613819,48313,,3,,129.110991329674,35.1372579331725,메가마트
MA010120220800889764,얌샘김밥,센텀점,I2,음식,I210,기타 간이,I21007,김밥/만두/분식,I56194,김밥 및 기타 간이 음식점업,26,부산광역시,26350,해운대구,26350520,우2동,2635010500,우동,2635010500114990000,1,대지,1499,,부산광역시 해운대구 우동 1499,263503133018,부산광역시 해운대구 센텀동로,6,,2635010500114490000023277,홈플러스센텀시티점,부산광역시 해운대구 센텀동로 6,612022,48059,,1,,129.133689814354,35.1709146307276,홈플러스
MA010120220808457328,옷수선,롯데마트,S2,수리·개인,S206,기타 가정용품 수리,S20601,의류/이불 수선업,S95391,의복 및 기타 가정용 직물제품 수리업,26,부산광역시,26320,북구,26320543,화명3동,2632010200,화명동,2632010200122730000,1,대지,2273,,부산광역시 북구 화명동 2273,263202132002,부산광역시 북구 화명대로,47,,2632010200122730000003931,세탁코너롯데마트,부산광역시 북구 화명대로 47,616744,46525,,3,,129.013016593832,35.235170359171,롯데마트
MA010120220810823238,세정아시아드지점주,,G2,소매,G209,섬유·의복·신발 소매,G20905,기타 의류 소매업,G47414,셔츠 및 블라우스 소매업,26,부산광역시,26470,연제구,26470620,거제2동,2647010100,거제동,2647010100112080000,1,대지,1208,,부산광역시 연제구 거제동 1208,264703130033,부산광역시 연제구 종합운동장로,7,,2647010100111980000009422,홈플러스아시아드점,부산광역시 연제구 종합운동장로 7,611807,47500,,2,,129.062012486264,35.1912700712054,홈플러스
MA010120220810429024,미플,,S2,수리·개인,S207,이용·미용,S20702,피부 관리실,S96113,피부 미용업,26,부산광역시,26230,부산진구,26230600,전포1동,2623010200,전포동,2623010200108920020,1,대지,892,20,부산광역시 부산진구 전포동 892-20,262303129010,부산광역시 부산진구 동천로,4,,2623010200108920020038724,홈플러스서면점,부산광역시 부산진구 동천로 4,614773,47299,,B2,,129.063973327968,35.1494318547054,홈플러스
MA010120220810642367,지센,,G2,소매,G209,섬유·의복·신발 소매,G20902,여성 의류 소매업,G47412,여자용 겉옷 소매업,26,부산광역시,26230,부산진구,26230720,가야2동,2623011000,가야동,2623011000106240007,1,대지,624,7,부산광역시 부산진구 가야동 624-7,262302006015,부산광역시 부산진구 가야대로,506,,,홈플러스,부산광역시 부산진구 가야대로 506,614801,47324,,1,,129.027315703707,35.1525111823615,홈플러스
MA010120220806557188,전국열쇠사상점,롯데마트,G2,소매,G210,철물·건설자재 소매,G21001,철물/공구 소매업,G47511,철물 및 난방용구 소매업,26,부산광역시,26530,사상구,26530680,엄궁동,2653010800,엄궁동,2653010800106900000,1,대지,690,,부산광역시 사상구 엄궁동 690,265302006002,부산광역시 사상구 낙동대로,733,,,롯데마트,부산광역시 사상구 낙동대로 733,617830,47032,,4,,128.96846526974,35.1286093546013,롯데마트
MA010120220809890267,이디야커피부산사상점,롯데마트,I2,음식,I212,비알코올 ,I21201,카페,I56221,커피 전문점,26,부산광역시,26530,사상구,26530680,엄궁동,2653010800,엄궁동,2653010800106900000,1,대지,690,,부산광역시 사상구 엄궁동 690,265302006002,부산광역시 사상구 낙동대로,733,,2653010800103570005008020,롯데마트,부산광역시 사상구 낙동대로 733,617830,47032,,1,,128.968364011655,35.1275926627189,롯데마트
MA010120220812149016,월드크리닝,,S2,수리·개인,S209,세탁,S20901,세탁소,S96912,가정용 세탁업,26,부산광역시,26230,부산진구,26230600,전포1동,2623010200,전포동,2623010200108920020,1,대지,892,20,부산광역시 부산진구 전포동 892-20,262303129010,부산광역시 부산진구 동천로,4,,2623010200108920020038724,홈플러스서면점,부산광역시 부산진구 동천로 4,614773,47299,,1,,129.063973327968,35.1494318547054,홈플러스
MA010120220814134437,메가커피가야,홈플러스점,I2,음식,I212,비알코올 ,I21201,카페,I56221,커피 전문점,26,부산광역시,26230,부산진구,26230720,가야2동,2623011000,가야동,2623011000106320005,1,대지,632,5,부산광역시 부산진구 가야동 632-5,262304187023,부산광역시 부산진구 가야대로498번길,28,3,2623011000106320005040685,,부산광역시 부산진구 가야대로498번길 28-3,614801,47327,,1,,129.026426901341,35.1516248873186,홈플러스
MA010120220806910829,속초중앙시장해물짬뽕&홍대쌀국수,,I2,음식,I202,중식,I20201,중국집,I56129,기타 외국식 음식점업,26,부산광역시,26530,사상구,26530620,괘법동,2653010400,괘법동,2653010400105310002,1,대지,531,2,부산광역시 사상구 괘법동 531-2,265303139003,부산광역시 사상구 광장로,17,,2653010400105310002005013,이마트,부산광역시 사상구 광장로 17,617808,46970,,2,,128.978893016647,35.1642343045877,이마트
MA010120220807390420,더페이스샵하나로마트,화명점,G2,소매,G215,의약·화장품 소매,G21503,화장품 소매업,G47813,화장품; 비누 및 방향제 소매업,26,부산광역시,26320,북구,26320530,금곡동,2632010100,금곡동,2632010100118740003,1,대지,1874,3,부산광역시 북구 금곡동 1874-3,263202132001,부산광역시 북구 금곡대로,469,,2632010100118740003013110,하나로마트,부산광역시 북구 금곡대로 469,616739,46519,,1,,129.011219697036,35.2500243285982,농협 하나로마트
MA010120220813776948,풀꽃스튜디오사진관sasang,,M1,과학·기술,M113,사진 촬영,M11301,사진촬영업,M73303,사진 처리업,26,부산광역시,26530,사상구,26530620,괘법동,2653010400,괘법동,2653010400105310002,1,대지,531,2,부산광역시 사상구 괘법동 531-2,265303139003,부산광역시 사상구 광장로,17,,2653010400105310002005013,이마트,부산광역시 사상구 광장로 17,617808,46970,,3,,128.978893016647,35.1642343045877,이마트
MA010120220804547356,한빛투어,,N1,시설관리·임대,N105,여행사·보조,N10501,여행사,N75210,여행사업,26,부산광역시,26470,연제구,26470620,거제2동,2647010100,거제동,2647010100112080000,1,대지,1208,,부산광역시 연제구 거제동 1208,264703130033,부산광역시 연제구 종합운동장로,7,,2647010100111980000009422,홈플러스,부산광역시 연제구 종합운동장로 7,611807,47500,,,,129.062012486264,35.1912700712054,홈플러스
MA010120220810634431,롯데리아키즈마트,부산점,I2,음식,I210,기타 간이,I21004,버거,I56192,피자; 햄버거; 샌드위치 및 유사 음식점업,26,부산광역시,26230,부산진구,26230640,부암1동,2623010800,부암동,2623010800102570000,1,대지,257,,부산광역시 부산진구 부암동 257,262302129001,부산광역시 부산진구 신천대로,241,,2623010800102400000000001,롯데마트,부산광역시 부산진구 신천대로 241,614837,47187,,4,,129.049322783607,35.1633062342067,롯데마트
MA010120220810750594,제이제이케터링롯데주,화명점,I2,음식,I207,구내식당·뷔페,I20701,구내식당,I56130,기관 구내식당업,26,부산광역시,26320,북구,26320543,화명3동,2632010200,화명동,2632010200122730000,1,대지,2273,,부산광역시 북구 화명동 2273,263202132002,부산광역시 북구 화명대로,47,,2632010200122730000003931,롯데마트,부산광역시 북구 화명대로 47,616744,46525,,,,129.013016593832,35.235170359171,롯데마트
MA010120220807434592,레드페이스사하점,롯데마트,G2,소매,G209,섬유·의복·신발 소매,G20905,기타 의류 소매업,G47419,기타 의복 소매업,26,부산광역시,26380,사하구,26380580,장림1동,2638010500,장림동,2638010500110330002,1,대지,1033,2,부산광역시 사하구 장림동 1033-2,263802006011,부산광역시 사하구 을숙도대로,610,,2638010500110330002004243,롯데마트,부산광역시 사하구 을숙도대로 610,604843,49472,,2,,128.972312100943,35.0847852323566,롯데마트
MA010120220811447616,포쉬네일반여점,,S2,수리·개인,S207,이용·미용,S20703,네일숍,S96119,기타 미용업,26,부산광역시,26350,해운대구,26350570,반여1동,2635010300,반여동,2635010300114060001,1,대지,1406,1,부산광역시 해운대구 반여동 1406-1,263504199082,부산광역시 해운대구 선수촌로21번길,37,,2635010300114060001000001,홈플러스,부산광역시 해운대구 선수촌로21번길 37,612815,48043,,2,,129.115698499529,35.19658863746,홈플러스
MA010120220810709281,오토오아시스사하점,롯데마트,S2,수리·개인,S203,자동차 수리·세차,S20301,자동차 정비소,S95212,자동차 전문 수리업,26,부산광역시,26380,사하구,26380580,장림1동,2638010500,장림동,2638010500110330002,1,대지,1033,2,부산광역시 사하구 장림동 1033-2,263802006011,부산광역시 사하구 을숙도대로,610,,2638010500110330002004243,롯데마트,부산광역시 사하구 을숙도대로 610,604843,49472,,3,,128.972312100943,35.0847852323566,롯데마트
MA010120220804954406,에이치피케이,,G2,소매,G209,섬유·의복·신발 소매,G20910,신발 소매업,G47430,신발 소매업,26,부산광역시,26410,금정구,26410680,구서1동,2641010700,구서동,2641010700103680000,1,대지,368,,부산광역시 금정구 구서동 368,264104205400,부산광역시 금정구 중앙대로1841번길,24,,2641010700103680000007216,이마트,부산광역시 금정구 중앙대로1841번길 24,609847,46233,,1,,129.090598612225,35.2499401418204,이마트
MA010120220810776797,배스킨라빈스롯데키즈마트,부산점,I2,음식,I210,기타 간이,I21008,아이스크림/빙수,I56194,김밥 및 기타 간이 음식점업,26,부산광역시,26230,부산진구,26230640,부암1동,2623010800,부암동,2623010800102570000,1,대지,257,,부산광역시 부산진구 부암동 257,262302129001,부산광역시 부산진구 신천대로,241,,2623010800102400000000001,롯데마트,부산광역시 부산진구 신천대로 241,614837,47187,,4,,129.049322783607,35.1633062342067,롯데마트
MA010120220812034489,크린토피아,,S2,수리·개인,S209,세탁,S20901,세탁소,S96912,가정용 세탁업,26,부산광역시,26320,북구,26320543,화명3동,2632010200,화명동,2632010200122730000,1,대지,2273,,부산광역시 북구 화명동 2273,263202132002,부산광역시 북구 화명대로,47,,2632010200122730000003931,롯데마트,부산광역시 북구 화명대로 47,616744,46525,,3,,129.013016593832,35.235170359171,롯데마트
MA010120220809588572,정성다한의원,,Q1,보건의료,Q102,의원,Q10211,한의원,Q86203,한의원,26,부산광역시,26410,금정구,26410680,구서1동,2641010700,구서동,2641010700103680000,1,대지,368,,부산광역시 금정구 구서동 368,264104205400,부산광역시 금정구 중앙대로1841번길,24,,2641010700103680000007216,이마트,부산광역시 금정구 중앙대로1841번길 24,609847,46233,,2,,129.090598612225,35.2499401418204,이마트
MA010120220812983996,안경나라,,G2,소매,G216,안경·정밀기기 소매,G21602,안경렌즈 소매업,G47822,안경 및 렌즈 소매업,26,부산광역시,26710,기장군,26710259,일광읍,2671025921,일광읍,2671025921105470006,1,대지,547,6,부산광역시 기장군 일광읍 삼성리 547-6,267102006018,부산광역시 기장군 일광읍 기장대로,673,,2671031021105470006000001,메가마트,부산광역시 기장군 일광읍 기장대로 673,619912,46048,,1,,129.221858893907,35.25469218614,메가마트
MA010120220804143545,크린토피아동래점,롯데마트,S2,수리·개인,S209,세탁,S20901,세탁소,S96912,가정용 세탁업,26,부산광역시,26260,동래구,26260560,온천2동,2626010800,온천동,2626010800105020003,1,대지,502,3,부산광역시 동래구 온천동 502-3,262602000010,부산광역시 동래구 중앙대로,1393,,2626010800105020003000477,롯데마트,부산광역시 동래구 중앙대로 1393,607716,47727,,1,,129.07747341266,35.2117052140663,롯데마트
MA010120220801050496,호야짬뽕동래점,롯데마트,I2,음식,I202,중식,I20201,중국집,I56121,중식 음식점업,26,부산광역시,26260,동래구,26260560,온천2동,2626010800,온천동,2626010800105020003,1,대지,502,3,부산광역시 동래구 온천동 502-3,262602000010,부산광역시 동래구 중앙대로,1393,,2626010800105020003000477,롯데마트,부산광역시 동래구 중앙대로 1393,607716,47727,,1,,129.07747341266,35.2117052140663,롯데마트
MA010120220810750665,제이제이케터링사상점주,롯데마트,I2,음식,I207,구내식당·뷔페,I20701,구내식당,I56130,기관 구내식당업,26,부산광역시,26530,사상구,26530680,엄궁동,2653010800,엄궁동,2653010800106900000,1,대지,690,,부산광역시 사상구 엄궁동 690,265302006002,부산광역시 사상구 낙동대로,733,,2653010800103570005008020,,부산광역시 사상구 낙동대로 733,617830,47032,,,,128.968364011655,35.1275926627189,롯데마트
MA010120220810079485,준오헤어,,S2,수리·개인,S207,이용·미용,S20701,미용실,S96112,두발 미용업,26,부산광역시,26350,해운대구,26350520,우2동,2635010500,우동,2635010500114990000,1,대지,1499,,부산광역시 해운대구 우동 1499,263503133018,부산광역시 해운대구 센텀동로,6,,2635010500114490000023277,홈플러스센텀시티점,부산광역시 해운대구 센텀동로 6,612022,48059,,3,,129.133689814354,35.1709146307276,홈플러스
MA010120220803189242,이마트아모레화장품,문현점,G2,소매,G215,의약·화장품 소매,G21503,화장품 소매업,G47813,화장품; 비누 및 방향제 소매업,26,부산광역시,26290,남구,26290690,문현2동,2629010900,문현동,2629010900107510000,1,대지,751,,부산광역시 남구 문현동 751,262904006033,부산광역시 남구 전포대로91번길,47,,2629010900107590000018238,마트,부산광역시 남구 전포대로91번길 47,608827,48401,,3,,129.064261051713,35.1443173585801,이마트
MA010120220803244647,북촌손만두,,I2,음식,I210,기타 간이,I21007,김밥/만두/분식,I56111,한식 일반 음식점업,26,부산광역시,26470,연제구,26470620,거제2동,2647010100,거제동,2647010100112080000,1,대지,1208,,부산광역시 연제구 거제동 1208,264703130033,부산광역시 연제구 종합운동장로,7,,2647010100111980000009422,홈플러스아시아드점,부산광역시 연제구 종합운동장로 7,611807,47500,,,,129.062012486264,35.1912700712054,홈플러스
MA010120220813485588,프로월드컵사상롯데,,G2,소매,G209,섬유·의복·신발 소매,G20910,신발 소매업,G47430,신발 소매업,26,부산광역시,26530,사상구,26530680,엄궁동,2653010800,엄궁동,2653010800106900000,1,대지,690,,부산광역시 사상구 엄궁동 690,265302006002,부산광역시 사상구 낙동대로,733,,2653010800103570005008020,롯데마트,부산광역시 사상구 낙동대로 733,617830,47032,,3,,128.968364011655,35.1275926627189,롯데마트
MA010120220814345950,더스포,,R1,예술·스포츠,R103,스포츠 서비스,R10307,헬스장,R91132,체력 단련시설 운영업,26,부산광역시,26350,해운대구,26350520,우2동,2635010500,우동,2635010500114990000,1,대지,1499,,부산광역시 해운대구 우동 1499,263503133018,부산광역시 해운대구 센텀동로,6,,2635010500114490000023277,홈플러스센텀점핏플러스,부산광역시 해운대구 센텀동로 6,612022,48059,,3,,129.133689814354,35.1709146307276,홈플러스
MA010120220813124366,레드페이스홈플러스서,부산점,G2,소매,G209,섬유·의복·신발 소매,G20905,기타 의류 소매업,G47419,기타 의복 소매업,26,부산광역시,26530,사상구,26530620,괘법동,2653010400,괘법동,2653010400105290001,1,대지,529,1,부산광역시 사상구 괘법동 529-1,265303139003,부산광역시 사상구 광장로,7,,2653010400105290001008082,홈플러스,부산광역시 사상구 광장로 7,617725,46970,,1,,128.977721218153,35.1643345532276,홈플러스
MA010120220806407958,화명프로스펙스,롯데마트,G2,소매,G209,섬유·의복·신발 소매,G20910,신발 소매업,G47430,신발 소매업,26,부산광역시,26320,북구,26320543,화명3동,2632010200,화명동,2632010200122730000,1,대지,2273,,부산광역시 북구 화명동 2273,263202132002,부산광역시 북구 화명대로,47,,2632010200122730000003931,롯데마트,부산광역시 북구 화명대로 47,616744,46525,,2,,129.013016593832,35.235170359171,롯데마트
MA010120220804923216,더페이스샵메가마트,기장점,G2,소매,G215,의약·화장품 소매,G21503,화장품 소매업,G47813,화장품; 비누 및 방향제 소매업,26,부산광역시,26710,기장군,26710259,일광읍,2671025921,일광읍,2671025921105470006,1,대지,547,6,부산광역시 기장군 일광읍 삼성리 547-6,267102006018,부산광역시 기장군 일광읍 기장대로,673,,2671031021105470006000001,메가마트,부산광역시 기장군 일광읍 기장대로 673,619912,46048,,1,,129.221858893907,35.25469218614,메가마트
MA010120220803818942,베니크루즈컴퍼니,,G2,소매,G209,섬유·의복·신발 소매,G20910,신발 소매업,G47430,신발 소매업,26,부산광역시,26350,해운대구,26350530,중1동,2635010600,중동,2635010600117670000,1,대지,1767,,부산광역시 해운대구 중동 1767,263503133039,부산광역시 해운대구 좌동순환로,511,,2635010600117670000019106,이마트,부산광역시 해운대구 좌동순환로 511,612851,48096,,2,,129.167372481097,35.1660179546642,이마트
MA010120220812092687,이마트이니스프리,연제점,G2,소매,G215,의약·화장품 소매,G21503,화장품 소매업,G47813,화장품; 비누 및 방향제 소매업,26,부산광역시,26470,연제구,26470660,연산2동,2647010200,연산동,2647010200108220007,1,대지,822,7,부산광역시 연제구 연산동 822-7,264703129044,부산광역시 연제구 연수로,89,,2647010200108220007015826,신세계연제점,부산광역시 연제구 연수로 89,611840,47604,,1,,129.081309508809,35.1761518847322,이마트
MA010120220804918977,레고플레이홈플러스장림점,,N1,시설관리·임대,N110,가정용품 대여,N11001,스포츠/레크리에이션 용품 대여업,N76210,스포츠 및 레크리에이션 용품 임대업,26,부산광역시,26380,사하구,26380590,장림2동,2638010500,장림동,2638010500101850000,1,대지,185,,부산광역시 사하구 장림동 185,263803134007,부산광역시 사하구 다대로,225,,2638010500101770004026905,홈플러스장림점,부산광역시 사하구 다대로 225,604042,49458,,4,,128.978252337242,35.0824354675071,홈플러스
MA010120220806592699,엔제리너스,,I2,음식,I212,비알코올 ,I21201,카페,I56221,커피 전문점,26,부산광역시,26350,해운대구,26350570,반여1동,2635010300,반여동,2635010300114060001,1,대지,1406,1,부산광역시 해운대구 반여동 1406-1,263504199082,부산광역시 해운대구 선수촌로21번길,37,,2635010300114060001000001,홈플러스반여점,부산광역시 해운대구 선수촌로21번길 37,612815,48043,,1,,129.115698499529,35.19658863746,홈플러스
MA010120220813136153,써브웨이부산기장메가마트,,I2,음식,I210,기타 간이,I21005,토스트/샌드위치/샐러드,I56192,피자; 햄버거; 샌드위치 및 유사 음식점업,26,부산광역시,26710,기장군,26710259,일광읍,2671025921,일광읍,2671025921105470006,1,대지,547,6,부산광역시 기장군 일광읍 삼성리 547-6,267102006018,부산광역시 기장군 일광읍 기장대로,673,,2671031021105470006000001,메가마트,부산광역시 기장군 일광읍 기장대로 673,619912,46048,,1,,129.221858893907,35.25469218614,메가마트
MA010120220812453394,카모메,,I2,음식,I203,일식,I20301,일식 회/초밥,I56122,일식 음식점업,26,부산광역시,26350,해운대구,26350520,우2동,2635010500,우동,2635010500114990000,1,대지,1499,,부산광역시 해운대구 우동 1499,263503133018,부산광역시 해운대구 센텀동로,6,,2635010500114490000023277,홈플러스센템시티점,부산광역시 해운대구 센텀동로 6,612022,48059,,1,,129.133689814354,35.1709146307276,홈플러스
MA010120220810797967,마이네일프렌즈,,S2,수리·개인,S207,이용·미용,S20703,네일숍,S96119,기타 미용업,26,부산광역시,26470,연제구,26470650,연산1동,2647010200,연산동,2647010200101050001,1,대지,105,1,부산광역시 연제구 연산동 105-1,264703130026,부산광역시 연제구 반송로,88,,2647010200101050001000001,홈플러스부산연산점,부산광역시 연제구 반송로 88,611811,47552,,1,,129.089338601254,35.1909637286266,홈플러스
MA010120220803182133,자주,,G2,소매,G204,종합 소매,G20499,그 외 기타 종합 소매업,G47190,그 외 기타 종합 소매업,26,부산광역시,26410,금정구,26410680,구서1동,2641010700,구서동,2641010700103680000,1,대지,368,,부산광역시 금정구 구서동 368,264104205400,부산광역시 금정구 중앙대로1841번길,24,,2641010700103680000007216,이마트,부산광역시 금정구 중앙대로1841번길 24,609847,46233,,1,,129.090598612225,35.2499401418204,이마트
MA010120220811621715,신명가떡볶이크레페,,I2,음식,I210,기타 간이,I21007,김밥/만두/분식,I56194,김밥 및 기타 간이 음식점업,26,부산광역시,26710,기장군,26710256,정관읍,2671025622,정관읍,2671025622107120001,1,대지,712,1,부산광역시 기장군 정관읍 매학리 712-1,267103140043,부산광역시 기장군 정관읍 정관5로,50,,2671032022107120001000001,홈플러스내,부산광역시 기장군 정관읍 정관5로 50,619963,46015,,,,129.176383817166,35.3230491085662,홈플러스
MA010120220807431551,마운티아,,G2,소매,G209,섬유·의복·신발 소매,G20905,기타 의류 소매업,G47419,기타 의복 소매업,26,부산광역시,26530,사상구,26530680,엄궁동,2653010800,엄궁동,2653010800106900000,1,대지,690,,부산광역시 사상구 엄궁동 690,265302006002,부산광역시 사상구 낙동대로,733,,2653010800103570005008020,롯데마트,부산광역시 사상구 낙동대로 733,617830,47032,,,,128.968364011655,35.1275926627189,롯데마트
MA010120220803849320,더샘광복점,롯데마트,G2,소매,G215,의약·화장품 소매,G21503,화장품 소매업,G47813,화장품; 비누 및 방향제 소매업,26,부산광역시,26110,중구,26110510,중앙동,2611011000,중앙동7가,2611011000100200001,1,대지,20,1,부산광역시 중구 중앙동7가 20-1,261102000010,부산광역시 중구 중앙대로,2,,2611011000100200001000001,롯데마트,부산광역시 중구 중앙대로 2,600017,48944,,1,,129.036707345866,35.0983104003377,롯데마트
MA010120220810709874,체이스컬트,,G2,소매,G209,섬유·의복·신발 소매,G20905,기타 의류 소매업,G47414,셔츠 및 블라우스 소매업,26,부산광역시,26530,사상구,26530680,엄궁동,2653010800,엄궁동,2653010800106900000,1,대지,690,,부산광역시 사상구 엄궁동 690,265302006002,부산광역시 사상구 낙동대로,733,,2653010800103570005008020,롯데마트,부산광역시 사상구 낙동대로 733,617830,47032,,3,,128.968364011655,35.1275926627189,롯데마트
MA010120220809625510,상상블럭홈플러스,센텀시티점,R1,예술·스포츠,R104,유원지·오락,R10405,기타 오락장,R91229,기타 오락장 운영업,26,부산광역시,26350,해운대구,26350520,우2동,2635010500,우동,2635010500114990000,1,대지,1499,,부산광역시 해운대구 우동 1499,263503133018,부산광역시 해운대구 센텀동로,6,,2635010500114490000023277,홈플러스센텀시티점,부산광역시 해운대구 센텀동로 6,612022,48059,,3,,129.133689814354,35.1709146307276,홈플러스
MA010120220805509525,그린조이,,G2,소매,G209,섬유·의복·신발 소매,G20905,기타 의류 소매업,G47419,기타 의복 소매업,26,부산광역시,26470,연제구,26470620,거제2동,2647010100,거제동,2647010100112080000,1,대지,1208,,부산광역시 연제구 거제동 1208,264703130033,부산광역시 연제구 종합운동장로,7,,2647010100111980000009422,홈플러스아시아드내,부산광역시 연제구 종합운동장로 7,611807,47500,,,,129.062012486264,35.1912700712054,홈플러스
MA010120220810507064,월드크리닝,,S2,수리·개인,S209,세탁,S20901,세탁소,S96912,가정용 세탁업,26,부산광역시,26200,영도구,26200590,봉래1동,2620011600,봉래동2가,2620011600101510001,1,대지,151,1,부산광역시 영도구 봉래동2가 151-1,262004184050,부산광역시 영도구 대교로14번길,57,,2620011600101510001022365,홈플러스영도점세탁소,부산광역시 영도구 대교로14번길 57,606062,49004,,,,129.044235083049,35.0959036943445,홈플러스
MA010120220810643473,미향,,I2,음식,I201,한식,I20101,백반/한정식,I56111,한식 일반 음식점업,26,부산광역시,26230,부산진구,26230640,부암1동,2623010800,부암동,2623010800102570000,1,대지,257,,부산광역시 부산진구 부암동 257,262302129001,부산광역시 부산진구 신천대로,241,,2623010800102400000000001,롯데마트,부산광역시 부산진구 신천대로 241,614837,47187,,4,,129.049322783607,35.1633062342067,롯데마트
MA010120220803450300,엔캣홈플러스,아시아드점,G2,소매,G209,섬유·의복·신발 소매,G20907,액세서리/잡화 소매업,G47422,의복 액세서리 및 모조 장신구 소매업,26,부산광역시,26470,연제구,26470620,거제2동,2647010100,거제동,2647010100112080000,1,대지,1208,,부산광역시 연제구 거제동 1208,264703130033,부산광역시 연제구 종합운동장로,7,,2647010100111980000009422,홈플러스아시아드점,부산광역시 연제구 종합운동장로 7,611807,47500,,2,,129.062012486264,35.1912700712054,홈플러스
MA010120220813500730,자주,,G2,소매,G204,종합 소매,G20499,그 외 기타 종합 소매업,G47190,그 외 기타 종합 소매업,26,부산광역시,26350,해운대구,26350530,중1동,2635010600,중동,2635010600117670000,1,대지,1767,,부산광역시 해운대구 중동 1767,263503133039,부산광역시 해운대구 좌동순환로,511,,2635010600117670000019106,이마트,부산광역시 해운대구 좌동순환로 511,612851,48096,,2,,129.167372481097,35.1660179546642,이마트
MA010120220811618335,보연족발,,G2,소매,G205,식료품 소매,G20509,반찬/식료품 소매업,G47219,기타 식료품 소매업,26,부산광역시,26410,금정구,26410670,남산동,2641010400,남산동,2641010400103200019,1,대지,320,19,부산광역시 금정구 남산동 320-19,264103130022,부산광역시 금정구 금강로,717,,2641010400103200019030711,하나로마트,부산광역시 금정구 금강로 717,609813,46221,,,,129.088769330591,35.2715451119549,농협 하나로마트
MA010120220811438897,무비투어,,N1,시설관리·임대,N105,여행사·보조,N10501,여행사,N75210,여행사업,26,부산광역시,26470,연제구,26470620,거제2동,2647010100,거제동,2647010100112080000,1,대지,1208,,부산광역시 연제구 거제동 1208,264703130033,부산광역시 연제구 종합운동장로,7,,2647010100111980000009422,홈플러스,부산광역시 연제구 종합운동장로 7,611807,47500,,,,129.062012486264,35.1912700712054,홈플러스
MA010120220812172763,피에르가르뎅,,G2,소매,G209,섬유·의복·신발 소매,G20911,가방 소매업,G47440,가방 및 기타 가죽제품 소매업,26,부산광역시,26350,해운대구,26350520,우2동,2635010500,우동,2635010500114990000,1,대지,1499,,부산광역시 해운대구 우동 1499,263503133018,부산광역시 해운대구 센텀동로,6,,2635010500114490000023277,홈플러스센텀시티점,부산광역시 해운대구 센텀동로 6,612022,48059,,2,,129.133689814354,35.1709146307276,홈플러스
MA010120220806718430,앤티앤스프레즐,,I2,음식,I210,기타 간이,I21003,피자,I56192,피자; 햄버거; 샌드위치 및 유사 음식점업,26,부산광역시,26470,연제구,26470620,거제2동,2647010100,거제동,2647010100112080000,1,대지,1208,,부산광역시 연제구 거제동 1208,264703130033,부산광역시 연제구 종합운동장로,7,,2647010100111980000009422,홈플러스아시아드점,부산광역시 연제구 종합운동장로 7,611807,47500,,2,,129.062012486264,35.1912700712054,홈플러스
MA010120220810462060,미센스,,G2,소매,G209,섬유·의복·신발 소매,G20902,여성 의류 소매업,G47412,여자용 겉옷 소매업,26,부산광역시,26530,사상구,26530680,엄궁동,2653010800,엄궁동,2653010800106900000,1,대지,690,,부산광역시 사상구 엄궁동 690,265302006002,부산광역시 사상구 낙동대로,733,,2653010800103570005008020,롯데마트,부산광역시 사상구 낙동대로 733,617830,47032,,3,,128.968364011655,35.1275926627189,롯데마트
MA010120220813887952,시나본아시아드,,I2,음식,I212,비알코올 ,I21201,카페,I56221,커피 전문점,26,부산광역시,26470,연제구,26470620,거제2동,2647010100,거제동,2647010100112080000,1,대지,1208,,부산광역시 연제구 거제동 1208,264703130033,부산광역시 연제구 종합운동장로,7,,2647010100111980000009422,홈플러스아시아드점,부산광역시 연제구 종합운동장로 7,611807,47500,,2,,129.062012486264,35.1912700712054,홈플러스
MA010120220810720789,미플,,S2,수리·개인,S207,이용·미용,S20702,피부 관리실,S96113,피부 미용업,26,부산광역시,26530,사상구,26530680,엄궁동,2653010800,엄궁동,2653010800106900000,1,대지,690,,부산광역시 사상구 엄궁동 690,265302006002,부산광역시 사상구 낙동대로,733,,2653010800103570005008020,롯데마트,부산광역시 사상구 낙동대로 733,617830,47032,,,,128.968364011655,35.1275926627189,롯데마트
MA010120220813597281,르까프이마트금정,,G2,소매,G209,섬유·의복·신발 소매,G20905,기타 의류 소매업,G47419,기타 의복 소매업,26,부산광역시,26410,금정구,26410680,구서1동,2641010700,구서동,2641010700103680000,1,대지,368,,부산광역시 금정구 구서동 368,264104205400,부산광역시 금정구 중앙대로1841번길,24,,2641010700103680000007216,이마트,부산광역시 금정구 중앙대로1841번길 24,609847,46233,,2,,129.090598612225,35.2499401418204,이마트
MA010120220810428540,1001안경콘텍트,,G2,소매,G216,안경·정밀기기 소매,G21602,안경렌즈 소매업,G47822,안경 및 렌즈 소매업,26,부산광역시,26530,사상구,26530680,엄궁동,2653010800,엄궁동,2653010800106900000,1,대지,690,,부산광역시 사상구 엄궁동 690,265302006002,부산광역시 사상구 낙동대로,733,,2653010800103570005008020,롯데마트,부산광역시 사상구 낙동대로 733,617830,47032,,2,,128.968364011655,35.1275926627189,롯데마트
MA010120220805350983,오프리미츠,,G2,소매,G209,섬유·의복·신발 소매,G20902,여성 의류 소매업,G47412,여자용 겉옷 소매업,26,부산광역시,26350,해운대구,26350520,우2동,2635010500,우동,2635010500114990000,1,대지,1499,,부산광역시 해운대구 우동 1499,263503133018,부산광역시 해운대구 센텀동로,6,,2635010500114490000023277,홈플러스,부산광역시 해운대구 센텀동로 6,612022,48059,,2,,129.133689814354,35.1709146307276,홈플러스
MA010120220807141158,플로라뷰티,,G2,소매,G215,의약·화장품 소매,G21503,화장품 소매업,G47813,화장품; 비누 및 방향제 소매업,26,부산광역시,26410,금정구,26410680,구서1동,2641010700,구서동,2641010700103680000,1,대지,368,,부산광역시 금정구 구서동 368,264104205400,부산광역시 금정구 중앙대로1841번길,24,,2641010700103680000007216,이마트,부산광역시 금정구 중앙대로1841번길 24,609847,46233,,1,,129.090598612225,35.2499401418204,이마트
MA010120220808414726,센텀시티삼성홈플러스배스킨라빈스,,I2,음식,I210,기타 간이,I21008,아이스크림/빙수,I56194,김밥 및 기타 간이 음식점업,26,부산광역시,26350,해운대구,26350520,우2동,2635010500,우동,2635010500114990000,1,대지,1499,,부산광역시 해운대구 우동 1499,263503133018,부산광역시 해운대구 센텀동로,6,,2635010500114490000023277,홈플러스센텀시티점,부산광역시 해운대구 센텀동로 6,612022,48059,,1,,129.133689814354,35.1709146307276,홈플러스
MA010120220814233655,홈플러스삼성온누리약국,,G2,소매,G215,의약·화장품 소매,G21501,약국,G47811,의약품 및 의료용품 소매업,26,부산광역시,26470,연제구,26470620,거제2동,2647010100,거제동,2647010100112080000,1,대지,1208,,부산광역시 연제구 거제동 1208,264703130033,부산광역시 연제구 종합운동장로,7,,2647010100111980000009422,홈플러스아시아드점내,부산광역시 연제구 종합운동장로 7,611807,47500,,2,,129.062012486264,35.1912700712054,홈플러스
MA010120220813181326,엘지화장품사상점,롯데마트,G2,소매,G215,의약·화장품 소매,G21503,화장품 소매업,G47813,화장품; 비누 및 방향제 소매업,26,부산광역시,26530,사상구,26530680,엄궁동,2653010800,엄궁동,2653010800106900000,1,대지,690,,부산광역시 사상구 엄궁동 690,265302006002,부산광역시 사상구 낙동대로,733,,2653010800103570005008020,롯데마트,부산광역시 사상구 낙동대로 733,617830,47032,,1,,128.968364011655,35.1275926627189,롯데마트
MA010120220803532994,더케이피트니스사하,,R1,예술·스포츠,R103,스포츠 서비스,R10307,헬스장,R91132,체력 단련시설 운영업,26,부산광역시,26380,사하구,26380580,장림1동,2638010500,장림동,2638010500110330002,1,대지,1033,2,부산광역시 사하구 장림동 1033-2,263802006011,부산광역시 사하구 을숙도대로,610,,2638010500110330002004243,롯데마트,부산광역시 사하구 을숙도대로 610,604843,49472,,4,,128.972312100943,35.0847852323566,롯데마트
MA010120220806398317,슈비너스,금정점,G2,소매,G209,섬유·의복·신발 소매,G20905,기타 의류 소매업,G47413,속옷 및 잠옷 소매업,26,부산광역시,26410,금정구,26410680,구서1동,2641010700,구서동,2641010700103680000,1,대지,368,,부산광역시 금정구 구서동 368,264104205400,부산광역시 금정구 중앙대로1841번길,24,,2641010700103680000007216,이마트,부산광역시 금정구 중앙대로1841번길 24,609847,46233,,2,,129.090598612225,35.2499401418204,이마트
MA010120220813767293,인터크루,,G2,소매,G209,섬유·의복·신발 소매,G20905,기타 의류 소매업,G47414,셔츠 및 블라우스 소매업,26,부산광역시,26530,사상구,26530680,엄궁동,2653010800,엄궁동,2653010800106900000,1,대지,690,,부산광역시 사상구 엄궁동 690,265302006002,부산광역시 사상구 낙동대로,733,,2653010800103570005008020,롯데마트,부산광역시 사상구 낙동대로 733,617830,47032,,3,,128.968364011655,35.1275926627189,롯데마트
MA0101202301A0003272,댑,아시아드점,G2,소매,G209,섬유·의복·신발 소매,G20905,기타 의류 소매업,G47413,속옷 및 잠옷 소매업,26,부산광역시,26470,연제구,26470620,거제2동,2647010100,거제동,2647010100112080000,1,대지,1208,,부산광역시 연제구 거제동 1208,264703130033,부산광역시 연제구 종합운동장로,7,,2647010100111980000009422,홈플러스아시아드점,부산광역시 연제구 종합운동장로 7,611807,47500,,,,129.062012486264,35.1912700712054,홈플러스
MA0101202301A0069602,트레몰로,,G2,소매,G209,섬유·의복·신발 소매,G20901,남성 의류 소매업,G47411,남자용 겉옷 소매업,26,부산광역시,26380,사하구,26380580,장림1동,2638010500,장림동,2638010500110330002,1,대지,1033,2,부산광역시 사하구 장림동 1033-2,263802006011,부산광역시 사하구 을숙도대로,610,,2638010500110330002004243,롯데마트,부산광역시 사하구 을숙도대로 610,604843,49472,,2,,128.972312100943,35.0847852323566,롯데마트
MA0101202211A0089553,황생가칼국수이마트트레이더스,연산점,I2,음식,I201,한식,I20105,국수/칼국수,I56112,한식 면 요리 전문점,26,부산광역시,26470,연제구,26470730,연산9동,2647010200,연산동,2647010200123740000,1,대지,2374,,부산광역시 연제구 연산동 2374,264703137034,부산광역시 연제구 좌수영로,241,,2647010200101370005000001,이마트,부산광역시 연제구 좌수영로 241,611089,47569,,B3,,129.11195372269,35.1850923075147,이마트 트레이더스
MA0101202211A0032322,피자먹다,아시아드점,I2,음식,I210,기타 간이,I21003,피자,I56192,피자; 햄버거; 샌드위치 및 유사 음식점업,26,부산광역시,26470,연제구,26470620,거제2동,2647010100,거제동,2647010100112080000,1,대지,1208,,부산광역시 연제구 거제동 1208,264703130033,부산광역시 연제구 종합운동장로,7,,2647010100111980000009422,홈플러스아시아드점,부산광역시 연제구 종합운동장로 7,611807,47500,,2,,129.062012486264,35.1912700712054,홈플러스
MA0101202210A0030290,메디제이필라테스서,부산점,P1,교육,P106,기타 교육,P10603,요가/필라테스 학원,P85612,기타 스포츠 교육기관,26,부산광역시,26530,사상구,26530620,괘법동,2653010400,괘법동,2653010400105290001,1,대지,529,1,부산광역시 사상구 괘법동 529-1,265303139003,부산광역시 사상구 광장로,7,,2653010400105290001008082,홈플러스서부산점,부산광역시 사상구 광장로 7,617725,46970,,B1,,128.977721218153,35.1643345532276,홈플러스
MA0101202210A0053227,파스쿠찌홈플러스,아시아드점,I2,음식,I212,비알코올 ,I21201,카페,I56221,커피 전문점,26,부산광역시,26470,연제구,26470620,거제2동,2647010100,거제동,2647010100112080000,1,대지,1208,,부산광역시 연제구 거제동 1208,264703130033,부산광역시 연제구 종합운동장로,7,,2647010100111980000009422,홈플러스아시아드점,부산광역시 연제구 종합운동장로 7,611807,47500,,2,,129.062012486264,35.1912700712054,홈플러스
MA0101202209A0028923,돈풍,광복점,I2,음식,I201,한식,I20101,백반/한정식,I56111,한식 일반 음식점업,26,부산광역시,26110,중구,26110510,중앙동,2611011000,중앙동7가,2611011000100200001,1,대지,20,1,부산광역시 중구 중앙동7가 20-1,261102000010,부산광역시 중구 중앙대로,2,,2611011000100200001000001,롯데마트,부산광역시 중구 중앙대로 2,600017,48944,,1,,129.036707345866,35.0983104003377,롯데마트
MA0101202301A0018416,정관온누리약국,,G2,소매,G215,의약·화장품 소매,G21501,약국,G47811,의약품 및 의료용품 소매업,26,부산광역시,26710,기장군,26710256,정관읍,2671025622,정관읍,2671025622107120001,1,대지,712,1,부산광역시 기장군 정관읍 매학리 712-1,267103140043,부산광역시 기장군 정관읍 정관5로,50,,2671032022107120001000001,홈플러스부산정관점내정관홈플러스,부산광역시 기장군 정관읍 정관5로 50,619963,46015,,1,,129.176383817166,35.3230491085662,홈플러스
MA0101202212A0014855,댑,코리아,G2,소매,G209,섬유·의복·신발 소매,G20905,기타 의류 소매업,G47413,속옷 및 잠옷 소매업,26,부산광역시,26470,연제구,26470650,연산1동,2647010200,연산동,2647010200101050001,1,대지,105,1,부산광역시 연제구 연산동 105-1,264703130026,부산광역시 연제구 반송로,88,,2647010200101050001000001,홈플러스부산연산점,부산광역시 연제구 반송로 88,611811,47552,,1,,129.089338601254,35.1909637286266,홈플러스
MA0101202209A0042966,귀빈주얼리,센텀점,G2,소매,G217,시계·귀금속 소매,G21701,시계/귀금속 소매업,G47830,시계 및 귀금속 소매업,26,부산광역시,26350,해운대구,26350520,우2동,2635010500,우동,2635010500114990000,1,대지,1499,,부산광역시 해운대구 우동 1499,263503133018,부산광역시 해운대구 센텀동로,6,,2635010500114490000023277,홈플러스센텀시티점,부산광역시 해운대구 센텀동로 6,612022,48059,,1,,129.133689814354,35.1709146307276,홈플러스
MA0101202209A0010775,유진쥬얼리,,G2,소매,G217,시계·귀금속 소매,G21701,시계/귀금속 소매업,G47830,시계 및 귀금속 소매업,26,부산광역시,26530,사상구,26530680,엄궁동,2653010800,엄궁동,2653010800106900000,1,대지,690,,부산광역시 사상구 엄궁동 690,265302006002,부산광역시 사상구 낙동대로,733,,2653010800103570005008020,롯데마트,부산광역시 사상구 낙동대로 733,617830,47032,,2,,128.968364011655,35.1275926627189,롯데마트
MA0101202306A0049537,그리니,감만점,G2,소매,G204,종합 소매,G20499,그 외 기타 종합 소매업,G47190,그 외 기타 종합 소매업,26,부산광역시,26290,남구,26290630,감만2동,2629011100,감만동,2629011100100080000,1,대지,8,,부산광역시 남구 감만동 8,262903131026,부산광역시 남구 우암로,124,,2629011100100080000026913,홈플러스감만동판매시설,부산광역시 남구 우암로 124,608800,48542,,1,,129.082212660335,35.1215982136695,홈플러스
MA0101202305A0067104,포토앤잉크,,M1,과학·기술,M113,사진 촬영,M11301,사진촬영업,M73303,사진 처리업,26,부산광역시,26290,남구,26290630,감만2동,2629011100,감만동,2629011100100080000,1,대지,8,,부산광역시 남구 감만동 8,262903131026,부산광역시 남구 우암로,124,,2629011100100080000026913,홈플러스내,부산광역시 남구 우암로 124,608800,48542,,1,,129.082212660335,35.1215982136695,홈플러스
MA0101202302A0103048,부산금정이마트CT,,G2,소매,G209,섬유·의복·신발 소매,G20905,기타 의류 소매업,G47419,기타 의복 소매업,26,부산광역시,26410,금정구,26410680,구서1동,2641010700,구서동,2641010700103680000,1,대지,368,,부산광역시 금정구 구서동 368,264104205400,부산광역시 금정구 중앙대로1841번길,24,,2641010700103680000007216,이마트,부산광역시 금정구 중앙대로1841번길 24,609847,46233,,2,,129.090598612225,35.2499401418204,이마트
MA0101202305A0063617,좋은사람들,,G2,소매,G209,섬유·의복·신발 소매,G20905,기타 의류 소매업,G47413,속옷 및 잠옷 소매업,26,부산광역시,26350,해운대구,26350520,우2동,2635010500,우동,2635010500114990000,1,대지,1499,,부산광역시 해운대구 우동 1499,263503133018,부산광역시 해운대구 센텀동로,6,,2635010500114490000023277,홈플러스센텀시티점,부산광역시 해운대구 센텀동로 6,612022,48059,,2,,129.133689814354,35.1709146307276,홈플러스
MA0101202305A0150823,두연홈플러스아시아드지점,,G2,소매,G209,섬유·의복·신발 소매,G20901,남성 의류 소매업,G47411,남자용 겉옷 소매업,26,부산광역시,26470,연제구,26470620,거제2동,2647010100,거제동,2647010100112080000,1,대지,1208,,부산광역시 연제구 거제동 1208,264703130033,부산광역시 연제구 종합운동장로,7,,2647010100111980000009422,홈플러스아시아드점,부산광역시 연제구 종합운동장로 7,611807,47500,,1,,129.062012486264,35.1912700712054,홈플러스
MA0101202303A0081877,레드페이스사상점,롯데마트,G2,소매,G209,섬유·의복·신발 소매,G20905,기타 의류 소매업,G47419,기타 의복 소매업,26,부산광역시,26530,사상구,26530680,엄궁동,2653010800,엄궁동,2653010800106900000,1,대지,690,,부산광역시 사상구 엄궁동 690,265302006002,부산광역시 사상구 낙동대로,733,,2653010800103570005008020,롯데마트,부산광역시 사상구 낙동대로 733,617830,47032,,3,,128.968364011655,35.1275926627189,롯데마트
MA0101202303A0041016,고향집&놀부보쌈,,I2,음식,I201,한식,I20103,족발/보쌈,I56111,한식 일반 음식점업,26,부산광역시,26530,사상구,26530620,괘법동,2653010400,괘법동,2653010400105310002,1,대지,531,2,부산광역시 사상구 괘법동 531-2,265303139003,부산광역시 사상구 광장로,17,,2653010400105310002005013,이마트,부산광역시 사상구 광장로 17,617808,46970,,2,,128.978893016647,35.1642343045877,이마트
MA0101202303A0074052,채선당행복가마솥밥,,I2,음식,I201,한식,I20101,백반/한정식,I56111,한식 일반 음식점업,26,부산광역시,26470,연제구,26470620,거제2동,2647010100,거제동,2647010100112080000,1,대지,1208,,부산광역시 연제구 거제동 1208,264703130033,부산광역시 연제구 종합운동장로,7,,2647010100111980000009422,홈플러스아시아드점내,부산광역시 연제구 종합운동장로 7,611807,47500,,,,129.062012486264,35.1912700712054,홈플러스
MA0101202303A0096358,엘지화장품동부산,롯데마트,G2,소매,G215,의약·화장품 소매,G21503,화장품 소매업,G47813,화장품; 비누 및 방향제 소매업,26,부산광역시,26710,기장군,26710250,기장읍,2671025032,기장읍,2671025032105240000,1,대지,524,,부산광역시 기장군 기장읍 당사리 524,267103140057,부산광역시 기장군 기장읍 기장해안로,147,,2671025032100640000000001,롯데몰동부산점,부산광역시 기장군 기장읍 기장해안로 147,619902,46084,,2,,129.212778971514,35.1922125435306,롯데마트
MA0101202303A0053157,육첩반상이마트트레이더스,연산점,I2,음식,I201,한식,I20101,백반/한정식,I56113,한식 육류 요리 전문점,26,부산광역시,26470,연제구,26470730,연산9동,2647010200,연산동,2647010200123740000,1,대지,2374,,부산광역시 연제구 연산동 2374,264703137034,부산광역시 연제구 좌수영로,241,,2647010200101370005000001,트레이더스연산점,부산광역시 연제구 좌수영로 241,611089,47569,,3,,129.11195372269,35.1850923075147,이마트 트레이더스
MA0101202302A0033678,체이스컬트사하점,롯데마트,G2,소매,G209,섬유·의복·신발 소매,G20901,남성 의류 소매업,G47411,남자용 겉옷 소매업,26,부산광역시,26380,사하구,26380580,장림1동,2638010500,장림동,2638010500110330002,1,대지,1033,2,부산광역시 사하구 장림동 1033-2,263802006011,부산광역시 사하구 을숙도대로,610,,2638010500110330002004243,롯데마트,부산광역시 사하구 을숙도대로 610,604843,49472,,2,,128.972312100943,35.0847852323566,롯데마트
MA0101202302A0088201,이마트제임스딘,연제점,G2,소매,G209,섬유·의복·신발 소매,G20905,기타 의류 소매업,G47413,속옷 및 잠옷 소매업,26,부산광역시,26470,연제구,26470660,연산2동,2647010200,연산동,2647010200108220007,1,대지,822,7,부산광역시 연제구 연산동 822-7,264703129044,부산광역시 연제구 연수로,89,,2647010200108220007015826,신세계연제점,부산광역시 연제구 연수로 89,611840,47604,,2,,129.081309508809,35.1761518847322,이마트
MA0101202310A0010328,배스킨라빈스서면트레이더스,,I2,음식,I210,기타 간이,I21008,아이스크림/빙수,I56194,김밥 및 기타 간이 음식점업,26,부산광역시,26230,부산진구,26230640,부암1동,2623010800,부암동,2623010800100930000,1,대지,93,,부산광역시 부산진구 부암동 93,262303129030,부산광역시 부산진구 시민공원로,31,,2623010800101000001027533,이마트,부산광역시 부산진구 시민공원로 31,614836,47192,,2,,129.052553036284,35.1639003630112,이마트 트레이더스
MA0101202310A0001101,박승철헤어스투디오연제,이마트점,S2,수리·개인,S207,이용·미용,S20701,미용실,S96112,두발 미용업,26,부산광역시,26470,연제구,26470660,연산2동,2647010200,연산동,2647010200108220007,1,대지,822,7,부산광역시 연제구 연산동 822-7,264703129044,부산광역시 연제구 연수로,89,,2647010200108220007015826,신세계연제점,부산광역시 연제구 연수로 89,611840,47604,,3,,129.081309508809,35.1761518847322,이마트
MA0101202309A0009738,엑스오엑스오핫도그홈플러스,아시아드점,I2,음식,I210,기타 간이,I21007,김밥/만두/분식,I56114,한식 해산물 요리 전문점,26,부산광역시,26470,연제구,26470620,거제2동,2647010100,거제동,2647010100112080000,1,대지,1208,,부산광역시 연제구 거제동 1208,264703130033,부산광역시 연제구 종합운동장로,7,,2647010100111980000009422,홈플러스아시아드점,부산광역시 연제구 종합운동장로 7,611807,47500,,2,,129.062012486264,35.1912700712054,홈플러스
MA0101202308A0051248,초대박복권판매점,,R1,예술·스포츠,R104,유원지·오락,R10410,복권 발행/판매업,R91241,복권 발행 및 판매업,26,부산광역시,26350,해운대구,26350520,우2동,2635010500,우동,2635010500114990000,1,대지,1499,,부산광역시 해운대구 우동 1499,263503133018,부산광역시 해운대구 센텀동로,6,,2635010500114490000023277,홈플러스센텀시티점,부산광역시 해운대구 센텀동로 6,612022,48059,,B1,,129.133689814354,35.1709146307276,홈플러스
MA0101202311A0061319,폴햄,,G2,소매,G209,섬유·의복·신발 소매,G20905,기타 의류 소매업,G47414,셔츠 및 블라우스 소매업,26,부산광역시,26350,해운대구,26350530,중1동,2635010600,중동,2635010600117670000,1,대지,1767,,부산광역시 해운대구 중동 1767,263503133039,부산광역시 해운대구 좌동순환로,511,,2635010600117670000019106,이마트,부산광역시 해운대구 좌동순환로 511,612851,48096,,,,129.167372481097,35.1660179546642,이마트
MA0101202311A0034683,클린보이,금정점,S2,수리·개인,S203,자동차 수리·세차,S20302,자동차 세차장,S95213,자동차 세차업,26,부산광역시,26410,금정구,26410680,구서1동,2641010700,구서동,2641010700103680000,1,대지,368,,부산광역시 금정구 구서동 368,264104205400,부산광역시 금정구 중앙대로1841번길,24,,2641010700103680000007216,이마트,부산광역시 금정구 중앙대로1841번길 24,609847,46233,,3,,129.090598612225,35.2499401418204,이마트
MA0101202311A0081611,채연시원텔반여점,,G2,소매,G208,가전·통신 소매,G20802,핸드폰 소매업,G47312,통신기기 소매업,26,부산광역시,26350,해운대구,26350570,반여1동,2635010300,반여동,2635010300114060001,1,대지,1406,1,부산광역시 해운대구 반여동 1406-1,263504199082,부산광역시 해운대구 선수촌로21번길,37,,2635010300114060001000001,홈플러스부산반여점,부산광역시 해운대구 선수촌로21번길 37,612815,48043,,,,129.115698499529,35.19658863746,홈플러스
MA0101202309A0048347,다솜의원,,Q1,보건의료,Q102,의원,Q10201,내과/소아과 의원,Q86201,일반의원,26,부산광역시,26470,연제구,26470620,거제2동,2647010100,거제동,2647010100112080000,1,대지,1208,,부산광역시 연제구 거제동 1208,264703130033,부산광역시 연제구 종합운동장로,7,,2647010100111980000009422,홈플러스아시아드점,부산광역시 연제구 종합운동장로 7,611807,47500,,1,,129.062012486264,35.1912700712054,홈플러스
MA0101202309A0025032,엘지화장품홈플러스서,부산점,G2,소매,G215,의약·화장품 소매,G21503,화장품 소매업,G47813,화장품; 비누 및 방향제 소매업,26,부산광역시,26530,사상구,26530620,괘법동,2653010400,괘법동,2653010400105290001,1,대지,529,1,부산광역시 사상구 괘법동 529-1,265303139003,부산광역시 사상구 광장로,7,,2653010400105290001008082,홈플러스서부산점,부산광역시 사상구 광장로 7,617725,46970,,1,,128.977721218153,35.1643345532276,홈플러스
MA0101202309A0085524,귀빈주얼리,,G2,소매,G217,시계·귀금속 소매,G21701,시계/귀금속 소매업,G47830,시계 및 귀금속 소매업,26,부산광역시,26470,연제구,26470620,거제2동,2647010100,거제동,2647010100112080000,1,대지,1208,,부산광역시 연제구 거제동 1208,264703130033,부산광역시 연제구 종합운동장로,7,,2647010100111980000009422,홈플러스아시아드점,부산광역시 연제구 종합운동장로 7,611807,47500,,2,,129.062012486264,35.1912700712054,홈플러스
MA0101202309A0056848,화명엘칸토,롯데마트,G2,소매,G209,섬유·의복·신발 소매,G20910,신발 소매업,G47430,신발 소매업,26,부산광역시,26320,북구,26320543,화명3동,2632010200,화명동,2632010200122730000,1,대지,2273,,부산광역시 북구 화명동 2273,263202132002,부산광역시 북구 화명대로,47,,2632010200122730000003931,엘칸토롯데마트,부산광역시 북구 화명대로 47,616744,46525,,2,,129.013016593832,35.235170359171,롯데마트
MA0101202310A0097889,여로,,G2,소매,G208,가전·통신 소매,G20802,핸드폰 소매업,G47312,통신기기 소매업,26,부산광역시,26290,남구,26290630,감만2동,2629011100,감만동,2629011100100080000,1,대지,8,,부산광역시 남구 감만동 8,262903131026,부산광역시 남구 우암로,124,,2629011100100080000026913,홈플러스감만동판매시설,부산광역시 남구 우암로 124,608800,48542,,2,,129.082212660335,35.1215982136695,홈플러스
MA0101202307A0048034,아이젠트리안경동래점,롯데마트,G2,소매,G216,안경·정밀기기 소매,G21602,안경렌즈 소매업,G47822,안경 및 렌즈 소매업,26,부산광역시,26260,동래구,26260560,온천2동,2626010800,온천동,2626010800105020003,1,대지,502,3,부산광역시 동래구 온천동 502-3,262602000010,부산광역시 동래구 중앙대로,1393,,2626010800105020003000477,롯데백화점,부산광역시 동래구 중앙대로 1393,607716,47727,,1,,129.07747341266,35.2117052140663,롯데마트
MA0101202307A0037417,폴햄,,G2,소매,G209,섬유·의복·신발 소매,G20901,남성 의류 소매업,G47411,남자용 겉옷 소매업,26,부산광역시,26530,사상구,26530680,엄궁동,2653010800,엄궁동,2653010800106900000,1,대지,690,,부산광역시 사상구 엄궁동 690,265302006002,부산광역시 사상구 낙동대로,733,,2653010800103570005008020,롯데마트,부산광역시 사상구 낙동대로 733,617830,47032,,3,,128.968364011655,35.1275926627189,롯데마트
MA0101202406A0564714,뱅뱅어패럴홈플러스,아시아드점,G2,소매,G209,섬유·의복·신발 소매,G20905,기타 의류 소매업,G47419,기타 의복 소매업,26,부산광역시,26470,연제구,26470620,거제2동,2647010100,거제동,2647010100112080000,1,대지,1208,,부산광역시 연제구 거제동 1208,264703130033,부산광역시 연제구 종합운동장로,7,,2647010100111980000009422,홈플러스아시아드점뱅뱅코너부산아파트,부산광역시 연제구 종합운동장로 7,611807,47500,,B2,,129.062012486264,35.1912700712054,홈플러스
MA0101202406A0587550,이랜드이츠애슐리퀸즈광복점,롯데마트,I2,음식,I204,서양식,I20403,패밀리레스토랑,I56123,서양식 음식점업,26,부산광역시,26110,중구,26110510,중앙동,2611011000,중앙동7가,2611011000100200001,1,대지,20,1,부산광역시 중구 중앙동7가 20-1,261102000010,부산광역시 중구 중앙대로,2,,2611011000100200001000001,롯데마트,부산광역시 중구 중앙대로 2,600017,48944,,6,,129.036707345866,35.0983104003377,롯데마트
MA0101202406A0429355,이디야커피부산광복점,롯데마트,I2,음식,I212,비알코올 ,I21201,카페,I56221,커피 전문점,26,부산광역시,26110,중구,26110510,중앙동,2611011000,중앙동7가,2611011000100200001,1,대지,20,1,부산광역시 중구 중앙동7가 20-1,261102000010,부산광역시 중구 중앙대로,2,,2611011000100200001000001,롯데백화점,부산광역시 중구 중앙대로 2,600017,48944,,3,,129.036707345866,35.0983104003377,롯데마트
MA0101202406A0291412,오토오아시스메가마트,동래점,G2,소매,G202,자동차 부품 소매,G20201,타이어 소매업,G45211,자동차 신품 타이어 및 튜브 판매업,26,부산광역시,26260,동래구,26260545,명륜동,2626010700,명륜동,2626010700105060003,1,대지,506,3,부산광역시 동래구 명륜동 506-3,262602006006,부산광역시 동래구 충렬대로,197,,2626010700105060003000040,메가마트,부산광역시 동래구 충렬대로 197,607804,47737,,2,,129.081133844024,35.2045502617048,메가마트
MA0101202406A0527818,하나글로벌투어,,N1,시설관리·임대,N105,여행사·보조,N10501,여행사,N75210,여행사업,26,부산광역시,26350,해운대구,26350570,반여1동,2635010300,반여동,2635010300114060001,1,대지,1406,1,부산광역시 해운대구 반여동 1406-1,263504199082,부산광역시 해운대구 선수촌로21번길,37,,2635010300114060001000001,홈플러스부산반여점,부산광역시 해운대구 선수촌로21번길 37,612815,48043,,1,,129.115698499529,35.19658863746,홈플러스
MA0101202406A0448523,이니스프리이마트,해운대점,G2,소매,G215,의약·화장품 소매,G21503,화장품 소매업,G46103,섬유; 의복; 신발 및 가죽제품 중개업,26,부산광역시,26350,해운대구,26350530,중1동,2635010600,중동,2635010600117670000,1,대지,1767,,부산광역시 해운대구 중동 1767,263503133039,부산광역시 해운대구 좌동순환로,511,,2635010600117670000019106,이마트,부산광역시 해운대구 좌동순환로 511,612851,48096,,,,129.167372481097,35.1660179546642,이마트
MA0101202406A0190787,이니스프리동래점,롯데마트,G2,소매,G215,의약·화장품 소매,G21503,화장품 소매업,G46103,섬유; 의복; 신발 및 가죽제품 중개업,26,부산광역시,26260,동래구,26260560,온천2동,2626010800,온천동,2626010800105020003,1,대지,502,3,부산광역시 동래구 온천동 502-3,262602000010,부산광역시 동래구 중앙대로,1393,,2626010800105020003000477,롯데마트,부산광역시 동래구 중앙대로 1393,607716,47727,,1,,129.07747341266,35.2117052140663,롯데마트
MA0101202311A0092682,동보약국,,G2,소매,G215,의약·화장품 소매,G21501,약국,G47811,의약품 및 의료용품 소매업,26,부산광역시,26350,해운대구,26350520,우2동,2635010500,우동,2635010500114990000,1,대지,1499,,부산광역시 해운대구 우동 1499,263503133018,부산광역시 해운대구 센텀동로,6,,2635010500114490000023277,홈플러스센텀시티점,부산광역시 해운대구 센텀동로 6,612022,48059,,3,,129.133689814354,35.1709146307276,홈플러스
MA0101202409A0232804,블루샥연제,이마트점,I2,음식,I212,비알코올 ,I21201,카페,I56221,커피 전문점,26,부산광역시,26470,연제구,26470660,연산2동,2647010200,연산동,2647010200108220006,1,대지,822,6,부산광역시 연제구 연산동 822-6,264703129044,부산광역시 연제구 연수로,103,,2647010200108220006000002,시청스마트더블유,부산광역시 연제구 연수로 103,611840,47604,,,,129.082139082427,35.1755428588545,이마트
MA0101202409A0163314,도르리충무김밥동래메가마트점,,I2,음식,I210,기타 간이,I21007,김밥/만두/분식,I56194,김밥 및 기타 간이 음식점업,26,부산광역시,26260,동래구,26260545,명륜동,2626010700,명륜동,2626010700105060003,1,대지,506,3,부산광역시 동래구 명륜동 506-3,262602006006,부산광역시 동래구 충렬대로,197,,2626010700105060003000040,메가마트,부산광역시 동래구 충렬대로 197,607804,47737,,1,,129.081133844024,35.2045502617048,메가마트
MA0101202409A0084063,꾸이한끼,,I2,음식,I203,일식,I20302,일식 카레/돈가스/덮밥,I56111,한식 일반 음식점업,26,부산광역시,26530,사상구,26530620,괘법동,2653010400,괘법동,2653010400105310002,1,대지,531,2,부산광역시 사상구 괘법동 531-2,265303139003,부산광역시 사상구 광장로,17,,2653010400105310002005013,이마트,부산광역시 사상구 광장로 17,617808,46970,,2,,128.978893016647,35.1642343045877,이마트
MA0101202406A0260181,팔공티,해운대점,I2,음식,I212,비알코올 ,I21201,카페,I56229,기타 비알코올 음료점업,26,부산광역시,26350,해운대구,26350530,중1동,2635010600,중동,2635010600117670000,1,대지,1767,,부산광역시 해운대구 중동 1767,263503133039,부산광역시 해운대구 좌동순환로,511,,2635010600117670000019106,이마트,부산광역시 해운대구 좌동순환로 511,612851,48096,,1,,129.167372481097,35.1660179546642,이마트
MA0101202406A0170176,프렐린파크랜드,,G2,소매,G209,섬유·의복·신발 소매,G20905,기타 의류 소매업,G47414,셔츠 및 블라우스 소매업,26,부산광역시,26350,해운대구,26350520,우2동,2635010500,우동,2635010500114990000,1,대지,1499,,부산광역시 해운대구 우동 1499,263503133018,부산광역시 해운대구 센텀동로,6,,2635010500114490000023277,홈플러스센텀시티점,부산광역시 해운대구 센텀동로 6,612022,48059,,,,129.133689814354,35.1709146307276,홈플러스
MA0101202406A0495903,공차부산구서점,,I2,음식,I212,비알코올 ,I21201,카페,I56229,기타 비알코올 음료점업,26,부산광역시,26410,금정구,26410680,구서1동,2641010700,구서동,2641010700103680000,1,대지,368,,부산광역시 금정구 구서동 368,264104205400,부산광역시 금정구 중앙대로1841번길,24,,2641010700103680000007216,이마트,부산광역시 금정구 중앙대로1841번길 24,609847,46233,,2,,129.090598612225,35.2499401418204,이마트
MA0101202409A0032587,정석닭강정,,I2,음식,I210,기타 간이,I21006,치킨,I56111,한식 일반 음식점업,26,부산광역시,26470,연제구,26470620,거제2동,2647010100,거제동,2647010100112080000,1,대지,1208,,부산광역시 연제구 거제동 1208,264703130033,부산광역시 연제구 종합운동장로,7,,2647010100111980000009422,홈플러스아시아드점,부산광역시 연제구 종합운동장로 7,611807,47500,,B2,,129.062012486264,35.1912700712054,홈플러스
MA0101202409A0148812,공차이마트,문현점,I2,음식,I212,비알코올 ,I21201,카페,I56221,커피 전문점,26,부산광역시,26290,남구,26290690,문현2동,2629010900,문현동,2629010900107510000,1,대지,751,,부산광역시 남구 문현동 751,262904006033,부산광역시 남구 전포대로91번길,47,,2629010900107590000018238,이마트,부산광역시 남구 전포대로91번길 47,608827,48401,,,,129.064238663686,35.144299716862,이마트
MA0101202409A0123897,이랜드이츠애슐리퀸즈이마트,문현점,I2,음식,I204,서양식,I20403,패밀리레스토랑,I56123,서양식 음식점업,26,부산광역시,26290,남구,26290690,문현2동,2629010900,문현동,2629010900107510000,1,대지,751,,부산광역시 남구 문현동 751,262904006033,부산광역시 남구 전포대로91번길,47,,2629010900107590000018238,이마트,부산광역시 남구 전포대로91번길 47,608827,48401,,3,,129.064238663686,35.144299716862,이마트
MA0101202411A0033369,플러스안경원아이피아,영도점,G2,소매,G216,안경·정밀기기 소매,G21602,안경렌즈 소매업,G47822,안경 및 렌즈 소매업,26,부산광역시,26200,영도구,26200590,봉래1동,2620011600,봉래동2가,2620011600101510001,1,대지,151,1,부산광역시 영도구 봉래동2가 151-1,262004184050,부산광역시 영도구 대교로14번길,57,,2620011600101510001022365,홈플러스,부산광역시 영도구 대교로14번길 57,606062,49004,,1,,129.044235083049,35.0959036943445,홈플러스
MA0101202411A0090951,밀스튜디오홈플러스,센텀시티점,G2,소매,G209,섬유·의복·신발 소매,G20905,기타 의류 소매업,G47414,셔츠 및 블라우스 소매업,26,부산광역시,26350,해운대구,26350520,우2동,2635010500,우동,2635010500114990000,1,대지,1499,,부산광역시 해운대구 우동 1499,263503133018,부산광역시 해운대구 센텀동로,6,,2635010500114490000023277,홈플러스센텀시티점,부산광역시 해운대구 센텀동로 6,612022,48059,,2,,129.133689814354,35.1709146307276,홈플러스
MA0101202411A0131433,이니스프리메가마트,동래점,G2,소매,G215,의약·화장품 소매,G21503,화장품 소매업,G46103,섬유; 의복; 신발 및 가죽제품 중개업,26,부산광역시,26260,동래구,26260545,명륜동,2626010700,명륜동,2626010700105060003,1,대지,506,3,부산광역시 동래구 명륜동 506-3,262602006006,부산광역시 동래구 충렬대로,197,,2626010700105060003000040,메가마트,부산광역시 동래구 충렬대로 197,607804,47737,,1,,129.081133844024,35.2045502617048,메가마트
MA0101202504A0054402,탄탄면공방홈플러스,아시아드점,I2,음식,I201,한식,I20105,국수/칼국수,I56111,한식 일반 음식점업,26,부산광역시,26470,연제구,26470620,거제2동,2647010100,거제동,2647010100112080000,1,대지,1208,,부산광역시 연제구 거제동 1208,264703130033,부산광역시 연제구 종합운동장로,7,,2647010100111980000009422,홈플러스아시아드점,부산광역시 연제구 종합운동장로 7,611807,47500,,2,,129.062012486264,35.1912700712054,홈플러스
MA0101202505A0010775,홀리카홀리카메가마트,동래점,G2,소매,G215,의약·화장품 소매,G21503,화장품 소매업,G46103,섬유; 의복; 신발 및 가죽제품 중개업,26,부산광역시,26260,동래구,26260545,명륜동,2626010700,명륜동,2626010700105060003,1,대지,506,3,부산광역시 동래구 명륜동 506-3,262602006006,부산광역시 동래구 충렬대로,197,,2626010700105060003000040,메가마트,부산광역시 동래구 충렬대로 197,607804,47737,,1,,129.081133844024,35.2045502617048,메가마트
MA0101202505A0059386,베이커리코너폼드팡,,I2,음식,I210,기타 간이,I21001,빵/도넛,I56191,제과점업,26,부산광역시,26380,사하구,26380580,장림1동,2638010500,장림동,2638010500110330002,1,대지,1033,2,부산광역시 사하구 장림동 1033-2,263802006011,부산광역시 사하구 을숙도대로,610,,2638010500110330002004243,롯데마트,부산광역시 사하구 을숙도대로 610,604843,49472,,1,,128.972312100943,35.0847852323566,롯데마트
MA0106202504A0597090,아트박스센텀시티,홈플러스점,G2,소매,G213,오락용품 소매,G21302,문구/회화용품 소매업,G47612,문구용품 및 회화용품 소매업,26,부산광역시,26350,해운대구,26350520,우2동,2635010500,우동,2635010500114990000,1,대지,1499,,부산광역시 해운대구 우동 1499,263503133018,부산광역시 해운대구 센텀동로,6,,2635010500114490000023277,,부산광역시 해운대구 센텀동로 6,612022,48059,,,,129.133689814354,35.1709146307276,홈플러스
MA0101202504A0026134,이룸악세서리,,G2,소매,G209,섬유·의복·신발 소매,G20907,액세서리/잡화 소매업,G47422,의복 액세서리 및 모조 장신구 소매업,26,부산광역시,26470,연제구,26470620,거제2동,2647010100,거제동,2647010100112080000,1,대지,1208,,부산광역시 연제구 거제동 1208,264703130033,부산광역시 연제구 종합운동장로,7,,2647010100111980000009422,홈플러스아시아드점,부산광역시 연제구 종합운동장로 7,611807,47500,,B2,,129.062012486264,35.1912700712054,홈플러스
MA0101202505A0003132,다이아여행사,,N1,시설관리·임대,N105,여행사·보조,N10501,여행사,N75210,여행사업,26,부산광역시,26350,해운대구,26350520,우2동,2635010500,우동,2635010500114990000,1,대지,1499,,부산광역시 해운대구 우동 1499,263503133018,부산광역시 해운대구 센텀동로,6,,2635010500114490000023277,홈플러스센텀시티점,부산광역시 해운대구 센텀동로 6,612022,48059,,1,,129.133689814354,35.1709146307276,홈플러스
MA0101202502A0106094,센텀시티사진관,,M1,과학·기술,M113,사진 촬영,M11301,사진촬영업,M73303,사진 처리업,26,부산광역시,26350,해운대구,26350520,우2동,2635010500,우동,2635010500114990000,1,대지,1499,,부산광역시 해운대구 우동 1499,263503133018,부산광역시 해운대구 센텀동로,6,,2635010500114490000023277,홈플러스센텀시티점,부산광역시 해운대구 센텀동로 6,612022,48059,,,,129.133689814354,35.1709146307276,홈플러스
MA0101202502A0074880,오토오아시스메가마트,동래점,S2,수리·개인,S203,자동차 수리·세차,S20301,자동차 정비소,S95211,자동차 종합 수리업,26,부산광역시,26260,동래구,26260545,명륜동,2626010700,명륜동,2626010700105060003,1,대지,506,3,부산광역시 동래구 명륜동 506-3,262602006006,부산광역시 동래구 충렬대로,197,,2626010700105060003000040,메가마트,부산광역시 동래구 충렬대로 197,607804,47737,,2,,129.081133844024,35.2045502617048,메가마트
MA0101202502A0086958,네일존,,S2,수리·개인,S207,이용·미용,S20703,네일숍,S96119,기타 미용업,26,부산광역시,26530,사상구,26530620,괘법동,2653010400,괘법동,2653010400105310002,1,대지,531,2,부산광역시 사상구 괘법동 531-2,265303139003,부산광역시 사상구 광장로,17,,2653010400105310002005013,이마트,부산광역시 사상구 광장로 17,617808,46970,,1,,128.978893016647,35.1642343045877,이마트
MA0101202502A0011790,매일약국,,G2,소매,G215,의약·화장품 소매,G21501,약국,G47811,의약품 및 의료용품 소매업,26,부산광역시,26470,연제구,26470660,연산2동,2647010200,연산동,2647010200108220007,1,대지,822,7,부산광역시 연제구 연산동 822-7,264703129044,부산광역시 연제구 연수로,89,,2647010200108220007015826,이마트,부산광역시 연제구 연수로 89,611840,47604,,2,,129.081309508809,35.1761518847322,이마트
MA0101202502A0061018,더벤티광복점,롯데마트,I2,음식,I212,비알코올 ,I21201,카페,I56221,커피 전문점,26,부산광역시,26110,중구,26110510,중앙동,2611011000,중앙동7가,2611011000100200001,1,대지,20,1,부산광역시 중구 중앙동7가 20-1,261102000010,부산광역시 중구 중앙대로,2,,2611011000100200001000001,롯데마트,부산광역시 중구 중앙대로 2,600017,48944,,,,129.036707345866,35.0983104003377,롯데마트
MA0101202411A0048286,컴포즈메가마트,동래점,I2,음식,I212,비알코올 ,I21201,카페,I56221,커피 전문점,26,부산광역시,26260,동래구,26260545,명륜동,2626010700,명륜동,2626010700105060003,1,대지,506,3,부산광역시 동래구 명륜동 506-3,262602006006,부산광역시 동래구 충렬대로,197,,2626010700105060003000040,메가마트,부산광역시 동래구 충렬대로 197,607804,47737,,1,,129.081133844024,35.2045502617048,메가마트
MA0106202201A2364721,이마트,해운대,I2,음식,I212,비알코올 ,I21201,카페,I56221,커피 전문점,26,부산광역시,26350,해운대구,26350530,중1동,2635010600,중동,2635010600117670000,1,대지,1767,,부산광역시 해운대구 중동 1767,263503133039,부산광역시 해운대구 좌동순환로,511,,2635010600117670000019106,,부산광역시 해운대구 좌동순환로 511,612851,48096,,,,129.167372481097,35.1660179546642,이마트
MA0106202201A1730250,롯데마트문화비,부산점,G2,소매,G204,종합 소매,G20404,슈퍼마켓,G47121,슈퍼마켓,26,부산광역시,26230,부산진구,26230640,부암1동,2623010800,부암동,2623010800102570000,1,대지,257,,부산광역시 부산진구 부암동 257,262302129001,부산광역시 부산진구 신천대로,241,,2623010800102400000000001,,부산광역시 부산진구 신천대로 241,614837,47187,,,,129.049322783607,35.1633062342067,롯데마트
MA0106202201A1711648,사하점문화비,롯데마트,G2,소매,G204,종합 소매,G20404,슈퍼마켓,G47121,슈퍼마켓,26,부산광역시,26380,사하구,26380580,장림1동,2638010500,장림동,2638010500110330002,1,대지,1033,2,부산광역시 사하구 장림동 1033-2,263802006011,부산광역시 사하구 을숙도대로,610,,2638010500110330002004243,,부산광역시 사하구 을숙도대로 610,604843,49472,,,,128.972312100943,35.0847852323566,롯데마트
MA0106202201A0563892,이마트,해운대점,G2,소매,G204,종합 소매,G20404,슈퍼마켓,G47121,슈퍼마켓,26,부산광역시,26350,해운대구,26350530,중1동,2635010600,중동,2635010600117670000,1,대지,1767,,부산광역시 해운대구 중동 1767,263503133039,부산광역시 해운대구 좌동순환로,511,,2635010600117670000019106,,부산광역시 해운대구 좌동순환로 511,612851,48096,,,,129.167372481097,35.1660179546642,이마트
MA0106202201A0664695,홈플러스도서문화비,아시아드점,G2,소매,G204,종합 소매,G20404,슈퍼마켓,G47121,슈퍼마켓,26,부산광역시,26470,연제구,26470620,거제2동,2647010100,거제동,2647010100112080000,1,대지,1208,,부산광역시 연제구 거제동 1208,264703130033,부산광역시 연제구 종합운동장로,7,,2647010100111980000009422,,부산광역시 연제구 종합운동장로 7,611807,47500,,,,129.062012486264,35.1912700712054,홈플러스
MA0106202201A0665176,홈플러스구남점일반,,G2,소매,G204,종합 소매,G20404,슈퍼마켓,G47121,슈퍼마켓,26,부산광역시,26320,북구,26320520,구포2동,2632010500,구포동,2632010500110910000,1,대지,1091,,부산광역시 북구 구포동 1091,263202006008,부산광역시 북구 백양대로,1013,,2632010500110910000002225,,부산광역시 북구 백양대로 1013,616807,46650,,,,128.994260438136,35.196280200331,홈플러스
MA0106202201A1756097,동래점문화비,롯데마트,G2,소매,G204,종합 소매,G20404,슈퍼마켓,G47121,슈퍼마켓,26,부산광역시,26260,동래구,26260560,온천2동,2626010800,온천동,2626010800105020003,1,대지,502,3,부산광역시 동래구 온천동 502-3,262602000010,부산광역시 동래구 중앙대로,1393,,2626010800105020003000477,,부산광역시 동래구 중앙대로 1393,607716,47727,,,,129.07747341266,35.2117052140663,롯데마트
MA0106202201A1743408,롯데마트문화비,화명점,G2,소매,G204,종합 소매,G20404,슈퍼마켓,G47121,슈퍼마켓,26,부산광역시,26320,북구,26320543,화명3동,2632010200,화명동,2632010200122730000,1,대지,2273,,부산광역시 북구 화명동 2273,263202132002,부산광역시 북구 화명대로,47,,2632010200122730000003931,,부산광역시 북구 화명대로 47,616744,46525,,,,129.013016593832,35.235170359171,롯데마트
MA0101202505A0057224,박승철헤어스투디오사상,이마트점,S2,수리·개인,S207,이용·미용,S20701,미용실,S96112,두발 미용업,26,부산광역시,26530,사상구,26530620,괘법동,2653010400,괘법동,2653010400105310002,1,대지,531,2,부산광역시 사상구 괘법동 531-2,265303139003,부산광역시 사상구 광장로,17,,2653010400105310002005013,이마트,부산광역시 사상구 광장로 17,617808,46970,,3,,128.978893016647,35.1642343045877,이마트
MA0101202505A0009095,홀리카홀리카이마트,금정점,G2,소매,G215,의약·화장품 소매,G21503,화장품 소매업,G46103,섬유; 의복; 신발 및 가죽제품 중개업,26,부산광역시,26410,금정구,26410680,구서1동,2641010700,구서동,2641010700103680000,1,대지,368,,부산광역시 금정구 구서동 368,264104205400,부산광역시 금정구 중앙대로1841번길,24,,2641010700103680000007216,이마트,부산광역시 금정구 중앙대로1841번길 24,609847,46233,,1,,129.090598612225,35.2499401418204,이마트
MA0106202201A0563503,이마트,문현점,G2,소매,G204,종합 소매,G20404,슈퍼마켓,G47121,슈퍼마켓,26,부산광역시,26290,남구,26290690,문현2동,2629010900,문현동,2629010900107510000,1,대지,751,,부산광역시 남구 문현동 751,262904006033,부산광역시 남구 전포대로91번길,47,,2629010900107590000018238,,부산광역시 남구 전포대로91번길 47,608827,48401,,,,129.064261051713,35.1443173585801,이마트
MA0106202201A0563746,이마트사상점,,G2,소매,G204,종합 소매,G20404,슈퍼마켓,G47121,슈퍼마켓,26,부산광역시,26530,사상구,26530620,괘법동,2653010400,괘법동,2653010400105310002,1,대지,531,2,부산광역시 사상구 괘법동 531-2,265303139003,부산광역시 사상구 광장로,17,,2653010400105310002005013,,부산광역시 사상구 광장로 17,617808,46970,,,,128.978893016647,35.1642343045877,이마트
MA0106202201A0665199,홈플러스도서문화비,센텀시티점,G2,소매,G204,종합 소매,G20404,슈퍼마켓,G47121,슈퍼마켓,26,부산광역시,26350,해운대구,26350520,우2동,2635010500,우동,2635010500114990000,1,대지,1499,,부산광역시 해운대구 우동 1499,263503133018,부산광역시 해운대구 센텀동로,6,,2635010500114490000023277,,부산광역시 해운대구 센텀동로 6,612022,48059,,,,129.133689814354,35.1709146307276,홈플러스
MA0101202505A0092746,홀리카홀리카아시아드,홈플러스점,G2,소매,G215,의약·화장품 소매,G21503,화장품 소매업,G46103,섬유; 의복; 신발 및 가죽제품 중개업,26,부산광역시,26470,연제구,26470620,거제2동,2647010100,거제동,2647010100112080000,1,대지,1208,,부산광역시 연제구 거제동 1208,264703130033,부산광역시 연제구 종합운동장로,7,,2647010100111980000009422,홈플러스아시아드,부산광역시 연제구 종합운동장로 7,611807,47500,,1,,129.062012486264,35.1912700712054,홈플러스
MA0101202503A0028879,연산트레이더스약국,,G2,소매,G215,의약·화장품 소매,G21501,약국,G47811,의약품 및 의료용품 소매업,26,부산광역시,26470,연제구,26470730,연산9동,2647010200,연산동,2647010200123740000,1,대지,2374,,부산광역시 연제구 연산동 2374,264703137034,부산광역시 연제구 좌수영로,241,,2647010200101370005000001,트레이더스연산점,부산광역시 연제구 좌수영로 241,611089,47569,,1,,129.11195372269,35.1850923075147,이마트 트레이더스
MA0101202503A0017492,메모리투어,,N1,시설관리·임대,N105,여행사·보조,N10501,여행사,N75210,여행사업,26,부산광역시,26260,동래구,26260560,온천2동,2626010800,온천동,2626010800105020003,1,대지,502,3,부산광역시 동래구 온천동 502-3,262602000010,부산광역시 동래구 중앙대로,1393,,2626010800105020003000477,롯데마트,부산광역시 동래구 중앙대로 1393,607716,47727,,2,,129.07747341266,35.2117052140663,롯데마트
MA0106202508A0497338,더케이피트니스사하문화비,롯데마트,R1,예술·스포츠,R103,스포츠 서비스,R10307,헬스장,R91132,체력 단련시설 운영업,26,부산광역시,26380,사하구,26380580,장림1동,2638010500,장림동,2638010500110330002,1,대지,1033,2,부산광역시 사하구 장림동 1033-2,263802006011,부산광역시 사하구 을숙도대로,610,,2638010500110330002004243,,부산광역시 사하구 을숙도대로 610,604843,49472,,,,128.972312100943,35.0847852323566,롯데마트
MA0106202509A2444138,오리엔탈게코정관,홈플러스점,G2,소매,G220,애완동물·용품 소매,G22001,애완동물/애완용품 소매업,G47852,애완용 동물 및 관련용품 소매업,26,부산광역시,26710,기장군,26710256,정관읍,2671025622,정관읍,2671025622107120001,1,대지,712,1,부산광역시 기장군 정관읍 매학리 712-1,267103140043,부산광역시 기장군 정관읍 정관5로,50,,2671032022107120001000001,,부산광역시 기장군 정관읍 정관5로 50,619963,46015,,,,129.176383817166,35.3230491085662,홈플러스
MA0106202507A0672012,오토오아시스 롯데마트 사상점,,G2,소매,G202,자동차 부품 소매,G20202,자동차 부품 소매업,G45219,기타 자동차 신품 부품 및 내장품 판매업,26,부산광역시,26530,사상구,26530680,엄궁동,2653010800,엄궁동,2653010800106900000,1,대지,690,,부산광역시 사상구 엄궁동 690,265302006002,부산광역시 사상구 낙동대로,733,,2653010800103570005008020,,부산광역시 사상구 낙동대로 733,617830,47032,,,,128.968364011655,35.1275926627189,롯데마트
MA0106202508A1929019,이가자헤어비스 이마트트레이더스 연산점,,S2,수리·개인,S207,이용·미용,S20701,미용실,S96111,이용업,26,부산광역시,26470,연제구,26470730,연산9동,2647010200,연산동,2647010200123740000,1,대지,2374,,부산광역시 연제구 연산동 2374,264703137034,부산광역시 연제구 좌수영로,241,,2647010200101370005000001,,부산광역시 연제구 좌수영로 241,611089,47569,,,,129.11195372269,35.1850923075147,이마트 트레이더스
MA0106202201A1701092,광복점문화비,롯데마트,G2,소매,G204,종합 소매,G20404,슈퍼마켓,G47121,슈퍼마켓,26,부산광역시,26110,중구,26110510,중앙동,2611011000,중앙동7가,2611011000100200001,1,대지,20,1,부산광역시 중구 중앙동7가 20-1,261102000010,부산광역시 중구 중앙대로,2,,2611011000100200001000001,,부산광역시 중구 중앙대로 2,600017,48944,,,,129.036707345866,35.0983104003377,롯데마트
MA0106202201A1743428,사상점문화비,롯데마트,G2,소매,G204,종합 소매,G20404,슈퍼마켓,G47121,슈퍼마켓,26,부산광역시,26530,사상구,26530680,엄궁동,2653010800,엄궁동,2653010800106900000,1,대지,690,,부산광역시 사상구 엄궁동 690,265302006002,부산광역시 사상구 낙동대로,733,,2653010800103570005008020,,부산광역시 사상구 낙동대로 733,617830,47032,,,,128.968364011655,35.1275926627189,롯데마트
MA0106202201A0664424,홈플러스도서부산문화비,연산점,G2,소매,G204,종합 소매,G20404,슈퍼마켓,G47121,슈퍼마켓,26,부산광역시,26470,연제구,26470650,연산1동,2647010200,연산동,2647010200101050001,1,대지,105,1,부산광역시 연제구 연산동 105-1,264703130026,부산광역시 연제구 반송로,88,,2647010200101050001000001,,부산광역시 연제구 반송로 88,611811,47552,,,,129.089338601254,35.1909637286266,홈플러스
MA0106202201A0563682,트레이더스홀세일클럽,명지점,G2,소매,G204,종합 소매,G20404,슈퍼마켓,G47121,슈퍼마켓,26,부산광역시,26440,강서구,26440535,명지1동,2644010400,명지동,2644010400134380000,1,대지,3438,,부산광역시 강서구 명지동 3438,264403350859,부산광역시 강서구 명지국제6로,168,,2644010400134380000000001,,부산광역시 강서구 명지국제6로 168,618200,46772,,,,128.91815006156,35.0931072787568,이마트 트레이더스
MA0106202201A1701090,롯데쇼핑광복점매장,롯데마트,G2,소매,G204,종합 소매,G20404,슈퍼마켓,G47121,슈퍼마켓,26,부산광역시,26110,중구,26110510,중앙동,2611011000,중앙동7가,2611011000100200001,1,대지,20,1,부산광역시 중구 중앙동7가 20-1,261102000010,부산광역시 중구 중앙대로,2,,2611011000100200001000001,,부산광역시 중구 중앙대로 2,600017,48944,,,,129.036707345866,35.0983104003377,롯데마트
MA0106202506A1333945,크린토피아 롯데마트부산점,,S2,수리·개인,S209,세탁,S20901,세탁소,S96912,가정용 세탁업,26,부산광역시,26230,부산진구,26230640,부암1동,2623010800,부암동,2623010800102570000,1,대지,257,,부산광역시 부산진구 부암동 257,262302129001,부산광역시 부산진구 신천대로,241,,2623010800102400000000001,,부산광역시 부산진구 신천대로 241,614837,47187,,,,129.049322783607,35.1633062342067,롯데마트
MA0106202201A1756055,메가마트Pandora,,G2,소매,G204,종합 소매,G20404,슈퍼마켓,G47121,슈퍼마켓,26,부산광역시,26260,동래구,26260545,명륜동,2626010700,명륜동,2626010700105060003,1,대지,506,3,부산광역시 동래구 명륜동 506-3,262602006006,부산광역시 동래구 충렬대로,197,,2626010700105060003000040,,부산광역시 동래구 충렬대로 197,607804,47737,,,,129.081133844024,35.2045502617048,메가마트
MA0106202201A0665096,홈플러스토곡점일반,,G2,소매,G204,종합 소매,G20404,슈퍼마켓,G47121,슈퍼마켓,26,부산광역시,26470,연제구,26470730,연산9동,2647010200,연산동,2647010200103990010,1,대지,399,10,부산광역시 연제구 연산동 399-10,264703006054,부산광역시 연제구 과정로,226,,2647010200103990010000046,,부산광역시 연제구 과정로 226,611817,47565,,,,129.102495011212,35.1881946971832,홈플러스
MA0106202201A0563970,이마트,연제점,G2,소매,G204,종합 소매,G20404,슈퍼마켓,G47121,슈퍼마켓,26,부산광역시,26470,연제구,26470660,연산2동,2647010200,연산동,2647010200108220007,1,대지,822,7,부산광역시 연제구 연산동 822-7,264703129044,부산광역시 연제구 연수로,89,,2647010200108220007015826,,부산광역시 연제구 연수로 89,611840,47604,,,,129.081309508809,35.1761518847322,이마트
MA0106202201A0664866,홈플러스다대포점,,G2,소매,G204,종합 소매,G20404,슈퍼마켓,G47121,슈퍼마켓,26,부산광역시,26380,사하구,26380601,다대1동,2638010600,다대동,2638010600115480018,1,대지,1548,18,부산광역시 사하구 다대동 1548-18,263804202164,부산광역시 사하구 다대낙조2길,3,,2638010600115480018041126,,부산광역시 사하구 다대낙조2길 3,604827,49505,,,,128.965851777272,35.0503925575017,홈플러스
MA0106202201A0665413,홈플러스도서문화비,가야점,G2,소매,G204,종합 소매,G20404,슈퍼마켓,G47121,슈퍼마켓,26,부산광역시,26230,부산진구,26230720,가야2동,2623011000,가야동,2623011000106240007,1,대지,624,7,부산광역시 부산진구 가야동 624-7,262302006015,부산광역시 부산진구 가야대로,506,,2623011000106240007000001,,부산광역시 부산진구 가야대로 506,614801,47324,,,,129.027315703707,35.1525111823615,홈플러스
MA0106202201A0664896,홈플러스익스프레스일반,부산대연점,G2,소매,G204,종합 소매,G20404,슈퍼마켓,G47121,슈퍼마켓,26,부산광역시,26290,남구,26290530,대연3동,2629010600,대연동,2629010600102450118,1,대지,245,118,부산광역시 남구 대연동 245-118,262904193469,부산광역시 남구 황령대로319번가길,194,,2629010600102450118000615,,부산광역시 남구 황령대로319번가길 194,608806,48426,,,,129.089406190168,35.15029344659,홈플러스
MA0106202201A0665034,홈플러스도서부산문화비,정관점,G2,소매,G204,종합 소매,G20404,슈퍼마켓,G47121,슈퍼마켓,26,부산광역시,26710,기장군,26710256,정관읍,2671025622,정관읍,2671025622107120001,1,대지,712,1,부산광역시 기장군 정관읍 매학리 712-1,267103140043,부산광역시 기장군 정관읍 정관5로,50,,2671032022107120001000001,,부산광역시 기장군 정관읍 정관5로 50,619963,46015,,,,129.176383817166,35.3230491085662,홈플러스
MA0106202201A0664880,홈플러스도서문화비,영도점,G2,소매,G204,종합 소매,G20404,슈퍼마켓,G47121,슈퍼마켓,26,부산광역시,26200,영도구,26200590,봉래1동,2620011600,봉래동2가,2620011600101510001,1,대지,151,1,부산광역시 영도구 봉래동2가 151-1,262004184050,부산광역시 영도구 대교로14번길,57,,2620011600101510001022365,,부산광역시 영도구 대교로14번길 57,606062,49004,,,,129.044235083049,35.0959036943445,홈플러스
MA0106202601A2439099,스피드메이트 이마트금정점,,S2,수리·개인,S203,자동차 수리·세차,S20302,자동차 세차장,S95213,자동차 세차업,26,부산광역시,26410,금정구,26410680,구서1동,2641010700,구서동,2641010700103680000,1,대지,368,,부산광역시 금정구 구서동 368,264104205400,부산광역시 금정구 중앙대로1841번길,24,,2641010700103680000007216,,부산광역시 금정구 중앙대로1841번길 24,609847,46233,,,,129.090598612225,35.2499401418204,이마트
MA0106202601A0662361,오토오아시스 롯데마트 사상점,,G2,소매,G202,자동차 부품 소매,G20202,자동차 부품 소매업,G45219,기타 자동차 신품 부품 및 내장품 판매업,26,부산광역시,26530,사상구,26530680,엄궁동,2653010800,엄궁동,2653010800106900000,1,대지,690,,부산광역시 사상구 엄궁동 690,265302006002,부산광역시 사상구 낙동대로,733,,2653010800103570005008020,,부산광역시 사상구 낙동대로 733,617830,47032,,,,128.968364011655,35.1275926627189,롯데마트
MA0106202510A1779003,롯데마트공무원복지,화명점,G2,소매,G204,종합 소매,G20404,슈퍼마켓,G47121,슈퍼마켓,26,부산광역시,26320,북구,26320543,화명3동,2632010200,화명동,2632010200122730000,1,대지,2273,,부산광역시 북구 화명동 2273,263202132002,부산광역시 북구 화명대로,47,,2632010200122730000003931,,부산광역시 북구 화명대로 47,616744,46525,,,,129.013016593832,35.235170359171,롯데마트
