상가업소번호,상호명,지점명,상권업종대분류코드,상권업종대분류명,상권업종중분류코드,상권업종중분류명,상권업종소분류코드,상권업종소분류명,표준산업분류코드,표준산업분류명,시도코드,시도명,시군구코드,시군구명,행정동코드,행정동명,법정동코드,법정동명,지번코드,대지구분코드,대지구분명,지번본번지,지번부번지,지번주소,도로명코드,도로명,건물본번지,건물부번지,건물관리번호,건물명,도로명주소,구우편번호,신우편번호,동정보,층정보,호정보,경도,위도,백화점브랜드
MA010120220804863016,코오롱스포츠조정현,,G2,소매,G209,섬유·의복·신발 소매,G20905,기타 의류 소매업,G47419,기타 의복 소매업,26,부산광역시,26170,동구,26170660,범일2동,2617010400,범일동,2617010400100620005,1,대지,62,5,부산광역시 동구 범일동 62-5,261703127051,부산광역시 동구 범일로,125,,2617010400100620005005551,현대백화점,부산광역시 동구 범일로 125,601718,48735,,6,,129.058567919742,35.1413052322577,현대백화점
MA010120220814022964,분크,,G2,소매,G209,섬유·의복·신발 소매,G20911,가방 소매업,G47440,가방 및 기타 가죽제품 소매업,26,부산광역시,26230,부산진구,26230520,부전2동,2623010300,부전동,2623010300105030015,1,대지,503,15,부산광역시 부산진구 부전동 503-15,262302006015,부산광역시 부산진구 가야대로,772,,2623010300105030015004104,롯데백화점,부산광역시 부산진구 가야대로 772,614732,47285,,1,,129.056412549351,35.1567968046828,롯데백화점
MA010120220803005390,신세계푸드다이아몬드라운지,,I2,음식,I207,구내식당·뷔페,I20701,구내식당,I56111,한식 일반 음식점업,26,부산광역시,26350,해운대구,26350520,우2동,2635010500,우동,2635010500114950000,1,대지,1495,,부산광역시 해운대구 우동 1495,263502133001,부산광역시 해운대구 센텀남대로,35,,2635010500114950000000001,신세계백화점,부산광역시 해운대구 센텀남대로 35,612022,48058,,2,,129.129519598026,35.1688162817484,신세계백화점
MA010120220809604930,인디고뱅크키즈,,G2,소매,G209,섬유·의복·신발 소매,G20905,기타 의류 소매업,G47419,기타 의복 소매업,26,부산광역시,26350,해운대구,26350551,좌1동,2635010700,좌동,2635010700114670004,1,대지,1467,4,부산광역시 해운대구 좌동 1467-4,263502006010,부산광역시 해운대구 해운대로,813,,2635010700114670004003745,C백화점,부산광역시 해운대구 해운대로 813,612836,48106,,6,,129.177051032177,35.1705302447392,NC백화점
MA010120220802514675,미소정육,백화점,G2,소매,G205,식료품 소매,G20503,정육점,G47212,육류 소매업,26,부산광역시,26380,사하구,26380580,장림1동,2638010500,장림동,2638010500103250086,1,대지,325,86,부산광역시 사하구 장림동 325-86,263803134023,부산광역시 사하구 장림번영로,47,,2638010500103250086001353,,부산광역시 사하구 장림번영로 47,604843,49475,,1,,128.970385492335,35.0808062738982,기타/미상
MA010120220810628951,수림,,G2,소매,G205,식료품 소매,G20509,반찬/식료품 소매업,G47219,기타 식료품 소매업,26,부산광역시,26230,부산진구,26230520,부전2동,2623010300,부전동,2623010300105030015,1,대지,503,15,부산광역시 부산진구 부전동 503-15,262302006015,부산광역시 부산진구 가야대로,772,,2623010300105030015004104,롯데백화점,부산광역시 부산진구 가야대로 772,614732,47285,,1,,129.056412549351,35.1567968046828,롯데백화점
MA010120220808464934,신세계센텀SW,,G2,소매,G209,섬유·의복·신발 소매,G20901,남성 의류 소매업,G47411,남자용 겉옷 소매업,26,부산광역시,26350,해운대구,26350520,우2동,2635010500,우동,2635010500114950000,1,대지,1495,,부산광역시 해운대구 우동 1495,263502133001,부산광역시 해운대구 센텀남대로,35,,2635010500114950000000001,신세계백화점,부산광역시 해운대구 센텀남대로 35,612022,48058,,5,,129.129519598026,35.1688162817484,신세계백화점
MA010120220810606208,KJ유통,,G2,소매,G209,섬유·의복·신발 소매,G20905,기타 의류 소매업,G47419,기타 의복 소매업,26,부산광역시,26230,부산진구,26230520,부전2동,2623010300,부전동,2623010300105030015,1,대지,503,15,부산광역시 부산진구 부전동 503-15,262302006015,부산광역시 부산진구 가야대로,772,,2623010300105030015004104,롯데백화점,부산광역시 부산진구 가야대로 772,614732,47285,,,,129.056412549351,35.1567968046828,롯데백화점
MA010120220803012077,미즈노롯데센텀시티,백화점,G2,소매,G209,섬유·의복·신발 소매,G20905,기타 의류 소매업,G47419,기타 의복 소매업,26,부산광역시,26350,해운대구,26350520,우2동,2635010500,우동,2635010500114960000,1,대지,1496,,부산광역시 해운대구 우동 1496,263502133001,부산광역시 해운대구 센텀남대로,59,,2635010500114960000000001,롯데백화점,부산광역시 해운대구 센텀남대로 59,612022,48058,,5,,129.131072074388,35.1698523216207,롯데백화점
MA010120220809709446,골든구스디럭스브랜드롯데부산,,G2,소매,G209,섬유·의복·신발 소매,G20910,신발 소매업,G47430,신발 소매업,26,부산광역시,26230,부산진구,26230520,부전2동,2623010300,부전동,2623010300105030015,1,대지,503,15,부산광역시 부산진구 부전동 503-15,262302006015,부산광역시 부산진구 가야대로,772,,2623010300105030015004104,롯데백화점,부산광역시 부산진구 가야대로 772,614732,47285,,1,,129.056412549351,35.1567968046828,롯데백화점
MA010120220802985514,김영태스시부,산본점,I2,음식,I203,일식,I20301,일식 회/초밥,I56122,일식 음식점업,26,부산광역시,26230,부산진구,26230520,부전2동,2623010300,부전동,2623010300105030015,1,대지,503,15,부산광역시 부산진구 부전동 503-15,262302006015,부산광역시 부산진구 가야대로,772,,2623010300105030015004104,롯데백화점,부산광역시 부산진구 가야대로 772,614732,47285,,9,,129.056412549351,35.1567968046828,롯데백화점
MA010120220809586208,금양인터내셔날롯데,동래점,G2,소매,G206,음료 소매,G20602,주류 소매업,G47221,음료 소매업,26,부산광역시,26260,동래구,26260560,온천2동,2626010800,온천동,2626010800105020003,1,대지,502,3,부산광역시 동래구 온천동 502-3,262602000010,부산광역시 동래구 중앙대로,1393,,2626010800105020003000477,롯데백화점,부산광역시 동래구 중앙대로 1393,607716,47727,,,,129.07747341266,35.2117052140663,롯데백화점
MA010120220805525547,마스터바니크리스메프엔씨,,G2,소매,G209,섬유·의복·신발 소매,G20905,기타 의류 소매업,G47419,기타 의복 소매업,26,부산광역시,26260,동래구,26260560,온천2동,2626010800,온천동,2626010800105020003,1,대지,502,3,부산광역시 동래구 온천동 502-3,262602000010,부산광역시 동래구 중앙대로,1393,,2626010800105020003000477,롯데백화점,부산광역시 동래구 중앙대로 1393,607716,47727,,6,,129.07747341266,35.2117052140663,롯데백화점
MA010120220800371286,유닛,광복점,G2,소매,G209,섬유·의복·신발 소매,G20902,여성 의류 소매업,G47412,여자용 겉옷 소매업,26,부산광역시,26110,중구,26110510,중앙동,2611011000,중앙동7가,2611011000100200003,1,대지,20,3,부산광역시 중구 중앙동7가 20-3,261102000010,부산광역시 중구 중앙대로,2,,2611011000100200001000001,롯데백화점,부산광역시 중구 중앙대로 2,600017,48944,,4,,129.036707345866,35.0983104003377,롯데백화점
MA010120220810396651,에스앤에스컴퍼니부산,서면점,I2,음식,I201,한식,I20101,백반/한정식,I56111,한식 일반 음식점업,26,부산광역시,26230,부산진구,26230520,부전2동,2623010300,부전동,2623010300105030015,1,대지,503,15,부산광역시 부산진구 부전동 503-15,262302006015,부산광역시 부산진구 가야대로,772,,2623010300105030015004104,롯데백화점,부산광역시 부산진구 가야대로 772,614732,47285,,1,,129.056412549351,35.1567968046828,롯데백화점
MA010120220807115387,마운티아,,G2,소매,G209,섬유·의복·신발 소매,G20911,가방 소매업,G47440,가방 및 기타 가죽제품 소매업,26,부산광역시,26230,부산진구,26230600,전포1동,2623010200,전포동,2623010200106680001,1,대지,668,1,부산광역시 부산진구 전포동 668-1,262303129010,부산광역시 부산진구 동천로,92,,2623010200106680001044509,C백화점,부산광역시 부산진구 동천로 92,614772,47293,,4,,129.063013297817,35.1570359960725,NC백화점
MA010120220803401510,최연옥신세계백화점,센텀점,G2,소매,G209,섬유·의복·신발 소매,G20902,여성 의류 소매업,G47412,여자용 겉옷 소매업,26,부산광역시,26350,해운대구,26350520,우2동,2635010500,우동,2635010500114950000,1,대지,1495,,부산광역시 해운대구 우동 1495,263502133001,부산광역시 해운대구 센텀남대로,35,,2635010500114950000000001,신세계백화점,부산광역시 해운대구 센텀남대로 35,612022,48058,,2,,129.129519598026,35.1688162817484,신세계백화점
MA010120220809770618,소다,,G2,소매,G209,섬유·의복·신발 소매,G20910,신발 소매업,G47430,신발 소매업,26,부산광역시,26110,중구,26110510,중앙동,2611011000,중앙동7가,2611011000100200001,1,대지,20,1,부산광역시 중구 중앙동7가 20-1,261102000010,부산광역시 중구 중앙대로,2,,2611011000100200001000001,롯데백화점,부산광역시 중구 중앙대로 2,600017,48944,,2,,129.036707345866,35.0983104003377,롯데백화점
MA010120220808122875,철마고기,백화점,G2,소매,G205,식료품 소매,G20503,정육점,G47212,육류 소매업,26,부산광역시,26140,서구,26140510,동대신1동,2614010100,동대신동1가,2614010100101020003,1,대지,102,3,부산광역시 서구 동대신동1가 102-3,261403125009,부산광역시 서구 대영로,92,,2614010100101020003021372,,부산광역시 서구 대영로 92,602808,49219,,,,129.021078737091,35.1110533261486,기타/미상
MA010120220810668958,정빈에프앤비주,,I2,음식,I201,한식,I20101,백반/한정식,I56111,한식 일반 음식점업,26,부산광역시,26170,동구,26170660,범일2동,2617010400,범일동,2617010400100620005,1,대지,62,5,부산광역시 동구 범일동 62-5,261703127051,부산광역시 동구 범일로,125,,2617010400100620005005551,현대백화점,부산광역시 동구 범일로 125,601718,48735,,,,129.058567919742,35.1413052322577,현대백화점
MA010120220810777463,한샘인테리어명륜,대리점,G2,소매,G211,가구 소매,G21101,가구 소매업,G47520,가구 소매업,26,부산광역시,26260,동래구,26260560,온천2동,2626010800,온천동,2626010800105020003,1,대지,502,3,부산광역시 동래구 온천동 502-3,262602000010,부산광역시 동래구 중앙대로,1393,,2626010800105020003000477,롯데백화점,부산광역시 동래구 중앙대로 1393,607716,47727,,1,,129.07747341266,35.2117052140663,롯데백화점
MA010120220810459574,오투스.정수기,백화점,N1,시설관리·임대,N110,가정용품 대여,N11099,기타 개인/가정용품 대여업,N76299,그 외 기타 개인 및 가정용품 임대업,26,부산광역시,26260,동래구,26260550,온천1동,2626010800,온천동,2626010800101990007,1,대지,199,7,부산광역시 동래구 온천동 199-7,262603130019,부산광역시 동래구 차밭골로,34,,2626010800101990007000001,,부산광역시 동래구 차밭골로 34,607833,47705,,,,129.078039239094,35.2171024077825,기타/미상
MA010120220810472838,로가디스,,G2,소매,G209,섬유·의복·신발 소매,G20901,남성 의류 소매업,G47411,남자용 겉옷 소매업,26,부산광역시,26110,중구,26110510,중앙동,2611011000,중앙동7가,2611011000100200001,1,대지,20,1,부산광역시 중구 중앙동7가 20-1,261102000010,부산광역시 중구 중앙대로,2,,2611011000100200001000001,롯데백화점,부산광역시 중구 중앙대로 2,600017,48944,,,,129.036707345866,35.0983104003377,롯데백화점
MA010120220808646459,슈콤마보니,,G2,소매,G209,섬유·의복·신발 소매,G20910,신발 소매업,G47430,신발 소매업,26,부산광역시,26110,중구,26110510,중앙동,2611011000,중앙동7가,2611011000100200001,1,대지,20,1,부산광역시 중구 중앙동7가 20-1,261102000010,부산광역시 중구 중앙대로,2,,2611011000100200001000001,롯데백화점,부산광역시 중구 중앙대로 2,600017,48944,,,,129.036707345866,35.0983104003377,롯데백화점
MA010120220806791422,롯데백화점압소바,부산점,G2,소매,G209,섬유·의복·신발 소매,G20903,유아용 의류 소매업,G47417,유아용 의류 소매업,26,부산광역시,26230,부산진구,26230520,부전2동,2623010300,부전동,2623010300105030015,1,대지,503,15,부산광역시 부산진구 부전동 503-15,262302006015,부산광역시 부산진구 가야대로,772,,2623010300105030015004104,롯데백화점,부산광역시 부산진구 가야대로 772,614732,47285,,6,,129.056412549351,35.1567968046828,롯데백화점
MA010120220809889867,밀화,,I2,음식,I201,한식,I20101,백반/한정식,I56111,한식 일반 음식점업,26,부산광역시,26350,해운대구,26350520,우2동,2635010500,우동,2635010500114950000,1,대지,1495,,부산광역시 해운대구 우동 1495,263502133001,부산광역시 해운대구 센텀남대로,35,,2635010500114950000000001,신세계백화점,부산광역시 해운대구 센텀남대로 35,612022,48058,,9,,129.129519598026,35.1688162817484,신세계백화점
MA010120220810629950,신세계톰보이,,G2,소매,G209,섬유·의복·신발 소매,G20902,여성 의류 소매업,G47412,여자용 겉옷 소매업,26,부산광역시,26230,부산진구,26230520,부전2동,2623010300,부전동,2623010300105030015,1,대지,503,15,부산광역시 부산진구 부전동 503-15,262302006015,부산광역시 부산진구 가야대로,772,,2623010300105030015004104,롯데백화점,부산광역시 부산진구 가야대로 772,614732,47285,,2,,129.056412549351,35.1567968046828,신세계백화점
MA010120220811769917,올포유,,G2,소매,G209,섬유·의복·신발 소매,G20905,기타 의류 소매업,G47419,기타 의복 소매업,26,부산광역시,26350,해운대구,26350551,좌1동,2635010700,좌동,2635010700114670004,1,대지,1467,4,부산광역시 해운대구 좌동 1467-4,263502006010,부산광역시 해운대구 해운대로,813,,2635010700114670004003745,C백화점,부산광역시 해운대구 해운대로 813,612836,48106,,5,,129.177051032177,35.1705302447392,NC백화점
MA010120220808544683,최연옥디자인,,G2,소매,G209,섬유·의복·신발 소매,G20902,여성 의류 소매업,G47412,여자용 겉옷 소매업,26,부산광역시,26230,부산진구,26230520,부전2동,2623010300,부전동,2623010300105030015,1,대지,503,15,부산광역시 부산진구 부전동 503-15,262302006015,부산광역시 부산진구 가야대로,772,,2623010300105030015004104,롯데백화점,부산광역시 부산진구 가야대로 772,614732,47285,,3,,129.056412549351,35.1567968046828,롯데백화점
MA010120220805342405,미즈노골프,,G2,소매,G209,섬유·의복·신발 소매,G20905,기타 의류 소매업,G47419,기타 의복 소매업,26,부산광역시,26110,중구,26110510,중앙동,2611011000,중앙동7가,2611011000100190000,1,대지,19,,부산광역시 중구 중앙동7가 19,261102000010,부산광역시 중구 중앙대로,2,,2611011000100200001000001,롯데백화점,부산광역시 중구 중앙대로 2,600017,48944,,7,,129.036707345866,35.0983104003377,롯데백화점
MA010120220812388828,아가방,,G2,소매,G209,섬유·의복·신발 소매,G20903,유아용 의류 소매업,G47417,유아용 의류 소매업,26,부산광역시,26350,해운대구,26350551,좌1동,2635010700,좌동,2635010700114670004,1,대지,1467,4,부산광역시 해운대구 좌동 1467-4,263502006010,부산광역시 해운대구 해운대로,813,,2635010700114670004003745,해운대NC백화점,부산광역시 해운대구 해운대로 813,612836,48106,,6,,129.177051032177,35.1705302447392,NC백화점
MA010120220808789724,미셸NC,해운대,G2,소매,G209,섬유·의복·신발 소매,G20910,신발 소매업,G47430,신발 소매업,26,부산광역시,26350,해운대구,26350551,좌1동,2635010700,좌동,2635010700114670004,1,대지,1467,4,부산광역시 해운대구 좌동 1467-4,263502006010,부산광역시 해운대구 해운대로,813,,2635010700114670004003745,C백화점,부산광역시 해운대구 해운대로 813,612836,48106,,1,,129.177051032177,35.1705302447392,NC백화점
MA010120220813018147,롯데부N21,산본점,G2,소매,G209,섬유·의복·신발 소매,G20902,여성 의류 소매업,G47412,여자용 겉옷 소매업,26,부산광역시,26230,부산진구,26230520,부전2동,2623010300,부전동,2623010300105030015,1,대지,503,15,부산광역시 부산진구 부전동 503-15,262302006015,부산광역시 부산진구 가야대로,772,,2623010300105030015004104,롯데백화점,부산광역시 부산진구 가야대로 772,614732,47285,,2,,129.056412549351,35.1567968046828,롯데백화점
MA010120220813940559,명보아이엔씨,롯데광복점,G2,소매,G217,시계·귀금속 소매,G21701,시계/귀금속 소매업,G47830,시계 및 귀금속 소매업,26,부산광역시,26110,중구,26110510,중앙동,2611011000,중앙동7가,2611011000100200001,1,대지,20,1,부산광역시 중구 중앙동7가 20-1,261102000010,부산광역시 중구 중앙대로,2,,2611011000100200001000001,롯데백화점,부산광역시 중구 중앙대로 2,600017,48944,,1,,129.036707345866,35.0983104003377,롯데백화점
MA010120220805424802,풋조이,,G2,소매,G213,오락용품 소매,G21304,운동용품 소매업,G47631,운동 및 경기용품 소매업,26,부산광역시,26350,해운대구,26350520,우2동,2635010500,우동,2635010500114950000,1,대지,1495,,부산광역시 해운대구 우동 1495,263502133001,부산광역시 해운대구 센텀남대로,35,,2635010500114950000000001,신세계백화점,부산광역시 해운대구 센텀남대로 35,612022,48058,,6,,129.129519598026,35.1688162817484,신세계백화점
MA010120220810477965,닥스구두,,G2,소매,G209,섬유·의복·신발 소매,G20910,신발 소매업,G47430,신발 소매업,26,부산광역시,26110,중구,26110510,중앙동,2611011000,중앙동7가,2611011000100200001,1,대지,20,1,부산광역시 중구 중앙동7가 20-1,261102000010,부산광역시 중구 중앙대로,2,,2611011000100200001000001,롯데백화점,부산광역시 중구 중앙대로 2,600017,48944,,5,,129.036707345866,35.0983104003377,롯데백화점
MA010120220803028929,롯데부산폴로,,G2,소매,G209,섬유·의복·신발 소매,G20901,남성 의류 소매업,G47411,남자용 겉옷 소매업,26,부산광역시,26230,부산진구,26230520,부전2동,2623010300,부전동,2623010300105030015,1,대지,503,15,부산광역시 부산진구 부전동 503-15,262302006015,부산광역시 부산진구 가야대로,772,,2623010300105030015004104,롯데백화점,부산광역시 부산진구 가야대로 772,614732,47285,,4,,129.056412549351,35.1567968046828,롯데백화점
MA010120220811461796,루이비통부산신세계센텀시티,코리아,G2,소매,G209,섬유·의복·신발 소매,G20911,가방 소매업,G47440,가방 및 기타 가죽제품 소매업,26,부산광역시,26350,해운대구,26350520,우2동,2635010500,우동,2635010500114950000,1,대지,1495,,부산광역시 해운대구 우동 1495,263502133001,부산광역시 해운대구 센텀남대로,35,,2635010500114950000000001,신세계백화점,부산광역시 해운대구 센텀남대로 35,612022,48058,,,,129.129519598026,35.1688162817484,신세계백화점
MA010120220811681683,오브제롯데센텀,,G2,소매,G209,섬유·의복·신발 소매,G20902,여성 의류 소매업,G47412,여자용 겉옷 소매업,26,부산광역시,26350,해운대구,26350520,우2동,2635010500,우동,2635010500114960000,1,대지,1496,,부산광역시 해운대구 우동 1496,263502133001,부산광역시 해운대구 센텀남대로,59,,2635010500114960000000001,롯데백화점,부산광역시 해운대구 센텀남대로 59,612022,48058,,4,,129.131072074388,35.1698523216207,롯데백화점
MA010120220810472588,usnthem,,G2,소매,G209,섬유·의복·신발 소매,G20902,여성 의류 소매업,G47412,여자용 겉옷 소매업,26,부산광역시,26110,중구,26110510,중앙동,2611011000,중앙동7가,2611011000100200001,1,대지,20,1,부산광역시 중구 중앙동7가 20-1,261102000010,부산광역시 중구 중앙대로,2,,2611011000100200001000001,롯데백화점,부산광역시 중구 중앙대로 2,600017,48944,,2,,129.036707345866,35.0983104003377,롯데백화점
MA010120220808807850,폴햄키즈,,G2,소매,G209,섬유·의복·신발 소매,G20905,기타 의류 소매업,G47419,기타 의복 소매업,26,부산광역시,26110,중구,26110510,중앙동,2611010900,중앙동6가,2611010900100360004,1,대지,36,4,부산광역시 중구 중앙동6가 36-4,261102000010,부산광역시 중구 중앙대로,2,,2611011000100200001000001,롯데백화점,부산광역시 중구 중앙대로 2,600016,48944,,8,,129.036707345866,35.0983104003377,롯데백화점
MA010120220811402740,현대부산한미란,,G2,소매,G209,섬유·의복·신발 소매,G20902,여성 의류 소매업,G47412,여자용 겉옷 소매업,26,부산광역시,26170,동구,26170660,범일2동,2617010400,범일동,2617010400100620005,1,대지,62,5,부산광역시 동구 범일동 62-5,261703127051,부산광역시 동구 범일로,125,,2617010400100620005005551,현대백화점,부산광역시 동구 범일로 125,601718,48735,,3,,129.058567919742,35.1413052322577,현대백화점
MA010120220813895418,라코스테,,G2,소매,G209,섬유·의복·신발 소매,G20910,신발 소매업,G47430,신발 소매업,26,부산광역시,26260,동래구,26260560,온천2동,2626010800,온천동,2626010800105020003,1,대지,502,3,부산광역시 동래구 온천동 502-3,262602000010,부산광역시 동래구 중앙대로,1393,,2626010800105020003000477,롯데백화점,부산광역시 동래구 중앙대로 1393,607716,47727,,5,,129.07747341266,35.2117052140663,롯데백화점
MA010120220808218404,씨앤보코,,G2,소매,G209,섬유·의복·신발 소매,G20902,여성 의류 소매업,G47412,여자용 겉옷 소매업,26,부산광역시,26260,동래구,26260560,온천2동,2626010800,온천동,2626010800105020003,1,대지,502,3,부산광역시 동래구 온천동 502-3,262602000010,부산광역시 동래구 중앙대로,1393,,2626010800105020003000477,동래롯데백화점,부산광역시 동래구 중앙대로 1393,607716,47727,,3,,129.07747341266,35.2117052140663,롯데백화점
MA010120220812508573,현대엠포리오아르마니,백화점,G2,소매,G209,섬유·의복·신발 소매,G20902,여성 의류 소매업,G47412,여자용 겉옷 소매업,26,부산광역시,26170,동구,26170660,범일2동,2617010400,범일동,2617010400100620005,1,대지,62,5,부산광역시 동구 범일동 62-5,261703127051,부산광역시 동구 범일로,125,,2617010400100620005005551,현대백화점,부산광역시 동구 범일로 125,601718,48735,,4,,129.058567919742,35.1413052322577,현대백화점
MA010120220811431872,조스포츠,,G2,소매,G209,섬유·의복·신발 소매,G20905,기타 의류 소매업,G47419,기타 의복 소매업,26,부산광역시,26170,동구,26170660,범일2동,2617010400,범일동,2617010400100620005,1,대지,62,5,부산광역시 동구 범일동 62-5,261703127051,부산광역시 동구 범일로,125,,2617010400100620005005551,현대백화점,부산광역시 동구 범일로 125,601718,48735,,,,129.058567919742,35.1413052322577,현대백화점
MA010120220811927751,더드림정육,백화점,G2,소매,G205,식료품 소매,G20503,정육점,G47212,육류 소매업,26,부산광역시,26380,사하구,26380601,다대1동,2638010600,다대동,2638010600101540000,1,대지,154,,부산광역시 사하구 다대동 154,263803134007,부산광역시 사하구 다대로,502,,2638010600101530001000001,,부산광역시 사하구 다대로 502,604823,49493,,,,128.974065343622,35.0606318517226,기타/미상
MA010120220810701016,신세계센텀닥스ACC,,G2,소매,G209,섬유·의복·신발 소매,G20911,가방 소매업,G47440,가방 및 기타 가죽제품 소매업,26,부산광역시,26350,해운대구,26350520,우2동,2635010500,우동,2635010500114950000,1,대지,1495,,부산광역시 해운대구 우동 1495,263502133001,부산광역시 해운대구 센텀남대로,35,,2635010500114950000000001,신세계백화점,부산광역시 해운대구 센텀남대로 35,612022,48058,,1,,129.129519598026,35.1688162817484,신세계백화점
MA010120220810646927,웅가로셔츠,,G2,소매,G209,섬유·의복·신발 소매,G20905,기타 의류 소매업,G47414,셔츠 및 블라우스 소매업,26,부산광역시,26230,부산진구,26230520,부전2동,2623010300,부전동,2623010300105030015,1,대지,503,15,부산광역시 부산진구 부전동 503-15,262302006015,부산광역시 부산진구 가야대로,772,,2623010300105030015004104,롯데백화점,부산광역시 부산진구 가야대로 772,614732,47285,,4,,129.056412549351,35.1567968046828,롯데백화점
MA010120220810622099,스피드서비스,,S2,수리·개인,S206,기타 가정용품 수리,S20602,가죽/가방/신발 수선업,S95392,가죽; 가방 및 신발 수리업,26,부산광역시,26230,부산진구,26230520,부전2동,2623010300,부전동,2623010300105030015,1,대지,503,15,부산광역시 부산진구 부전동 503-15,262302006015,부산광역시 부산진구 가야대로,772,,2623010300105030015004104,롯데백화점,부산광역시 부산진구 가야대로 772,614732,47285,,1,,129.056412549351,35.1567968046828,롯데백화점
MA010120220810643937,율신상사,,G2,소매,G209,섬유·의복·신발 소매,G20905,기타 의류 소매업,G47414,셔츠 및 블라우스 소매업,26,부산광역시,26230,부산진구,26230520,부전2동,2623010300,부전동,2623010300105030015,1,대지,503,15,부산광역시 부산진구 부전동 503-15,262302006015,부산광역시 부산진구 가야대로,772,,2623010300105030015004104,롯데백화점,부산광역시 부산진구 가야대로 772,614732,47285,,4,,129.056412549351,35.1567968046828,롯데백화점
MA010120220808840535,폴햄키즈,,G2,소매,G209,섬유·의복·신발 소매,G20903,유아용 의류 소매업,G47417,유아용 의류 소매업,26,부산광역시,26230,부산진구,26230600,전포1동,2623010200,전포동,2623010200106680001,1,대지,668,1,부산광역시 부산진구 전포동 668-1,262303129010,부산광역시 부산진구 동천로,92,,2623010200106680001044509,서면NC백화점,부산광역시 부산진구 동천로 92,614772,47293,,3,,129.063013297817,35.1570359960725,NC백화점
MA010120220812610676,안다르,,G2,소매,G209,섬유·의복·신발 소매,G20905,기타 의류 소매업,G47419,기타 의복 소매업,26,부산광역시,26350,해운대구,26350520,우2동,2635010500,우동,2635010500114960000,1,대지,1496,,부산광역시 해운대구 우동 1496,263502133001,부산광역시 해운대구 센텀남대로,59,,2635010500114960000000001,롯데백화점,부산광역시 해운대구 센텀남대로 59,612022,48058,,5,,129.131072074388,35.1698523216207,롯데백화점
MA010120220800843893,롯데부산플라스틱아일랜드,,G2,소매,G209,섬유·의복·신발 소매,G20902,여성 의류 소매업,G47412,여자용 겉옷 소매업,26,부산광역시,26230,부산진구,26230520,부전2동,2623010300,부전동,2623010300105030015,1,대지,503,15,부산광역시 부산진구 부전동 503-15,262302006015,부산광역시 부산진구 가야대로,772,,2623010300105030015004104,롯데백화점,부산광역시 부산진구 가야대로 772,614732,47285,,2,,129.056412549351,35.1567968046828,롯데백화점
MA010120220810766373,게스키즈현대백화점,부산점,G2,소매,G209,섬유·의복·신발 소매,G20905,기타 의류 소매업,G47419,기타 의복 소매업,26,부산광역시,26170,동구,26170660,범일2동,2617010400,범일동,2617010400100620005,1,대지,62,5,부산광역시 동구 범일동 62-5,261703127051,부산광역시 동구 범일로,125,,2617010400100620005005551,현대백화점,부산광역시 동구 범일로 125,601718,48735,,7,,129.058567919742,35.1413052322577,현대백화점
MA010120220811471128,프로스팩스서면NC점,,G2,소매,G209,섬유·의복·신발 소매,G20905,기타 의류 소매업,G47419,기타 의복 소매업,26,부산광역시,26230,부산진구,26230600,전포1동,2623010200,전포동,2623010200106680001,1,대지,668,1,부산광역시 부산진구 전포동 668-1,262303129010,부산광역시 부산진구 동천로,92,,2623010200106680001044509,C백화점,부산광역시 부산진구 동천로 92,614772,47293,,2,,129.063013297817,35.1570359960725,NC백화점
MA010120220806930102,휠라키즈롯데광복,,G2,소매,G209,섬유·의복·신발 소매,G20905,기타 의류 소매업,G47419,기타 의복 소매업,26,부산광역시,26110,중구,26110510,중앙동,2611011000,중앙동7가,2611011000100200001,1,대지,20,1,부산광역시 중구 중앙동7가 20-1,261102000010,부산광역시 중구 중앙대로,2,,2611011000100200001000001,롯데백화점,부산광역시 중구 중앙대로 2,600017,48944,,8,,129.036707345866,35.0983104003377,롯데백화점
MA010120220809924200,오가닉맘현대백화점,부산점,G2,소매,G209,섬유·의복·신발 소매,G20903,유아용 의류 소매업,G47417,유아용 의류 소매업,26,부산광역시,26170,동구,26170660,범일2동,2617010400,범일동,2617010400100620005,1,대지,62,5,부산광역시 동구 범일동 62-5,261703127051,부산광역시 동구 범일로,125,,2617010400100620005005551,현대백화점,부산광역시 동구 범일로 125,601718,48735,,7,,129.058567919742,35.1413052322577,현대백화점
MA010120220811390057,동보약국,,G2,소매,G215,의약·화장품 소매,G21501,약국,G47811,의약품 및 의료용품 소매업,26,부산광역시,26230,부산진구,26230520,부전2동,2623010300,부전동,2623010300105030015,1,대지,503,15,부산광역시 부산진구 부전동 503-15,262302006015,부산광역시 부산진구 가야대로,772,,2623010300105030015004104,롯데백화점,부산광역시 부산진구 가야대로 772,614732,47285,,1,,129.056412549351,35.1567968046828,롯데백화점
MA010120220812548241,러브앤쇼,,G2,소매,G209,섬유·의복·신발 소매,G20902,여성 의류 소매업,G47412,여자용 겉옷 소매업,26,부산광역시,26230,부산진구,26230520,부전2동,2623010300,부전동,2623010300105030015,1,대지,503,15,부산광역시 부산진구 부전동 503-15,262302006015,부산광역시 부산진구 가야대로,772,,2623010300105030015004104,롯데백화점,부산광역시 부산진구 가야대로 772,614732,47285,,2,,129.056412549351,35.1567968046828,롯데백화점
MA010120220805388123,롬카페롯데광복,백화점,I2,음식,I212,비알코올 ,I21201,카페,I56221,커피 전문점,26,부산광역시,26110,중구,26110510,중앙동,2611011000,중앙동7가,2611011000100010001,1,대지,1,1,부산광역시 중구 중앙동7가 1-1,261102000010,부산광역시 중구 중앙대로,2,,2611011000100200001000001,롯데백화점,부산광역시 중구 중앙대로 2,600017,48944,,5,,129.036707345866,35.0983104003377,롯데백화점
MA010120220805686507,아레나수영복,,G2,소매,G209,섬유·의복·신발 소매,G20905,기타 의류 소매업,G47419,기타 의복 소매업,26,부산광역시,26230,부산진구,26230520,부전2동,2623010300,부전동,2623010300105030015,1,대지,503,15,부산광역시 부산진구 부전동 503-15,262302006015,부산광역시 부산진구 가야대로,772,,2623010300105030015004104,롯데백화점,부산광역시 부산진구 가야대로 772,614732,47285,,5,,129.056412549351,35.1567968046828,롯데백화점
MA010120220811409767,신세계맵시방,,S2,수리·개인,S206,기타 가정용품 수리,S20601,의류/이불 수선업,S95391,의복 및 기타 가정용 직물제품 수리업,26,부산광역시,26350,해운대구,26350520,우2동,2635010500,우동,2635010500114950000,1,대지,1495,,부산광역시 해운대구 우동 1495,263502133001,부산광역시 해운대구 센텀남대로,35,,2635010500114950000000001,신세계백화점,부산광역시 해운대구 센텀남대로 35,612022,48058,,2,,129.129519598026,35.1688162817484,신세계백화점
MA010120220805404796,갤럭시캐주얼,,G2,소매,G209,섬유·의복·신발 소매,G20901,남성 의류 소매업,G47411,남자용 겉옷 소매업,26,부산광역시,26110,중구,26110510,중앙동,2611010900,중앙동6가,2611010900100360004,1,대지,36,4,부산광역시 중구 중앙동6가 36-4,261102000010,부산광역시 중구 중앙대로,2,,2611011000100200001000001,롯데백화점,부산광역시 중구 중앙대로 2,600016,48944,,6,,129.036707345866,35.0983104003377,롯데백화점
MA010120220813731212,까르뜨블랑슈,,G2,소매,G209,섬유·의복·신발 소매,G20901,남성 의류 소매업,G47411,남자용 겉옷 소매업,26,부산광역시,26260,동래구,26260560,온천2동,2626010800,온천동,2626010800105020003,1,대지,502,3,부산광역시 동래구 온천동 502-3,262602000010,부산광역시 동래구 중앙대로,1393,,2626010800105020003000477,롯데백화점,부산광역시 동래구 중앙대로 1393,607716,47727,,4,,129.07747341266,35.2117052140663,롯데백화점
MA010120220808680474,프렐린,,G2,소매,G209,섬유·의복·신발 소매,G20902,여성 의류 소매업,G47412,여자용 겉옷 소매업,26,부산광역시,26350,해운대구,26350551,좌1동,2635010700,좌동,2635010700114670004,1,대지,1467,4,부산광역시 해운대구 좌동 1467-4,263502006010,부산광역시 해운대구 해운대로,813,,2635010700114670004003745,C백화점,부산광역시 해운대구 해운대로 813,612836,48106,,2,,129.177051032177,35.1705302447392,NC백화점
MA010120220810568447,대한유통,,G2,소매,G209,섬유·의복·신발 소매,G20902,여성 의류 소매업,G47412,여자용 겉옷 소매업,26,부산광역시,26260,동래구,26260560,온천2동,2626010800,온천동,2626010800105020003,1,대지,502,3,부산광역시 동래구 온천동 502-3,262602000010,부산광역시 동래구 중앙대로,1393,,2626010800105020003000477,롯데백화점,부산광역시 동래구 중앙대로 1393,607716,47727,,3,,129.07747341266,35.2117052140663,롯데백화점
MA010120220809711245,프리밸런스,,G2,소매,G209,섬유·의복·신발 소매,G20902,여성 의류 소매업,G47412,여자용 겉옷 소매업,26,부산광역시,26170,동구,26170660,범일2동,2617010400,범일동,2617010400100620005,1,대지,62,5,부산광역시 동구 범일동 62-5,261703127051,부산광역시 동구 범일로,125,,2617010400100620005005551,현대백화점,부산광역시 동구 범일로 125,601718,48735,,3,,129.058567919742,35.1413052322577,현대백화점
MA010120220810638141,린에스엔제이롯데백화점주,부산점,G2,소매,G209,섬유·의복·신발 소매,G20902,여성 의류 소매업,G47412,여자용 겉옷 소매업,26,부산광역시,26230,부산진구,26230520,부전2동,2623010300,부전동,2623010300105030015,1,대지,503,15,부산광역시 부산진구 부전동 503-15,262302006015,부산광역시 부산진구 가야대로,772,,2623010300105030015004104,롯데백화점,부산광역시 부산진구 가야대로 772,614732,47285,,3,,129.056412549351,35.1567968046828,롯데백화점
MA010120220804040884,오시리아가구,백화점,G2,소매,G211,가구 소매,G21101,가구 소매업,G47520,가구 소매업,26,부산광역시,26710,기장군,26710250,기장읍,2671025033,기장읍,2671025033107220000,1,대지,722,,부산광역시 기장군 기장읍 시랑리 722,267103140057,부산광역시 기장군 기장읍 기장해안로,136,,2671025033201020000000001,모닝시티,부산광역시 기장군 기장읍 기장해안로 136,619902,46084,,,,129.214343421473,35.1903997026658,기타/미상
MA010120220810667050,대경무역(롯데동래점)주,백화점,G2,소매,G211,가구 소매,G21101,가구 소매업,G47520,가구 소매업,26,부산광역시,26260,동래구,26260560,온천2동,2626010800,온천동,2626010800105020003,1,대지,502,3,부산광역시 동래구 온천동 502-3,262602000010,부산광역시 동래구 중앙대로,1393,,2626010800105020003000477,롯데백화점,부산광역시 동래구 중앙대로 1393,607716,47727,,7,,129.07747341266,35.2117052140663,롯데백화점
MA010120220805935109,롯데광복잔카,,G2,소매,G209,섬유·의복·신발 소매,G20905,기타 의류 소매업,G47419,기타 의복 소매업,26,부산광역시,26110,중구,26110520,동광동,2611011100,동광동1가,2611011100100010022,1,대지,1,22,부산광역시 중구 동광동1가 1-22,261102000010,부산광역시 중구 중앙대로,2,,2611011000100200001000001,롯데백화점,부산광역시 중구 중앙대로 2,600021,48944,,7,,129.036707345866,35.0983104003377,롯데백화점
MA010120220812597787,총각정육,백화점,G2,소매,G205,식료품 소매,G20503,정육점,G47212,육류 소매업,26,부산광역시,26260,동래구,26260570,온천3동,2626010800,온천동,2626010800114680021,1,대지,1468,21,부산광역시 동래구 온천동 1468-21,262603130017,부산광역시 동래구 여고북로,161,,2626010800114680021002124,,부산광역시 동래구 여고북로 161,607843,47828,,1,,129.07360384489,35.2020301110341,기타/미상
MA010120220810435900,씨씨콜렉트신세계,센텀시티점,G2,소매,G209,섬유·의복·신발 소매,G20902,여성 의류 소매업,G47412,여자용 겉옷 소매업,26,부산광역시,26350,해운대구,26350520,우2동,2635010500,우동,2635010500114950000,1,대지,1495,,부산광역시 해운대구 우동 1495,263502133001,부산광역시 해운대구 센텀남대로,35,,2635010500114950000000001,신세계백화점,부산광역시 해운대구 센텀남대로 35,612022,48058,,,,129.129519598026,35.1688162817484,신세계백화점
MA010120220810666834,명보아이엔씨롯데주,부산점,G2,소매,G217,시계·귀금속 소매,G21701,시계/귀금속 소매업,G47830,시계 및 귀금속 소매업,26,부산광역시,26230,부산진구,26230520,부전2동,2623010300,부전동,2623010300105030015,1,대지,503,15,부산광역시 부산진구 부전동 503-15,262302006015,부산광역시 부산진구 가야대로,772,,2623010300105030015004104,롯데백화점,부산광역시 부산진구 가야대로 772,614732,47285,,,,129.056412549351,35.1567968046828,롯데백화점
MA010120220811416842,소호앤노호,서면점,G2,소매,G219,식물 소매,G21901,꽃집,G47851,화초 및 식물 소매업,26,부산광역시,26230,부산진구,26230600,전포1동,2623010200,전포동,2623010200106680001,1,대지,668,1,부산광역시 부산진구 전포동 668-1,262303129010,부산광역시 부산진구 동천로,92,,2623010200106680001044509,C백화점,부산광역시 부산진구 동천로 92,614772,47293,,1,,129.063013297817,35.1570359960725,NC백화점
MA010120220803252633,신세계명품수선,,S2,수리·개인,S206,기타 가정용품 수리,S20601,의류/이불 수선업,S95391,의복 및 기타 가정용 직물제품 수리업,26,부산광역시,26350,해운대구,26350520,우2동,2635010500,우동,2635010500114950000,1,대지,1495,,부산광역시 해운대구 우동 1495,263502133001,부산광역시 해운대구 센텀남대로,35,,2635010500114950000000001,신계계백화점,부산광역시 해운대구 센텀남대로 35,612022,48058,,3,,129.129519598026,35.1688162817484,신세계백화점
MA010120220802932698,신디,,G2,소매,G209,섬유·의복·신발 소매,G20905,기타 의류 소매업,G47419,기타 의복 소매업,26,부산광역시,26350,해운대구,26350551,좌1동,2635010700,좌동,2635010700114670004,1,대지,1467,4,부산광역시 해운대구 좌동 1467-4,263502006010,부산광역시 해운대구 해운대로,813,,2635010700114670004003745,C백화점,부산광역시 해운대구 해운대로 813,612836,48106,,3,,129.177051032177,35.1705302447392,NC백화점
MA010120220809726594,아페쎄골프신세계,센텀시티점,G2,소매,G209,섬유·의복·신발 소매,G20905,기타 의류 소매업,G47419,기타 의복 소매업,26,부산광역시,26350,해운대구,26350520,우2동,2635010500,우동,2635010500114950000,1,대지,1495,,부산광역시 해운대구 우동 1495,263502133001,부산광역시 해운대구 센텀남대로,35,,2635010500114950000000001,신세계백화점,부산광역시 해운대구 센텀남대로 35,612022,48058,,6,,129.129519598026,35.1688162817484,신세계백화점
MA010120220810625179,신세계센텀이세이미야케,,G2,소매,G209,섬유·의복·신발 소매,G20902,여성 의류 소매업,G47412,여자용 겉옷 소매업,26,부산광역시,26350,해운대구,26350520,우2동,2635010500,우동,2635010500114950000,1,대지,1495,,부산광역시 해운대구 우동 1495,263502133001,부산광역시 해운대구 센텀남대로,35,,2635010500114950000000001,신세계센텀백화점,부산광역시 해운대구 센텀남대로 35,612022,48058,,,,129.129519598026,35.1688162817484,신세계백화점
MA010120220803591953,이엔씨,,G2,소매,G209,섬유·의복·신발 소매,G20905,기타 의류 소매업,G47414,셔츠 및 블라우스 소매업,26,부산광역시,26170,동구,26170660,범일2동,2617010400,범일동,2617010400100620005,1,대지,62,5,부산광역시 동구 범일동 62-5,261703127051,부산광역시 동구 범일로,125,,2617010400100620005005551,현대백화점,부산광역시 동구 범일로 125,601718,48735,,1,,129.058567919742,35.1413052322577,현대백화점
MA010120220808120726,모에롯데,동래점,G2,소매,G209,섬유·의복·신발 소매,G20902,여성 의류 소매업,G47412,여자용 겉옷 소매업,26,부산광역시,26260,동래구,26260560,온천2동,2626010800,온천동,2626010800105020003,1,대지,502,3,부산광역시 동래구 온천동 502-3,262602000010,부산광역시 동래구 중앙대로,1393,,2626010800105020003000477,롯데백화점,부산광역시 동래구 중앙대로 1393,607716,47727,,3,,129.07747341266,35.2117052140663,롯데백화점
MA010120220811462376,나라셀라신세계백화점주,센텀시티점,G2,소매,G206,음료 소매,G20602,주류 소매업,G47221,음료 소매업,26,부산광역시,26350,해운대구,26350520,우2동,2635010500,우동,2635010500114950000,1,대지,1495,,부산광역시 해운대구 우동 1495,263502133001,부산광역시 해운대구 센텀남대로,35,,2635010500114950000000001,신세계백화점,부산광역시 해운대구 센텀남대로 35,612022,48058,,1,,129.129519598026,35.1688162817484,신세계백화점
MA010120220803579255,밍크뮤롯데광복,,G2,소매,G209,섬유·의복·신발 소매,G20905,기타 의류 소매업,G47419,기타 의복 소매업,26,부산광역시,26110,중구,26110510,중앙동,2611011000,중앙동7가,2611011000100200001,1,대지,20,1,부산광역시 중구 중앙동7가 20-1,261102000010,부산광역시 중구 중앙대로,2,,2611011000100200001000001,롯데백화점,부산광역시 중구 중앙대로 2,600017,48944,,8,,129.036707345866,35.0983104003377,롯데백화점
MA010120220805420253,미즈노롯데광복점,백화점,G2,소매,G209,섬유·의복·신발 소매,G20910,신발 소매업,G47430,신발 소매업,26,부산광역시,26110,중구,26110510,중앙동,2611011000,중앙동7가,2611011000100200001,1,대지,20,1,부산광역시 중구 중앙동7가 20-1,261102000010,부산광역시 중구 중앙대로,2,,2611011000100200001000001,롯데백화점,부산광역시 중구 중앙대로 2,600017,48944,,5,,129.036707345866,35.0983104003377,롯데백화점
MA010120220806884479,케네스레이디,,G2,소매,G209,섬유·의복·신발 소매,G20902,여성 의류 소매업,G47412,여자용 겉옷 소매업,26,부산광역시,26350,해운대구,26350520,우2동,2635010500,우동,2635010500114950000,1,대지,1495,,부산광역시 해운대구 우동 1495,263502133001,부산광역시 해운대구 센텀남대로,35,,2635010500114950000000001,신세계백화점,부산광역시 해운대구 센텀남대로 35,612022,48058,,4,,129.129519598026,35.1688162817484,신세계백화점
MA010120220812923939,롯데광복에뜨와,,G2,소매,G209,섬유·의복·신발 소매,G20903,유아용 의류 소매업,G47417,유아용 의류 소매업,26,부산광역시,26110,중구,26110510,중앙동,2611011000,중앙동7가,2611011000100200001,1,대지,20,1,부산광역시 중구 중앙동7가 20-1,261102000010,부산광역시 중구 중앙대로,2,,2611011000100200001000001,롯데백화점,부산광역시 중구 중앙대로 2,600017,48944,,8,,129.036707345866,35.0983104003377,롯데백화점
MA010120220803816858,현두상회,,G2,소매,G209,섬유·의복·신발 소매,G20905,기타 의류 소매업,G47414,셔츠 및 블라우스 소매업,26,부산광역시,26350,해운대구,26350520,우2동,2635010500,우동,2635010500114950000,1,대지,1495,,부산광역시 해운대구 우동 1495,263502133001,부산광역시 해운대구 센텀남대로,35,,2635010500114950000000001,센텀시티신세계백화점,부산광역시 해운대구 센텀남대로 35,612022,48058,,5,,129.129519598026,35.1688162817484,신세계백화점
MA010120220807774794,보티첼리,,G2,소매,G209,섬유·의복·신발 소매,G20902,여성 의류 소매업,G47412,여자용 겉옷 소매업,26,부산광역시,26350,해운대구,26350520,우2동,2635010500,우동,2635010500114950000,1,대지,1495,,부산광역시 해운대구 우동 1495,263502133001,부산광역시 해운대구 센텀남대로,35,,2635010500114950000000001,신세계백화점,부산광역시 해운대구 센텀남대로 35,612022,48058,,2,,129.129519598026,35.1688162817484,신세계백화점
MA010120220810791174,미소페센텀,,G2,소매,G209,섬유·의복·신발 소매,G20910,신발 소매업,G47430,신발 소매업,26,부산광역시,26350,해운대구,26350520,우2동,2635010500,우동,2635010500114950000,1,대지,1495,,부산광역시 해운대구 우동 1495,263502133001,부산광역시 해운대구 센텀남대로,35,,2635010500114950000000001,신세계백화점,부산광역시 해운대구 센텀남대로 35,612022,48058,,3,,129.129519598026,35.1688162817484,신세계백화점
MA010120220813160020,하네자,,G2,소매,G209,섬유·의복·신발 소매,G20902,여성 의류 소매업,G47412,여자용 겉옷 소매업,26,부산광역시,26350,해운대구,26350520,우2동,2635010500,우동,2635010500114950000,1,대지,1495,,부산광역시 해운대구 우동 1495,263502133001,부산광역시 해운대구 센텀남대로,35,,2635010500114950000000001,신세계백화점,부산광역시 해운대구 센텀남대로 35,612022,48058,,2,,129.129519598026,35.1688162817484,신세계백화점
MA010120220810044160,뉴발란스롯데센텀,,G2,소매,G209,섬유·의복·신발 소매,G20905,기타 의류 소매업,G47419,기타 의복 소매업,26,부산광역시,26350,해운대구,26350520,우2동,2635010500,우동,2635010500114960000,1,대지,1496,,부산광역시 해운대구 우동 1496,263502133001,부산광역시 해운대구 센텀남대로,59,,2635010500114960000000001,롯데백화점,부산광역시 해운대구 센텀남대로 59,612022,48058,,5,,129.131072074388,35.1698523216207,롯데백화점
MA010120220807771766,타미남성롯데광복,,G2,소매,G209,섬유·의복·신발 소매,G20901,남성 의류 소매업,G47411,남자용 겉옷 소매업,26,부산광역시,26110,중구,26110520,동광동,2611011100,동광동1가,2611011100100010022,1,대지,1,22,부산광역시 중구 동광동1가 1-22,261102000010,부산광역시 중구 중앙대로,2,,2611011000100200001000001,롯데백화점,부산광역시 중구 중앙대로 2,600021,48944,,6,,129.036707345866,35.0983104003377,롯데백화점
MA010120220813018069,롯데동래빈폴골프,,G2,소매,G209,섬유·의복·신발 소매,G20902,여성 의류 소매업,G47412,여자용 겉옷 소매업,26,부산광역시,26260,동래구,26260560,온천2동,2626010800,온천동,2626010800105020003,1,대지,502,3,부산광역시 동래구 온천동 502-3,262602000010,부산광역시 동래구 중앙대로,1393,,2626010800105020003000477,롯데백화점,부산광역시 동래구 중앙대로 1393,607716,47727,,6,,129.07747341266,35.2117052140663,롯데백화점
MA010120220806030056,소다,,G2,소매,G209,섬유·의복·신발 소매,G20910,신발 소매업,G47430,신발 소매업,26,부산광역시,26170,동구,26170660,범일2동,2617010400,범일동,2617010400100620005,1,대지,62,5,부산광역시 동구 범일동 62-5,261703127051,부산광역시 동구 범일로,125,,2617010400100620005005551,현대백화점,부산광역시 동구 범일로 125,601718,48735,,3,,129.058567919742,35.1413052322577,현대백화점
MA010120220812383666,롯데광복리바이스,,G2,소매,G209,섬유·의복·신발 소매,G20902,여성 의류 소매업,G47412,여자용 겉옷 소매업,26,부산광역시,26110,중구,26110510,중앙동,2611011000,중앙동7가,2611011000100200001,1,대지,20,1,부산광역시 중구 중앙동7가 20-1,261102000010,부산광역시 중구 중앙대로,2,,2611011000100200001000001,롯데백화점,부산광역시 중구 중앙대로 2,600017,48944,,,,129.036707345866,35.0983104003377,롯데백화점
MA010120220805253600,블랙야크,,G2,소매,G209,섬유·의복·신발 소매,G20903,유아용 의류 소매업,G47417,유아용 의류 소매업,26,부산광역시,26230,부산진구,26230520,부전2동,2623010300,부전동,2623010300105030015,1,대지,503,15,부산광역시 부산진구 부전동 503-15,262302006015,부산광역시 부산진구 가야대로,772,,2623010300105030015004104,롯데백화점,부산광역시 부산진구 가야대로 772,614732,47285,,,,129.056412549351,35.1567968046828,롯데백화점
MA010120220808593279,맘스터치NC백화점,부산대점,I2,음식,I210,기타 간이,I21004,버거,I56192,피자; 햄버거; 샌드위치 및 유사 음식점업,26,부산광역시,26410,금정구,26410610,장전2동,2641010800,장전동,2641010800100400000,1,대지,40,,부산광역시 금정구 장전동 40,264104205206,부산광역시 금정구 부산대학로63번길,2,,2641010800100400000000001,NC백화점,부산광역시 금정구 부산대학로63번길 2,609737,46241,,1,,129.083829027579,35.2322412765478,NC백화점
MA010120220809362905,아쉬,,G2,소매,G209,섬유·의복·신발 소매,G20910,신발 소매업,G47430,신발 소매업,26,부산광역시,26350,해운대구,26350520,우2동,2635010500,우동,2635010500114950000,1,대지,1495,,부산광역시 해운대구 우동 1495,263502133001,부산광역시 해운대구 센텀남대로,35,,2635010500114950000000001,신세계백화점,부산광역시 해운대구 센텀남대로 35,612022,48058,,3,,129.129519598026,35.1688162817484,신세계백화점
MA010120220810462780,롯데오브제주영선,부산점,G2,소매,G209,섬유·의복·신발 소매,G20902,여성 의류 소매업,G47412,여자용 겉옷 소매업,26,부산광역시,26230,부산진구,26230520,부전2동,2623010300,부전동,2623010300105030015,1,대지,503,15,부산광역시 부산진구 부전동 503-15,262302006015,부산광역시 부산진구 가야대로,772,,2623010300105030015004104,롯데백화점,부산광역시 부산진구 가야대로 772,614732,47285,,2,,129.056412549351,35.1567968046828,롯데백화점
MA010120220811504944,산드로롯데광복점,백화점,G2,소매,G209,섬유·의복·신발 소매,G20902,여성 의류 소매업,G47412,여자용 겉옷 소매업,26,부산광역시,26110,중구,26110510,중앙동,2611011000,중앙동7가,2611011000100200001,1,대지,20,1,부산광역시 중구 중앙동7가 20-1,261102000010,부산광역시 중구 중앙대로,2,,2611011000100200001000001,롯데백화점,부산광역시 중구 중앙대로 2,600017,48944,,4,,129.036707345866,35.0983104003377,롯데백화점
MA010120220808479582,감성아웃도어에이,,G2,소매,G209,섬유·의복·신발 소매,G20903,유아용 의류 소매업,G47417,유아용 의류 소매업,26,부산광역시,26260,동래구,26260560,온천2동,2626010800,온천동,2626010800105020003,1,대지,502,3,부산광역시 동래구 온천동 502-3,262602000010,부산광역시 동래구 중앙대로,1393,,2626010800105020003000477,롯데백화점,부산광역시 동래구 중앙대로 1393,607716,47727,,6,,129.07747341266,35.2117052140663,롯데백화점
MA010120220810292381,최복호,,G2,소매,G209,섬유·의복·신발 소매,G20901,남성 의류 소매업,G47411,남자용 겉옷 소매업,26,부산광역시,26350,해운대구,26350520,우2동,2635010500,우동,2635010500114960000,1,대지,1496,,부산광역시 해운대구 우동 1496,263502133001,부산광역시 해운대구 센텀남대로,59,,2635010500114960000000001,롯데백화점,부산광역시 해운대구 센텀남대로 59,612022,48058,,3,,129.131072074388,35.1698523216207,롯데백화점
MA010120220810681398,행복플러스이불,백화점,G2,소매,G209,섬유·의복·신발 소매,G20906,침구류/커튼 소매업,G47421,가정용 직물제품 소매업,26,부산광역시,26530,사상구,26530600,덕포1동,2653010300,덕포동,2653010300104210011,1,대지,421,11,부산광역시 사상구 덕포동 421-11,265304217222,부산광역시 사상구 사상로293번길,16,,2653010300104210011024470,,부산광역시 사상구 사상로293번길 16,617816,46950,,,,128.981907994084,35.1713493446039,기타/미상
MA010120220808028001,올젠신세계센텀시티,,G2,소매,G209,섬유·의복·신발 소매,G20905,기타 의류 소매업,G47414,셔츠 및 블라우스 소매업,26,부산광역시,26350,해운대구,26350520,우2동,2635010500,우동,2635010500114950000,1,대지,1495,,부산광역시 해운대구 우동 1495,263502133001,부산광역시 해운대구 센텀남대로,35,,2635010500114950000000001,신세계백화점,부산광역시 해운대구 센텀남대로 35,612022,48058,,5,,129.129519598026,35.1688162817484,신세계백화점
MA010120220814211721,인플럭스롯데광복,,G2,소매,G209,섬유·의복·신발 소매,G20901,남성 의류 소매업,G47411,남자용 겉옷 소매업,26,부산광역시,26110,중구,26110510,중앙동,2611011000,중앙동7가,2611011000100200001,1,대지,20,1,부산광역시 중구 중앙동7가 20-1,261102000010,부산광역시 중구 중앙대로,2,,2611011000100200001000001,롯데백화점,부산광역시 중구 중앙대로 2,600017,48944,,1,,129.036707345866,35.0983104003377,롯데백화점
MA010120220811731267,오스본,,G2,소매,G209,섬유·의복·신발 소매,G20902,여성 의류 소매업,G47412,여자용 겉옷 소매업,26,부산광역시,26350,해운대구,26350551,좌1동,2635010700,좌동,2635010700114670004,1,대지,1467,4,부산광역시 해운대구 좌동 1467-4,263502006010,부산광역시 해운대구 해운대로,813,,2635010700114670004003745,NC백화점,부산광역시 해운대구 해운대로 813,612836,48106,,2,,129.177051032177,35.1705302447392,NC백화점
MA010120220800516479,톰브라운여성,,G2,소매,G209,섬유·의복·신발 소매,G20902,여성 의류 소매업,G47412,여자용 겉옷 소매업,26,부산광역시,26350,해운대구,26350520,우2동,2635010500,우동,2635010500114950000,1,대지,1495,,부산광역시 해운대구 우동 1495,263502133001,부산광역시 해운대구 센텀남대로,35,,2635010500114950000000001,신세계백화점,부산광역시 해운대구 센텀남대로 35,612022,48058,,2,,129.129519598026,35.1688162817484,신세계백화점
MA010120220810473454,롯데부산먼싱웨어,,G2,소매,G209,섬유·의복·신발 소매,G20905,기타 의류 소매업,G47419,기타 의복 소매업,26,부산광역시,26230,부산진구,26230520,부전2동,2623010300,부전동,2623010300105030015,1,대지,503,15,부산광역시 부산진구 부전동 503-15,262302006015,부산광역시 부산진구 가야대로,772,,2623010300105030015004104,먼싱웨어롯데백화점,부산광역시 부산진구 가야대로 772,614732,47285,,5,,129.056412549351,35.1567968046828,롯데백화점
MA010120220812119850,르니앤맥코이,롯데광복점,G2,소매,G209,섬유·의복·신발 소매,G20902,여성 의류 소매업,G47412,여자용 겉옷 소매업,26,부산광역시,26110,중구,26110510,중앙동,2611011000,중앙동7가,2611011000100200001,1,대지,20,1,부산광역시 중구 중앙동7가 20-1,261102000010,부산광역시 중구 중앙대로,2,,2611011000100200001000001,롯데백화점,부산광역시 중구 중앙대로 2,600017,48944,,4,,129.036707345866,35.0983104003377,롯데백화점
MA010120220807175849,맨잇슈트,,G2,소매,G209,섬유·의복·신발 소매,G20901,남성 의류 소매업,G47411,남자용 겉옷 소매업,26,부산광역시,26110,중구,26110510,중앙동,2611011000,중앙동7가,2611011000100200001,1,대지,20,1,부산광역시 중구 중앙동7가 20-1,261102000010,부산광역시 중구 중앙대로,2,,2611011000100200001000001,롯데백화점,부산광역시 중구 중앙대로 2,600017,48944,,6,,129.036707345866,35.0983104003377,롯데백화점
MA010120220805456068,최고식품마싯는끼니,,I2,음식,I210,기타 간이,I21007,김밥/만두/분식,I56194,김밥 및 기타 간이 음식점업,26,부산광역시,26260,동래구,26260560,온천2동,2626010800,온천동,2626010800105020003,1,대지,502,3,부산광역시 동래구 온천동 502-3,262602000010,부산광역시 동래구 중앙대로,1393,,2626010800105020003000477,롯데백화점,부산광역시 동래구 중앙대로 1393,607716,47727,,1,,129.07747341266,35.2117052140663,롯데백화점
MA010120220806793849,필립플레인골프신세계센텀시티,,G2,소매,G209,섬유·의복·신발 소매,G20905,기타 의류 소매업,G47414,셔츠 및 블라우스 소매업,26,부산광역시,26350,해운대구,26350520,우2동,2635010500,우동,2635010500114950000,1,대지,1495,,부산광역시 해운대구 우동 1495,263502133001,부산광역시 해운대구 센텀남대로,35,,2635010500114950000000001,신세계백화점,부산광역시 해운대구 센텀남대로 35,612022,48058,,6,,129.129519598026,35.1688162817484,신세계백화점
MA010120220810794921,리바이스,,G2,소매,G209,섬유·의복·신발 소매,G20901,남성 의류 소매업,G47411,남자용 겉옷 소매업,26,부산광역시,26230,부산진구,26230520,부전2동,2623010300,부전동,2623010300105030015,1,대지,503,15,부산광역시 부산진구 부전동 503-15,262302006015,부산광역시 부산진구 가야대로,772,,2623010300105030015004104,롯데백화점,부산광역시 부산진구 가야대로 772,614732,47285,,7,,129.056412549351,35.1567968046828,롯데백화점
MA010120220806801275,슈페리어,,G2,소매,G209,섬유·의복·신발 소매,G20905,기타 의류 소매업,G47419,기타 의복 소매업,26,부산광역시,26110,중구,26110510,중앙동,2611011000,중앙동7가,2611011000100200001,1,대지,20,1,부산광역시 중구 중앙동7가 20-1,261102000010,부산광역시 중구 중앙대로,2,,2611011000100200001000001,롯데백화점,부산광역시 중구 중앙대로 2,600017,48944,,7,,129.036707345866,35.0983104003377,롯데백화점
MA010120220806854874,엘라코닉,,G2,소매,G209,섬유·의복·신발 소매,G20905,기타 의류 소매업,G47419,기타 의복 소매업,26,부산광역시,26350,해운대구,26350520,우2동,2635010500,우동,2635010500114950000,1,대지,1495,,부산광역시 해운대구 우동 1495,263502133001,부산광역시 해운대구 센텀남대로,35,,2635010500114950000000001,신세계백화점,부산광역시 해운대구 센텀남대로 35,612022,48058,,4,,129.129519598026,35.1688162817484,신세계백화점
MA010120220807033138,슈콤마보니,,G2,소매,G209,섬유·의복·신발 소매,G20910,신발 소매업,G47430,신발 소매업,26,부산광역시,26350,해운대구,26350520,우2동,2635010500,우동,2635010500114950000,1,대지,1495,,부산광역시 해운대구 우동 1495,263502133001,부산광역시 해운대구 센텀남대로,35,,2635010500114950000000001,신세계백화점,부산광역시 해운대구 센텀남대로 35,612022,48058,,3,,129.129519598026,35.1688162817484,신세계백화점
MA010120220804404794,다우닝,,G2,소매,G211,가구 소매,G21101,가구 소매업,G47520,가구 소매업,26,부산광역시,26350,해운대구,26350520,우2동,2635010500,우동,2635010500114960000,1,대지,1496,,부산광역시 해운대구 우동 1496,263502133001,부산광역시 해운대구 센텀남대로,59,,2635010500114960000000001,롯데백화점,부산광역시 해운대구 센텀남대로 59,612022,48058,,7,,129.131072074388,35.1698523216207,롯데백화점
MA010120220805035879,용호동할매팥빙수단팥죽,,I2,음식,I201,한식,I20101,백반/한정식,I56111,한식 일반 음식점업,26,부산광역시,26230,부산진구,26230520,부전2동,2623010300,부전동,2623010300105030015,1,대지,503,15,부산광역시 부산진구 부전동 503-15,262302006015,부산광역시 부산진구 가야대로,772,,2623010300105030015004104,롯데백화점,부산광역시 부산진구 가야대로 772,614732,47285,,2,,129.056412549351,35.1567968046828,롯데백화점
MA010120220806511114,더아이잗,,G2,소매,G209,섬유·의복·신발 소매,G20902,여성 의류 소매업,G47412,여자용 겉옷 소매업,26,부산광역시,26350,해운대구,26350551,좌1동,2635010700,좌동,2635010700114670004,1,대지,1467,4,부산광역시 해운대구 좌동 1467-4,263502006010,부산광역시 해운대구 해운대로,813,,2635010700114670004003745,NC백화점,부산광역시 해운대구 해운대로 813,612836,48106,,2,,129.177051032177,35.1705302447392,NC백화점
MA010120220806185744,상진유통,,G2,소매,G204,종합 소매,G20404,슈퍼마켓,G47129,기타 음ㆍ식료품 위주 종합 소매업,26,부산광역시,26110,중구,26110510,중앙동,2611011000,중앙동7가,2611011000100200001,1,대지,20,1,부산광역시 중구 중앙동7가 20-1,261102000010,부산광역시 중구 중앙대로,2,,2611011000100200001000001,롯데백화점,부산광역시 중구 중앙대로 2,600017,48944,,2,,129.036707345866,35.0983104003377,롯데백화점
MA010120220811613169,비욘드,,G2,소매,G209,섬유·의복·신발 소매,G20905,기타 의류 소매업,G47413,속옷 및 잠옷 소매업,26,부산광역시,26410,금정구,26410610,장전2동,2641010800,장전동,2641010800100400000,1,대지,40,,부산광역시 금정구 장전동 40,264104205206,부산광역시 금정구 부산대학로63번길,2,,2641010800100400000000001,NC백화점,부산광역시 금정구 부산대학로63번길 2,609737,46241,,1,,129.083829027579,35.2322412765478,NC백화점
MA010120220810679215,롯데빈폴아웃도어,동래점,G2,소매,G209,섬유·의복·신발 소매,G20905,기타 의류 소매업,G47414,셔츠 및 블라우스 소매업,26,부산광역시,26350,해운대구,26350520,우2동,2635010500,우동,2635010500114960000,1,대지,1496,,부산광역시 해운대구 우동 1496,263502133001,부산광역시 해운대구 센텀남대로,59,,2635010500114960000000001,빈폴롯데백화점,부산광역시 해운대구 센텀남대로 59,612022,48058,,6,,129.131072074388,35.1698523216207,롯데백화점
MA010120220810476208,벨리시앙,,G2,소매,G209,섬유·의복·신발 소매,G20902,여성 의류 소매업,G47412,여자용 겉옷 소매업,26,부산광역시,26110,중구,26110510,중앙동,2611011000,중앙동7가,2611011000100200001,1,대지,20,1,부산광역시 중구 중앙동7가 20-1,261102000010,부산광역시 중구 중앙대로,2,,2611011000100200001000001,롯데백화점,부산광역시 중구 중앙대로 2,600017,48944,,5,,129.036707345866,35.0983104003377,롯데백화점
MA010120220813332879,롯데부산와코루,,G2,소매,G209,섬유·의복·신발 소매,G20905,기타 의류 소매업,G47413,속옷 및 잠옷 소매업,26,부산광역시,26230,부산진구,26230520,부전2동,2623010300,부전동,2623010300105030015,1,대지,503,15,부산광역시 부산진구 부전동 503-15,262302006015,부산광역시 부산진구 가야대로,772,,2623010300105030015004104,롯데백화점,부산광역시 부산진구 가야대로 772,614732,47285,,2,,129.056412549351,35.1567968046828,롯데백화점
MA010120220809005539,캘리스코히바린신세계주,센텀점,I2,음식,I203,일식,I20301,일식 회/초밥,I56122,일식 음식점업,26,부산광역시,26350,해운대구,26350520,우2동,2635010500,우동,2635010500114950000,1,대지,1495,,부산광역시 해운대구 우동 1495,263502133001,부산광역시 해운대구 센텀남대로,35,,2635010500114950000000001,신세계백화점,부산광역시 해운대구 센텀남대로 35,612022,48058,,9,,129.129519598026,35.1688162817484,신세계백화점
MA010120220810641228,띠어리맨,,G2,소매,G209,섬유·의복·신발 소매,G20901,남성 의류 소매업,G47411,남자용 겉옷 소매업,26,부산광역시,26350,해운대구,26350520,우2동,2635010500,우동,2635010500114950000,1,대지,1495,,부산광역시 해운대구 우동 1495,263502133001,부산광역시 해운대구 센텀남대로,35,,2635010500114950000000001,신세계백화점,부산광역시 해운대구 센텀남대로 35,612022,48058,,5,,129.129519598026,35.1688162817484,신세계백화점
MA010120220804834746,스타일러스롯데서면,,G2,소매,G217,시계·귀금속 소매,G21701,시계/귀금속 소매업,G47830,시계 및 귀금속 소매업,26,부산광역시,26230,부산진구,26230520,부전2동,2623010300,부전동,2623010300105030015,1,대지,503,15,부산광역시 부산진구 부전동 503-15,262302006015,부산광역시 부산진구 가야대로,772,,2623010300105030015004104,롯데백화점,부산광역시 부산진구 가야대로 772,614732,47285,,1,,129.056412549351,35.1567968046828,롯데백화점
MA010120220805437870,에뜨와,,G2,소매,G209,섬유·의복·신발 소매,G20903,유아용 의류 소매업,G47417,유아용 의류 소매업,26,부산광역시,26260,동래구,26260560,온천2동,2626010800,온천동,2626010800105020003,1,대지,502,3,부산광역시 동래구 온천동 502-3,262602000010,부산광역시 동래구 중앙대로,1393,,2626010800105020003000477,롯데백화점,부산광역시 동래구 중앙대로 1393,607716,47727,,6,,129.07747341266,35.2117052140663,롯데백화점
MA010120220810101751,베스띠밸리,,G2,소매,G209,섬유·의복·신발 소매,G20902,여성 의류 소매업,G47412,여자용 겉옷 소매업,26,부산광역시,26110,중구,26110510,중앙동,2611011000,중앙동7가,2611011000100200001,1,대지,20,1,부산광역시 중구 중앙동7가 20-1,261102000010,부산광역시 중구 중앙대로,2,,2611011000100200001000001,롯데백화점,부산광역시 중구 중앙대로 2,600017,48944,,5,,129.036707345866,35.0983104003377,롯데백화점
MA010120220807025576,빔바이롤라,,G2,소매,G209,섬유·의복·신발 소매,G20902,여성 의류 소매업,G47412,여자용 겉옷 소매업,26,부산광역시,26230,부산진구,26230520,부전2동,2623010300,부전동,2623010300105030015,1,대지,503,15,부산광역시 부산진구 부전동 503-15,262302006015,부산광역시 부산진구 가야대로,772,,2623010300105030015004104,롯데백화점,부산광역시 부산진구 가야대로 772,614732,47285,,3,,129.056412549351,35.1567968046828,롯데백화점
MA010120220811388984,도연그릇,백화점,G2,소매,G212,기타 생활용품 소매,G21202,주방/가정용품 소매업,G47592,주방용품 및 가정용 유리; 요업제품 소매업,26,부산광역시,26500,수영구,26500740,망미1동,2650010100,망미동,2650010100104420032,1,대지,442,32,부산광역시 수영구 망미동 442-32,265004214153,부산광역시 수영구 망미배산로10번길,39,,2650010100104420032015620,,부산광역시 수영구 망미배산로10번길 39,613823,48210,,,,129.10669598424,35.1757398625046,기타/미상
MA010120220806478486,스팽스,,G2,소매,G209,섬유·의복·신발 소매,G20905,기타 의류 소매업,G47413,속옷 및 잠옷 소매업,26,부산광역시,26230,부산진구,26230520,부전2동,2623010300,부전동,2623010300105030015,1,대지,503,15,부산광역시 부산진구 부전동 503-15,262302006015,부산광역시 부산진구 가야대로,772,,2623010300105030015004104,롯데백화점,부산광역시 부산진구 가야대로 772,614732,47285,,2,,129.056412549351,35.1567968046828,롯데백화점
MA010120220810502821,버버리롯데광복1점주,코리아,G2,소매,G209,섬유·의복·신발 소매,G20902,여성 의류 소매업,G47412,여자용 겉옷 소매업,26,부산광역시,26110,중구,26110510,중앙동,2611011000,중앙동7가,2611011000100200001,1,대지,20,1,부산광역시 중구 중앙동7가 20-1,261102000010,부산광역시 중구 중앙대로,2,,2611011000100200001000001,롯데백화점,부산광역시 중구 중앙대로 2,600017,48944,,1,,129.036707345866,35.0983104003377,롯데백화점
MA010120220810517586,반찬,백화점,G2,소매,G205,식료품 소매,G20509,반찬/식료품 소매업,G47218,조리 반찬류 소매업,26,부산광역시,26380,사하구,26380580,장림1동,2638010500,장림동,2638010500106400007,1,대지,640,7,부산광역시 사하구 장림동 640-7,263804202435,부산광역시 사하구 장림시장5길,98,,2638010500106400008036171,,부산광역시 사하구 장림시장5길 98,604842,49476,,,,128.967699254794,35.0803362278145,기타/미상
MA010120220812358843,고구,,I2,음식,I210,기타 간이,I21001,빵/도넛,I56191,제과점업,26,부산광역시,26170,동구,26170660,범일2동,2617010400,범일동,2617010400100620005,1,대지,62,5,부산광역시 동구 범일동 62-5,261703127051,부산광역시 동구 범일로,125,,2617010400100620005005551,현대백화점,부산광역시 동구 범일로 125,601718,48735,,,,129.058567919742,35.1413052322577,현대백화점
MA010120220803547900,반스롯데부,산본점,G2,소매,G209,섬유·의복·신발 소매,G20901,남성 의류 소매업,G47411,남자용 겉옷 소매업,26,부산광역시,26230,부산진구,26230520,부전2동,2623010300,부전동,2623010300105030015,1,대지,503,15,부산광역시 부산진구 부전동 503-15,262302006015,부산광역시 부산진구 가야대로,772,,2623010300105030015004104,롯데백화점,부산광역시 부산진구 가야대로 772,614732,47285,,,,129.056412549351,35.1567968046828,롯데백화점
MA010120220804339206,홍대개미롯데광복점,백화점,I2,음식,I203,일식,I20302,일식 카레/돈가스/덮밥,I56111,한식 일반 음식점업,26,부산광역시,26110,중구,26110510,중앙동,2611011000,중앙동7가,2611011000100200001,1,대지,20,1,부산광역시 중구 중앙동7가 20-1,261102000010,부산광역시 중구 중앙대로,2,,2611011000100200001000001,롯데백화점,부산광역시 중구 중앙대로 2,600017,48944,,1,,129.036707345866,35.0983104003377,롯데백화점
MA010120220808080983,디케이엔와이남성신세계센텀,,G2,소매,G209,섬유·의복·신발 소매,G20901,남성 의류 소매업,G47411,남자용 겉옷 소매업,26,부산광역시,26350,해운대구,26350520,우2동,2635010500,우동,2635010500114950000,1,대지,1495,,부산광역시 해운대구 우동 1495,263502133001,부산광역시 해운대구 센텀남대로,35,,2635010500114950000000001,신세계백화점,부산광역시 해운대구 센텀남대로 35,612022,48058,,5,,129.129519598026,35.1688162817484,신세계백화점
MA010120220810481722,코스모내,백화점,G2,소매,G209,섬유·의복·신발 소매,G20901,남성 의류 소매업,G47411,남자용 겉옷 소매업,26,부산광역시,26110,중구,26110570,광복동,2611013200,창선동2가,2611013200100190003,1,대지,19,3,부산광역시 중구 창선동2가 19-3,261104175008,부산광역시 중구 광복로35번길,5,2,2611013200100190002000002,코스모백화점,부산광역시 중구 광복로35번길 5-2,600819,48946,,,,129.028784149574,35.0998220901291,기타/미상
MA010120220811427080,대가고기,백화점,G2,소매,G205,식료품 소매,G20503,정육점,G47212,육류 소매업,26,부산광역시,26500,수영구,26500740,망미1동,2650010100,망미동,2650010100108060004,1,대지,806,4,부산광역시 수영구 망미동 806-4,265004214147,부산광역시 수영구 망미로22번길,35,,2650010100108060004000001,,부산광역시 수영구 망미로22번길 35,613826,48235,,,,129.102836562513,35.1707785269554,기타/미상
MA010120220810134238,파타고니아,롯데광복점,G2,소매,G209,섬유·의복·신발 소매,G20905,기타 의류 소매업,G47419,기타 의복 소매업,26,부산광역시,26110,중구,26110510,중앙동,2611011000,중앙동7가,2611011000100200001,1,대지,20,1,부산광역시 중구 중앙동7가 20-1,261102000010,부산광역시 중구 중앙대로,2,,2611011000100200001000001,롯데백화점,부산광역시 중구 중앙대로 2,600017,48944,,7,,129.036707345866,35.0983104003377,롯데백화점
MA010120220806752140,이엔씨,,G2,소매,G209,섬유·의복·신발 소매,G20902,여성 의류 소매업,G47412,여자용 겉옷 소매업,26,부산광역시,26230,부산진구,26230600,전포1동,2623010200,전포동,2623010200106680001,1,대지,668,1,부산광역시 부산진구 전포동 668-1,262303129010,부산광역시 부산진구 동천로,92,,2623010200106680001044509,NC백화점,부산광역시 부산진구 동천로 92,614772,47293,,3,,129.063013297817,35.1570359960725,NC백화점
MA010120220811430825,쏠리드,,G2,소매,G209,섬유·의복·신발 소매,G20901,남성 의류 소매업,G47411,남자용 겉옷 소매업,26,부산광역시,26350,해운대구,26350520,우2동,2635010500,우동,2635010500114950000,1,대지,1495,,부산광역시 해운대구 우동 1495,263502133001,부산광역시 해운대구 센텀남대로,35,,2635010500114950000000001,신세계백화점,부산광역시 해운대구 센텀남대로 35,612022,48058,,5,,129.129519598026,35.1688162817484,신세계백화점
MA010120220804385281,캉골,,G2,소매,G209,섬유·의복·신발 소매,G20901,남성 의류 소매업,G47411,남자용 겉옷 소매업,26,부산광역시,26260,동래구,26260560,온천2동,2626010800,온천동,2626010800105020003,1,대지,502,3,부산광역시 동래구 온천동 502-3,262602000010,부산광역시 동래구 중앙대로,1393,,2626010800105020003000477,롯데백화점,부산광역시 동래구 중앙대로 1393,607716,47727,,1,,129.07747341266,35.2117052140663,롯데백화점
MA010120220813281398,로엠,,G2,소매,G209,섬유·의복·신발 소매,G20902,여성 의류 소매업,G47412,여자용 겉옷 소매업,26,부산광역시,26350,해운대구,26350551,좌1동,2635010700,좌동,2635010700114670004,1,대지,1467,4,부산광역시 해운대구 좌동 1467-4,263502006010,부산광역시 해운대구 해운대로,813,,2635010700114670004003745,NC백화점,부산광역시 해운대구 해운대로 813,612836,48106,,3,,129.177051032177,35.1705302447392,NC백화점
MA010120220803007057,언더아머NC,서면점,G2,소매,G209,섬유·의복·신발 소매,G20910,신발 소매업,G47430,신발 소매업,26,부산광역시,26230,부산진구,26230600,전포1동,2623010200,전포동,2623010200106680001,1,대지,668,1,부산광역시 부산진구 전포동 668-1,262303129010,부산광역시 부산진구 동천로,92,,2623010200106680001044509,언더아머디씨티NC백화점,부산광역시 부산진구 동천로 92,614772,47293,,2,,129.063013297817,35.1570359960725,NC백화점
MA010120220810476010,롯데부락포트,산본점,G2,소매,G209,섬유·의복·신발 소매,G20910,신발 소매업,G47430,신발 소매업,26,부산광역시,26230,부산진구,26230520,부전2동,2623010300,부전동,2623010300105030015,1,대지,503,15,부산광역시 부산진구 부전동 503-15,262302006015,부산광역시 부산진구 가야대로,772,,2623010300105030015004104,롯데백화점,부산광역시 부산진구 가야대로 772,614732,47285,,3,,129.056412549351,35.1567968046828,롯데백화점
MA010120220810090180,롯데백화점레노마,센텀점,G2,소매,G209,섬유·의복·신발 소매,G20901,남성 의류 소매업,G47411,남자용 겉옷 소매업,26,부산광역시,26350,해운대구,26350520,우2동,2635010500,우동,2635010500114960000,1,대지,1496,,부산광역시 해운대구 우동 1496,263502133001,부산광역시 해운대구 센텀남대로,59,,2635010500114960000000001,정장롯데백화점,부산광역시 해운대구 센텀남대로 59,612022,48058,,,,129.131072074388,35.1698523216207,롯데백화점
MA010120220812967822,올리브데올리브,,G2,소매,G209,섬유·의복·신발 소매,G20902,여성 의류 소매업,G47412,여자용 겉옷 소매업,26,부산광역시,26230,부산진구,26230520,부전2동,2623010300,부전동,2623010300105030015,1,대지,503,15,부산광역시 부산진구 부전동 503-15,262302006015,부산광역시 부산진구 가야대로,772,,2623010300105030015004104,롯데백화점,부산광역시 부산진구 가야대로 772,614732,47285,,2,,129.056412549351,35.1567968046828,롯데백화점
MA010120220806994220,티비제이NC,해운대,G2,소매,G209,섬유·의복·신발 소매,G20901,남성 의류 소매업,G47411,남자용 겉옷 소매업,26,부산광역시,26350,해운대구,26350551,좌1동,2635010700,좌동,2635010700114670004,1,대지,1467,4,부산광역시 해운대구 좌동 1467-4,263502006010,부산광역시 해운대구 해운대로,813,,2635010700114670004003745,NC백화점,부산광역시 해운대구 해운대로 813,612836,48106,,4,,129.177051032177,35.1705302447392,NC백화점
MA010120220809303097,밍크뮤신세계센텀시티,,G2,소매,G209,섬유·의복·신발 소매,G20903,유아용 의류 소매업,G47417,유아용 의류 소매업,26,부산광역시,26350,해운대구,26350520,우2동,2635010500,우동,2635010500114950000,1,대지,1495,,부산광역시 해운대구 우동 1495,263502133001,부산광역시 해운대구 센텀남대로,35,,2635010500114950000000001,신세계백화점,부산광역시 해운대구 센텀남대로 35,612022,48058,,6,,129.129519598026,35.1688162817484,신세계백화점
MA010120220814340116,롯데센텀비너스,,G2,소매,G209,섬유·의복·신발 소매,G20905,기타 의류 소매업,G47413,속옷 및 잠옷 소매업,26,부산광역시,26350,해운대구,26350520,우2동,2635010500,우동,2635010500114960000,1,대지,1496,,부산광역시 해운대구 우동 1496,263502133001,부산광역시 해운대구 센텀남대로,59,,2635010500114960000000001,롯데백화점,부산광역시 해운대구 센텀남대로 59,612022,48058,,3,,129.131072074388,35.1698523216207,롯데백화점
MA010120220810604404,아이리더,,G2,소매,G216,안경·정밀기기 소매,G21602,안경렌즈 소매업,G47822,안경 및 렌즈 소매업,26,부산광역시,26230,부산진구,26230520,부전2동,2623010300,부전동,2623010300105030015,1,대지,503,15,부산광역시 부산진구 부전동 503-15,262302006015,부산광역시 부산진구 가야대로,772,,2623010300105030015004104,롯데백화점,부산광역시 부산진구 가야대로 772,614732,47285,,6,,129.056412549351,35.1567968046828,롯데백화점
MA010120220805006416,면채반현대백화점,부산점,I2,음식,I201,한식,I20105,국수/칼국수,I56112,한식 면 요리 전문점,26,부산광역시,26170,동구,26170660,범일2동,2617010400,범일동,2617010400100620005,1,대지,62,5,부산광역시 동구 범일동 62-5,261703127051,부산광역시 동구 범일로,125,,2617010400100620005005551,현대백화점,부산광역시 동구 범일로 125,601718,48735,,2,,129.058567919742,35.1413052322577,현대백화점
MA010120220811618592,NC,부산대점,G2,소매,G209,섬유·의복·신발 소매,G20902,여성 의류 소매업,G47412,여자용 겉옷 소매업,26,부산광역시,26410,금정구,26410610,장전2동,2641010800,장전동,2641010800100400000,1,대지,40,,부산광역시 금정구 장전동 40,264104205206,부산광역시 금정구 부산대학로63번길,2,,2641010800100400000000001,NC백화점,부산광역시 금정구 부산대학로63번길 2,609737,46241,,2,,129.083829027579,35.2322412765478,NC백화점
MA010120220809864581,롯데동래점헨리코튼남성,백화점,G2,소매,G209,섬유·의복·신발 소매,G20901,남성 의류 소매업,G47411,남자용 겉옷 소매업,26,부산광역시,26260,동래구,26260560,온천2동,2626010800,온천동,2626010800105020003,1,대지,502,3,부산광역시 동래구 온천동 502-3,262602000010,부산광역시 동래구 중앙대로,1393,,2626010800105020003000477,롯데백화점,부산광역시 동래구 중앙대로 1393,607716,47727,,4,,129.07747341266,35.2117052140663,롯데백화점
MA010120220810568658,인디안롯데광복점,백화점,G2,소매,G209,섬유·의복·신발 소매,G20901,남성 의류 소매업,G47411,남자용 겉옷 소매업,26,부산광역시,26110,중구,26110510,중앙동,2611011000,중앙동7가,2611011000100200001,1,대지,20,1,부산광역시 중구 중앙동7가 20-1,261102000010,부산광역시 중구 중앙대로,2,,2611011000100200001000001,,부산광역시 중구 중앙대로 2,600017,48944,,6,,129.036707345866,35.0983104003377,롯데백화점
MA010120220810777276,로잔,,G2,소매,G209,섬유·의복·신발 소매,G20902,여성 의류 소매업,G47412,여자용 겉옷 소매업,26,부산광역시,26260,동래구,26260560,온천2동,2626010800,온천동,2626010800105020003,1,대지,502,3,부산광역시 동래구 온천동 502-3,262602000010,부산광역시 동래구 중앙대로,1393,,2626010800105020003000477,롯데백화점,부산광역시 동래구 중앙대로 1393,607716,47727,,3,,129.07747341266,35.2117052140663,롯데백화점
MA010120220810792634,휠라키즈,,G2,소매,G209,섬유·의복·신발 소매,G20903,유아용 의류 소매업,G47417,유아용 의류 소매업,26,부산광역시,26260,동래구,26260560,온천2동,2626010800,온천동,2626010800105020003,1,대지,502,3,부산광역시 동래구 온천동 502-3,262602000010,부산광역시 동래구 중앙대로,1393,,2626010800105020003000477,롯데백화점,부산광역시 동래구 중앙대로 1393,607716,47727,,6,,129.07747341266,35.2117052140663,롯데백화점
MA010120220812595584,노비스,,G2,소매,G209,섬유·의복·신발 소매,G20901,남성 의류 소매업,G47411,남자용 겉옷 소매업,26,부산광역시,26230,부산진구,26230520,부전2동,2623010300,부전동,2623010300105030015,1,대지,503,15,부산광역시 부산진구 부전동 503-15,262302006015,부산광역시 부산진구 가야대로,772,,2623010300105030015004104,롯데백화점,부산광역시 부산진구 가야대로 772,614732,47285,,,,129.056412549351,35.1567968046828,롯데백화점
MA010120220813490394,엠에스지엠,,G2,소매,G209,섬유·의복·신발 소매,G20902,여성 의류 소매업,G47412,여자용 겉옷 소매업,26,부산광역시,26350,해운대구,26350520,우2동,2635010500,우동,2635010500114950000,1,대지,1495,,부산광역시 해운대구 우동 1495,263502133001,부산광역시 해운대구 센텀남대로,35,,2635010500114950000000001,신세계백화점,부산광역시 해운대구 센텀남대로 35,612022,48058,,2,,129.129519598026,35.1688162817484,신세계백화점
MA010120220805993706,네파,,G2,소매,G209,섬유·의복·신발 소매,G20905,기타 의류 소매업,G47419,기타 의복 소매업,26,부산광역시,26350,해운대구,26350520,우2동,2635010500,우동,2635010500114950000,1,대지,1495,,부산광역시 해운대구 우동 1495,263502133001,부산광역시 해운대구 센텀남대로,35,,2635010500114950000000001,신세계백화점,부산광역시 해운대구 센텀남대로 35,612022,48058,,6,,129.129519598026,35.1688162817484,신세계백화점
MA010120220809742660,에이비플러스,,G2,소매,G209,섬유·의복·신발 소매,G20905,기타 의류 소매업,G47419,기타 의복 소매업,26,부산광역시,26410,금정구,26410610,장전2동,2641010800,장전동,2641010800100400000,1,대지,40,,부산광역시 금정구 장전동 40,264104205206,부산광역시 금정구 부산대학로63번길,2,,2641010800100400000000001,NC백화점,부산광역시 금정구 부산대학로63번길 2,609737,46241,,2,,129.083829027579,35.2322412765478,NC백화점
MA010120220813351600,데상트,,G2,소매,G209,섬유·의복·신발 소매,G20905,기타 의류 소매업,G47419,기타 의복 소매업,26,부산광역시,26350,해운대구,26350520,우2동,2635010500,우동,2635010500114960000,1,대지,1496,,부산광역시 해운대구 우동 1496,263502133001,부산광역시 해운대구 센텀남대로,59,,2635010500114960000000001,롯데백화점,부산광역시 해운대구 센텀남대로 59,612022,48058,,5,,129.131072074388,35.1698523216207,롯데백화점
MA010120220812173148,로엠걸즈,,G2,소매,G209,섬유·의복·신발 소매,G20905,기타 의류 소매업,G47419,기타 의복 소매업,26,부산광역시,26410,금정구,26410610,장전2동,2641010800,장전동,2641010800100400000,1,대지,40,,부산광역시 금정구 장전동 40,264104205206,부산광역시 금정구 부산대학로63번길,2,,2641010800100400000000001,NC백화점,부산광역시 금정구 부산대학로63번길 2,609737,46241,,4,,129.083829027579,35.2322412765478,NC백화점
MA010120220805359407,윤슬,,G2,소매,G209,섬유·의복·신발 소매,G20905,기타 의류 소매업,G47419,기타 의복 소매업,26,부산광역시,26350,해운대구,26350520,우2동,2635010500,우동,2635010500114960000,1,대지,1496,,부산광역시 해운대구 우동 1496,263502133001,부산광역시 해운대구 센텀남대로,59,,2635010500114960000000001,롯데백화점,부산광역시 해운대구 센텀남대로 59,612022,48058,,6,,129.131072074388,35.1698523216207,롯데백화점
MA010120220807041079,모조에스핀,,G2,소매,G209,섬유·의복·신발 소매,G20902,여성 의류 소매업,G47412,여자용 겉옷 소매업,26,부산광역시,26260,동래구,26260560,온천2동,2626010800,온천동,2626010800105020003,1,대지,502,3,부산광역시 동래구 온천동 502-3,262602000010,부산광역시 동래구 중앙대로,1393,,2626010800105020003000477,롯데백화점,부산광역시 동래구 중앙대로 1393,607716,47727,,2,,129.07747341266,35.2117052140663,롯데백화점
MA010120220806581067,청년다방,부산대점,I2,음식,I210,기타 간이,I21007,김밥/만두/분식,I56194,김밥 및 기타 간이 음식점업,26,부산광역시,26410,금정구,26410610,장전2동,2641010800,장전동,2641010800100400000,1,대지,40,,부산광역시 금정구 장전동 40,264104205206,부산광역시 금정구 부산대학로63번길,2,,2641010800100400000000001,엔씨백화점,부산광역시 금정구 부산대학로63번길 2,609737,46241,,5,,129.083829027579,35.2322412765478,NC백화점
MA010120220806868074,반반식당,,I2,음식,I201,한식,I20102,국/탕/찌개류,I56111,한식 일반 음식점업,26,부산광역시,26110,중구,26110510,중앙동,2611011000,중앙동7가,2611011000100200001,1,대지,20,1,부산광역시 중구 중앙동7가 20-1,261102000010,부산광역시 중구 중앙대로,2,,2611011000100200001000001,롯데백화점,부산광역시 중구 중앙대로 2,600017,48944,,1,,129.036707345866,35.0983104003377,롯데백화점
MA010120220803003146,엔에프엘,,G2,소매,G209,섬유·의복·신발 소매,G20905,기타 의류 소매업,G47419,기타 의복 소매업,26,부산광역시,26350,해운대구,26350520,우2동,2635010500,우동,2635010500114960000,1,대지,1496,,부산광역시 해운대구 우동 1496,263502133001,부산광역시 해운대구 센텀남대로,59,,2635010500114960000000001,롯데백화점,부산광역시 해운대구 센텀남대로 59,612022,48058,,2,,129.131072074388,35.1698523216207,롯데백화점
MA010120220803110111,다이나핏,,G2,소매,G209,섬유·의복·신발 소매,G20905,기타 의류 소매업,G47419,기타 의복 소매업,26,부산광역시,26170,동구,26170660,범일2동,2617010400,범일동,2617010400100620005,1,대지,62,5,부산광역시 동구 범일동 62-5,261703127051,부산광역시 동구 범일로,125,,2617010400100620005005551,현대백화점,부산광역시 동구 범일로 125,601718,48735,,6,,129.058567919742,35.1413052322577,현대백화점
MA010120220810644534,캉골,,G2,소매,G209,섬유·의복·신발 소매,G20905,기타 의류 소매업,G47414,셔츠 및 블라우스 소매업,26,부산광역시,26230,부산진구,26230520,부전2동,2623010300,부전동,2623010300105030015,1,대지,503,15,부산광역시 부산진구 부전동 503-15,262302006015,부산광역시 부산진구 가야대로,772,,2623010300105030015004104,롯데백화점,부산광역시 부산진구 가야대로 772,614732,47285,,7,,129.056412549351,35.1567968046828,롯데백화점
MA010120220813044719,모라도롯데백화점,센텀점,G2,소매,G209,섬유·의복·신발 소매,G20902,여성 의류 소매업,G47412,여자용 겉옷 소매업,26,부산광역시,26350,해운대구,26350520,우2동,2635010500,우동,2635010500114960000,1,대지,1496,,부산광역시 해운대구 우동 1496,263502133001,부산광역시 해운대구 센텀남대로,59,,2635010500114960000000001,롯데백화점,부산광역시 해운대구 센텀남대로 59,612022,48058,,3,,129.131072074388,35.1698523216207,롯데백화점
MA010120220812791716,미플NC백화점,해운대점,S2,수리·개인,S207,이용·미용,S20702,피부 관리실,S96113,피부 미용업,26,부산광역시,26350,해운대구,26350551,좌1동,2635010700,좌동,2635010700114670004,1,대지,1467,4,부산광역시 해운대구 좌동 1467-4,263502006010,부산광역시 해운대구 해운대로,813,,2635010700114670004003745,NC백화점,부산광역시 해운대구 해운대로 813,612836,48106,,7,,129.177051032177,35.1705302447392,NC백화점
MA010120220811451463,더샘인터내셔날NC백화점,해운대점,G2,소매,G215,의약·화장품 소매,G21503,화장품 소매업,G47813,화장품; 비누 및 방향제 소매업,26,부산광역시,26350,해운대구,26350551,좌1동,2635010700,좌동,2635010700114670004,1,대지,1467,4,부산광역시 해운대구 좌동 1467-4,263502006010,부산광역시 해운대구 해운대로,813,,2635010700114670004003745,NC백화점,부산광역시 해운대구 해운대로 813,612836,48106,,1,,129.177051032177,35.1705302447392,NC백화점
MA010120220810972859,씨엔보코현대백화점,부산점,G2,소매,G209,섬유·의복·신발 소매,G20902,여성 의류 소매업,G47412,여자용 겉옷 소매업,26,부산광역시,26170,동구,26170660,범일2동,2617010400,범일동,2617010400100620005,1,대지,62,5,부산광역시 동구 범일동 62-5,261703127051,부산광역시 동구 범일로,125,,2617010400100620005005551,현대백화점,부산광역시 동구 범일로 125,601718,48735,,3,,129.058567919742,35.1413052322577,현대백화점
MA010120220811245591,롯데백화점쇼콜라,센텀점,G2,소매,G209,섬유·의복·신발 소매,G20903,유아용 의류 소매업,G47417,유아용 의류 소매업,26,부산광역시,26350,해운대구,26350520,우2동,2635010500,우동,2635010500114960000,1,대지,1496,,부산광역시 해운대구 우동 1496,263502133001,부산광역시 해운대구 센텀남대로,59,,2635010500114960000000001,롯데백화점,부산광역시 해운대구 센텀남대로 59,612022,48058,,,,129.131072074388,35.1698523216207,롯데백화점
MA010120220805607926,롯데동래헤지스ACC,,G2,소매,G209,섬유·의복·신발 소매,G20911,가방 소매업,G47440,가방 및 기타 가죽제품 소매업,26,부산광역시,26260,동래구,26260560,온천2동,2626010800,온천동,2626010800105020003,1,대지,502,3,부산광역시 동래구 온천동 502-3,262602000010,부산광역시 동래구 중앙대로,1393,,2626010800105020003000477,롯데백화점,부산광역시 동래구 중앙대로 1393,607716,47727,,1,,129.07747341266,35.2117052140663,롯데백화점
MA010120220805318699,연산가구,백화점,G2,소매,G211,가구 소매,G21101,가구 소매업,G47520,가구 소매업,26,부산광역시,26470,연제구,26470730,연산9동,2647010200,연산동,2647010200104700001,1,대지,470,1,부산광역시 연제구 연산동 470-1,264703137034,부산광역시 연제구 좌수영로,307,,2647010200104700001015718,,부산광역시 연제구 좌수영로 307,611812,47569,,,,129.108067930146,35.1876381938972,기타/미상
MA010120220803444810,현대백화점쥬시쥬디,부산점,G2,소매,G209,섬유·의복·신발 소매,G20905,기타 의류 소매업,G47414,셔츠 및 블라우스 소매업,26,부산광역시,26170,동구,26170660,범일2동,2617010400,범일동,2617010400100620005,1,대지,62,5,부산광역시 동구 범일동 62-5,261703127051,부산광역시 동구 범일로,125,,2617010400100620005005551,현대백화점,부산광역시 동구 범일로 125,601718,48735,,B1,,129.058567919742,35.1413052322577,현대백화점
MA010120220803180426,신세계센텀,,G2,소매,G209,섬유·의복·신발 소매,G20910,신발 소매업,G47430,신발 소매업,26,부산광역시,26350,해운대구,26350520,우2동,2635010500,우동,2635010500114950000,1,대지,1495,,부산광역시 해운대구 우동 1495,263502133001,부산광역시 해운대구 센텀남대로,35,,2635010500114950000000001,어그신세계백화점,부산광역시 해운대구 센텀남대로 35,612022,48058,,3,,129.129519598026,35.1688162817484,신세계백화점
MA010120220807114513,북촌손만두롯데광복점,백화점,I2,음식,I210,기타 간이,I21007,김밥/만두/분식,I56194,김밥 및 기타 간이 음식점업,26,부산광역시,26110,중구,26110510,중앙동,2611011000,중앙동7가,2611011000100200001,1,대지,20,1,부산광역시 중구 중앙동7가 20-1,261102000010,부산광역시 중구 중앙대로,2,,2611011000100200001000001,롯대백화점,부산광역시 중구 중앙대로 2,600017,48944,,1,,129.036707345866,35.0983104003377,롯데백화점
MA010120220804603722,빨질레리신세계센텀,,G2,소매,G209,섬유·의복·신발 소매,G20901,남성 의류 소매업,G47411,남자용 겉옷 소매업,26,부산광역시,26350,해운대구,26350520,우2동,2635010500,우동,2635010500114950000,1,대지,1495,,부산광역시 해운대구 우동 1495,263502133001,부산광역시 해운대구 센텀남대로,35,,2635010500114950000000001,신세계백화점,부산광역시 해운대구 센텀남대로 35,612022,48058,,5,,129.129519598026,35.1688162817484,신세계백화점
MA010120220805395424,제이엔총각정육망미지점,백화점,G2,소매,G205,식료품 소매,G20503,정육점,G47212,육류 소매업,26,부산광역시,26500,수영구,26500740,망미1동,2650010100,망미동,2650010100104240003,1,대지,424,3,부산광역시 수영구 망미동 424-3,265003129044,부산광역시 수영구 연수로,349,,2650010100104240003000001,,부산광역시 수영구 연수로 349,613822,48211,,,,129.108762943037,35.1716306794175,기타/미상
MA010120220808640988,코오롱스포츠롯데동래점,백화점,G2,소매,G209,섬유·의복·신발 소매,G20905,기타 의류 소매업,G47419,기타 의복 소매업,26,부산광역시,26260,동래구,26260560,온천2동,2626010800,온천동,2626010800105020003,1,대지,502,3,부산광역시 동래구 온천동 502-3,262602000010,부산광역시 동래구 중앙대로,1393,,2626010800105020003000477,롯데백화점,부산광역시 동래구 중앙대로 1393,607716,47727,,5,,129.07747341266,35.2117052140663,롯데백화점
MA010120220808613341,피지에이투어앤엘피지에이,,G2,소매,G209,섬유·의복·신발 소매,G20905,기타 의류 소매업,G47419,기타 의복 소매업,26,부산광역시,26110,중구,26110510,중앙동,2611011000,중앙동7가,2611011000100200001,1,대지,20,1,부산광역시 중구 중앙동7가 20-1,261102000010,부산광역시 중구 중앙대로,2,,2611011000100200001000001,롯데백화점,부산광역시 중구 중앙대로 2,600017,48944,,7,,129.036707345866,35.0983104003377,롯데백화점
MA010120220807210549,도훈상회,,G2,소매,G209,섬유·의복·신발 소매,G20905,기타 의류 소매업,G47414,셔츠 및 블라우스 소매업,26,부산광역시,26110,중구,26110510,중앙동,2611011000,중앙동7가,2611011000100200001,1,대지,20,1,부산광역시 중구 중앙동7가 20-1,261102000010,부산광역시 중구 중앙대로,2,,2611011000100200001000001,롯데백화점,부산광역시 중구 중앙대로 2,600017,48944,,6,,129.036707345866,35.0983104003377,롯데백화점
MA010120220807980647,띠어리현대,부산점,G2,소매,G209,섬유·의복·신발 소매,G20902,여성 의류 소매업,G47412,여자용 겉옷 소매업,26,부산광역시,26170,동구,26170660,범일2동,2617010400,범일동,2617010400100620005,1,대지,62,5,부산광역시 동구 범일동 62-5,261703127051,부산광역시 동구 범일로,125,,2617010400100620005005551,현대백화점,부산광역시 동구 범일로 125,601718,48735,,2,,129.058567919742,35.1413052322577,현대백화점
MA010120220800301481,이탈리안홈부산지사,,G2,소매,G211,가구 소매,G21101,가구 소매업,G47520,가구 소매업,26,부산광역시,26110,중구,26110510,중앙동,2611011000,중앙동7가,2611011000100200001,1,대지,20,1,부산광역시 중구 중앙동7가 20-1,261102000010,부산광역시 중구 중앙대로,2,,2611011000100200001000001,롯데백화점,부산광역시 중구 중앙대로 2,600017,48944,,9,,129.036707345866,35.0983104003377,롯데백화점
MA010120220802962201,스타카토,,G2,소매,G209,섬유·의복·신발 소매,G20910,신발 소매업,G47430,신발 소매업,26,부산광역시,26350,해운대구,26350520,우2동,2635010500,우동,2635010500114950000,1,대지,1495,,부산광역시 해운대구 우동 1495,263502133001,부산광역시 해운대구 센텀남대로,35,,2635010500114950000000001,신세계백화점,부산광역시 해운대구 센텀남대로 35,612022,48058,,,,129.129519598026,35.1688162817484,신세계백화점
MA010120220810630959,씨피컴퍼니,,G2,소매,G209,섬유·의복·신발 소매,G20901,남성 의류 소매업,G47411,남자용 겉옷 소매업,26,부산광역시,26110,중구,26110510,중앙동,2611011000,중앙동7가,2611011000100200001,1,대지,20,1,부산광역시 중구 중앙동7가 20-1,261102000010,부산광역시 중구 중앙대로,2,,2611011000100200001000001,롯데백화점,부산광역시 중구 중앙대로 2,600017,48944,,,,129.036707345866,35.0983104003377,롯데백화점
MA010120220810614684,센스옷수선,,S2,수리·개인,S206,기타 가정용품 수리,S20601,의류/이불 수선업,S95391,의복 및 기타 가정용 직물제품 수리업,26,부산광역시,26230,부산진구,26230520,부전2동,2623010300,부전동,2623010300105030015,1,대지,503,15,부산광역시 부산진구 부전동 503-15,262302006015,부산광역시 부산진구 가야대로,772,,2623010300105030015004104,롯데백화점,부산광역시 부산진구 가야대로 772,614732,47285,,3,,129.056412549351,35.1567968046828,롯데백화점
MA010120220810154174,제이브이엘부대찌개롯데광복점,백화점,I2,음식,I201,한식,I20101,백반/한정식,I56111,한식 일반 음식점업,26,부산광역시,26110,중구,26110510,중앙동,2611011000,중앙동7가,2611011000100200001,1,대지,20,1,부산광역시 중구 중앙동7가 20-1,261102000010,부산광역시 중구 중앙대로,2,,2611011000100200001000001,롯데백화점,부산광역시 중구 중앙대로 2,600017,48944,,4,,129.036707345866,35.0983104003377,롯데백화점
MA010120220812397046,캠브리지멤버스,,G2,소매,G209,섬유·의복·신발 소매,G20901,남성 의류 소매업,G47411,남자용 겉옷 소매업,26,부산광역시,26350,해운대구,26350520,우2동,2635010500,우동,2635010500114950000,1,대지,1495,,부산광역시 해운대구 우동 1495,263502133001,부산광역시 해운대구 센텀남대로,35,,2635010500114950000000001,신세계백화점,부산광역시 해운대구 센텀남대로 35,612022,48058,,5,,129.129519598026,35.1688162817484,신세계백화점
MA010120220803254634,트렉스타,,G2,소매,G209,섬유·의복·신발 소매,G20905,기타 의류 소매업,G47419,기타 의복 소매업,26,부산광역시,26350,해운대구,26350520,우2동,2635010500,우동,2635010500114960000,1,대지,1496,,부산광역시 해운대구 우동 1496,263502133001,부산광역시 해운대구 센텀남대로,59,,2635010500114960000000001,롯데백화점,부산광역시 해운대구 센텀남대로 59,612022,48058,,5,,129.131072074388,35.1698523216207,롯데백화점
MA010120220800997805,서브웨이롯데광복점,백화점,I2,음식,I210,기타 간이,I21005,토스트/샌드위치/샐러드,I56192,피자; 햄버거; 샌드위치 및 유사 음식점업,26,부산광역시,26110,중구,26110510,중앙동,2611011000,중앙동7가,2611011000100200001,1,대지,20,1,부산광역시 중구 중앙동7가 20-1,261102000010,부산광역시 중구 중앙대로,2,,2611011000100200001000001,롯데백화점,부산광역시 중구 중앙대로 2,600017,48944,,4,,129.036707345866,35.0983104003377,롯데백화점
MA010120220811890790,만물,백화점,G2,소매,G204,종합 소매,G20499,그 외 기타 종합 소매업,G47190,그 외 기타 종합 소매업,26,부산광역시,26710,기장군,26710256,정관읍,2671025622,정관읍,2671025622107780005,1,대지,778,5,부산광역시 기장군 정관읍 매학리 778-5,267103140044,부산광역시 기장군 정관읍 정관6로,47,,2671032022107780005000001,,부산광역시 기장군 정관읍 정관6로 47,619963,46024,,,,129.179085386421,35.3192427663538,기타/미상
MA010120220806336876,현대부산핏플랍,,G2,소매,G209,섬유·의복·신발 소매,G20910,신발 소매업,G47430,신발 소매업,26,부산광역시,26170,동구,26170660,범일2동,2617010400,범일동,2617010400100620005,1,대지,62,5,부산광역시 동구 범일동 62-5,261703127051,부산광역시 동구 범일로,125,,2617010400100620005005551,핏플랍현대백화점,부산광역시 동구 범일로 125,601718,48735,,3,,129.058567919742,35.1413052322577,현대백화점
MA010120220809973317,디스퀘어드2신세계,센텀시티점,G2,소매,G209,섬유·의복·신발 소매,G20901,남성 의류 소매업,G47411,남자용 겉옷 소매업,26,부산광역시,26350,해운대구,26350520,우2동,2635010500,우동,2635010500114950000,1,대지,1495,,부산광역시 해운대구 우동 1495,263502133001,부산광역시 해운대구 센텀남대로,35,,2635010500114950000000001,신세계백화점,부산광역시 해운대구 센텀남대로 35,612022,48058,,5,,129.129519598026,35.1688162817484,신세계백화점
MA010120220810653319,블루독롯데,센텀시티점,G2,소매,G209,섬유·의복·신발 소매,G20905,기타 의류 소매업,G47419,기타 의복 소매업,26,부산광역시,26350,해운대구,26350520,우2동,2635010500,우동,2635010500114960000,1,대지,1496,,부산광역시 해운대구 우동 1496,263502133001,부산광역시 해운대구 센텀남대로,59,,2635010500114960000000001,롯데백화점,부산광역시 해운대구 센텀남대로 59,612022,48058,,6,,129.131072074388,35.1698523216207,롯데백화점
MA010120220810552949,부산롯데광복점온기정,백화점,I2,음식,I203,일식,I20302,일식 카레/돈가스/덮밥,I56122,일식 음식점업,26,부산광역시,26110,중구,26110510,중앙동,2611011000,중앙동7가,2611011000100200001,1,대지,20,1,부산광역시 중구 중앙동7가 20-1,261102000010,부산광역시 중구 중앙대로,2,,2611011000100200001000001,롯데백화점,부산광역시 중구 중앙대로 2,600017,48944,,1,,129.036707345866,35.0983104003377,롯데백화점
MA010120220811462423,젬컴(센텀신세계점)주,,G2,소매,G217,시계·귀금속 소매,G21701,시계/귀금속 소매업,G47830,시계 및 귀금속 소매업,26,부산광역시,26350,해운대구,26350520,우2동,2635010500,우동,2635010500114950000,1,대지,1495,,부산광역시 해운대구 우동 1495,263502133001,부산광역시 해운대구 센텀남대로,35,,2635010500114950000000001,신세계백화점,부산광역시 해운대구 센텀남대로 35,612022,48058,,1,,129.129519598026,35.1688162817484,신세계백화점
MA010120220810623305,데무,,G2,소매,G209,섬유·의복·신발 소매,G20902,여성 의류 소매업,G47412,여자용 겉옷 소매업,26,부산광역시,26230,부산진구,26230520,부전2동,2623010300,부전동,2623010300105030015,1,대지,503,15,부산광역시 부산진구 부전동 503-15,262302006015,부산광역시 부산진구 가야대로,772,,2623010300105030015004104,롯데백화점,부산광역시 부산진구 가야대로 772,614732,47285,,2,,129.056412549351,35.1567968046828,롯데백화점
MA010120220810820221,펠리아,,S2,수리·개인,S207,이용·미용,S20701,미용실,S96112,두발 미용업,26,부산광역시,26260,동래구,26260560,온천2동,2626010800,온천동,2626010800105020003,1,대지,502,3,부산광역시 동래구 온천동 502-3,262602000010,부산광역시 동래구 중앙대로,1393,,2626010800105020003000477,롯데백화점,부산광역시 동래구 중앙대로 1393,607716,47727,,8,,129.07747341266,35.2117052140663,롯데백화점
MA010120220811023789,우영미,,G2,소매,G209,섬유·의복·신발 소매,G20901,남성 의류 소매업,G47411,남자용 겉옷 소매업,26,부산광역시,26350,해운대구,26350520,우2동,2635010500,우동,2635010500114950000,1,대지,1495,,부산광역시 해운대구 우동 1495,263502133001,부산광역시 해운대구 센텀남대로,35,,2635010500114950000000001,신세계백화점,부산광역시 해운대구 센텀남대로 35,612022,48058,,5,,129.129519598026,35.1688162817484,신세계백화점
MA010120220811395484,토리헤어,,S2,수리·개인,S207,이용·미용,S20701,미용실,S96112,두발 미용업,26,부산광역시,26410,금정구,26410610,장전2동,2641010800,장전동,2641010800100400000,1,대지,40,,부산광역시 금정구 장전동 40,264104205206,부산광역시 금정구 부산대학로63번길,2,,2641010800100400000000001,NC백화점,부산광역시 금정구 부산대학로63번길 2,609737,46241,,1,,129.083829027579,35.2322412765478,NC백화점
MA010120220810095289,에르노,,G2,소매,G209,섬유·의복·신발 소매,G20902,여성 의류 소매업,G47412,여자용 겉옷 소매업,26,부산광역시,26350,해운대구,26350520,우2동,2635010500,우동,2635010500114950000,1,대지,1495,,부산광역시 해운대구 우동 1495,263502133001,부산광역시 해운대구 센텀남대로,35,,2635010500114950000000001,에르노신세계백화점,부산광역시 해운대구 센텀남대로 35,612022,48058,,2,,129.129519598026,35.1688162817484,신세계백화점
MA010120220809569259,엘칸토,,G2,소매,G209,섬유·의복·신발 소매,G20910,신발 소매업,G47430,신발 소매업,26,부산광역시,26350,해운대구,26350551,좌1동,2635010700,좌동,2635010700114670004,1,대지,1467,4,부산광역시 해운대구 좌동 1467-4,263502006010,부산광역시 해운대구 해운대로,813,,2635010700114670004003745,NC백화점,부산광역시 해운대구 해운대로 813,612836,48106,,1,,129.177051032177,35.1705302447392,NC백화점
MA010120220811437704,NC백화점로이드,해운대,G2,소매,G217,시계·귀금속 소매,G21701,시계/귀금속 소매업,G47830,시계 및 귀금속 소매업,26,부산광역시,26350,해운대구,26350551,좌1동,2635010700,좌동,2635010700114670004,1,대지,1467,4,부산광역시 해운대구 좌동 1467-4,263502006010,부산광역시 해운대구 해운대로,813,,2635010700114670004003745,NC백화점,부산광역시 해운대구 해운대로 813,612836,48106,,1,,129.177051032177,35.1705302447392,NC백화점
MA010120220810499229,제네바주,,G2,소매,G217,시계·귀금속 소매,G21701,시계/귀금속 소매업,G47830,시계 및 귀금속 소매업,26,부산광역시,26110,중구,26110510,중앙동,2611011000,중앙동7가,2611011000100200001,1,대지,20,1,부산광역시 중구 중앙동7가 20-1,261102000010,부산광역시 중구 중앙대로,2,,2611011000100200001000001,롯데백화점,부산광역시 중구 중앙대로 2,600017,48944,,1,,129.036707345866,35.0983104003377,롯데백화점
MA010120220812353765,풋조이,,G2,소매,G209,섬유·의복·신발 소매,G20905,기타 의류 소매업,G47419,기타 의복 소매업,26,부산광역시,26110,중구,26110510,중앙동,2611011000,중앙동7가,2611011000100200001,1,대지,20,1,부산광역시 중구 중앙동7가 20-1,261102000010,부산광역시 중구 중앙대로,2,,2611011000100200001000001,롯데백화점,부산광역시 중구 중앙대로 2,600017,48944,,7,,129.036707345866,35.0983104003377,롯데백화점
MA010120220810772460,롯데동래헤지스여성,,G2,소매,G209,섬유·의복·신발 소매,G20902,여성 의류 소매업,G47412,여자용 겉옷 소매업,26,부산광역시,26260,동래구,26260560,온천2동,2626010800,온천동,2626010800105020003,1,대지,502,3,부산광역시 동래구 온천동 502-3,262602000010,부산광역시 동래구 중앙대로,1393,,2626010800105020003000477,롯데백화점,부산광역시 동래구 중앙대로 1393,607716,47727,,,,129.07747341266,35.2117052140663,롯데백화점
MA010120220803116072,푸드웨이브,,I2,음식,I210,기타 간이,I21007,김밥/만두/분식,I56194,김밥 및 기타 간이 음식점업,26,부산광역시,26110,중구,26110510,중앙동,2611011000,중앙동7가,2611011000100200001,1,대지,20,1,부산광역시 중구 중앙동7가 20-1,261102000010,부산광역시 중구 중앙대로,2,,2611011000100200001000001,롯데백화점,부산광역시 중구 중앙대로 2,600017,48944,,1,,129.036707345866,35.0983104003377,롯데백화점
MA010120220802679720,셀덴NC,서면점,G2,소매,G209,섬유·의복·신발 소매,G20903,유아용 의류 소매업,G47417,유아용 의류 소매업,26,부산광역시,26230,부산진구,26230600,전포1동,2623010200,전포동,2623010200106680001,1,대지,668,1,부산광역시 부산진구 전포동 668-1,262303129010,부산광역시 부산진구 동천로,92,,2623010200106680001044509,서면NC백화점,부산광역시 부산진구 동천로 92,614772,47293,,3,,129.063013297817,35.1570359960725,NC백화점
MA010120220811018435,프랑코페라로,롯데광복점,G2,소매,G209,섬유·의복·신발 소매,G20911,가방 소매업,G47440,가방 및 기타 가죽제품 소매업,26,부산광역시,26110,중구,26110510,중앙동,2611011000,중앙동7가,2611011000100200001,1,대지,20,1,부산광역시 중구 중앙동7가 20-1,261102000010,부산광역시 중구 중앙대로,2,,2611011000100200001000001,롯데백화점,부산광역시 중구 중앙대로 2,600017,48944,,6,,129.036707345866,35.0983104003377,롯데백화점
MA010120220810631366,오빈굴비,,G2,소매,G205,식료품 소매,G20505,수산물 소매업,G47214,신선; 냉동 및 기타 수산물 소매업,26,부산광역시,26170,동구,26170660,범일2동,2617010400,범일동,2617010400100620005,1,대지,62,5,부산광역시 동구 범일동 62-5,261703127051,부산광역시 동구 범일로,125,,2617010400100620005005551,현대백화점,부산광역시 동구 범일로 125,601718,48735,,2,,129.058567919742,35.1413052322577,현대백화점
MA010120220806188371,민기스포츠,,G2,소매,G209,섬유·의복·신발 소매,G20905,기타 의류 소매업,G47419,기타 의복 소매업,26,부산광역시,26230,부산진구,26230520,부전2동,2623010300,부전동,2623010300105030015,1,대지,503,15,부산광역시 부산진구 부전동 503-15,262302006015,부산광역시 부산진구 가야대로,772,,2623010300105030015004104,롯데백화점,부산광역시 부산진구 가야대로 772,614732,47285,,5,,129.056412549351,35.1567968046828,롯데백화점
MA010120220811435785,서연상사,,G2,소매,G209,섬유·의복·신발 소매,G20910,신발 소매업,G47430,신발 소매업,26,부산광역시,26350,해운대구,26350551,좌1동,2635010700,좌동,2635010700114670004,1,대지,1467,4,부산광역시 해운대구 좌동 1467-4,263502006010,부산광역시 해운대구 해운대로,813,,2635010700114670004003745,NC백화점,부산광역시 해운대구 해운대로 813,612836,48106,,3,,129.177051032177,35.1705302447392,NC백화점
MA010120220810612478,롯데부게스,산본점,G2,소매,G209,섬유·의복·신발 소매,G20902,여성 의류 소매업,G47412,여자용 겉옷 소매업,26,부산광역시,26230,부산진구,26230520,부전2동,2623010300,부전동,2623010300105030015,1,대지,503,15,부산광역시 부산진구 부전동 503-15,262302006015,부산광역시 부산진구 가야대로,772,,2623010300105030015004104,롯데백화점,부산광역시 부산진구 가야대로 772,614732,47285,,2,,129.056412549351,35.1567968046828,롯데백화점
MA010120220810519913,NC,백화점,G2,소매,G209,섬유·의복·신발 소매,G20902,여성 의류 소매업,G47412,여자용 겉옷 소매업,26,부산광역시,26350,해운대구,26350551,좌1동,2635010700,좌동,2635010700114670004,1,대지,1467,4,부산광역시 해운대구 좌동 1467-4,263502006010,부산광역시 해운대구 해운대로,813,,2635010700114670004003745,NC백화점,부산광역시 해운대구 해운대로 813,612836,48106,,3,,129.177051032177,35.1705302447392,NC백화점
MA010120220812856091,에르메스퍼퓸,,G2,소매,G215,의약·화장품 소매,G21503,화장품 소매업,G47813,화장품; 비누 및 방향제 소매업,26,부산광역시,26230,부산진구,26230520,부전2동,2623010300,부전동,2623010300105030015,1,대지,503,15,부산광역시 부산진구 부전동 503-15,262302006015,부산광역시 부산진구 가야대로,772,,2623010300105030015004104,롯데백화점,부산광역시 부산진구 가야대로 772,614732,47285,,1,,129.056412549351,35.1567968046828,롯데백화점
MA010120220810795772,서면롯데탠디,,G2,소매,G209,섬유·의복·신발 소매,G20910,신발 소매업,G47430,신발 소매업,26,부산광역시,26230,부산진구,26230520,부전2동,2623010300,부전동,2623010300105030015,1,대지,503,15,부산광역시 부산진구 부전동 503-15,262302006015,부산광역시 부산진구 가야대로,772,,2623010300105030015004104,롯데백화점,부산광역시 부산진구 가야대로 772,614732,47285,,3,,129.056412549351,35.1567968046828,롯데백화점
MA010120220814013685,롯데동래비비안,백화점,G2,소매,G209,섬유·의복·신발 소매,G20905,기타 의류 소매업,G47413,속옷 및 잠옷 소매업,26,부산광역시,26260,동래구,26260560,온천2동,2626010800,온천동,2626010800105020003,1,대지,502,3,부산광역시 동래구 온천동 502-3,262602000010,부산광역시 동래구 중앙대로,1393,,2626010800105020003000477,롯데백화점,부산광역시 동래구 중앙대로 1393,607716,47727,,3,,129.07747341266,35.2117052140663,롯데백화점
MA010120220800930242,인더매스시즌스,,I2,음식,I212,비알코올 ,I21201,카페,I56221,커피 전문점,26,부산광역시,26230,부산진구,26230520,부전2동,2623010300,부전동,2623010300105030015,1,대지,503,15,부산광역시 부산진구 부전동 503-15,262302006015,부산광역시 부산진구 가야대로,772,,2623010300105030015004104,롯데백화점,부산광역시 부산진구 가야대로 772,614732,47285,,1,,129.056412549351,35.1567968046828,롯데백화점
MA010120220810481673,동화１８호,백화점,G2,소매,G209,섬유·의복·신발 소매,G20902,여성 의류 소매업,G47412,여자용 겉옷 소매업,26,부산광역시,26110,중구,26110570,광복동,2611013200,창선동2가,2611013200100100002,1,대지,10,2,부산광역시 중구 창선동2가 10-2,261104175008,부산광역시 중구 광복로35번길,4,,2611013200100100002004263,동화백화점,부산광역시 중구 광복로35번길 4,600819,48946,,,,129.02899778278,35.0995932198247,동화백화점
MA010120220807282722,프리밸런스,,G2,소매,G209,섬유·의복·신발 소매,G20902,여성 의류 소매업,G47412,여자용 겉옷 소매업,26,부산광역시,26260,동래구,26260560,온천2동,2626010800,온천동,2626010800105020003,1,대지,502,3,부산광역시 동래구 온천동 502-3,262602000010,부산광역시 동래구 중앙대로,1393,,2626010800105020003000477,동래점내프리밸런스롯데백화점,부산광역시 동래구 중앙대로 1393,607716,47727,,,,129.07747341266,35.2117052140663,롯데백화점
MA010120220810645892,A+한우고기,백화점,G2,소매,G205,식료품 소매,G20503,정육점,G47212,육류 소매업,26,부산광역시,26170,동구,26170520,초량2동,2617010100,초량동,2617010100103230003,1,대지,323,3,부산광역시 동구 초량동 323-3,261704181524,부산광역시 동구 초량로13번길,29,,2617010100103230003022876,,부산광역시 동구 초량로13번길 29,601829,48815,,,,129.03978902603,35.117687851726,기타/미상
MA010120220809601835,롯데백화점르니앤맥코이,센텀점,G2,소매,G209,섬유·의복·신발 소매,G20902,여성 의류 소매업,G47412,여자용 겉옷 소매업,26,부산광역시,26350,해운대구,26350520,우2동,2635010500,우동,2635010500114960000,1,대지,1496,,부산광역시 해운대구 우동 1496,263502133001,부산광역시 해운대구 센텀남대로,59,,2635010500114960000000001,롯데백화점,부산광역시 해운대구 센텀남대로 59,612022,48058,,4,,129.131072074388,35.1698523216207,롯데백화점
MA010120220810693973,국제식품정육,백화점,G2,소매,G205,식료품 소매,G20503,정육점,G47212,육류 소매업,26,부산광역시,26320,북구,26320510,구포1동,2632010500,구포동,2632010500101690003,1,대지,169,3,부산광역시 북구 구포동 169-3,263202006002,부산광역시 북구 낙동대로,1772,,2632010500101690003007113,,부산광역시 북구 낙동대로 1772,616801,46580,,,,129.003119398015,35.2092188737395,기타/미상
MA010120220809340353,현대부산GX,,G2,소매,G209,섬유·의복·신발 소매,G20901,남성 의류 소매업,G47411,남자용 겉옷 소매업,26,부산광역시,26170,동구,26170660,범일2동,2617010400,범일동,2617010400100620005,1,대지,62,5,부산광역시 동구 범일동 62-5,261703127051,부산광역시 동구 범일로,125,,2617010400100620005005551,현대백화점,부산광역시 동구 범일로 125,601718,48735,,5,,129.058567919742,35.1413052322577,현대백화점
MA010120220803051851,아크테릭스롯데광복점,백화점,G2,소매,G209,섬유·의복·신발 소매,G20905,기타 의류 소매업,G47419,기타 의복 소매업,26,부산광역시,26110,중구,26110510,중앙동,2611011000,중앙동7가,2611011000100200001,1,대지,20,1,부산광역시 중구 중앙동7가 20-1,261102000010,부산광역시 중구 중앙대로,2,,2611011000100200001000001,롯데백화점,부산광역시 중구 중앙대로 2,600017,48944,,7,,129.036707345866,35.0983104003377,롯데백화점
MA010120220810613278,비씨비지,,G2,소매,G209,섬유·의복·신발 소매,G20902,여성 의류 소매업,G47412,여자용 겉옷 소매업,26,부산광역시,26230,부산진구,26230520,부전2동,2623010300,부전동,2623010300105030015,1,대지,503,15,부산광역시 부산진구 부전동 503-15,262302006015,부산광역시 부산진구 가야대로,772,,2623010300105030015004104,롯데백화점,부산광역시 부산진구 가야대로 772,614732,47285,,3,,129.056412549351,35.1567968046828,롯데백화점
MA010120220810220825,케이투롯데,동래점,G2,소매,G209,섬유·의복·신발 소매,G20905,기타 의류 소매업,G47419,기타 의복 소매업,26,부산광역시,26260,동래구,26260560,온천2동,2626010800,온천동,2626010800105020003,1,대지,502,3,부산광역시 동래구 온천동 502-3,262602000010,부산광역시 동래구 중앙대로,1393,,2626010800105020003000477,롯데백화점,부산광역시 동래구 중앙대로 1393,607716,47727,,5,,129.07747341266,35.2117052140663,롯데백화점
MA010120220807064183,신세계센텀마에스트로신사,,G2,소매,G209,섬유·의복·신발 소매,G20901,남성 의류 소매업,G47411,남자용 겉옷 소매업,26,부산광역시,26350,해운대구,26350520,우2동,2635010500,우동,2635010500114950000,1,대지,1495,,부산광역시 해운대구 우동 1495,263502133001,부산광역시 해운대구 센텀남대로,35,,2635010500114950000000001,신세계백화점,부산광역시 해운대구 센텀남대로 35,612022,48058,,5,,129.129519598026,35.1688162817484,신세계백화점
MA010120220810339062,신세계센텀플랫폼,,G2,소매,G209,섬유·의복·신발 소매,G20910,신발 소매업,G47430,신발 소매업,26,부산광역시,26350,해운대구,26350520,우2동,2635010500,우동,2635010500114950000,1,대지,1495,,부산광역시 해운대구 우동 1495,263502133001,부산광역시 해운대구 센텀남대로,35,,2635010500114950000000001,신세계백화점,부산광역시 해운대구 센텀남대로 35,612022,48058,,3,,129.129519598026,35.1688162817484,신세계백화점
MA010120220807201017,알오에이슈즈,,G2,소매,G209,섬유·의복·신발 소매,G20910,신발 소매업,G47430,신발 소매업,26,부산광역시,26230,부산진구,26230520,부전2동,2623010300,부전동,2623010300105030015,1,대지,503,15,부산광역시 부산진구 부전동 503-15,262302006015,부산광역시 부산진구 가야대로,772,,2623010300105030015004104,롯데백화점,부산광역시 부산진구 가야대로 772,614732,47285,,3,,129.056412549351,35.1567968046828,롯데백화점
MA010120220811639314,롱브레드롯데몰동주,부산점,I2,음식,I210,기타 간이,I21006,치킨,I56193,치킨 전문점,26,부산광역시,26710,기장군,26710250,기장읍,2671025032,기장읍,2671025032105240000,1,대지,524,,부산광역시 기장군 기장읍 당사리 524,267103140057,부산광역시 기장군 기장읍 기장해안로,147,,,롯데백화점,부산광역시 기장군 기장읍 기장해안로 147,619902,46084,,1,,129.212550272823,35.1922798029682,롯데백화점
MA010120220811639298,한길통상롯데몰동주,부산점,G2,소매,G212,기타 생활용품 소매,G21202,주방/가정용품 소매업,G47592,주방용품 및 가정용 유리; 요업제품 소매업,26,부산광역시,26710,기장군,26710250,기장읍,2671025032,기장읍,2671025032105240000,1,대지,524,,부산광역시 기장군 기장읍 당사리 524,267103140057,부산광역시 기장군 기장읍 기장해안로,147,,,롯데백화점,부산광역시 기장군 기장읍 기장해안로 147,619902,46084,,2,,129.212550272823,35.1922798029682,롯데백화점
MA010120220810632235,현대부산엘로드,,G2,소매,G209,섬유·의복·신발 소매,G20905,기타 의류 소매업,G47419,기타 의복 소매업,26,부산광역시,26170,동구,26170660,범일2동,2617010400,범일동,2617010400100620005,1,대지,62,5,부산광역시 동구 범일동 62-5,261703127051,부산광역시 동구 범일로,125,,2617010400100620005005551,범일동현대백화점,부산광역시 동구 범일로 125,601718,48735,,5,,129.058567919742,35.1413052322577,현대백화점
MA010120220803426978,라코스테현대부산,,G2,소매,G209,섬유·의복·신발 소매,G20905,기타 의류 소매업,G47419,기타 의복 소매업,26,부산광역시,26170,동구,26170660,범일2동,2617010400,범일동,2617010400100620005,1,대지,62,5,부산광역시 동구 범일동 62-5,261703127051,부산광역시 동구 범일로,125,,2617010400100620005005551,라코스테현대백화점,부산광역시 동구 범일로 125,601718,48735,,5,,129.058567919742,35.1413052322577,현대백화점
MA010120220807939325,엠에스지엠,,G2,소매,G209,섬유·의복·신발 소매,G20902,여성 의류 소매업,G47412,여자용 겉옷 소매업,26,부산광역시,26230,부산진구,26230520,부전2동,2623010300,부전동,2623010300105030015,1,대지,503,15,부산광역시 부산진구 부전동 503-15,262302006015,부산광역시 부산진구 가야대로,772,,2623010300105030015004104,롯데백화점,부산광역시 부산진구 가야대로 772,614732,47285,,1,,129.056412549351,35.1567968046828,롯데백화점
MA010120220810637659,써스데이아일랜드,,G2,소매,G209,섬유·의복·신발 소매,G20905,기타 의류 소매업,G47414,셔츠 및 블라우스 소매업,26,부산광역시,26170,동구,26170660,범일2동,2617010400,범일동,2617010400100620005,1,대지,62,5,부산광역시 동구 범일동 62-5,261703127051,부산광역시 동구 범일로,125,,2617010400100620005005551,현대백화점,부산광역시 동구 범일로 125,601718,48735,,1,,129.058567919742,35.1413052322577,현대백화점
MA010120220810795880,연하,,G2,소매,G209,섬유·의복·신발 소매,G20905,기타 의류 소매업,G47414,셔츠 및 블라우스 소매업,26,부산광역시,26260,동래구,26260560,온천2동,2626010800,온천동,2626010800105020003,1,대지,502,3,부산광역시 동래구 온천동 502-3,262602000010,부산광역시 동래구 중앙대로,1393,,2626010800105020003000477,롯데백화점,부산광역시 동래구 중앙대로 1393,607716,47727,,4,,129.07747341266,35.2117052140663,롯데백화점
MA010120220809733450,옵스,,I2,음식,I210,기타 간이,I21001,빵/도넛,I56191,제과점업,26,부산광역시,26230,부산진구,26230520,부전2동,2623010300,부전동,2623010300105030015,1,대지,503,15,부산광역시 부산진구 부전동 503-15,262302006015,부산광역시 부산진구 가야대로,772,,2623010300105030015004104,롯데백화점,부산광역시 부산진구 가야대로 772,614732,47285,,1,,129.056412549351,35.1567968046828,롯데백화점
MA010120220813742675,랄프로렌,,G2,소매,G209,섬유·의복·신발 소매,G20902,여성 의류 소매업,G47412,여자용 겉옷 소매업,26,부산광역시,26350,해운대구,26350520,우2동,2635010500,우동,2635010500114960000,1,대지,1496,,부산광역시 해운대구 우동 1496,263502133001,부산광역시 해운대구 센텀남대로,59,,2635010500114960000000001,롯데백화점,부산광역시 해운대구 센텀남대로 59,612022,48058,,2,,129.131072074388,35.1698523216207,롯데백화점
MA010120220811423787,캠브리지,,G2,소매,G209,섬유·의복·신발 소매,G20901,남성 의류 소매업,G47411,남자용 겉옷 소매업,26,부산광역시,26110,중구,26110510,중앙동,2611011000,중앙동7가,2611011000100200001,1,대지,20,1,부산광역시 중구 중앙동7가 20-1,261102000010,부산광역시 중구 중앙대로,2,,2611011000100200001000001,롯데백화점,부산광역시 중구 중앙대로 2,600017,48944,,6,,129.036707345866,35.0983104003377,롯데백화점
MA010120220811624793,총각네정육,백화점,G2,소매,G205,식료품 소매,G20503,정육점,G47212,육류 소매업,26,부산광역시,26410,금정구,26410530,서3동,2641011000,서동,2641011000103810077,1,대지,381,77,부산광역시 금정구 서동 381-77,264104205268,부산광역시 금정구 서동시장길,46,2,2641011000103810077001968,,부산광역시 금정구 서동시장길 46-2,609827,46318,,,,129.10079499685,35.2163760890714,기타/미상
MA010120220812460316,플레이키즈프로신세계백화점,센텀시티점,G2,소매,G209,섬유·의복·신발 소매,G20903,유아용 의류 소매업,G47417,유아용 의류 소매업,26,부산광역시,26350,해운대구,26350520,우2동,2635010500,우동,2635010500114950000,1,대지,1495,,부산광역시 해운대구 우동 1495,263502133001,부산광역시 해운대구 센텀남대로,35,,2635010500114950000000001,신세계백화점,부산광역시 해운대구 센텀남대로 35,612022,48058,,6,,129.129519598026,35.1688162817484,신세계백화점
MA010120220814033474,엔씨더바디샵,해운대점,G2,소매,G215,의약·화장품 소매,G21503,화장품 소매업,G47813,화장품; 비누 및 방향제 소매업,26,부산광역시,26350,해운대구,26350551,좌1동,2635010700,좌동,2635010700114670004,1,대지,1467,4,부산광역시 해운대구 좌동 1467-4,263502006010,부산광역시 해운대구 해운대로,813,,2635010700114670004003745,NC백화점,부산광역시 해운대구 해운대로 813,612836,48106,,1,,129.177051032177,35.1705302447392,NC백화점
MA010120220807882896,신세계센텀막스마라,,G2,소매,G209,섬유·의복·신발 소매,G20902,여성 의류 소매업,G47412,여자용 겉옷 소매업,26,부산광역시,26350,해운대구,26350520,우2동,2635010500,우동,2635010500114950000,1,대지,1495,,부산광역시 해운대구 우동 1495,263502133001,부산광역시 해운대구 센텀남대로,35,,2635010500114950000000001,신세계백화점,부산광역시 해운대구 센텀남대로 35,612022,48058,,2,,129.129519598026,35.1688162817484,신세계백화점
MA010120220812442024,기비신세계백화점,센텀점,G2,소매,G209,섬유·의복·신발 소매,G20902,여성 의류 소매업,G47412,여자용 겉옷 소매업,26,부산광역시,26350,해운대구,26350520,우2동,2635010500,우동,2635010500114950000,1,대지,1495,,부산광역시 해운대구 우동 1495,263502133001,부산광역시 해운대구 센텀남대로,35,,2635010500114950000000001,신세계백화점,부산광역시 해운대구 센텀남대로 35,612022,48058,,3,,129.129519598026,35.1688162817484,신세계백화점
MA010120220810790579,웅가로롯데부,산본점,G2,소매,G209,섬유·의복·신발 소매,G20901,남성 의류 소매업,G47411,남자용 겉옷 소매업,26,부산광역시,26230,부산진구,26230520,부전2동,2623010300,부전동,2623010300105030015,1,대지,503,15,부산광역시 부산진구 부전동 503-15,262302006015,부산광역시 부산진구 가야대로,772,,2623010300105030015004104,롯데백화점,부산광역시 부산진구 가야대로 772,614732,47285,,4,,129.056412549351,35.1567968046828,롯데백화점
MA010120220811909385,튜브,,G2,소매,G209,섬유·의복·신발 소매,G20902,여성 의류 소매업,G47412,여자용 겉옷 소매업,26,부산광역시,26350,해운대구,26350551,좌1동,2635010700,좌동,2635010700114670004,1,대지,1467,4,부산광역시 해운대구 좌동 1467-4,263502006010,부산광역시 해운대구 해운대로,813,,2635010700114670004003745,NC백화점,부산광역시 해운대구 해운대로 813,612836,48106,,2,,129.177051032177,35.1705302447392,NC백화점
MA010120220804145323,센텀롯데와이드앵글,백화점,G2,소매,G209,섬유·의복·신발 소매,G20905,기타 의류 소매업,G47419,기타 의복 소매업,26,부산광역시,26350,해운대구,26350520,우2동,2635010500,우동,2635010500114960000,1,대지,1496,,부산광역시 해운대구 우동 1496,263502133001,부산광역시 해운대구 센텀남대로,59,,2635010500114960000000001,롯데백화점,부산광역시 해운대구 센텀남대로 59,612022,48058,,5,,129.131072074388,35.1698523216207,롯데백화점
MA010120220807489104,사리원냉면,,I2,음식,I201,한식,I20106,냉면/밀면,I56112,한식 면 요리 전문점,26,부산광역시,26350,해운대구,26350520,우2동,2635010500,우동,2635010500114950000,1,대지,1495,,부산광역시 해운대구 우동 1495,263502133001,부산광역시 해운대구 센텀남대로,35,,2635010500114950000000001,코너신세계백화점,부산광역시 해운대구 센텀남대로 35,612022,48058,,9,,129.129519598026,35.1688162817484,신세계백화점
MA010120220811920132,엠포리오아르마니언더웨어,,G2,소매,G209,섬유·의복·신발 소매,G20905,기타 의류 소매업,G47413,속옷 및 잠옷 소매업,26,부산광역시,26350,해운대구,26350520,우2동,2635010500,우동,2635010500114950000,1,대지,1495,,부산광역시 해운대구 우동 1495,263502133001,부산광역시 해운대구 센텀남대로,35,,2635010500114950000000001,신세계백화점,부산광역시 해운대구 센텀남대로 35,612022,48058,,4,,129.129519598026,35.1688162817484,신세계백화점
MA010120220806512275,혼가먼트신세계센텀,,G2,소매,G209,섬유·의복·신발 소매,G20905,기타 의류 소매업,G47419,기타 의복 소매업,26,부산광역시,26350,해운대구,26350520,우2동,2635010500,우동,2635010500114950000,1,대지,1495,,부산광역시 해운대구 우동 1495,263502133001,부산광역시 해운대구 센텀남대로,35,,2635010500114950000000001,신세계백화점,부산광역시 해운대구 센텀남대로 35,612022,48058,,6,,129.129519598026,35.1688162817484,신세계백화점
MA010120220810471443,타미힐피거풋웨어,,G2,소매,G209,섬유·의복·신발 소매,G20910,신발 소매업,G47430,신발 소매업,26,부산광역시,26230,부산진구,26230520,부전2동,2623010300,부전동,2623010300105030015,1,대지,503,15,부산광역시 부산진구 부전동 503-15,262302006015,부산광역시 부산진구 가야대로,772,,2623010300105030015004104,롯데백화점,부산광역시 부산진구 가야대로 772,614732,47285,,3,,129.056412549351,35.1567968046828,롯데백화점
MA010120220802885938,피엘라벤,,G2,소매,G209,섬유·의복·신발 소매,G20905,기타 의류 소매업,G47419,기타 의복 소매업,26,부산광역시,26350,해운대구,26350520,우2동,2635010500,우동,2635010500114950000,1,대지,1495,,부산광역시 해운대구 우동 1495,263502133001,부산광역시 해운대구 센텀남대로,35,,2635010500114950000000001,신세계백화점,부산광역시 해운대구 센텀남대로 35,612022,48058,,3,,129.129519598026,35.1688162817484,신세계백화점
MA010120220810471468,미소페,,G2,소매,G209,섬유·의복·신발 소매,G20910,신발 소매업,G47430,신발 소매업,26,부산광역시,26230,부산진구,26230520,부전2동,2623010300,부전동,2623010300105030015,1,대지,503,15,부산광역시 부산진구 부전동 503-15,262302006015,부산광역시 부산진구 가야대로,772,,2623010300105030015004104,롯데백화점,부산광역시 부산진구 가야대로 772,614732,47285,,3,,129.056412549351,35.1567968046828,롯데백화점
MA010120220803070188,신세계센텀랑방컬렉션,,G2,소매,G209,섬유·의복·신발 소매,G20902,여성 의류 소매업,G47412,여자용 겉옷 소매업,26,부산광역시,26350,해운대구,26350520,우2동,2635010500,우동,2635010500114950000,1,대지,1495,,부산광역시 해운대구 우동 1495,263502133001,부산광역시 해운대구 센텀남대로,35,,2635010500114950000000001,신세계백화점,부산광역시 해운대구 센텀남대로 35,612022,48058,,3,,129.129519598026,35.1688162817484,신세계백화점
MA010120220808396327,유닛부,산본점,G2,소매,G209,섬유·의복·신발 소매,G20902,여성 의류 소매업,G47412,여자용 겉옷 소매업,26,부산광역시,26230,부산진구,26230520,부전2동,2623010300,부전동,2623010300105030015,1,대지,503,15,부산광역시 부산진구 부전동 503-15,262302006015,부산광역시 부산진구 가야대로,772,,2623010300105030015004104,롯데백화점,부산광역시 부산진구 가야대로 772,614732,47285,,2,,129.056412549351,35.1567968046828,롯데백화점
MA010120220810666952,무인양품부주,산본점,G2,소매,G204,종합 소매,G20499,그 외 기타 종합 소매업,G47190,그 외 기타 종합 소매업,26,부산광역시,26230,부산진구,26230520,부전2동,2623010300,부전동,2623010300105030015,1,대지,503,15,부산광역시 부산진구 부전동 503-15,262302006015,부산광역시 부산진구 가야대로,772,,2623010300105030015004104,롯데백화점,부산광역시 부산진구 가야대로 772,614732,47285,,,,129.056412549351,35.1567968046828,롯데백화점
MA010120220809297800,지이크,,G2,소매,G209,섬유·의복·신발 소매,G20901,남성 의류 소매업,G47411,남자용 겉옷 소매업,26,부산광역시,26170,동구,26170660,범일2동,2617010400,범일동,2617010400100620005,1,대지,62,5,부산광역시 동구 범일동 62-5,261703127051,부산광역시 동구 범일로,125,,2617010400100620005005551,지이크현대백화점,부산광역시 동구 범일로 125,601718,48735,,5,,129.058567919742,35.1413052322577,현대백화점
MA010120220810622840,나인마이너스2,,G2,소매,G209,섬유·의복·신발 소매,G20905,기타 의류 소매업,G47414,셔츠 및 블라우스 소매업,26,부산광역시,26230,부산진구,26230600,전포1동,2623010200,전포동,2623010200106680001,1,대지,668,1,부산광역시 부산진구 전포동 668-1,262303129010,부산광역시 부산진구 동천로,92,,2623010200106680001044509,NC백화점,부산광역시 부산진구 동천로 92,614772,47293,,5,,129.063013297817,35.1570359960725,NC백화점
MA010120220810645462,코닥,,G2,소매,G209,섬유·의복·신발 소매,G20905,기타 의류 소매업,G47419,기타 의복 소매업,26,부산광역시,26230,부산진구,26230520,부전2동,2623010300,부전동,2623010300105030015,1,대지,503,15,부산광역시 부산진구 부전동 503-15,262302006015,부산광역시 부산진구 가야대로,772,,2623010300105030015004104,롯데백화점,부산광역시 부산진구 가야대로 772,614732,47285,,5,,129.056412549351,35.1567968046828,롯데백화점
MA010120220810526860,구미애견,백화점,G2,소매,G220,애완동물·용품 소매,G22001,애완동물/애완용품 소매업,G47852,애완용 동물 및 관련용품 소매업,26,부산광역시,26380,사하구,26380620,감천1동,2638010800,감천동,2638010800105020031,1,대지,502,31,부산광역시 사하구 감천동 502-31,263803006004,부산광역시 사하구 감천로,87,,2638010800105020031032723,,부산광역시 사하구 감천로 87,604803,49372,,1,,129.001562377778,35.0888207071286,기타/미상
MA010120220812865554,현대막스마라,부산점,G2,소매,G209,섬유·의복·신발 소매,G20902,여성 의류 소매업,G47412,여자용 겉옷 소매업,26,부산광역시,26170,동구,26170660,범일2동,2617010400,범일동,2617010400100620005,1,대지,62,5,부산광역시 동구 범일동 62-5,261703127051,부산광역시 동구 범일로,125,,2617010400100620005005551,현대백화점,부산광역시 동구 범일로 125,601718,48735,,4,,129.058567919742,35.1413052322577,현대백화점
MA010120220811404318,비발디리베라내,백화점,G2,소매,G209,섬유·의복·신발 소매,G20902,여성 의류 소매업,G47412,여자용 겉옷 소매업,26,부산광역시,26350,해운대구,26350530,중1동,2635010600,중동,2635010600113800014,1,대지,1380,14,부산광역시 해운대구 중동 1380-14,263504199007,부산광역시 해운대구 구남로29번길,21,,2635010600113800014001796,리베라백화점,부산광역시 해운대구 구남로29번길 21,612721,48095,,3,,129.161241241251,35.1624058301096,기타/미상
MA010120220812976457,파파게노,,G2,소매,G209,섬유·의복·신발 소매,G20910,신발 소매업,G47430,신발 소매업,26,부산광역시,26110,중구,26110510,중앙동,2611011000,중앙동7가,2611011000100200001,1,대지,20,1,부산광역시 중구 중앙동7가 20-1,261102000010,부산광역시 중구 중앙대로,2,,2611011000100200001000001,롯데백화점,부산광역시 중구 중앙대로 2,600017,48944,,2,,129.036707345866,35.0983104003377,롯데백화점
MA010120220811798235,보금쥬얼리,,G2,소매,G217,시계·귀금속 소매,G21701,시계/귀금속 소매업,G47830,시계 및 귀금속 소매업,26,부산광역시,26350,해운대구,26350520,우2동,2635010500,우동,2635010500114950000,1,대지,1495,,부산광역시 해운대구 우동 1495,263502133001,부산광역시 해운대구 센텀남대로,35,,2635010500114950000000001,신세계백화점,부산광역시 해운대구 센텀남대로 35,612022,48058,,1,,129.129519598026,35.1688162817484,신세계백화점
MA010120220810635451,압소바,,G2,소매,G209,섬유·의복·신발 소매,G20903,유아용 의류 소매업,G47417,유아용 의류 소매업,26,부산광역시,26170,동구,26170660,범일2동,2617010400,범일동,2617010400100620005,1,대지,62,5,부산광역시 동구 범일동 62-5,261703127051,부산광역시 동구 범일로,125,,2617010400100620005005551,현대백화점,부산광역시 동구 범일로 125,601718,48735,,7,,129.058567919742,35.1413052322577,현대백화점
MA010120220814016513,이새,,G2,소매,G209,섬유·의복·신발 소매,G20902,여성 의류 소매업,G47412,여자용 겉옷 소매업,26,부산광역시,26230,부산진구,26230520,부전2동,2623010300,부전동,2623010300105030015,1,대지,503,15,부산광역시 부산진구 부전동 503-15,262302006015,부산광역시 부산진구 가야대로,772,,2623010300105030015004104,롯데백화점,부산광역시 부산진구 가야대로 772,614732,47285,,3,,129.056412549351,35.1567968046828,롯데백화점
MA010120220810879719,언더아머롯데부,산본점,G2,소매,G209,섬유·의복·신발 소매,G20905,기타 의류 소매업,G47419,기타 의복 소매업,26,부산광역시,26230,부산진구,26230520,부전2동,2623010300,부전동,2623010300105030015,1,대지,503,15,부산광역시 부산진구 부전동 503-15,262302006015,부산광역시 부산진구 가야대로,772,,2623010300105030015004104,롯데백화점,부산광역시 부산진구 가야대로 772,614732,47285,,5,,129.056412549351,35.1567968046828,롯데백화점
MA010120220811434987,핀앤핏,,G2,소매,G209,섬유·의복·신발 소매,G20905,기타 의류 소매업,G47419,기타 의복 소매업,26,부산광역시,26320,북구,26320530,금곡동,2632010100,금곡동,2632010100118740003,1,대지,1874,3,부산광역시 북구 금곡동 1874-3,263202132001,부산광역시 북구 금곡대로,469,,2632010100118740003013110,대동백화점,부산광역시 북구 금곡대로 469,616739,46519,,,,129.011219697036,35.2500243285982,기타/미상
MA010120220811993095,카렌부산,서면점,I2,음식,I202,중식,I20201,중국집,I56121,중식 음식점업,26,부산광역시,26230,부산진구,26230520,부전2동,2623010300,부전동,2623010300105030015,1,대지,503,15,부산광역시 부산진구 부전동 503-15,262302006015,부산광역시 부산진구 가야대로,772,,2623010300105030015004104,롯데백화점,부산광역시 부산진구 가야대로 772,614732,47285,,1,,129.056412549351,35.1567968046828,롯데백화점
MA010120220808289380,엔씨데상트,덕천점,G2,소매,G209,섬유·의복·신발 소매,G20905,기타 의류 소매업,G47419,기타 의복 소매업,26,부산광역시,26320,북구,26320560,덕천2동,2632010400,덕천동,2632010400103980002,1,대지,398,2,부산광역시 북구 덕천동 398-2,263202006007,부산광역시 북구 만덕대로,23,,2632010400103980002000001,NC백화점,부산광역시 북구 만덕대로 23,616816,46548,,1,,129.007590700711,35.2111003176118,NC백화점
MA010120220805291368,꾸아퍼스트,,S2,수리·개인,S207,이용·미용,S20701,미용실,S96112,두발 미용업,26,부산광역시,26170,동구,26170660,범일2동,2617010400,범일동,2617010400100620005,1,대지,62,5,부산광역시 동구 범일동 62-5,261703127051,부산광역시 동구 범일로,125,,2617010400100620005005551,현대백화점,부산광역시 동구 범일로 125,601718,48735,,7,,129.058567919742,35.1413052322577,현대백화점
MA010120220814311870,거대곰탕,센텀시티점,I2,음식,I201,한식,I20102,국/탕/찌개류,I56111,한식 일반 음식점업,26,부산광역시,26350,해운대구,26350520,우2동,2635010500,우동,2635010500114950000,1,대지,1495,,부산광역시 해운대구 우동 1495,263502133001,부산광역시 해운대구 센텀남대로,35,,2635010500114950000000001,신세계백화점,부산광역시 해운대구 센텀남대로 35,612022,48058,,,,129.129519598026,35.1688162817484,신세계백화점
MA010120220812766357,프로스펙스동래롯데,백화점,G2,소매,G209,섬유·의복·신발 소매,G20910,신발 소매업,G47430,신발 소매업,26,부산광역시,26260,동래구,26260560,온천2동,2626010800,온천동,2626010800105020003,1,대지,502,3,부산광역시 동래구 온천동 502-3,262602000010,부산광역시 동래구 중앙대로,1393,,2626010800105020003000477,프로스펙스롯데백화점,부산광역시 동래구 중앙대로 1393,607716,47727,,5,,129.07747341266,35.2117052140663,롯데백화점
MA010120220808088032,한샘키친롯데광복,대리점,G2,소매,G211,가구 소매,G21101,가구 소매업,G47520,가구 소매업,26,부산광역시,26110,중구,26110510,중앙동,2611011000,중앙동7가,2611011000100200001,1,대지,20,1,부산광역시 중구 중앙동7가 20-1,261102000010,부산광역시 중구 중앙대로,2,,2611011000100200001000001,홈인테리어코너롯데백화점,부산광역시 중구 중앙대로 2,600017,48944,,2,,129.036707345866,35.0983104003377,롯데백화점
MA010120220810640824,롯데백화점부푸마,산본점,G2,소매,G209,섬유·의복·신발 소매,G20910,신발 소매업,G47430,신발 소매업,26,부산광역시,26230,부산진구,26230520,부전2동,2623010300,부전동,2623010300105030015,1,대지,503,15,부산광역시 부산진구 부전동 503-15,262302006015,부산광역시 부산진구 가야대로,772,,2623010300105030015004104,롯데백화점,부산광역시 부산진구 가야대로 772,614732,47285,,5,,129.056412549351,35.1567968046828,롯데백화점
MA010120220810639233,탠디,광복점,G2,소매,G209,섬유·의복·신발 소매,G20910,신발 소매업,G47430,신발 소매업,26,부산광역시,26110,중구,26110510,중앙동,2611011000,중앙동7가,2611011000100200001,1,대지,20,1,부산광역시 중구 중앙동7가 20-1,261102000010,부산광역시 중구 중앙대로,2,,2611011000100200001000001,롯데백화점,부산광역시 중구 중앙대로 2,600017,48944,,5,,129.036707345866,35.0983104003377,롯데백화점
MA010120220806842090,영은주얼리,,G2,소매,G217,시계·귀금속 소매,G21701,시계/귀금속 소매업,G47830,시계 및 귀금속 소매업,26,부산광역시,26350,해운대구,26350520,우2동,2635010500,우동,2635010500114960000,1,대지,1496,,부산광역시 해운대구 우동 1496,263502133001,부산광역시 해운대구 센텀남대로,59,,2635010500114960000000001,롯데백화점,부산광역시 해운대구 센텀남대로 59,612022,48058,,1,,129.131072074388,35.1698523216207,롯데백화점
MA010120220810838931,유나패션,,G2,소매,G209,섬유·의복·신발 소매,G20905,기타 의류 소매업,G47419,기타 의복 소매업,26,부산광역시,26350,해운대구,26350520,우2동,2635010500,우동,2635010500114950000,1,대지,1495,,부산광역시 해운대구 우동 1495,263502133001,부산광역시 해운대구 센텀남대로,35,,2635010500114950000000001,신세계백화점,부산광역시 해운대구 센텀남대로 35,612022,48058,,3,,129.129519598026,35.1688162817484,신세계백화점
MA010120220805999739,카페아슬란,롯데광복점,I2,음식,I212,비알코올 ,I21201,카페,I56191,제과점업,26,부산광역시,26110,중구,26110510,중앙동,2611011000,중앙동7가,2611011000100200001,1,대지,20,1,부산광역시 중구 중앙동7가 20-1,261102000010,부산광역시 중구 중앙대로,2,,2611011000100200001000001,아슬란코너롯데백화점,부산광역시 중구 중앙대로 2,600017,48944,,4,,129.036707345866,35.0983104003377,롯데백화점
MA010120220810203592,신세계센텀구호,,G2,소매,G209,섬유·의복·신발 소매,G20902,여성 의류 소매업,G47412,여자용 겉옷 소매업,26,부산광역시,26350,해운대구,26350520,우2동,2635010500,우동,2635010500114950000,1,대지,1495,,부산광역시 해운대구 우동 1495,263502133001,부산광역시 해운대구 센텀남대로,35,,2635010500114950000000001,신세계백화점,부산광역시 해운대구 센텀남대로 35,612022,48058,,3,,129.129519598026,35.1688162817484,신세계백화점
MA010120220811613137,주영상사,,G2,소매,G209,섬유·의복·신발 소매,G20910,신발 소매업,G47430,신발 소매업,26,부산광역시,26410,금정구,26410610,장전2동,2641010800,장전동,2641010800100400000,1,대지,40,,부산광역시 금정구 장전동 40,264104205206,부산광역시 금정구 부산대학로63번길,2,,2641010800100400000000001,NC백화점,부산광역시 금정구 부산대학로63번길 2,609737,46241,,1,,129.083829027579,35.2322412765478,NC백화점
MA010120220810623204,타미남성롯데동래,,G2,소매,G209,섬유·의복·신발 소매,G20901,남성 의류 소매업,G47411,남자용 겉옷 소매업,26,부산광역시,26260,동래구,26260560,온천2동,2626010800,온천동,2626010800105020003,1,대지,502,3,부산광역시 동래구 온천동 502-3,262602000010,부산광역시 동래구 중앙대로,1393,,2626010800105020003000477,롯데백화점,부산광역시 동래구 중앙대로 1393,607716,47727,,5,,129.07747341266,35.2117052140663,롯데백화점
MA010120220810623477,제옥스롯데동래,,G2,소매,G209,섬유·의복·신발 소매,G20910,신발 소매업,G47430,신발 소매업,26,부산광역시,26260,동래구,26260560,온천2동,2626010800,온천동,2626010800105020003,1,대지,502,3,부산광역시 동래구 온천동 502-3,262602000010,부산광역시 동래구 중앙대로,1393,,2626010800105020003000477,동래롯데백화점,부산광역시 동래구 중앙대로 1393,607716,47727,,3,,129.07747341266,35.2117052140663,롯데백화점
MA010120220811702396,디자인라온,,G2,소매,G211,가구 소매,G21101,가구 소매업,G47520,가구 소매업,26,부산광역시,26260,동래구,26260560,온천2동,2626010800,온천동,2626010800105020003,1,대지,502,3,부산광역시 동래구 온천동 502-3,262602000010,부산광역시 동래구 중앙대로,1393,,2626010800105020003000477,롯데백화점,부산광역시 동래구 중앙대로 1393,607716,47727,,1,,129.07747341266,35.2117052140663,롯데백화점
MA010120220811405132,그린센스,,G2,소매,G212,기타 생활용품 소매,G21202,주방/가정용품 소매업,G47599,그 외 기타 분류 안된 가정용품 소매업,26,부산광역시,26350,해운대구,26350520,우2동,2635010500,우동,2635010500114950000,1,대지,1495,,부산광역시 해운대구 우동 1495,263502133001,부산광역시 해운대구 센텀남대로,35,,2635010500114950000000001,신세계백화점,부산광역시 해운대구 센텀남대로 35,612022,48058,,1,,129.129519598026,35.1688162817484,신세계백화점
MA010120220812394488,지앤지씨피광복지점,,G2,소매,G208,가전·통신 소매,G20803,가전제품 소매업,G47320,가전제품 소매업,26,부산광역시,26110,중구,26110510,중앙동,2611011000,중앙동7가,2611011000100200001,1,대지,20,1,부산광역시 중구 중앙동7가 20-1,261102000010,부산광역시 중구 중앙대로,2,,2611011000100200001000001,롯데백화점,부산광역시 중구 중앙대로 2,600017,48944,,9,,129.036707345866,35.0983104003377,롯데백화점
MA010120220800168681,오케이스시,광복점,I2,음식,I203,일식,I20301,일식 회/초밥,I56122,일식 음식점업,26,부산광역시,26110,중구,26110510,중앙동,2611011000,중앙동7가,2611011000100200001,1,대지,20,1,부산광역시 중구 중앙동7가 20-1,261102000010,부산광역시 중구 중앙대로,2,,2611011000100200001000001,롯데백화점,부산광역시 중구 중앙대로 2,600017,48944,,1,,129.036707345866,35.0983104003377,롯데백화점
MA010120220804329836,제이케이,,G2,소매,G209,섬유·의복·신발 소매,G20902,여성 의류 소매업,G47412,여자용 겉옷 소매업,26,부산광역시,26230,부산진구,26230600,전포1동,2623010200,전포동,2623010200106680001,1,대지,668,1,부산광역시 부산진구 전포동 668-1,262303129010,부산광역시 부산진구 동천로,92,,2623010200106680001044509,NC백화점,부산광역시 부산진구 동천로 92,614772,47293,,2,,129.063013297817,35.1570359960725,NC백화점
MA010120220804691689,오스틴리드,,G2,소매,G209,섬유·의복·신발 소매,G20901,남성 의류 소매업,G47411,남자용 겉옷 소매업,26,부산광역시,26350,해운대구,26350551,좌1동,2635010700,좌동,2635010700114670004,1,대지,1467,4,부산광역시 해운대구 좌동 1467-4,263502006010,부산광역시 해운대구 해운대로,813,,2635010700114670004003745,NC백화점,부산광역시 해운대구 해운대로 813,612836,48106,,5,,129.177051032177,35.1705302447392,NC백화점
MA010120220803427964,유솔,,G2,소매,G209,섬유·의복·신발 소매,G20905,기타 의류 소매업,G47419,기타 의복 소매업,26,부산광역시,26110,중구,26110510,중앙동,2611011000,중앙동7가,2611011000100200001,1,대지,20,1,부산광역시 중구 중앙동7가 20-1,261102000010,부산광역시 중구 중앙대로,2,,2611011000100200001000001,롯데백화점,부산광역시 중구 중앙대로 2,600017,48944,,4,,129.036707345866,35.0983104003377,롯데백화점
MA010120220803786688,앤티앤스프레즐,,I2,음식,I210,기타 간이,I21001,빵/도넛,I56191,제과점업,26,부산광역시,26410,금정구,26410610,장전2동,2641010800,장전동,2641010800100400000,1,대지,40,,부산광역시 금정구 장전동 40,264104205206,부산광역시 금정구 부산대학로63번길,2,,2641010800100400000000001,NC백화점,부산광역시 금정구 부산대학로63번길 2,609737,46241,,1,,129.083829027579,35.2322412765478,NC백화점
MA010120220808981901,코오롱스포츠양준성,,G2,소매,G209,섬유·의복·신발 소매,G20905,기타 의류 소매업,G47419,기타 의복 소매업,26,부산광역시,26230,부산진구,26230520,부전2동,2623010300,부전동,2623010300105030015,1,대지,503,15,부산광역시 부산진구 부전동 503-15,262302006015,부산광역시 부산진구 가야대로,772,,2623010300105030015004104,롯데백화점,부산광역시 부산진구 가야대로 772,614732,47285,,5,,129.056412549351,35.1567968046828,롯데백화점
MA010120220802146711,도호,,G2,소매,G209,섬유·의복·신발 소매,G20902,여성 의류 소매업,G47412,여자용 겉옷 소매업,26,부산광역시,26170,동구,26170660,범일2동,2617010400,범일동,2617010400100620005,1,대지,62,5,부산광역시 동구 범일동 62-5,261703127051,부산광역시 동구 범일로,125,,2617010400100620005005551,현대백화점,부산광역시 동구 범일로 125,601718,48735,,2,,129.058567919742,35.1413052322577,현대백화점
MA010120220809523214,내셔널지오그래픽,,G2,소매,G209,섬유·의복·신발 소매,G20905,기타 의류 소매업,G47419,기타 의복 소매업,26,부산광역시,26110,중구,26110510,중앙동,2611011000,중앙동7가,2611011000100200001,1,대지,20,1,부산광역시 중구 중앙동7가 20-1,261102000010,부산광역시 중구 중앙대로,2,,2611011000100200001000001,롯데백화점,부산광역시 중구 중앙대로 2,600017,48944,,7,,129.036707345866,35.0983104003377,롯데백화점
MA010120220811841141,요기보신세계센텀시티,,G2,소매,G211,가구 소매,G21101,가구 소매업,G47520,가구 소매업,26,부산광역시,26350,해운대구,26350520,우2동,2635010500,우동,2635010500114950000,1,대지,1495,,부산광역시 해운대구 우동 1495,263502133001,부산광역시 해운대구 센텀남대로,35,,2635010500114950000000001,신세계백화점,부산광역시 해운대구 센텀남대로 35,612022,48058,,8,,129.129519598026,35.1688162817484,신세계백화점
MA010120220811424852,신세계내오가닉맘,백화점,G2,소매,G209,섬유·의복·신발 소매,G20905,기타 의류 소매업,G47413,속옷 및 잠옷 소매업,26,부산광역시,26350,해운대구,26350520,우2동,2635010500,우동,2635010500114950000,1,대지,1495,,부산광역시 해운대구 우동 1495,263502133001,부산광역시 해운대구 센텀남대로,35,,2635010500114950000000001,센텀시티신세계백화점,부산광역시 해운대구 센텀남대로 35,612022,48058,,6,,129.129519598026,35.1688162817484,신세계백화점
MA010120220814363906,닥스셔츠공경민,,G2,소매,G209,섬유·의복·신발 소매,G20905,기타 의류 소매업,G47414,셔츠 및 블라우스 소매업,26,부산광역시,26350,해운대구,26350520,우2동,2635010500,우동,2635010500114950000,1,대지,1495,,부산광역시 해운대구 우동 1495,263502133001,부산광역시 해운대구 센텀남대로,35,,2635010500114950000000001,신세계백화점,부산광역시 해운대구 센텀남대로 35,612022,48058,,5,,129.129519598026,35.1688162817484,신세계백화점
MA010120220808561139,롯데리아동래점,롯데마트,I2,음식,I210,기타 간이,I21004,버거,I56192,피자; 햄버거; 샌드위치 및 유사 음식점업,26,부산광역시,26260,동래구,26260560,온천2동,2626010800,온천동,2626010800105020003,1,대지,502,3,부산광역시 동래구 온천동 502-3,262602000010,부산광역시 동래구 중앙대로,1393,,2626010800105020003000477,롯데백화점,부산광역시 동래구 중앙대로 1393,607716,47727,,1,,129.07747341266,35.2117052140663,롯데백화점
MA010120220807496871,에르메스퍼퓸신세계센텀,,G2,소매,G215,의약·화장품 소매,G21503,화장품 소매업,G47813,화장품; 비누 및 방향제 소매업,26,부산광역시,26350,해운대구,26350520,우2동,2635010500,우동,2635010500114950000,1,대지,1495,,부산광역시 해운대구 우동 1495,263502133001,부산광역시 해운대구 센텀남대로,35,,2635010500114950000000001,신세계백화점,부산광역시 해운대구 센텀남대로 35,612022,48058,,1,,129.129519598026,35.1688162817484,신세계백화점
MA010120220805448747,제이제이지고트롯데백화점,센텀시티점,G2,소매,G209,섬유·의복·신발 소매,G20902,여성 의류 소매업,G47412,여자용 겉옷 소매업,26,부산광역시,26350,해운대구,26350520,우2동,2635010500,우동,2635010500114960000,1,대지,1496,,부산광역시 해운대구 우동 1496,263502133001,부산광역시 해운대구 센텀남대로,59,,2635010500114960000000001,롯데백화점,부산광역시 해운대구 센텀남대로 59,612022,48058,,4,,129.131072074388,35.1698523216207,롯데백화점
MA010120220806678629,나이스크랍,,G2,소매,G209,섬유·의복·신발 소매,G20902,여성 의류 소매업,G47412,여자용 겉옷 소매업,26,부산광역시,26170,동구,26170660,범일2동,2617010400,범일동,2617010400100620005,1,대지,62,5,부산광역시 동구 범일동 62-5,261703127051,부산광역시 동구 범일로,125,,2617010400100620005005551,현대백화점,부산광역시 동구 범일로 125,601718,48735,,1,,129.058567919742,35.1413052322577,현대백화점
MA010120220812398977,블루독베이비롯데부산,,G2,소매,G209,섬유·의복·신발 소매,G20903,유아용 의류 소매업,G47417,유아용 의류 소매업,26,부산광역시,26230,부산진구,26230520,부전2동,2623010300,부전동,2623010300105030015,1,대지,503,15,부산광역시 부산진구 부전동 503-15,262302006015,부산광역시 부산진구 가야대로,772,,2623010300105030015004104,롯데백화점,부산광역시 부산진구 가야대로 772,614732,47285,,6,,129.056412549351,35.1567968046828,롯데백화점
MA010120220814126681,스튜디오톰보이남성,,G2,소매,G209,섬유·의복·신발 소매,G20901,남성 의류 소매업,G47411,남자용 겉옷 소매업,26,부산광역시,26350,해운대구,26350520,우2동,2635010500,우동,2635010500114950000,1,대지,1495,,부산광역시 해운대구 우동 1495,263502133001,부산광역시 해운대구 센텀남대로,35,,2635010500114950000000001,신세계백화점,부산광역시 해운대구 센텀남대로 35,612022,48058,,5,,129.129519598026,35.1688162817484,신세계백화점
MA010120220805311554,파사디골프,,G2,소매,G209,섬유·의복·신발 소매,G20905,기타 의류 소매업,G47419,기타 의복 소매업,26,부산광역시,26230,부산진구,26230600,전포1동,2623010200,전포동,2623010200106680001,1,대지,668,1,부산광역시 부산진구 전포동 668-1,262303129010,부산광역시 부산진구 동천로,92,,2623010200106680001044509,NC백화점,부산광역시 부산진구 동천로 92,614772,47293,,4,,129.063013297817,35.1570359960725,NC백화점
MA010120220810464179,_더데이걸,롯데광복점,G2,소매,G209,섬유·의복·신발 소매,G20905,기타 의류 소매업,G47419,기타 의복 소매업,26,부산광역시,26110,중구,26110510,중앙동,2611011000,중앙동7가,2611011000100200001,1,대지,20,1,부산광역시 중구 중앙동7가 20-1,261102000010,부산광역시 중구 중앙대로,2,,2611011000100200001000001,롯데백화점,부산광역시 중구 중앙대로 2,600017,48944,,6,,129.036707345866,35.0983104003377,롯데백화점
MA010120220810619449,롯데부산폴로아동배미정,,G2,소매,G209,섬유·의복·신발 소매,G20905,기타 의류 소매업,G47419,기타 의복 소매업,26,부산광역시,26230,부산진구,26230520,부전2동,2623010300,부전동,2623010300105030015,1,대지,503,15,부산광역시 부산진구 부전동 503-15,262302006015,부산광역시 부산진구 가야대로,772,,2623010300105030015004104,롯데백화점,부산광역시 부산진구 가야대로 772,614732,47285,,5,,129.056412549351,35.1567968046828,롯데백화점
MA010120220813138204,케네스레이디,,G2,소매,G209,섬유·의복·신발 소매,G20902,여성 의류 소매업,G47412,여자용 겉옷 소매업,26,부산광역시,26110,중구,26110510,중앙동,2611011000,중앙동7가,2611011000100200001,1,대지,20,1,부산광역시 중구 중앙동7가 20-1,261102000010,부산광역시 중구 중앙대로,2,,2611011000100200001000001,롯데백화점,부산광역시 중구 중앙대로 2,600017,48944,,3,,129.036707345866,35.0983104003377,롯데백화점
MA010120220812402338,엠엘비,,G2,소매,G209,섬유·의복·신발 소매,G20905,기타 의류 소매업,G47414,셔츠 및 블라우스 소매업,26,부산광역시,26170,동구,26170660,범일2동,2617010400,범일동,2617010400100620005,1,대지,62,5,부산광역시 동구 범일동 62-5,261703127051,부산광역시 동구 범일로,125,,2617010400100620005005551,현대백화점,부산광역시 동구 범일로 125,601718,48735,,B1,,129.058567919742,35.1413052322577,현대백화점
MA010120220811589104,유솔,,G2,소매,G209,섬유·의복·신발 소매,G20905,기타 의류 소매업,G47419,기타 의복 소매업,26,부산광역시,26410,금정구,26410610,장전2동,2641010800,장전동,2641010800100400000,1,대지,40,,부산광역시 금정구 장전동 40,264104205206,부산광역시 금정구 부산대학로63번길,2,,2641010800100400000000001,NC백화점,부산광역시 금정구 부산대학로63번길 2,609737,46241,,4,,129.083829027579,35.2322412765478,NC백화점
MA010120220813226660,까스텔바쟉,,G2,소매,G209,섬유·의복·신발 소매,G20905,기타 의류 소매업,G47419,기타 의복 소매업,26,부산광역시,26350,해운대구,26350520,우2동,2635010500,우동,2635010500114960000,1,대지,1496,,부산광역시 해운대구 우동 1496,263502133001,부산광역시 해운대구 센텀남대로,59,,2635010500114960000000001,롯데백화점,부산광역시 해운대구 센텀남대로 59,612022,48058,,5,,129.131072074388,35.1698523216207,롯데백화점
MA010120220810645343,아디다스BCC롯데광복,,G2,소매,G209,섬유·의복·신발 소매,G20905,기타 의류 소매업,G47419,기타 의복 소매업,26,부산광역시,26110,중구,26110510,중앙동,2611011000,중앙동7가,2611011000100200001,1,대지,20,1,부산광역시 중구 중앙동7가 20-1,261102000010,부산광역시 중구 중앙대로,2,,2611011000100200001000001,롯데백화점,부산광역시 중구 중앙대로 2,600017,48944,,8,,129.036707345866,35.0983104003377,롯데백화점
MA010120220810411503,피자몰,,I2,음식,I210,기타 간이,I21003,피자,I56192,피자; 햄버거; 샌드위치 및 유사 음식점업,26,부산광역시,26410,금정구,26410610,장전2동,2641010800,장전동,2641010800100400000,1,대지,40,,부산광역시 금정구 장전동 40,264104205206,부산광역시 금정구 부산대학로63번길,2,,2641010800100400000000001,NC백화점,부산광역시 금정구 부산대학로63번길 2,609737,46241,,1,,129.083829027579,35.2322412765478,NC백화점
MA010120220810472537,슈콤마보니서면,,G2,소매,G209,섬유·의복·신발 소매,G20910,신발 소매업,G47430,신발 소매업,26,부산광역시,26230,부산진구,26230520,부전2동,2623010300,부전동,2623010300105030015,1,대지,503,15,부산광역시 부산진구 부전동 503-15,262302006015,부산광역시 부산진구 가야대로,772,,2623010300105030015004104,롯데백화점,부산광역시 부산진구 가야대로 772,614732,47285,,3,,129.056412549351,35.1567968046828,롯데백화점
MA010120220810630499,휠라,코리아,G2,소매,G209,섬유·의복·신발 소매,G20910,신발 소매업,G47430,신발 소매업,26,부산광역시,26230,부산진구,26230520,부전2동,2623010300,부전동,2623010300105030015,1,대지,503,15,부산광역시 부산진구 부전동 503-15,262302006015,부산광역시 부산진구 가야대로,772,,2623010300105030015004104,롯데백화점,부산광역시 부산진구 가야대로 772,614732,47285,,5,,129.056412549351,35.1567968046828,롯데백화점
MA010120220807312076,미셸롯데아울렛동,부산점,G2,소매,G209,섬유·의복·신발 소매,G20910,신발 소매업,G47430,신발 소매업,26,부산광역시,26710,기장군,26710250,기장읍,2671025032,기장읍,2671025032105240000,1,대지,524,,부산광역시 기장군 기장읍 당사리 524,267103140057,부산광역시 기장군 기장읍 기장해안로,147,,2671025032100640000000001,롯데백화점,부산광역시 기장군 기장읍 기장해안로 147,619902,46084,,1,,129.212778971514,35.1922125435306,롯데백화점
MA010120220807712276,네파키즈,,G2,소매,G209,섬유·의복·신발 소매,G20905,기타 의류 소매업,G47419,기타 의복 소매업,26,부산광역시,26110,중구,26110510,중앙동,2611011000,중앙동7가,2611011000100200001,1,대지,20,1,부산광역시 중구 중앙동7가 20-1,261102000010,부산광역시 중구 중앙대로,2,,2611011000100200001000001,롯데백화점,부산광역시 중구 중앙대로 2,600017,48944,,8,,129.036707345866,35.0983104003377,롯데백화점
MA010120220807370574,치크,,G2,소매,G209,섬유·의복·신발 소매,G20905,기타 의류 소매업,G47419,기타 의복 소매업,26,부산광역시,26350,해운대구,26350551,좌1동,2635010700,좌동,2635010700114670004,1,대지,1467,4,부산광역시 해운대구 좌동 1467-4,263502006010,부산광역시 해운대구 해운대로,813,,2635010700114670004003745,NC백화점,부산광역시 해운대구 해운대로 813,612836,48106,,6,,129.177051032177,35.1705302447392,NC백화점
MA010120220806942858,롯데광복카파,,G2,소매,G209,섬유·의복·신발 소매,G20910,신발 소매업,G47430,신발 소매업,26,부산광역시,26110,중구,26110510,중앙동,2611011000,중앙동7가,2611011000100200001,1,대지,20,1,부산광역시 중구 중앙동7가 20-1,261102000010,부산광역시 중구 중앙대로,2,,2611011000100200001000001,롯데백화점,부산광역시 중구 중앙대로 2,600017,48944,,5,,129.036707345866,35.0983104003377,롯데백화점
MA010120220805228725,일로딜로,,G2,소매,G209,섬유·의복·신발 소매,G20903,유아용 의류 소매업,G47417,유아용 의류 소매업,26,부산광역시,26350,해운대구,26350551,좌1동,2635010700,좌동,2635010700114670004,1,대지,1467,4,부산광역시 해운대구 좌동 1467-4,263502006010,부산광역시 해운대구 해운대로,813,,2635010700114670004003745,NC백화점,부산광역시 해운대구 해운대로 813,612836,48106,,6,,129.177051032177,35.1705302447392,NC백화점
MA010120220804118239,로엠,,G2,소매,G209,섬유·의복·신발 소매,G20902,여성 의류 소매업,G47412,여자용 겉옷 소매업,26,부산광역시,26410,금정구,26410610,장전2동,2641010800,장전동,2641010800100400000,1,대지,40,,부산광역시 금정구 장전동 40,264104205206,부산광역시 금정구 부산대학로63번길,2,,2641010800100400000000001,NC백화점,부산광역시 금정구 부산대학로63번길 2,609737,46241,,2,,129.083829027579,35.2322412765478,NC백화점
MA010120220806680679,데상트골프롯데부,산본점,G2,소매,G209,섬유·의복·신발 소매,G20905,기타 의류 소매업,G47419,기타 의복 소매업,26,부산광역시,26230,부산진구,26230520,부전2동,2623010300,부전동,2623010300105030015,1,대지,503,15,부산광역시 부산진구 부전동 503-15,262302006015,부산광역시 부산진구 가야대로,772,,2623010300105030015004104,롯데백화점,부산광역시 부산진구 가야대로 772,614732,47285,,5,,129.056412549351,35.1567968046828,롯데백화점
MA010120220803360964,롯데센텀시티스케쳐스,백화점,G2,소매,G209,섬유·의복·신발 소매,G20910,신발 소매업,G47430,신발 소매업,26,부산광역시,26350,해운대구,26350520,우2동,2635010500,우동,2635010500114960000,1,대지,1496,,부산광역시 해운대구 우동 1496,263502133001,부산광역시 해운대구 센텀남대로,59,,2635010500114960000000001,롯데백화점,부산광역시 해운대구 센텀남대로 59,612022,48058,,5,,129.131072074388,35.1698523216207,롯데백화점
MA010120220806571701,지컷신세계,센텀시티점,G2,소매,G209,섬유·의복·신발 소매,G20902,여성 의류 소매업,G47412,여자용 겉옷 소매업,26,부산광역시,26350,해운대구,26350520,우2동,2635010500,우동,2635010500114950000,1,대지,1495,,부산광역시 해운대구 우동 1495,263502133001,부산광역시 해운대구 센텀남대로,35,,2635010500114950000000001,신세계백화점,부산광역시 해운대구 센텀남대로 35,612022,48058,,4,,129.129519598026,35.1688162817484,신세계백화점
MA010120220802241907,베네통,,G2,소매,G209,섬유·의복·신발 소매,G20902,여성 의류 소매업,G47412,여자용 겉옷 소매업,26,부산광역시,26350,해운대구,26350520,우2동,2635010500,우동,2635010500114960000,1,대지,1496,,부산광역시 해운대구 우동 1496,263502133001,부산광역시 해운대구 센텀남대로,59,,2635010500114960000000001,베네통롯데백화점,부산광역시 해운대구 센텀남대로 59,612022,48058,,4,,129.131072074388,35.1698523216207,롯데백화점
MA010120220805349558,신세계프로스펙스,센텀점,G2,소매,G209,섬유·의복·신발 소매,G20910,신발 소매업,G47430,신발 소매업,26,부산광역시,26350,해운대구,26350520,우2동,2635010500,우동,2635010500114950000,1,대지,1495,,부산광역시 해운대구 우동 1495,263502133001,부산광역시 해운대구 센텀남대로,35,,2635010500114950000000001,신세계백화점,부산광역시 해운대구 센텀남대로 35,612022,48058,,3,,129.129519598026,35.1688162817484,신세계백화점
MA010120220810616444,롯데부토리버치TB,산본점,G2,소매,G209,섬유·의복·신발 소매,G20911,가방 소매업,G47440,가방 및 기타 가죽제품 소매업,26,부산광역시,26230,부산진구,26230520,부전2동,2623010300,부전동,2623010300105030015,1,대지,503,15,부산광역시 부산진구 부전동 503-15,262302006015,부산광역시 부산진구 가야대로,772,,2623010300105030015004104,롯데백화점,부산광역시 부산진구 가야대로 772,614732,47285,,1,,129.056412549351,35.1567968046828,롯데백화점
MA010120220814283125,롯데광복닥스골프,,G2,소매,G209,섬유·의복·신발 소매,G20905,기타 의류 소매업,G47419,기타 의복 소매업,26,부산광역시,26110,중구,26110510,중앙동,2611011000,중앙동7가,2611011000100200001,1,대지,20,1,부산광역시 중구 중앙동7가 20-1,261102000010,부산광역시 중구 중앙대로,2,,2611011000100200001000001,롯데백화점,부산광역시 중구 중앙대로 2,600017,48944,,7,,129.036707345866,35.0983104003377,롯데백화점
MA010120220813168434,센텀시티명동쫄면지점,,I2,음식,I201,한식,I20101,백반/한정식,I56111,한식 일반 음식점업,26,부산광역시,26350,해운대구,26350520,우2동,2635010500,우동,2635010500114960000,1,대지,1496,,부산광역시 해운대구 우동 1496,263502133001,부산광역시 해운대구 센텀남대로,59,,2635010500114960000000001,롯데백화점,부산광역시 해운대구 센텀남대로 59,612022,48058,,1,,129.131072074388,35.1698523216207,롯데백화점
MA010120220804792290,닥스셔츠,센텀시티점,G2,소매,G209,섬유·의복·신발 소매,G20905,기타 의류 소매업,G47414,셔츠 및 블라우스 소매업,26,부산광역시,26230,부산진구,26230520,부전2동,2623010300,부전동,2623010300105030015,1,대지,503,15,부산광역시 부산진구 부전동 503-15,262302006015,부산광역시 부산진구 가야대로,772,,2623010300105030015004104,닥스셔츠롯데백화점,부산광역시 부산진구 가야대로 772,614732,47285,,4,,129.056412549351,35.1567968046828,롯데백화점
MA010120220811419879,대성유통,,G2,소매,G209,섬유·의복·신발 소매,G20905,기타 의류 소매업,G47419,기타 의복 소매업,26,부산광역시,26230,부산진구,26230520,부전2동,2623010300,부전동,2623010300105030015,1,대지,503,15,부산광역시 부산진구 부전동 503-15,262302006015,부산광역시 부산진구 가야대로,772,,2623010300105030015004104,롯데백화점,부산광역시 부산진구 가야대로 772,614732,47285,,5,,129.056412549351,35.1567968046828,롯데백화점
MA010120220814157750,리프패럿,광복점,G2,소매,G220,애완동물·용품 소매,G22001,애완동물/애완용품 소매업,R91299,그 외 기타 분류 안된 오락관련 서비스업,26,부산광역시,26110,중구,26110510,중앙동,2611011000,중앙동7가,2611011000100200001,1,대지,20,1,부산광역시 중구 중앙동7가 20-1,261102000010,부산광역시 중구 중앙대로,2,,2611011000100200001000001,롯데백화점,부산광역시 중구 중앙대로 2,600017,48944,,1,,129.036707345866,35.0983104003377,롯데백화점
MA010120220810621671,도호,,G2,소매,G209,섬유·의복·신발 소매,G20902,여성 의류 소매업,G47412,여자용 겉옷 소매업,26,부산광역시,26350,해운대구,26350520,우2동,2635010500,우동,2635010500114950000,1,대지,1495,,부산광역시 해운대구 우동 1495,263502133001,부산광역시 해운대구 센텀남대로,35,,2635010500114950000000001,신세계백화점,부산광역시 해운대구 센텀남대로 35,612022,48058,,3,,129.129519598026,35.1688162817484,신세계백화점
MA010120220803569509,러브앤쇼,,G2,소매,G209,섬유·의복·신발 소매,G20902,여성 의류 소매업,G47412,여자용 겉옷 소매업,26,부산광역시,26350,해운대구,26350520,우2동,2635010500,우동,2635010500114950000,1,대지,1495,,부산광역시 해운대구 우동 1495,263502133001,부산광역시 해운대구 센텀남대로,35,,2635010500114950000000001,신세계백화점,부산광역시 해운대구 센텀남대로 35,612022,48058,,4,,129.129519598026,35.1688162817484,신세계백화점
MA010120220810956122,타임옴므,,G2,소매,G209,섬유·의복·신발 소매,G20901,남성 의류 소매업,G47411,남자용 겉옷 소매업,26,부산광역시,26230,부산진구,26230520,부전2동,2623010300,부전동,2623010300105030015,1,대지,503,15,부산광역시 부산진구 부전동 503-15,262302006015,부산광역시 부산진구 가야대로,772,,2623010300105030015004104,롯데백화점,부산광역시 부산진구 가야대로 772,614732,47285,,4,,129.056412549351,35.1567968046828,롯데백화점
MA010120220810646093,보브,,G2,소매,G209,섬유·의복·신발 소매,G20902,여성 의류 소매업,G47412,여자용 겉옷 소매업,26,부산광역시,26230,부산진구,26230520,부전2동,2623010300,부전동,2623010300105030015,1,대지,503,15,부산광역시 부산진구 부전동 503-15,262302006015,부산광역시 부산진구 가야대로,772,,2623010300105030015004104,롯데백화점,부산광역시 부산진구 가야대로 772,614732,47285,,,,129.056412549351,35.1567968046828,롯데백화점
MA010120220809671908,롯데광복씨씨콜렉트,,G2,소매,G209,섬유·의복·신발 소매,G20902,여성 의류 소매업,G47412,여자용 겉옷 소매업,26,부산광역시,26110,중구,26110510,중앙동,2611011000,중앙동7가,2611011000100200001,1,대지,20,1,부산광역시 중구 중앙동7가 20-1,261102000010,부산광역시 중구 중앙대로,2,,2611011000100200001000001,롯데백화점,부산광역시 중구 중앙대로 2,600017,48944,,3,,129.036707345866,35.0983104003377,롯데백화점
MA010120220810666974,아영에프비씨롯데부산부전점주,,G2,소매,G206,음료 소매,G20602,주류 소매업,G47221,음료 소매업,26,부산광역시,26230,부산진구,26230520,부전2동,2623010300,부전동,2623010300105030015,1,대지,503,15,부산광역시 부산진구 부전동 503-15,262302006015,부산광역시 부산진구 가야대로,772,,2623010300105030015004104,롯데백화점,부산광역시 부산진구 가야대로 772,614732,47285,,1,,129.056412549351,35.1567968046828,롯데백화점
MA010120220809926782,캘빈클라인언더웨어,,G2,소매,G209,섬유·의복·신발 소매,G20905,기타 의류 소매업,G47413,속옷 및 잠옷 소매업,26,부산광역시,26170,동구,26170660,범일2동,2617010400,범일동,2617010400100620005,1,대지,62,5,부산광역시 동구 범일동 62-5,261703127051,부산광역시 동구 범일로,125,,2617010400100620005005551,현대백화점,부산광역시 동구 범일로 125,601718,48735,,B1,,129.058567919742,35.1413052322577,현대백화점
MA010120220811865242,나이스클랍,,G2,소매,G209,섬유·의복·신발 소매,G20902,여성 의류 소매업,G47412,여자용 겉옷 소매업,26,부산광역시,26350,해운대구,26350520,우2동,2635010500,우동,2635010500114960000,1,대지,1496,,부산광역시 해운대구 우동 1496,263502133001,부산광역시 해운대구 센텀남대로,59,,2635010500114960000000001,롯데백화점,부산광역시 해운대구 센텀남대로 59,612022,48058,,4,,129.131072074388,35.1698523216207,롯데백화점
MA010120220812254669,퍼틴롯데광복점,백화점,I2,음식,I205,동남아시아,I20501,베트남식 전문,I56129,기타 외국식 음식점업,26,부산광역시,26110,중구,26110510,중앙동,2611011000,중앙동7가,2611011000100200001,1,대지,20,1,부산광역시 중구 중앙동7가 20-1,261102000010,부산광역시 중구 중앙대로,2,,2611011000100200001000001,롯데백화점,부산광역시 중구 중앙대로 2,600017,48944,,1,,129.036707345866,35.0983104003377,롯데백화점
MA010120220810794272,네파부,산본점,G2,소매,G209,섬유·의복·신발 소매,G20905,기타 의류 소매업,G47419,기타 의복 소매업,26,부산광역시,26230,부산진구,26230520,부전2동,2623010300,부전동,2623010300105030015,1,대지,503,15,부산광역시 부산진구 부전동 503-15,262302006015,부산광역시 부산진구 가야대로,772,,2623010300105030015004104,롯데백화점,부산광역시 부산진구 가야대로 772,614732,47285,,5,,129.056412549351,35.1567968046828,롯데백화점
MA010120220804949421,폴햄엔씨부산대,,G2,소매,G209,섬유·의복·신발 소매,G20905,기타 의류 소매업,G47414,셔츠 및 블라우스 소매업,26,부산광역시,26410,금정구,26410610,장전2동,2641010800,장전동,2641010800100400000,1,대지,40,,부산광역시 금정구 장전동 40,264104205206,부산광역시 금정구 부산대학로63번길,2,,2641010800100400000000001,NC백화점,부산광역시 금정구 부산대학로63번길 2,609737,46241,,3,,129.083829027579,35.2322412765478,NC백화점
MA010120220806445302,번패티번롯데백화점부,산본점,I2,음식,I210,기타 간이,I21004,버거,I56192,피자; 햄버거; 샌드위치 및 유사 음식점업,26,부산광역시,26230,부산진구,26230520,부전2동,2623010300,부전동,2623010300105030015,1,대지,503,15,부산광역시 부산진구 부전동 503-15,262302006015,부산광역시 부산진구 가야대로,772,,2623010300105030015004104,부산롯데호텔,부산광역시 부산진구 가야대로 772,614732,47285,,1,,129.056412549351,35.1567968046828,롯데백화점
MA010120220805046386,프렌치캣,,G2,소매,G209,섬유·의복·신발 소매,G20903,유아용 의류 소매업,G47417,유아용 의류 소매업,26,부산광역시,26110,중구,26110510,중앙동,2611011000,중앙동7가,2611011000100200001,1,대지,20,1,부산광역시 중구 중앙동7가 20-1,261102000010,부산광역시 중구 중앙대로,2,,2611011000100200001000001,롯데백화점,부산광역시 중구 중앙대로 2,600017,48944,,8,,129.036707345866,35.0983104003377,롯데백화점
MA010120220806694325,아이큐박스신세계,센텀시티점,G2,소매,G213,오락용품 소매,G21306,장난감 소매업,G47640,게임용구; 인형 및 장난감 소매업,26,부산광역시,26350,해운대구,26350520,우2동,2635010500,우동,2635010500114950000,1,대지,1495,,부산광역시 해운대구 우동 1495,263502133001,부산광역시 해운대구 센텀남대로,35,,2635010500114950000000001,신세계백화점,부산광역시 해운대구 센텀남대로 35,612022,48058,,6,,129.129519598026,35.1688162817484,신세계백화점
MA010120220806977293,롯데센텀마인,,G2,소매,G209,섬유·의복·신발 소매,G20902,여성 의류 소매업,G47412,여자용 겉옷 소매업,26,부산광역시,26350,해운대구,26350520,우2동,2635010500,우동,2635010500114960000,1,대지,1496,,부산광역시 해운대구 우동 1496,263502133001,부산광역시 해운대구 센텀남대로,59,,2635010500114960000000001,롯데백화점,부산광역시 해운대구 센텀남대로 59,612022,48058,,4,,129.131072074388,35.1698523216207,롯데백화점
MA010120220813540938,엠스타카페,,I2,음식,I212,비알코올 ,I21201,카페,I56221,커피 전문점,26,부산광역시,26110,중구,26110510,중앙동,2611011000,중앙동7가,2611011000100200001,1,대지,20,1,부산광역시 중구 중앙동7가 20-1,261102000010,부산광역시 중구 중앙대로,2,,2611011000100200001000001,롯데백화점,부산광역시 중구 중앙대로 2,600017,48944,,5,,129.036707345866,35.0983104003377,롯데백화점
MA010120220813540097,에이치엠컴퍼니,,G2,소매,G209,섬유·의복·신발 소매,G20905,기타 의류 소매업,G47419,기타 의복 소매업,26,부산광역시,26110,중구,26110510,중앙동,2611011000,중앙동7가,2611011000100200001,1,대지,20,1,부산광역시 중구 중앙동7가 20-1,261102000010,부산광역시 중구 중앙대로,2,,2611011000100200001000001,언더아머롯데백화점,부산광역시 중구 중앙대로 2,600017,48944,,5,,129.036707345866,35.0983104003377,롯데백화점
MA010120220800693488,라인,,G2,소매,G209,섬유·의복·신발 소매,G20902,여성 의류 소매업,G47412,여자용 겉옷 소매업,26,부산광역시,26350,해운대구,26350520,우2동,2635010500,우동,2635010500114960000,1,대지,1496,,부산광역시 해운대구 우동 1496,263502133001,부산광역시 해운대구 센텀남대로,59,,2635010500114960000000001,롯데백화점,부산광역시 해운대구 센텀남대로 59,612022,48058,,4,,129.131072074388,35.1698523216207,롯데백화점
MA010120220811462487,동학식품주,센텀시티점,I2,음식,I210,기타 간이,I21007,김밥/만두/분식,I56194,김밥 및 기타 간이 음식점업,26,부산광역시,26350,해운대구,26350520,우2동,2635010500,우동,2635010500114950000,1,대지,1495,,부산광역시 해운대구 우동 1495,263502133001,부산광역시 해운대구 센텀남대로,35,,2635010500114950000000001,신세계백화점,부산광역시 해운대구 센텀남대로 35,612022,48058,,1,,129.129519598026,35.1688162817484,신세계백화점
MA010120220811940926,프렌치캣신세계,센텀점,G2,소매,G209,섬유·의복·신발 소매,G20905,기타 의류 소매업,G47419,기타 의복 소매업,26,부산광역시,26350,해운대구,26350520,우2동,2635010500,우동,2635010500114950000,1,대지,1495,,부산광역시 해운대구 우동 1495,263502133001,부산광역시 해운대구 센텀남대로,35,,2635010500114950000000001,프렌치캣신세계백화점,부산광역시 해운대구 센텀남대로 35,612022,48058,,6,,129.129519598026,35.1688162817484,신세계백화점
MA010120220812121316,더주리정육,백화점,G2,소매,G205,식료품 소매,G20503,정육점,G47212,육류 소매업,26,부산광역시,26470,연제구,26470730,연산9동,2647010200,연산동,2647010200100150007,1,대지,15,7,부산광역시 연제구 연산동 15-7,264703137025,부산광역시 연제구 토곡로,38,,2647010200100150007019008,,부산광역시 연제구 토곡로 38,611810,47585,,1,,129.103381551538,35.1821325789928,기타/미상
MA010120220812661453,세븐일레븐부산광복,롯데점,G2,소매,G204,종합 소매,G20405,편의점,G47122,체인화 편의점,26,부산광역시,26110,중구,26110510,중앙동,2611011000,중앙동7가,2611011000100200001,1,대지,20,1,부산광역시 중구 중앙동7가 20-1,261102000010,부산광역시 중구 중앙대로,2,,2611011000100200001000001,롯데백화점,부산광역시 중구 중앙대로 2,600017,48944,,4,,129.036707345866,35.0983104003377,롯데백화점
MA010120220814345613,아영에프비씨신세계백화점,센텀시티점,G2,소매,G206,음료 소매,G20602,주류 소매업,G47221,음료 소매업,26,부산광역시,26350,해운대구,26350520,우2동,2635010500,우동,2635010500114950000,1,대지,1495,,부산광역시 해운대구 우동 1495,263502133001,부산광역시 해운대구 센텀남대로,35,,2635010500114950000000001,신세계백화점,부산광역시 해운대구 센텀남대로 35,612022,48058,,1,,129.129519598026,35.1688162817484,신세계백화점
MA010120220805184461,컬럼비아롯데,센텀시티점,G2,소매,G209,섬유·의복·신발 소매,G20905,기타 의류 소매업,G47419,기타 의복 소매업,26,부산광역시,26350,해운대구,26350520,우2동,2635010500,우동,2635010500114960000,1,대지,1496,,부산광역시 해운대구 우동 1496,263502133001,부산광역시 해운대구 센텀남대로,59,,2635010500114960000000001,롯데백화점,부산광역시 해운대구 센텀남대로 59,612022,48058,,5,,129.131072074388,35.1698523216207,롯데백화점
MA010120220809815515,에피그램롯데,동래점,G2,소매,G209,섬유·의복·신발 소매,G20901,남성 의류 소매업,G47411,남자용 겉옷 소매업,26,부산광역시,26260,동래구,26260560,온천2동,2626010800,온천동,2626010800105020003,1,대지,502,3,부산광역시 동래구 온천동 502-3,262602000010,부산광역시 동래구 중앙대로,1393,,2626010800105020003000477,롯데백화점,부산광역시 동래구 중앙대로 1393,607716,47727,,4,,129.07747341266,35.2117052140663,롯데백화점
MA010120220811594357,디스커버리롯데부,산본점,G2,소매,G209,섬유·의복·신발 소매,G20905,기타 의류 소매업,G47419,기타 의복 소매업,26,부산광역시,26230,부산진구,26230520,부전2동,2623010300,부전동,2623010300105030015,1,대지,503,15,부산광역시 부산진구 부전동 503-15,262302006015,부산광역시 부산진구 가야대로,772,,2623010300105030015004104,롯데백화점,부산광역시 부산진구 가야대로 772,614732,47285,,,,129.056412549351,35.1567968046828,롯데백화점
MA010120220809845783,부산고기,백화점,G2,소매,G205,식료품 소매,G20503,정육점,G47212,육류 소매업,26,부산광역시,26230,부산진구,26230510,부전1동,2623010300,부전동,2623010300103950001,1,대지,395,1,부산광역시 부산진구 부전동 395-1,262304187385,부산광역시 부산진구 부전로152번길,44,,2623010300103950001029934,,부산광역시 부산진구 부전로152번길 44,614849,47253,,1,,129.058070427539,35.1603192221708,기타/미상
MA010120220810666651,현대드림투어,,N1,시설관리·임대,N105,여행사·보조,N10501,여행사,N75210,여행사업,26,부산광역시,26170,동구,26170660,범일2동,2617010400,범일동,2617010400100620005,1,대지,62,5,부산광역시 동구 범일동 62-5,261703127051,부산광역시 동구 범일로,125,,2617010400100620005005551,현대백화점,부산광역시 동구 범일로 125,601718,48735,,,,129.058567919742,35.1413052322577,현대백화점
MA010120220810797044,베네통,코리아,G2,소매,G209,섬유·의복·신발 소매,G20902,여성 의류 소매업,G47412,여자용 겉옷 소매업,26,부산광역시,26260,동래구,26260560,온천2동,2626010800,온천동,2626010800105020003,1,대지,502,3,부산광역시 동래구 온천동 502-3,262602000010,부산광역시 동래구 중앙대로,1393,,2626010800105020003000477,롯데백화점,부산광역시 동래구 중앙대로 1393,607716,47727,,2,,129.07747341266,35.2117052140663,롯데백화점
MA010120220811439004,엔씨백화점아동복,해운대점,G2,소매,G209,섬유·의복·신발 소매,G20905,기타 의류 소매업,G47419,기타 의복 소매업,26,부산광역시,26350,해운대구,26350551,좌1동,2635010700,좌동,2635010700114670004,1,대지,1467,4,부산광역시 해운대구 좌동 1467-4,263502006010,부산광역시 해운대구 해운대로,813,,2635010700114670004003745,NC백화점,부산광역시 해운대구 해운대로 813,612836,48106,,,,129.177051032177,35.1705302447392,NC백화점
MA010120220811440874,슈콜렉션,,G2,소매,G209,섬유·의복·신발 소매,G20910,신발 소매업,G47430,신발 소매업,26,부산광역시,26350,해운대구,26350520,우2동,2635010500,우동,2635010500114950000,1,대지,1495,,부산광역시 해운대구 우동 1495,263502133001,부산광역시 해운대구 센텀남대로,35,,2635010500114950000000001,신세계백화점,부산광역시 해운대구 센텀남대로 35,612022,48058,,2,,129.129519598026,35.1688162817484,신세계백화점
MA010120220809713477,엔에프엘,,G2,소매,G209,섬유·의복·신발 소매,G20901,남성 의류 소매업,G47411,남자용 겉옷 소매업,26,부산광역시,26230,부산진구,26230520,부전2동,2623010300,부전동,2623010300105030015,1,대지,503,15,부산광역시 부산진구 부전동 503-15,262302006015,부산광역시 부산진구 가야대로,772,,2623010300105030015004104,롯데백화점,부산광역시 부산진구 가야대로 772,614732,47285,,7,,129.056412549351,35.1567968046828,롯데백화점
MA010120220811430465,후라밍고,,G2,소매,G209,섬유·의복·신발 소매,G20902,여성 의류 소매업,G47412,여자용 겉옷 소매업,26,부산광역시,26350,해운대구,26350551,좌1동,2635010700,좌동,2635010700114670004,1,대지,1467,4,부산광역시 해운대구 좌동 1467-4,263502006010,부산광역시 해운대구 해운대로,813,,2635010700114670004003745,NC백화점,부산광역시 해운대구 해운대로 813,612836,48106,,2,,129.177051032177,35.1705302447392,NC백화점
MA010120220812988232,에이플러스고기,백화점,G2,소매,G205,식료품 소매,G20503,정육점,G47212,육류 소매업,26,부산광역시,26410,금정구,26410530,서3동,2641011000,서동,2641011000101950005,1,대지,195,5,부산광역시 금정구 서동 195-5,264104205241,부산광역시 금정구 서동로149번길,6,,2641011000101950005004204,,부산광역시 금정구 서동로149번길 6,609848,46320,,,,129.103308396695,35.2150528033847,기타/미상
MA010120220811472284,캐리스노트신세계센텀,,G2,소매,G209,섬유·의복·신발 소매,G20902,여성 의류 소매업,G47412,여자용 겉옷 소매업,26,부산광역시,26350,해운대구,26350520,우2동,2635010500,우동,2635010500114950000,1,대지,1495,,부산광역시 해운대구 우동 1495,263502133001,부산광역시 해운대구 센텀남대로,35,,2635010500114950000000001,신세계백화점,부산광역시 해운대구 센텀남대로 35,612022,48058,,3,,129.129519598026,35.1688162817484,신세계백화점
MA010120220811442705,콜핑,,G2,소매,G209,섬유·의복·신발 소매,G20905,기타 의류 소매업,G47419,기타 의복 소매업,26,부산광역시,26350,해운대구,26350551,좌1동,2635010700,좌동,2635010700114670004,1,대지,1467,4,부산광역시 해운대구 좌동 1467-4,263502006010,부산광역시 해운대구 해운대로,813,,2635010700114670004003745,C백화점,부산광역시 해운대구 해운대로 813,612836,48106,,5,,129.177051032177,35.1705302447392,NC백화점
MA010120220811407430,뉴발란스키즈NC,해운대점,G2,소매,G209,섬유·의복·신발 소매,G20910,신발 소매업,G47430,신발 소매업,26,부산광역시,26350,해운대구,26350551,좌1동,2635010700,좌동,2635010700114670004,1,대지,1467,4,부산광역시 해운대구 좌동 1467-4,263502006010,부산광역시 해운대구 해운대로,813,,2635010700114670004003745,C백화점,부산광역시 해운대구 해운대로 813,612836,48106,,,,129.177051032177,35.1705302447392,NC백화점
MA010120220808290983,폴로,,G2,소매,G209,섬유·의복·신발 소매,G20901,남성 의류 소매업,G47411,남자용 겉옷 소매업,26,부산광역시,26350,해운대구,26350520,우2동,2635010500,우동,2635010500114960000,1,대지,1496,,부산광역시 해운대구 우동 1496,263502133001,부산광역시 해운대구 센텀남대로,59,,2635010500114960000000001,롯데센텀백화점,부산광역시 해운대구 센텀남대로 59,612022,48058,,6,,129.131072074388,35.1698523216207,롯데백화점
MA010120220810791391,휠라롯데광복,,G2,소매,G209,섬유·의복·신발 소매,G20905,기타 의류 소매업,G47419,기타 의복 소매업,26,부산광역시,26110,중구,26110510,중앙동,2611011000,중앙동7가,2611011000100200001,1,대지,20,1,부산광역시 중구 중앙동7가 20-1,261102000010,부산광역시 중구 중앙대로,2,,2611011000100200001000001,롯데백화점,부산광역시 중구 중앙대로 2,600017,48944,,5,,129.036707345866,35.0983104003377,롯데백화점
MA010120220813071867,란찌,,G2,소매,G209,섬유·의복·신발 소매,G20901,남성 의류 소매업,G47411,남자용 겉옷 소매업,26,부산광역시,26350,해운대구,26350551,좌1동,2635010700,좌동,2635010700114670004,1,대지,1467,4,부산광역시 해운대구 좌동 1467-4,263502006010,부산광역시 해운대구 해운대로,813,,2635010700114670004003745,C백화점,부산광역시 해운대구 해운대로 813,612836,48106,,5,,129.177051032177,35.1705302447392,NC백화점
MA010120220807799590,닉스NC,해운대,G2,소매,G209,섬유·의복·신발 소매,G20901,남성 의류 소매업,G47411,남자용 겉옷 소매업,26,부산광역시,26350,해운대구,26350551,좌1동,2635010700,좌동,2635010700114670004,1,대지,1467,4,부산광역시 해운대구 좌동 1467-4,263502006010,부산광역시 해운대구 해운대로,813,,2635010700114670004003745,C백화점,부산광역시 해운대구 해운대로 813,612836,48106,,,,129.177051032177,35.1705302447392,NC백화점
MA010120220810645063,캘빈클라인진,,G2,소매,G209,섬유·의복·신발 소매,G20902,여성 의류 소매업,G47412,여자용 겉옷 소매업,26,부산광역시,26170,동구,26170660,범일2동,2617010400,범일동,2617010400100620005,1,대지,62,5,부산광역시 동구 범일동 62-5,261703127051,부산광역시 동구 범일로,125,,2617010400100620005005551,현대백화점,부산광역시 동구 범일로 125,601718,48735,,B1,,129.058567919742,35.1413052322577,현대백화점
MA010120220810624292,포이안,,I2,음식,I205,동남아시아,I20501,베트남식 전문,I56129,기타 외국식 음식점업,26,부산광역시,26230,부산진구,26230520,부전2동,2623010300,부전동,2623010300105030015,1,대지,503,15,부산광역시 부산진구 부전동 503-15,262302006015,부산광역시 부산진구 가야대로,772,,2623010300105030015004104,롯데백화점,부산광역시 부산진구 가야대로 772,614732,47285,,9,,129.056412549351,35.1567968046828,롯데백화점
MA010120220811429061,베네통롯데,동래점,G2,소매,G209,섬유·의복·신발 소매,G20905,기타 의류 소매업,G47414,셔츠 및 블라우스 소매업,26,부산광역시,26260,동래구,26260560,온천2동,2626010800,온천동,2626010800105020003,1,대지,502,3,부산광역시 동래구 온천동 502-3,262602000010,부산광역시 동래구 중앙대로,1393,,2626010800105020003000477,롯데백화점,부산광역시 동래구 중앙대로 1393,607716,47727,,2,,129.07747341266,35.2117052140663,롯데백화점
MA010120220812418676,롯데광복점시리즈,백화점,G2,소매,G209,섬유·의복·신발 소매,G20901,남성 의류 소매업,G47411,남자용 겉옷 소매업,26,부산광역시,26110,중구,26110510,중앙동,2611011000,중앙동7가,2611011000100200001,1,대지,20,1,부산광역시 중구 중앙동7가 20-1,261102000010,부산광역시 중구 중앙대로,2,,2611011000100200001000001,롯데백화점,부산광역시 중구 중앙대로 2,600017,48944,,6,,129.036707345866,35.0983104003377,롯데백화점
MA010120220808281036,씨엠셔츠,,G2,소매,G209,섬유·의복·신발 소매,G20901,남성 의류 소매업,G47411,남자용 겉옷 소매업,26,부산광역시,26170,동구,26170660,범일2동,2617010400,범일동,2617010400100620005,1,대지,62,5,부산광역시 동구 범일동 62-5,261703127051,부산광역시 동구 범일로,125,,2617010400100620005005551,현대백화점,부산광역시 동구 범일로 125,601718,48735,,5,,129.058567919742,35.1413052322577,현대백화점
MA010120220810625854,Anne,,G2,소매,G209,섬유·의복·신발 소매,G20902,여성 의류 소매업,G47412,여자용 겉옷 소매업,26,부산광역시,26350,해운대구,26350520,우2동,2635010500,우동,2635010500114950000,1,대지,1495,,부산광역시 해운대구 우동 1495,263502133001,부산광역시 해운대구 센텀남대로,35,,2635010500114950000000001,신세계백화점,부산광역시 해운대구 센텀남대로 35,612022,48058,,1,,129.129519598026,35.1688162817484,신세계백화점
MA010120220808213394,에스제이에스제이,,G2,소매,G209,섬유·의복·신발 소매,G20902,여성 의류 소매업,G47412,여자용 겉옷 소매업,26,부산광역시,26350,해운대구,26350520,우2동,2635010500,우동,2635010500114960000,1,대지,1496,,부산광역시 해운대구 우동 1496,263502133001,부산광역시 해운대구 센텀남대로,59,,2635010500114960000000001,롯데백화점,부산광역시 해운대구 센텀남대로 59,612022,48058,,4,,129.131072074388,35.1698523216207,롯데백화점
MA010120220810030279,베네통,,G2,소매,G209,섬유·의복·신발 소매,G20905,기타 의류 소매업,G47419,기타 의복 소매업,26,부산광역시,26110,중구,26110510,중앙동,2611011000,중앙동7가,2611011000100200001,1,대지,20,1,부산광역시 중구 중앙동7가 20-1,261102000010,부산광역시 중구 중앙대로,2,,2611011000100200001000001,롯데백화점,부산광역시 중구 중앙대로 2,600017,48944,,8,,129.036707345866,35.0983104003377,롯데백화점
MA010120220813238016,샤브보트롯데동래점,백화점,I2,음식,I201,한식,I20101,백반/한정식,I56111,한식 일반 음식점업,26,부산광역시,26260,동래구,26260560,온천2동,2626010800,온천동,2626010800105020003,1,대지,502,3,부산광역시 동래구 온천동 502-3,262602000010,부산광역시 동래구 중앙대로,1393,,2626010800105020003000477,롯데백화점,부산광역시 동래구 중앙대로 1393,607716,47727,,8,,129.07747341266,35.2117052140663,롯데백화점
MA010120220811810473,케이투,,G2,소매,G209,섬유·의복·신발 소매,G20905,기타 의류 소매업,G47419,기타 의복 소매업,26,부산광역시,26230,부산진구,26230600,전포1동,2623010200,전포동,2623010200106680001,1,대지,668,1,부산광역시 부산진구 전포동 668-1,262303129010,부산광역시 부산진구 동천로,92,,2623010200106680001044509,C백화점,부산광역시 부산진구 동천로 92,614772,47293,,4,,129.063013297817,35.1570359960725,NC백화점
MA010120220810622123,현대데무,부산점,G2,소매,G209,섬유·의복·신발 소매,G20902,여성 의류 소매업,G47412,여자용 겉옷 소매업,26,부산광역시,26170,동구,26170660,범일2동,2617010400,범일동,2617010400100620005,1,대지,62,5,부산광역시 동구 범일동 62-5,261703127051,부산광역시 동구 범일로,125,,2617010400100620005005551,현대백화점,부산광역시 동구 범일로 125,601718,48735,,2,,129.058567919742,35.1413052322577,현대백화점
MA010120220810609028,롯데부헤지스ACC,산본점,G2,소매,G209,섬유·의복·신발 소매,G20911,가방 소매업,G47440,가방 및 기타 가죽제품 소매업,26,부산광역시,26230,부산진구,26230520,부전2동,2623010300,부전동,2623010300105030015,1,대지,503,15,부산광역시 부산진구 부전동 503-15,262302006015,부산광역시 부산진구 가야대로,772,,2623010300105030015004104,롯데백화점,부산광역시 부산진구 가야대로 772,614732,47285,,2,,129.056412549351,35.1567968046828,롯데백화점
MA010120220810400246,잭니클라우스,,G2,소매,G209,섬유·의복·신발 소매,G20905,기타 의류 소매업,G47419,기타 의복 소매업,26,부산광역시,26170,동구,26170660,범일2동,2617010400,범일동,2617010400100620005,1,대지,62,5,부산광역시 동구 범일동 62-5,261703127051,부산광역시 동구 범일로,125,,2617010400100620005005551,현대백화점,부산광역시 동구 범일로 125,601718,48735,,5,,129.058567919742,35.1413052322577,현대백화점
MA010120220811463253,드로어써클센텀,,G2,소매,G217,시계·귀금속 소매,G21701,시계/귀금속 소매업,G47830,시계 및 귀금속 소매업,26,부산광역시,26350,해운대구,26350520,우2동,2635010500,우동,2635010500114950000,1,대지,1495,,부산광역시 해운대구 우동 1495,263502133001,부산광역시 해운대구 센텀남대로,35,,2635010500114950000000001,신세계백화점,부산광역시 해운대구 센텀남대로 35,612022,48058,,2,,129.129519598026,35.1688162817484,신세계백화점
MA010120220810372081,토리버치,,G2,소매,G209,섬유·의복·신발 소매,G20901,남성 의류 소매업,G47411,남자용 겉옷 소매업,26,부산광역시,26350,해운대구,26350520,우2동,2635010500,우동,2635010500114950000,1,대지,1495,,부산광역시 해운대구 우동 1495,263502133001,부산광역시 해운대구 센텀남대로,35,,2635010500114950000000001,신세계백화점,부산광역시 해운대구 센텀남대로 35,612022,48058,,2,,129.129519598026,35.1688162817484,신세계백화점
MA010120220811424887,타미여성롯데동래,,G2,소매,G209,섬유·의복·신발 소매,G20902,여성 의류 소매업,G47412,여자용 겉옷 소매업,26,부산광역시,26260,동래구,26260560,온천2동,2626010800,온천동,2626010800105020003,1,대지,502,3,부산광역시 동래구 온천동 502-3,262602000010,부산광역시 동래구 중앙대로,1393,,2626010800105020003000477,롯데백화점,부산광역시 동래구 중앙대로 1393,607716,47727,,2,,129.07747341266,35.2117052140663,롯데백화점
MA010120220812707112,풋조이롯데동래점,백화점,G2,소매,G209,섬유·의복·신발 소매,G20905,기타 의류 소매업,G47419,기타 의복 소매업,26,부산광역시,26260,동래구,26260560,온천2동,2626010800,온천동,2626010800105020003,1,대지,502,3,부산광역시 동래구 온천동 502-3,262602000010,부산광역시 동래구 중앙대로,1393,,2626010800105020003000477,롯데백화점,부산광역시 동래구 중앙대로 1393,607716,47727,,6,,129.07747341266,35.2117052140663,롯데백화점
MA010120220811246393,모에롯데부,산본점,G2,소매,G209,섬유·의복·신발 소매,G20902,여성 의류 소매업,G47412,여자용 겉옷 소매업,26,부산광역시,26230,부산진구,26230520,부전2동,2623010300,부전동,2623010300105030015,1,대지,503,15,부산광역시 부산진구 부전동 503-15,262302006015,부산광역시 부산진구 가야대로,772,,2623010300105030015004104,롯데백화점,부산광역시 부산진구 가야대로 772,614732,47285,,3,,129.056412549351,35.1567968046828,롯데백화점
MA010120220803015415,신세계푸드퍼스트라운지,,I2,음식,I207,구내식당·뷔페,I20701,구내식당,I56192,피자; 햄버거; 샌드위치 및 유사 음식점업,26,부산광역시,26350,해운대구,26350520,우2동,2635010500,우동,2635010500114950000,1,대지,1495,,부산광역시 해운대구 우동 1495,263502133001,부산광역시 해운대구 센텀남대로,35,,2635010500114950000000001,신세계백화점,부산광역시 해운대구 센텀남대로 35,612022,48058,,4,,129.129519598026,35.1688162817484,신세계백화점
MA010120220812442658,엔씨서면더틸버리,,G2,소매,G209,섬유·의복·신발 소매,G20902,여성 의류 소매업,G47412,여자용 겉옷 소매업,26,부산광역시,26230,부산진구,26230600,전포1동,2623010200,전포동,2623010200106680001,1,대지,668,1,부산광역시 부산진구 전포동 668-1,262303129010,부산광역시 부산진구 동천로,92,,2623010200106680001044509,엔씨백화점,부산광역시 부산진구 동천로 92,614772,47293,,3,,129.063013297817,35.1570359960725,NC백화점
MA010120220808799787,엘리든플레이롯데,동래점,G2,소매,G209,섬유·의복·신발 소매,G20902,여성 의류 소매업,G47412,여자용 겉옷 소매업,26,부산광역시,26260,동래구,26260560,온천2동,2626010800,온천동,2626010800105020003,1,대지,502,3,부산광역시 동래구 온천동 502-3,262602000010,부산광역시 동래구 중앙대로,1393,,2626010800105020003000477,롯데백화점,부산광역시 동래구 중앙대로 1393,607716,47727,,1,,129.07747341266,35.2117052140663,롯데백화점
MA010120220810474674,시리즈,,G2,소매,G209,섬유·의복·신발 소매,G20901,남성 의류 소매업,G47411,남자용 겉옷 소매업,26,부산광역시,26230,부산진구,26230520,부전2동,2623010300,부전동,2623010300105030015,1,대지,503,15,부산광역시 부산진구 부전동 503-15,262302006015,부산광역시 부산진구 가야대로,772,,2623010300105030015004104,롯데백화점,부산광역시 부산진구 가야대로 772,614732,47285,,4,,129.056412549351,35.1567968046828,롯데백화점
MA010120220812163279,롯데광복닥스신사,,G2,소매,G209,섬유·의복·신발 소매,G20901,남성 의류 소매업,G47411,남자용 겉옷 소매업,26,부산광역시,26110,중구,26110510,중앙동,2611011000,중앙동7가,2611011000100200001,1,대지,20,1,부산광역시 중구 중앙동7가 20-1,261102000010,부산광역시 중구 중앙대로,2,,2611011000100200001000001,롯데백화점,부산광역시 중구 중앙대로 2,600017,48944,,6,,129.036707345866,35.0983104003377,롯데백화점
MA010120220806958992,더캐시미어롯데부산,,G2,소매,G209,섬유·의복·신발 소매,G20902,여성 의류 소매업,G47412,여자용 겉옷 소매업,26,부산광역시,26230,부산진구,26230520,부전2동,2623010300,부전동,2623010300105030015,1,대지,503,15,부산광역시 부산진구 부전동 503-15,262302006015,부산광역시 부산진구 가야대로,772,,2623010300105030015004104,롯데백화점,부산광역시 부산진구 가야대로 772,614732,47285,,2,,129.056412549351,35.1567968046828,롯데백화점
MA010120220810643345,현대부산스노우피크,,G2,소매,G209,섬유·의복·신발 소매,G20905,기타 의류 소매업,G47419,기타 의복 소매업,26,부산광역시,26170,동구,26170660,범일2동,2617010400,범일동,2617010400100620005,1,대지,62,5,부산광역시 동구 범일동 62-5,261703127051,부산광역시 동구 범일로,125,,2617010400100620005005551,현대백화점,부산광역시 동구 범일로 125,601718,48735,,6,,129.058567919742,35.1413052322577,현대백화점
MA010120220803220872,지지피엑스,,G2,소매,G209,섬유·의복·신발 소매,G20902,여성 의류 소매업,G47412,여자용 겉옷 소매업,26,부산광역시,26350,해운대구,26350551,좌1동,2635010700,좌동,2635010700114670004,1,대지,1467,4,부산광역시 해운대구 좌동 1467-4,263502006010,부산광역시 해운대구 해운대로,813,,2635010700114670004003745,NC백화점,부산광역시 해운대구 해운대로 813,612836,48106,,3,,129.177051032177,35.1705302447392,NC백화점
MA010120220807780328,엘르양말NC,해운대점,G2,소매,G209,섬유·의복·신발 소매,G20905,기타 의류 소매업,G47422,의복 액세서리 및 모조 장신구 소매업,26,부산광역시,26350,해운대구,26350551,좌1동,2635010700,좌동,2635010700114670004,1,대지,1467,4,부산광역시 해운대구 좌동 1467-4,263502006010,부산광역시 해운대구 해운대로,813,,2635010700114670004003745,NC백화점,부산광역시 해운대구 해운대로 813,612836,48106,,1,,129.177051032177,35.1705302447392,NC백화점
MA010120220808592032,벨루티신세계센텀,코리아,G2,소매,G209,섬유·의복·신발 소매,G20901,남성 의류 소매업,G47411,남자용 겉옷 소매업,26,부산광역시,26350,해운대구,26350520,우2동,2635010500,우동,2635010500114950000,1,대지,1495,,부산광역시 해운대구 우동 1495,263502133001,부산광역시 해운대구 센텀남대로,35,,2635010500114950000000001,신세계백화점,부산광역시 해운대구 센텀남대로 35,612022,48058,,5,,129.129519598026,35.1688162817484,신세계백화점
MA010120220806571087,롯데내셔널지오그래픽,센텀시티점,G2,소매,G209,섬유·의복·신발 소매,G20905,기타 의류 소매업,G47419,기타 의복 소매업,26,부산광역시,26350,해운대구,26350520,우2동,2635010500,우동,2635010500114960000,1,대지,1496,,부산광역시 해운대구 우동 1496,263502133001,부산광역시 해운대구 센텀남대로,59,,2635010500114960000000001,롯데백화점,부산광역시 해운대구 센텀남대로 59,612022,48058,,5,,129.131072074388,35.1698523216207,롯데백화점
MA010120220812432389,세인트앤드류스신세계백화점,센텀시티점,G2,소매,G209,섬유·의복·신발 소매,G20902,여성 의류 소매업,G47412,여자용 겉옷 소매업,26,부산광역시,26350,해운대구,26350520,우2동,2635010500,우동,2635010500114950000,1,대지,1495,,부산광역시 해운대구 우동 1495,263502133001,부산광역시 해운대구 센텀남대로,35,,2635010500114950000000001,신세계백화점,부산광역시 해운대구 센텀남대로 35,612022,48058,,6,,129.129519598026,35.1688162817484,신세계백화점
MA010120220806460817,케이어패럴,,G2,소매,G209,섬유·의복·신발 소매,G20901,남성 의류 소매업,G47411,남자용 겉옷 소매업,26,부산광역시,26230,부산진구,26230600,전포1동,2623010200,전포동,2623010200106680001,1,대지,668,1,부산광역시 부산진구 전포동 668-1,262303129010,부산광역시 부산진구 동천로,92,,2623010200106680001044509,C백화점,부산광역시 부산진구 동천로 92,614772,47293,,4,,129.063013297817,35.1570359960725,NC백화점
MA010120220812873489,더바디샵,,G2,소매,G209,섬유·의복·신발 소매,G20902,여성 의류 소매업,G47412,여자용 겉옷 소매업,26,부산광역시,26230,부산진구,26230520,부전2동,2623010300,부전동,2623010300105030015,1,대지,503,15,부산광역시 부산진구 부전동 503-15,262302006015,부산광역시 부산진구 가야대로,772,,2623010300105030015004104,더바디샵롯데백화점,부산광역시 부산진구 가야대로 772,614732,47285,,2,,129.056412549351,35.1567968046828,롯데백화점
MA010120220803179414,지이크롯데센텀,,G2,소매,G209,섬유·의복·신발 소매,G20901,남성 의류 소매업,G47411,남자용 겉옷 소매업,26,부산광역시,26350,해운대구,26350520,우2동,2635010500,우동,2635010500114960000,1,대지,1496,,부산광역시 해운대구 우동 1496,263502133001,부산광역시 해운대구 센텀남대로,59,,2635010500114960000000001,롯데백화점,부산광역시 해운대구 센텀남대로 59,612022,48058,,6,,129.131072074388,35.1698523216207,롯데백화점
MA010120220810690511,혼수이불,백화점,G2,소매,G209,섬유·의복·신발 소매,G20906,침구류/커튼 소매업,G47421,가정용 직물제품 소매업,26,부산광역시,26530,사상구,26530591,모라1동,2653010200,모라동,2653010200111430004,1,대지,1143,4,부산광역시 사상구 모라동 1143-4,265304217150,부산광역시 사상구 모라로56번길,35,,2653010200111430000015455,,부산광역시 사상구 모라로56번길 35,617822,46921,,,,128.986688048039,35.1878255629748,기타/미상
MA010120220809322482,디스커버리익스페디션,,G2,소매,G209,섬유·의복·신발 소매,G20905,기타 의류 소매업,G47419,기타 의복 소매업,26,부산광역시,26260,동래구,26260560,온천2동,2626010800,온천동,2626010800105020003,1,대지,502,3,부산광역시 동래구 온천동 502-3,262602000010,부산광역시 동래구 중앙대로,1393,,2626010800105020003000477,롯데백화점,부산광역시 동래구 중앙대로 1393,607716,47727,,5,,129.07747341266,35.2117052140663,롯데백화점
MA010120220805253991,홍대개미롯대백화점부,산본점,I2,음식,I203,일식,I20302,일식 카레/돈가스/덮밥,I56111,한식 일반 음식점업,26,부산광역시,26230,부산진구,26230520,부전2동,2623010300,부전동,2623010300105030015,1,대지,503,15,부산광역시 부산진구 부전동 503-15,262302006015,부산광역시 부산진구 가야대로,772,,2623010300105030015004104,롯데백화점,부산광역시 부산진구 가야대로 772,614732,47285,,2,,129.056412549351,35.1567968046828,롯데백화점
MA010120220808428841,글로리워치,,G2,소매,G217,시계·귀금속 소매,G21701,시계/귀금속 소매업,G47830,시계 및 귀금속 소매업,26,부산광역시,26110,중구,26110510,중앙동,2611011000,중앙동7가,2611011000100200001,1,대지,20,1,부산광역시 중구 중앙동7가 20-1,261102000010,부산광역시 중구 중앙대로,2,,2611011000100200001000001,롯데백화점,부산광역시 중구 중앙대로 2,600017,48944,,1,,129.036707345866,35.0983104003377,롯데백화점
MA010120220813342893,리즈다이아,,G2,소매,G217,시계·귀금속 소매,G21701,시계/귀금속 소매업,G47830,시계 및 귀금속 소매업,26,부산광역시,26170,동구,26170660,범일2동,2617010400,범일동,2617010400100620005,1,대지,62,5,부산광역시 동구 범일동 62-5,261703127051,부산광역시 동구 범일로,125,,2617010400100620005005551,리즈다이아현대백화점,부산광역시 동구 범일로 125,601718,48735,,1,,129.058567919742,35.1413052322577,현대백화점
MA010120220809142342,신세계센텀뉴발란스키즈,,G2,소매,G209,섬유·의복·신발 소매,G20903,유아용 의류 소매업,G47417,유아용 의류 소매업,26,부산광역시,26350,해운대구,26350520,우2동,2635010500,우동,2635010500114950000,1,대지,1495,,부산광역시 해운대구 우동 1495,263502133001,부산광역시 해운대구 센텀남대로,35,,2635010500114950000000001,신세계백화점,부산광역시 해운대구 센텀남대로 35,612022,48058,,6,,129.129519598026,35.1688162817484,신세계백화점
MA010120220804285928,분더샵,,G2,소매,G209,섬유·의복·신발 소매,G20902,여성 의류 소매업,G47412,여자용 겉옷 소매업,26,부산광역시,26350,해운대구,26350520,우2동,2635010500,우동,2635010500114950000,1,대지,1495,,부산광역시 해운대구 우동 1495,263502133001,부산광역시 해운대구 센텀남대로,35,,2635010500114950000000001,신세계백화점,부산광역시 해운대구 센텀남대로 35,612022,48058,,2,,129.129519598026,35.1688162817484,신세계백화점
MA010120220805202338,펠리체조수니롯데센텀,,G2,소매,G209,섬유·의복·신발 소매,G20902,여성 의류 소매업,G47412,여자용 겉옷 소매업,26,부산광역시,26350,해운대구,26350520,우2동,2635010500,우동,2635010500114960000,1,대지,1496,,부산광역시 해운대구 우동 1496,263502133001,부산광역시 해운대구 센텀남대로,59,,2635010500114960000000001,롯데백화점,부산광역시 해운대구 센텀남대로 59,612022,48058,,3,,129.131072074388,35.1698523216207,롯데백화점
MA010120220810788096,롯데동래로가디스,,G2,소매,G209,섬유·의복·신발 소매,G20901,남성 의류 소매업,G47411,남자용 겉옷 소매업,26,부산광역시,26260,동래구,26260560,온천2동,2626010800,온천동,2626010800105020003,1,대지,502,3,부산광역시 동래구 온천동 502-3,262602000010,부산광역시 동래구 중앙대로,1393,,2626010800105020003000477,롯데백화점,부산광역시 동래구 중앙대로 1393,607716,47727,,4,,129.07747341266,35.2117052140663,롯데백화점
MA010120220800531624,셀덴NC,부산대점,G2,소매,G209,섬유·의복·신발 소매,G20905,기타 의류 소매업,G47419,기타 의복 소매업,26,부산광역시,26410,금정구,26410610,장전2동,2641010800,장전동,2641010800100400000,1,대지,40,,부산광역시 금정구 장전동 40,264104205206,부산광역시 금정구 부산대학로63번길,2,,2641010800100400000000001,부산대NC백화점,부산광역시 금정구 부산대학로63번길 2,609737,46241,,4,,129.083829027579,35.2322412765478,NC백화점
MA010120220802784218,이새,,G2,소매,G209,섬유·의복·신발 소매,G20902,여성 의류 소매업,G47412,여자용 겉옷 소매업,26,부산광역시,26350,해운대구,26350520,우2동,2635010500,우동,2635010500114960000,1,대지,1496,,부산광역시 해운대구 우동 1496,263502133001,부산광역시 해운대구 센텀남대로,59,,2635010500114960000000001,롯데백화점,부산광역시 해운대구 센텀남대로 59,612022,48058,,3,,129.131072074388,35.1698523216207,롯데백화점
MA010120220805928026,올리비아로렌,,G2,소매,G209,섬유·의복·신발 소매,G20902,여성 의류 소매업,G47412,여자용 겉옷 소매업,26,부산광역시,26350,해운대구,26350551,좌1동,2635010700,좌동,2635010700114670004,1,대지,1467,4,부산광역시 해운대구 좌동 1467-4,263502006010,부산광역시 해운대구 해운대로,813,,2635010700114670004003745,NC백화점,부산광역시 해운대구 해운대로 813,612836,48106,,2,,129.177051032177,35.1705302447392,NC백화점
MA010120220803671146,아이더,,G2,소매,G209,섬유·의복·신발 소매,G20905,기타 의류 소매업,G47419,기타 의복 소매업,26,부산광역시,26170,동구,26170660,범일2동,2617010400,범일동,2617010400100620005,1,대지,62,5,부산광역시 동구 범일동 62-5,261703127051,부산광역시 동구 범일로,125,,2617010400100620005005551,현대백화점,부산광역시 동구 범일로 125,601718,48735,,6,,129.058567919742,35.1413052322577,현대백화점
MA010120220810477547,롯데광복헤지스ACC,,G2,소매,G209,섬유·의복·신발 소매,G20911,가방 소매업,G47440,가방 및 기타 가죽제품 소매업,26,부산광역시,26110,중구,26110510,중앙동,2611011000,중앙동7가,2611011000100200001,1,대지,20,1,부산광역시 중구 중앙동7가 20-1,261102000010,부산광역시 중구 중앙대로,2,,2611011000100200001000001,롯데백화점,부산광역시 중구 중앙대로 2,600017,48944,,4,,129.036707345866,35.0983104003377,롯데백화점
MA010120220812041090,바바라,롯데광복점,G2,소매,G209,섬유·의복·신발 소매,G20905,기타 의류 소매업,G47413,속옷 및 잠옷 소매업,26,부산광역시,26110,중구,26110510,중앙동,2611011000,중앙동7가,2611011000100200001,1,대지,20,1,부산광역시 중구 중앙동7가 20-1,261102000010,부산광역시 중구 중앙대로,2,,2611011000100200001000001,롯데백화점,부산광역시 중구 중앙대로 2,600017,48944,,4,,129.036707345866,35.0983104003377,롯데백화점
MA010120220804802426,롯데부산질스튜어트뉴욕,,G2,소매,G209,섬유·의복·신발 소매,G20901,남성 의류 소매업,G47411,남자용 겉옷 소매업,26,부산광역시,26230,부산진구,26230520,부전2동,2623010300,부전동,2623010300105030015,1,대지,503,15,부산광역시 부산진구 부전동 503-15,262302006015,부산광역시 부산진구 가야대로,772,,2623010300105030015004104,롯데백화점,부산광역시 부산진구 가야대로 772,614732,47285,,4,,129.056412549351,35.1567968046828,롯데백화점
MA010120220806677542,와이드앵글골프,,G2,소매,G209,섬유·의복·신발 소매,G20905,기타 의류 소매업,G47419,기타 의복 소매업,26,부산광역시,26170,동구,26170660,범일2동,2617010400,범일동,2617010400100620005,1,대지,62,5,부산광역시 동구 범일동 62-5,261703127051,부산광역시 동구 범일로,125,,2617010400100620005005551,현대백화점,부산광역시 동구 범일로 125,601718,48735,,5,,129.058567919742,35.1413052322577,현대백화점
MA010120220810621534,세탁,백화점,S2,수리·개인,S209,세탁,S20901,세탁소,S96912,가정용 세탁업,26,부산광역시,26230,부산진구,26230670,당감1동,2623010900,당감동,2623010900103660003,1,대지,366,3,부산광역시 부산진구 당감동 366-3,262304187245,부산광역시 부산진구 동평로44번길,7,,2623010900103660003054262,,부산광역시 부산진구 동평로44번길 7,614101,47177,,,,129.03452830527,35.1645559903445,기타/미상
MA010120220813726977,탑스롯데,동래점,G2,소매,G209,섬유·의복·신발 소매,G20911,가방 소매업,G47440,가방 및 기타 가죽제품 소매업,26,부산광역시,26260,동래구,26260560,온천2동,2626010800,온천동,2626010800105020003,1,대지,502,3,부산광역시 동래구 온천동 502-3,262602000010,부산광역시 동래구 중앙대로,1393,,2626010800105020003000477,롯데백화점,부산광역시 동래구 중앙대로 1393,607716,47727,,1,,129.07747341266,35.2117052140663,롯데백화점
MA010120220808685560,마크앤로나서면,,G2,소매,G209,섬유·의복·신발 소매,G20905,기타 의류 소매업,G47414,셔츠 및 블라우스 소매업,26,부산광역시,26230,부산진구,26230520,부전2동,2623010300,부전동,2623010300105030015,1,대지,503,15,부산광역시 부산진구 부전동 503-15,262302006015,부산광역시 부산진구 가야대로,772,,2623010300105030015004104,롯데백화점,부산광역시 부산진구 가야대로 772,614732,47285,,5,,129.056412549351,35.1567968046828,롯데백화점
MA010120220814331501,내셔널지오그래픽키즈신세계,센텀점,G2,소매,G209,섬유·의복·신발 소매,G20903,유아용 의류 소매업,G47417,유아용 의류 소매업,26,부산광역시,26350,해운대구,26350520,우2동,2635010500,우동,2635010500114950000,1,대지,1495,,부산광역시 해운대구 우동 1495,263502133001,부산광역시 해운대구 센텀남대로,35,,2635010500114950000000001,신세계백화점,부산광역시 해운대구 센텀남대로 35,612022,48058,,6,,129.129519598026,35.1688162817484,신세계백화점
MA010120220803814527,제주스,,I2,음식,I212,비알코올 ,I21201,카페,I56229,기타 비알코올 음료점업,26,부산광역시,26110,중구,26110510,중앙동,2611011000,중앙동7가,2611011000100200001,1,대지,20,1,부산광역시 중구 중앙동7가 20-1,261102000010,부산광역시 중구 중앙대로,2,,2611011000100200001000001,롯데백화점,부산광역시 중구 중앙대로 2,600017,48944,,1,,129.036707345866,35.0983104003377,롯데백화점
MA010120220805232816,푸마롯데광복,,G2,소매,G209,섬유·의복·신발 소매,G20910,신발 소매업,G47430,신발 소매업,26,부산광역시,26110,중구,26110510,중앙동,2611011000,중앙동7가,2611011000100200001,1,대지,20,1,부산광역시 중구 중앙동7가 20-1,261102000010,부산광역시 중구 중앙대로,2,,2611011000100200001000001,롯데백화점,부산광역시 중구 중앙대로 2,600017,48944,,7,,129.036707345866,35.0983104003377,롯데백화점
MA010120220814019474,가족회관신세계,센텀시티점,I2,음식,I201,한식,I20101,백반/한정식,I56111,한식 일반 음식점업,26,부산광역시,26350,해운대구,26350520,우2동,2635010500,우동,2635010500114950000,1,대지,1495,,부산광역시 해운대구 우동 1495,263502133001,부산광역시 해운대구 센텀남대로,35,,2635010500114950000000001,신세계백화점,부산광역시 해운대구 센텀남대로 35,612022,48058,,1,,129.129519598026,35.1688162817484,신세계백화점
MA010120220801160922,영빈루,,I2,음식,I202,중식,I20201,중국집,I56121,중식 음식점업,26,부산광역시,26230,부산진구,26230520,부전2동,2623010300,부전동,2623010300105030015,1,대지,503,15,부산광역시 부산진구 부전동 503-15,262302006015,부산광역시 부산진구 가야대로,772,,2623010300105030015004104,롯데백화점,부산광역시 부산진구 가야대로 772,614732,47285,,2,,129.056412549351,35.1567968046828,롯데백화점
MA010120220807405381,다우닝소파,,G2,소매,G211,가구 소매,G21101,가구 소매업,G47520,가구 소매업,26,부산광역시,26350,해운대구,26350520,우2동,2635010500,우동,2635010500114950000,1,대지,1495,,부산광역시 해운대구 우동 1495,263502133001,부산광역시 해운대구 센텀남대로,35,,2635010500114950000000001,신세계백화점,부산광역시 해운대구 센텀남대로 35,612022,48058,,8,,129.129519598026,35.1688162817484,신세계백화점
MA010120220804926241,금양인터내셔날롯데,센텀점,G2,소매,G206,음료 소매,G20602,주류 소매업,G47221,음료 소매업,26,부산광역시,26350,해운대구,26350520,우2동,2635010500,우동,2635010500114960000,1,대지,1496,,부산광역시 해운대구 우동 1496,263502133001,부산광역시 해운대구 센텀남대로,59,,2635010500114960000000001,와인코너롯데백화점,부산광역시 해운대구 센텀남대로 59,612022,48058,,,,129.131072074388,35.1698523216207,롯데백화점
MA010120220803056967,동화,백화점,G2,소매,G209,섬유·의복·신발 소매,G20905,기타 의류 소매업,G47416,가죽 및 모피 의복 소매업,26,부산광역시,26110,중구,26110570,광복동,2611013200,창선동2가,2611013200100100002,1,대지,10,2,부산광역시 중구 창선동2가 10-2,261104175008,부산광역시 중구 광복로35번길,4,,2611013200100100002004263,,부산광역시 중구 광복로35번길 4,600819,48946,,1,,129.02899778278,35.0995932198247,동화백화점
MA010120220814140128,숲롯데센텀,,G2,소매,G209,섬유·의복·신발 소매,G20902,여성 의류 소매업,G47412,여자용 겉옷 소매업,26,부산광역시,26350,해운대구,26350520,우2동,2635010500,우동,2635010500114960000,1,대지,1496,,부산광역시 해운대구 우동 1496,263502133001,부산광역시 해운대구 센텀남대로,59,,2635010500114960000000001,롯데백화점,부산광역시 해운대구 센텀남대로 59,612022,48058,,4,,129.131072074388,35.1698523216207,롯데백화점
MA010120220806335081,롯데동래지오지아,,G2,소매,G209,섬유·의복·신발 소매,G20901,남성 의류 소매업,G47411,남자용 겉옷 소매업,26,부산광역시,26260,동래구,26260560,온천2동,2626010800,온천동,2626010800105020003,1,대지,502,3,부산광역시 동래구 온천동 502-3,262602000010,부산광역시 동래구 중앙대로,1393,,2626010800105020003000477,지오지아롯데백화점,부산광역시 동래구 중앙대로 1393,607716,47727,,,,129.07747341266,35.2117052140663,롯데백화점
MA010120220811436089,휠라NC,서면점,G2,소매,G209,섬유·의복·신발 소매,G20905,기타 의류 소매업,G47419,기타 의복 소매업,26,부산광역시,26230,부산진구,26230600,전포1동,2623010200,전포동,2623010200106680001,1,대지,668,1,부산광역시 부산진구 전포동 668-1,262303129010,부산광역시 부산진구 동천로,92,,2623010200106680001044509,NC백화점,부산광역시 부산진구 동천로 92,614772,47293,,2,,129.063013297817,35.1570359960725,NC백화점
MA010120220810666599,버버리롯데부산３점주,코리아,G2,소매,G209,섬유·의복·신발 소매,G20905,기타 의류 소매업,G47419,기타 의복 소매업,26,부산광역시,26230,부산진구,26230520,부전2동,2623010300,부전동,2623010300105030015,1,대지,503,15,부산광역시 부산진구 부전동 503-15,262302006015,부산광역시 부산진구 가야대로,772,,2623010300105030015004104,롯데백화점,부산광역시 부산진구 가야대로 772,614732,47285,,5,,129.056412549351,35.1567968046828,롯데백화점
MA010120220810646439,파리게이츠,,G2,소매,G209,섬유·의복·신발 소매,G20905,기타 의류 소매업,G47419,기타 의복 소매업,26,부산광역시,26230,부산진구,26230520,부전2동,2623010300,부전동,2623010300105030015,1,대지,503,15,부산광역시 부산진구 부전동 503-15,262302006015,부산광역시 부산진구 가야대로,772,,2623010300105030015004104,롯데백화점,부산광역시 부산진구 가야대로 772,614732,47285,,5,,129.056412549351,35.1567968046828,롯데백화점
MA010120220803308040,린,,G2,소매,G209,섬유·의복·신발 소매,G20902,여성 의류 소매업,G47412,여자용 겉옷 소매업,26,부산광역시,26230,부산진구,26230520,부전2동,2623010300,부전동,2623010300105030015,1,대지,503,15,부산광역시 부산진구 부전동 503-15,262302006015,부산광역시 부산진구 가야대로,772,,2623010300105030015004104,롯데백화점,부산광역시 부산진구 가야대로 772,614732,47285,,2,,129.056412549351,35.1567968046828,롯데백화점
MA010120220810784410,캘빈클라인언더,,G2,소매,G209,섬유·의복·신발 소매,G20905,기타 의류 소매업,G47413,속옷 및 잠옷 소매업,26,부산광역시,26260,동래구,26260560,온천2동,2626010800,온천동,2626010800105020003,1,대지,502,3,부산광역시 동래구 온천동 502-3,262602000010,부산광역시 동래구 중앙대로,1393,,2626010800105020003000477,롯데백화점,부산광역시 동래구 중앙대로 1393,607716,47727,,3,,129.07747341266,35.2117052140663,롯데백화점
MA010120220813066318,제이더블유스포츠,,G2,소매,G209,섬유·의복·신발 소매,G20905,기타 의류 소매업,G47419,기타 의복 소매업,26,부산광역시,26350,해운대구,26350520,우2동,2635010500,우동,2635010500114960000,1,대지,1496,,부산광역시 해운대구 우동 1496,263502133001,부산광역시 해운대구 센텀남대로,59,,2635010500114960000000001,롯데백화점,부산광역시 해운대구 센텀남대로 59,612022,48058,,5,,129.131072074388,35.1698523216207,롯데백화점
MA010120220807040389,지고트,,G2,소매,G209,섬유·의복·신발 소매,G20902,여성 의류 소매업,G47412,여자용 겉옷 소매업,26,부산광역시,26170,동구,26170660,범일2동,2617010400,범일동,2617010400100620005,1,대지,62,5,부산광역시 동구 범일동 62-5,261703127051,부산광역시 동구 범일로,125,,2617010400100620005005551,현대백화점,부산광역시 동구 범일로 125,601718,48735,,2,,129.058567919742,35.1413052322577,현대백화점
MA010120220805309007,트래드후스,,G2,소매,G209,섬유·의복·신발 소매,G20910,신발 소매업,G47430,신발 소매업,26,부산광역시,26350,해운대구,26350520,우2동,2635010500,우동,2635010500114950000,1,대지,1495,,부산광역시 해운대구 우동 1495,263502133001,부산광역시 해운대구 센텀남대로,35,,2635010500114950000000001,트래드후스신세계백화점,부산광역시 해운대구 센텀남대로 35,612022,48058,,6,,129.129519598026,35.1688162817484,신세계백화점
MA010120220810476610,신세계센텀JJ,,G2,소매,G209,섬유·의복·신발 소매,G20901,남성 의류 소매업,G47411,남자용 겉옷 소매업,26,부산광역시,26350,해운대구,26350520,우2동,2635010500,우동,2635010500114950000,1,대지,1495,,부산광역시 해운대구 우동 1495,263502133001,부산광역시 해운대구 센텀남대로,35,,2635010500114950000000001,신세계백화점,부산광역시 해운대구 센텀남대로 35,612022,48058,,5,,129.129519598026,35.1688162817484,신세계백화점
MA010120220800635890,기비키이스,,G2,소매,G209,섬유·의복·신발 소매,G20902,여성 의류 소매업,G47412,여자용 겉옷 소매업,26,부산광역시,26350,해운대구,26350551,좌1동,2635010700,좌동,2635010700114670004,1,대지,1467,4,부산광역시 해운대구 좌동 1467-4,263502006010,부산광역시 해운대구 해운대로,813,,2635010700114670004003745,C백화점,부산광역시 해운대구 해운대로 813,612836,48106,,2,,129.177051032177,35.1705302447392,NC백화점
MA010120220813806315,올리비아하슬러,,G2,소매,G209,섬유·의복·신발 소매,G20902,여성 의류 소매업,G47412,여자용 겉옷 소매업,26,부산광역시,26350,해운대구,26350520,우2동,2635010500,우동,2635010500114960000,1,대지,1496,,부산광역시 해운대구 우동 1496,263502133001,부산광역시 해운대구 센텀남대로,59,,2635010500114960000000001,롯데백화점,부산광역시 해운대구 센텀남대로 59,612022,48058,,3,,129.131072074388,35.1698523216207,롯데백화점
MA010120220810399951,타이틀리스트,,G2,소매,G209,섬유·의복·신발 소매,G20905,기타 의류 소매업,G47419,기타 의복 소매업,26,부산광역시,26260,동래구,26260560,온천2동,2626010800,온천동,2626010800105020003,1,대지,502,3,부산광역시 동래구 온천동 502-3,262602000010,부산광역시 동래구 중앙대로,1393,,2626010800105020003000477,롯데백화점,부산광역시 동래구 중앙대로 1393,607716,47727,,6,,129.07747341266,35.2117052140663,롯데백화점
MA010120220810764098,시즈막스,,G2,소매,G209,섬유·의복·신발 소매,G20902,여성 의류 소매업,G47412,여자용 겉옷 소매업,26,부산광역시,26260,동래구,26260560,온천2동,2626010800,온천동,2626010800105020003,1,대지,502,3,부산광역시 동래구 온천동 502-3,262602000010,부산광역시 동래구 중앙대로,1393,,2626010800105020003000477,롯데백화점,부산광역시 동래구 중앙대로 1393,607716,47727,,,,129.07747341266,35.2117052140663,롯데백화점
MA010120220807572337,아프리카안경,,G2,소매,G216,안경·정밀기기 소매,G21602,안경렌즈 소매업,G47822,안경 및 렌즈 소매업,26,부산광역시,26260,동래구,26260560,온천2동,2626010800,온천동,2626010800105020003,1,대지,502,3,부산광역시 동래구 온천동 502-3,262602000010,부산광역시 동래구 중앙대로,1393,,2626010800105020003000477,롯데백화점,부산광역시 동래구 중앙대로 1393,607716,47727,,7,,129.07747341266,35.2117052140663,롯데백화점
MA010120220810807366,트리니티,센텀점,G2,소매,G209,섬유·의복·신발 소매,G20902,여성 의류 소매업,G47412,여자용 겉옷 소매업,26,부산광역시,26350,해운대구,26350520,우2동,2635010500,우동,2635010500114950000,1,대지,1495,,부산광역시 해운대구 우동 1495,263502133001,부산광역시 해운대구 센텀남대로,35,,2635010500114950000000001,신세계백화점,부산광역시 해운대구 센텀남대로 35,612022,48058,,2,,129.129519598026,35.1688162817484,신세계백화점
MA010120220809502285,한일카페트,,G2,소매,G209,섬유·의복·신발 소매,G20906,침구류/커튼 소매업,G47421,가정용 직물제품 소매업,26,부산광역시,26230,부산진구,26230520,부전2동,2623010300,부전동,2623010300105030015,1,대지,503,15,부산광역시 부산진구 부전동 503-15,262302006015,부산광역시 부산진구 가야대로,772,,2623010300105030015004104,롯데백화점,부산광역시 부산진구 가야대로 772,614732,47285,,6,,129.056412549351,35.1567968046828,롯데백화점
MA010120220812547449,시슬리,,G2,소매,G209,섬유·의복·신발 소매,G20905,기타 의류 소매업,G47414,셔츠 및 블라우스 소매업,26,부산광역시,26230,부산진구,26230520,부전2동,2623010300,부전동,2623010300105030015,1,대지,503,15,부산광역시 부산진구 부전동 503-15,262302006015,부산광역시 부산진구 가야대로,772,,2623010300105030015004104,시슬리롯데백화점,부산광역시 부산진구 가야대로 772,614732,47285,,2,,129.056412549351,35.1567968046828,롯데백화점
MA010120220808390685,롯데센텀다이나핏,,G2,소매,G209,섬유·의복·신발 소매,G20905,기타 의류 소매업,G47419,기타 의복 소매업,26,부산광역시,26350,해운대구,26350520,우2동,2635010500,우동,2635010500114960000,1,대지,1496,,부산광역시 해운대구 우동 1496,263502133001,부산광역시 해운대구 센텀남대로,59,,2635010500114960000000001,롯데백화점,부산광역시 해운대구 센텀남대로 59,612022,48058,,,,129.131072074388,35.1698523216207,롯데백화점
MA010120220810373792,보브,,G2,소매,G209,섬유·의복·신발 소매,G20902,여성 의류 소매업,G47412,여자용 겉옷 소매업,26,부산광역시,26350,해운대구,26350520,우2동,2635010500,우동,2635010500114950000,1,대지,1495,,부산광역시 해운대구 우동 1495,263502133001,부산광역시 해운대구 센텀남대로,35,,2635010500114950000000001,신세계백화점,부산광역시 해운대구 센텀남대로 35,612022,48058,,4,,129.129519598026,35.1688162817484,신세계백화점
MA010120220803256322,신세계센텀데상트골프,,G2,소매,G209,섬유·의복·신발 소매,G20905,기타 의류 소매업,G47419,기타 의복 소매업,26,부산광역시,26350,해운대구,26350520,우2동,2635010500,우동,2635010500114950000,1,대지,1495,,부산광역시 해운대구 우동 1495,263502133001,부산광역시 해운대구 센텀남대로,35,,2635010500114950000000001,신세계백화점,부산광역시 해운대구 센텀남대로 35,612022,48058,,6,,129.129519598026,35.1688162817484,신세계백화점
MA010120220814348081,신세계센텀시티스케쳐스,백화점,G2,소매,G209,섬유·의복·신발 소매,G20910,신발 소매업,G47430,신발 소매업,26,부산광역시,26350,해운대구,26350520,우2동,2635010500,우동,2635010500114950000,1,대지,1495,,부산광역시 해운대구 우동 1495,263502133001,부산광역시 해운대구 센텀남대로,35,,2635010500114950000000001,신세계백화점,부산광역시 해운대구 센텀남대로 35,612022,48058,,3,,129.129519598026,35.1688162817484,신세계백화점
MA010120220812690296,난닝구,,G2,소매,G209,섬유·의복·신발 소매,G20905,기타 의류 소매업,G47414,셔츠 및 블라우스 소매업,26,부산광역시,26350,해운대구,26350520,우2동,2635010500,우동,2635010500114950000,1,대지,1495,,부산광역시 해운대구 우동 1495,263502133001,부산광역시 해운대구 센텀남대로,35,,2635010500114950000000001,신세계백화점,부산광역시 해운대구 센텀남대로 35,612022,48058,,3,,129.129519598026,35.1688162817484,신세계백화점
MA010120220813038750,먼싱웨어데상트,코리아,G2,소매,G209,섬유·의복·신발 소매,G20905,기타 의류 소매업,G47419,기타 의복 소매업,26,부산광역시,26110,중구,26110510,중앙동,2611011000,중앙동7가,2611011000100200001,1,대지,20,1,부산광역시 중구 중앙동7가 20-1,261102000010,부산광역시 중구 중앙대로,2,,2611011000100200001000001,롯데백화점,부산광역시 중구 중앙대로 2,600017,48944,,7,,129.036707345866,35.0983104003377,롯데백화점
MA010120220814015186,휴대폰,백화점,G2,소매,G208,가전·통신 소매,G20802,핸드폰 소매업,G47312,통신기기 소매업,26,부산광역시,26290,남구,26290580,용호2동,2629010700,용호동,2629010700104950008,1,대지,495,8,부산광역시 남구 용호동 495-8,262903131025,부산광역시 남구 용호로,187,,2629010700104950008029988,,부산광역시 남구 용호로 187,608092,48587,,1,,129.111179698903,35.1156629472874,기타/미상
MA010120220805170078,샤오바오우육면롯데광복점,백화점,I2,음식,I202,중식,I20201,중국집,I56121,중식 음식점업,26,부산광역시,26110,중구,26110510,중앙동,2611011000,중앙동7가,2611011000100010001,1,대지,1,1,부산광역시 중구 중앙동7가 1-1,261102000010,부산광역시 중구 중앙대로,2,,2611011000100200001000001,롯데백화점,부산광역시 중구 중앙대로 2,600017,48944,,1,,129.036707345866,35.0983104003377,롯데백화점
MA010120220800108878,크리스챤디올신세계백화점남성매장,센텀시티점,G2,소매,G209,섬유·의복·신발 소매,G20901,남성 의류 소매업,G47411,남자용 겉옷 소매업,26,부산광역시,26350,해운대구,26350520,우2동,2635010500,우동,2635010500114950000,1,대지,1495,,부산광역시 해운대구 우동 1495,263502133001,부산광역시 해운대구 센텀남대로,35,,2635010500114950000000001,신세계백화점,부산광역시 해운대구 센텀남대로 35,612022,48058,,5,,129.129519598026,35.1688162817484,신세계백화점
MA010120220808339148,오일릴리,,G2,소매,G209,섬유·의복·신발 소매,G20902,여성 의류 소매업,G47412,여자용 겉옷 소매업,26,부산광역시,26230,부산진구,26230520,부전2동,2623010300,부전동,2623010300105030015,1,대지,503,15,부산광역시 부산진구 부전동 503-15,262302006015,부산광역시 부산진구 가야대로,772,,2623010300105030015004104,롯데백화점,부산광역시 부산진구 가야대로 772,614732,47285,,,,129.056412549351,35.1567968046828,롯데백화점
MA010120220810666549,버버리롯데부산점주,코리아,G2,소매,G209,섬유·의복·신발 소매,G20902,여성 의류 소매업,G47412,여자용 겉옷 소매업,26,부산광역시,26230,부산진구,26230520,부전2동,2623010300,부전동,2623010300105030015,1,대지,503,15,부산광역시 부산진구 부전동 503-15,262302006015,부산광역시 부산진구 가야대로,772,,2623010300105030015004104,롯데백화점,부산광역시 부산진구 가야대로 772,614732,47285,,2,,129.056412549351,35.1567968046828,롯데백화점
MA010120220810415890,캘러웨이,,G2,소매,G209,섬유·의복·신발 소매,G20905,기타 의류 소매업,G47419,기타 의복 소매업,26,부산광역시,26110,중구,26110510,중앙동,2611011000,중앙동7가,2611011000100200001,1,대지,20,1,부산광역시 중구 중앙동7가 20-1,261102000010,부산광역시 중구 중앙대로,2,,2611011000100200001000001,롯데백화점,부산광역시 중구 중앙대로 2,600017,48944,,7,,129.036707345866,35.0983104003377,롯데백화점
MA010120220809601239,퓨처스드림,,G2,소매,G209,섬유·의복·신발 소매,G20905,기타 의류 소매업,G47419,기타 의복 소매업,26,부산광역시,26230,부산진구,26230520,부전2동,2623010300,부전동,2623010300105030015,1,대지,503,15,부산광역시 부산진구 부전동 503-15,262302006015,부산광역시 부산진구 가야대로,772,,2623010300105030015004104,롯데백화점,부산광역시 부산진구 가야대로 772,614732,47285,,,,129.056412549351,35.1567968046828,롯데백화점
MA010120220811612973,티오티,부산대점,G2,소매,G209,섬유·의복·신발 소매,G20901,남성 의류 소매업,G47411,남자용 겉옷 소매업,26,부산광역시,26410,금정구,26410610,장전2동,2641010800,장전동,2641010800100400000,1,대지,40,,부산광역시 금정구 장전동 40,264104205206,부산광역시 금정구 부산대학로63번길,2,,2641010800100400000000001,NC백화점,부산광역시 금정구 부산대학로63번길 2,609737,46241,,2,,129.083829027579,35.2322412765478,NC백화점
MA010120220813100528,예작현대,부산점,G2,소매,G209,섬유·의복·신발 소매,G20905,기타 의류 소매업,G47414,셔츠 및 블라우스 소매업,26,부산광역시,26170,동구,26170660,범일2동,2617010400,범일동,2617010400100620005,1,대지,62,5,부산광역시 동구 범일동 62-5,261703127051,부산광역시 동구 범일로,125,,2617010400100620005005551,현대백화점,부산광역시 동구 범일로 125,601718,48735,,5,,129.058567919742,35.1413052322577,현대백화점
MA010120220807134040,온기정,,I2,음식,I203,일식,I20302,일식 카레/돈가스/덮밥,I56122,일식 음식점업,26,부산광역시,26110,중구,26110510,중앙동,2611011000,중앙동7가,2611011000100200001,1,대지,20,1,부산광역시 중구 중앙동7가 20-1,261102000010,부산광역시 중구 중앙대로,2,,2611011000100200001000001,롯데백화점,부산광역시 중구 중앙대로 2,600017,48944,,1,,129.036707345866,35.0983104003377,롯데백화점
MA010120220810621344,한국월드패션,,G2,소매,G209,섬유·의복·신발 소매,G20902,여성 의류 소매업,G47412,여자용 겉옷 소매업,26,부산광역시,26110,중구,26110510,중앙동,2611011000,중앙동7가,2611011000100200001,1,대지,20,1,부산광역시 중구 중앙동7가 20-1,261102000010,부산광역시 중구 중앙대로,2,,2611011000100200001000001,롯데백화점,부산광역시 중구 중앙대로 2,600017,48944,,3,,129.036707345866,35.0983104003377,롯데백화점
MA010120220802743510,케이투,,G2,소매,G209,섬유·의복·신발 소매,G20905,기타 의류 소매업,G47419,기타 의복 소매업,26,부산광역시,26350,해운대구,26350520,우2동,2635010500,우동,2635010500114950000,1,대지,1495,,부산광역시 해운대구 우동 1495,263502133001,부산광역시 해운대구 센텀남대로,35,,2635010500114950000000001,신세계백화점,부산광역시 해운대구 센텀남대로 35,612022,48058,,3,,129.129519598026,35.1688162817484,신세계백화점
MA010120220812049744,쁘렝땅신세계,센텀점,G2,소매,G209,섬유·의복·신발 소매,G20902,여성 의류 소매업,G47412,여자용 겉옷 소매업,26,부산광역시,26350,해운대구,26350520,우2동,2635010500,우동,2635010500114950000,1,대지,1495,,부산광역시 해운대구 우동 1495,263502133001,부산광역시 해운대구 센텀남대로,35,,2635010500114950000000001,신세계백화점,부산광역시 해운대구 센텀남대로 35,612022,48058,,2,,129.129519598026,35.1688162817484,신세계백화점
MA010120220813378129,생선,백화점,G2,소매,G205,식료품 소매,G20505,수산물 소매업,G47214,신선; 냉동 및 기타 수산물 소매업,26,부산광역시,26230,부산진구,26230670,당감1동,2623010900,당감동,2623010900102410015,1,대지,241,15,부산광역시 부산진구 당감동 241-15,262304187131,부산광역시 부산진구 당감로16번길,44,,2623010900102410015007965,,부산광역시 부산진구 당감로16번길 44,614817,47181,,1,,129.041902288823,35.1636568744163,기타/미상
MA010120220812010105,띠어리,,G2,소매,G209,섬유·의복·신발 소매,G20902,여성 의류 소매업,G47412,여자용 겉옷 소매업,26,부산광역시,26110,중구,26110510,중앙동,2611011000,중앙동7가,2611011000100200001,1,대지,20,1,부산광역시 중구 중앙동7가 20-1,261102000010,부산광역시 중구 중앙대로,2,,2611011000100200001000001,롯데백화점,부산광역시 중구 중앙대로 2,600017,48944,,4,,129.036707345866,35.0983104003377,롯데백화점
MA010120220804965420,로라애슐리,,G2,소매,G209,섬유·의복·신발 소매,G20906,침구류/커튼 소매업,G47421,가정용 직물제품 소매업,26,부산광역시,26230,부산진구,26230520,부전2동,2623010300,부전동,2623010300105030015,1,대지,503,15,부산광역시 부산진구 부전동 503-15,262302006015,부산광역시 부산진구 가야대로,772,,2623010300105030015004104,롯데백화점,부산광역시 부산진구 가야대로 772,614732,47285,,3,,129.056412549351,35.1567968046828,롯데백화점
MA010120220813180458,윤클라스,,G2,소매,G209,섬유·의복·신발 소매,G20910,신발 소매업,G47430,신발 소매업,26,부산광역시,26350,해운대구,26350520,우2동,2635010500,우동,2635010500114950000,1,대지,1495,,부산광역시 해운대구 우동 1495,263502133001,부산광역시 해운대구 센텀남대로,35,,2635010500114950000000001,신세계백화점,부산광역시 해운대구 센텀남대로 35,612022,48058,,3,,129.129519598026,35.1688162817484,신세계백화점
MA010120220800755478,J.J어패럴,,G2,소매,G209,섬유·의복·신발 소매,G20905,기타 의류 소매업,G47414,셔츠 및 블라우스 소매업,26,부산광역시,26260,동래구,26260560,온천2동,2626010800,온천동,2626010800105020003,1,대지,502,3,부산광역시 동래구 온천동 502-3,262602000010,부산광역시 동래구 중앙대로,1393,,2626010800105020003000477,롯데백화점,부산광역시 동래구 중앙대로 1393,607716,47727,,4,,129.07747341266,35.2117052140663,롯데백화점
MA010120220814270579,커스텀멜로우,동래점,G2,소매,G209,섬유·의복·신발 소매,G20901,남성 의류 소매업,G47411,남자용 겉옷 소매업,26,부산광역시,26260,동래구,26260560,온천2동,2626010800,온천동,2626010800105020003,1,대지,502,3,부산광역시 동래구 온천동 502-3,262602000010,부산광역시 동래구 중앙대로,1393,,2626010800105020003000477,롯데백화점,부산광역시 동래구 중앙대로 1393,607716,47727,,,,129.07747341266,35.2117052140663,롯데백화점
MA010120220813411553,고구려푸드영남지사,,I2,음식,I202,중식,I20201,중국집,I56121,중식 음식점업,26,부산광역시,26110,중구,26110510,중앙동,2611011000,중앙동7가,2611011000100200001,1,대지,20,1,부산광역시 중구 중앙동7가 20-1,261102000010,부산광역시 중구 중앙대로,2,,2611011000100200001000001,롯데백화점,부산광역시 중구 중앙대로 2,600017,48944,,1,,129.036707345866,35.0983104003377,롯데백화점
MA010120220808286276,매직에디션부,산본점,G2,소매,G209,섬유·의복·신발 소매,G20905,기타 의류 소매업,G47414,셔츠 및 블라우스 소매업,26,부산광역시,26230,부산진구,26230520,부전2동,2623010300,부전동,2623010300105030015,1,대지,503,15,부산광역시 부산진구 부전동 503-15,262302006015,부산광역시 부산진구 가야대로,772,,2623010300105030015004104,롯데백화점,부산광역시 부산진구 가야대로 772,614732,47285,,6,,129.056412549351,35.1567968046828,롯데백화점
MA010120220808089931,바이레도,,G2,소매,G215,의약·화장품 소매,G21503,화장품 소매업,G47813,화장품; 비누 및 방향제 소매업,26,부산광역시,26350,해운대구,26350520,우2동,2635010500,우동,2635010500114950000,1,대지,1495,,부산광역시 해운대구 우동 1495,263502133001,부산광역시 해운대구 센텀남대로,35,,2635010500114950000000001,신세계백화점,부산광역시 해운대구 센텀남대로 35,612022,48058,,1,,129.129519598026,35.1688162817484,신세계백화점
MA010120220800844216,브루넬로쿠치넬리롯데,부산점,G2,소매,G209,섬유·의복·신발 소매,G20902,여성 의류 소매업,G47412,여자용 겉옷 소매업,26,부산광역시,26230,부산진구,26230520,부전2동,2623010300,부전동,2623010300105030015,1,대지,503,15,부산광역시 부산진구 부전동 503-15,262302006015,부산광역시 부산진구 가야대로,772,,2623010300105030015004104,롯데백화점,부산광역시 부산진구 가야대로 772,614732,47285,,1,,129.056412549351,35.1567968046828,롯데백화점
MA010120220810645342,신세계센텀헤지스여성,,G2,소매,G209,섬유·의복·신발 소매,G20902,여성 의류 소매업,G47412,여자용 겉옷 소매업,26,부산광역시,26350,해운대구,26350520,우2동,2635010500,우동,2635010500114950000,1,대지,1495,,부산광역시 해운대구 우동 1495,263502133001,부산광역시 해운대구 센텀남대로,35,,2635010500114950000000001,신세계백화점,부산광역시 해운대구 센텀남대로 35,612022,48058,,3,,129.129519598026,35.1688162817484,신세계백화점
MA010120220810628079,떡,백화점,I2,음식,I210,기타 간이,I21002,떡/한과,C10711,떡류 제조업,26,부산광역시,26170,동구,26170650,범일1동,2617010400,범일동,2617010400100630006,1,대지,63,6,부산광역시 동구 범일동 63-6,261702000010,부산광역시 동구 중앙대로,529,1,2617010400100630006010686,,부산광역시 동구 중앙대로 529-1,601802,48722,,,,129.05623367084,35.1405338310834,기타/미상
MA010120220812740182,정육,백화점,G2,소매,G205,식료품 소매,G20503,정육점,G47212,육류 소매업,26,부산광역시,26230,부산진구,26230550,초읍동,2623010700,초읍동,2623010700102170027,1,대지,217,27,부산광역시 부산진구 초읍동 217-27,262304187464,부산광역시 부산진구 성지로83번길,6,,2623010700102170027040874,,부산광역시 부산진구 성지로83번길 6,614873,47126,,1,,129.053310020439,35.1778555364819,기타/미상
MA010120220808761586,닐바렛롯데부,산본점,G2,소매,G209,섬유·의복·신발 소매,G20905,기타 의류 소매업,G47414,셔츠 및 블라우스 소매업,26,부산광역시,26230,부산진구,26230520,부전2동,2623010300,부전동,2623010300105030015,1,대지,503,15,부산광역시 부산진구 부전동 503-15,262302006015,부산광역시 부산진구 가야대로,772,,2623010300105030015004104,롯데백화점,부산광역시 부산진구 가야대로 772,614732,47285,,,,129.056412549351,35.1567968046828,롯데백화점
MA010120220811424201,페이지안경,,G2,소매,G216,안경·정밀기기 소매,G21602,안경렌즈 소매업,G47822,안경 및 렌즈 소매업,26,부산광역시,26350,해운대구,26350520,우2동,2635010500,우동,2635010500114950000,1,대지,1495,,부산광역시 해운대구 우동 1495,263502133001,부산광역시 해운대구 센텀남대로,35,,2635010500114950000000001,신세계백화점,부산광역시 해운대구 센텀남대로 35,612022,48058,,1,,129.129519598026,35.1688162817484,신세계백화점
MA010120220812403382,탑텐밸런스롯데광복,,G2,소매,G209,섬유·의복·신발 소매,G20902,여성 의류 소매업,G47412,여자용 겉옷 소매업,26,부산광역시,26110,중구,26110510,중앙동,2611011000,중앙동7가,2611011000100200001,1,대지,20,1,부산광역시 중구 중앙동7가 20-1,261102000010,부산광역시 중구 중앙대로,2,,2611011000100200001000001,롯데백화점,부산광역시 중구 중앙대로 2,600017,48944,,3,,129.036707345866,35.0983104003377,롯데백화점
MA010120220810477503,롯데광복헤지스여성,,G2,소매,G209,섬유·의복·신발 소매,G20902,여성 의류 소매업,G47412,여자용 겉옷 소매업,26,부산광역시,26110,중구,26110510,중앙동,2611011000,중앙동7가,2611011000100200001,1,대지,20,1,부산광역시 중구 중앙동7가 20-1,261102000010,부산광역시 중구 중앙대로,2,,2611011000100200001000001,롯데백화점,부산광역시 중구 중앙대로 2,600017,48944,,,,129.036707345866,35.0983104003377,롯데백화점
MA010120220808371102,롯데광복점오가닉맘,백화점,G2,소매,G209,섬유·의복·신발 소매,G20905,기타 의류 소매업,G47419,기타 의복 소매업,26,부산광역시,26110,중구,26110520,동광동,2611011100,동광동1가,2611011100100010022,1,대지,1,22,부산광역시 중구 동광동1가 1-22,261102000010,부산광역시 중구 중앙대로,2,,2611011000100200001000001,롯데백화점,부산광역시 중구 중앙대로 2,600021,48944,,8,,129.036707345866,35.0983104003377,롯데백화점
MA010120220809664684,손찬반찬,백화점,G2,소매,G205,식료품 소매,G20509,반찬/식료품 소매업,G47218,조리 반찬류 소매업,26,부산광역시,26260,동래구,26260550,온천1동,2626010800,온천동,2626010800101640016,1,대지,164,16,부산광역시 동래구 온천동 164-16,262603130001,부산광역시 동래구 금강공원로,10,,2626010800101640016013087,,부산광역시 동래구 금강공원로 10,607831,47710,,1,,129.083380551187,35.2185695599351,기타/미상
MA010120220808752009,제이제이푸드시스템부산면가,,I2,음식,I201,한식,I20105,국수/칼국수,I56112,한식 면 요리 전문점,26,부산광역시,26260,동래구,26260560,온천2동,2626010800,온천동,2626010800105020003,1,대지,502,3,부산광역시 동래구 온천동 502-3,262602000010,부산광역시 동래구 중앙대로,1393,,2626010800105020003000477,롯데백화점,부산광역시 동래구 중앙대로 1393,607716,47727,,1,,129.07747341266,35.2117052140663,롯데백화점
MA010120220811450567,스케쳐스부,산본점,G2,소매,G209,섬유·의복·신발 소매,G20910,신발 소매업,G47430,신발 소매업,26,부산광역시,26230,부산진구,26230780,범천2동,2623010400,범천동,2623010400110600017,1,대지,1060,17,부산광역시 부산진구 범천동 1060-17,262302006015,부산광역시 부산진구 가야대로,722,,2623010400110600017037236,롯데백화점,부산광역시 부산진구 가야대로 722,614832,47278,,5,,129.050470026122,35.1569876801689,롯데백화점
MA010120220812715126,닥스제화,,G2,소매,G209,섬유·의복·신발 소매,G20910,신발 소매업,G47430,신발 소매업,26,부산광역시,26170,동구,26170660,범일2동,2617010400,범일동,2617010400100620005,1,대지,62,5,부산광역시 동구 범일동 62-5,261703127051,부산광역시 동구 범일로,125,,2617010400100620005005551,현대백화점,부산광역시 동구 범일로 125,601718,48735,,3,,129.058567919742,35.1413052322577,현대백화점
MA010120220806919472,천개의공간,,G2,소매,G213,오락용품 소매,G21301,서점,G47611,서적; 신문 및 잡지류 소매업,26,부산광역시,26110,중구,26110510,중앙동,2611011000,중앙동7가,2611011000100200001,1,대지,20,1,부산광역시 중구 중앙동7가 20-1,261102000010,부산광역시 중구 중앙대로,2,,2611011000100200001000001,롯데백화점,부산광역시 중구 중앙대로 2,600017,48944,,5,,129.036707345866,35.0983104003377,롯데백화점
MA010120220813430649,제이에스주얼리,,G2,소매,G217,시계·귀금속 소매,G21701,시계/귀금속 소매업,G47830,시계 및 귀금속 소매업,26,부산광역시,26350,해운대구,26350520,우2동,2635010500,우동,2635010500114950000,1,대지,1495,,부산광역시 해운대구 우동 1495,263502133001,부산광역시 해운대구 센텀남대로,35,,2635010500114950000000001,신세계백화점,부산광역시 해운대구 센텀남대로 35,612022,48058,,1,,129.129519598026,35.1688162817484,신세계백화점
MA010120220801049082,미밍코,,G2,소매,G220,애완동물·용품 소매,G22001,애완동물/애완용품 소매업,G47852,애완용 동물 및 관련용품 소매업,26,부산광역시,26260,동래구,26260560,온천2동,2626010800,온천동,2626010800105020003,1,대지,502,3,부산광역시 동래구 온천동 502-3,262602000010,부산광역시 동래구 중앙대로,1393,,2626010800105020003000477,롯데백화점,부산광역시 동래구 중앙대로 1393,607716,47727,,1,,129.07747341266,35.2117052140663,롯데백화점
MA010120220800085307,분주니어,,G2,소매,G209,섬유·의복·신발 소매,G20903,유아용 의류 소매업,G47417,유아용 의류 소매업,26,부산광역시,26350,해운대구,26350520,우2동,2635010500,우동,2635010500114950000,1,대지,1495,,부산광역시 해운대구 우동 1495,263502133001,부산광역시 해운대구 센텀남대로,35,,2635010500114950000000001,신세계백화점,부산광역시 해운대구 센텀남대로 35,612022,48058,,6,,129.129519598026,35.1688162817484,신세계백화점
MA010120220812545802,롯데광복점쇼콜라,백화점,G2,소매,G209,섬유·의복·신발 소매,G20903,유아용 의류 소매업,G47417,유아용 의류 소매업,26,부산광역시,26110,중구,26110510,중앙동,2611011000,중앙동7가,2611011000100200001,1,대지,20,1,부산광역시 중구 중앙동7가 20-1,261102000010,부산광역시 중구 중앙대로,2,,2611011000100200001000001,롯데백화점,부산광역시 중구 중앙대로 2,600017,48944,,8,,129.036707345866,35.0983104003377,롯데백화점
MA010120220814218988,까웨,,G2,소매,G209,섬유·의복·신발 소매,G20905,기타 의류 소매업,G47419,기타 의복 소매업,26,부산광역시,26110,중구,26110510,중앙동,2611011000,중앙동7가,2611011000100200001,1,대지,20,1,부산광역시 중구 중앙동7가 20-1,261102000010,부산광역시 중구 중앙대로,2,,2611011000100200001000001,롯데백화점,부산광역시 중구 중앙대로 2,600017,48944,,7,,129.036707345866,35.0983104003377,롯데백화점
MA010120220811235263,웨스트우드,,G2,소매,G209,섬유·의복·신발 소매,G20901,남성 의류 소매업,G47411,남자용 겉옷 소매업,26,부산광역시,26170,동구,26170660,범일2동,2617010400,범일동,2617010400100620005,1,대지,62,5,부산광역시 동구 범일동 62-5,261703127051,부산광역시 동구 범일로,125,,2617010400100620005005551,현대백화점,부산광역시 동구 범일로 125,601718,48735,,6,,129.058567919742,35.1413052322577,현대백화점
MA010120220812279880,블랙야크키즈,,G2,소매,G209,섬유·의복·신발 소매,G20903,유아용 의류 소매업,G47417,유아용 의류 소매업,26,부산광역시,26260,동래구,26260560,온천2동,2626010800,온천동,2626010800105020003,1,대지,502,3,부산광역시 동래구 온천동 502-3,262602000010,부산광역시 동래구 중앙대로,1393,,2626010800105020003000477,롯데백화점,부산광역시 동래구 중앙대로 1393,607716,47727,,6,,129.07747341266,35.2117052140663,롯데백화점
MA010120220806830374,요하넥스,,G2,소매,G209,섬유·의복·신발 소매,G20902,여성 의류 소매업,G47412,여자용 겉옷 소매업,26,부산광역시,26350,해운대구,26350520,우2동,2635010500,우동,2635010500114960000,1,대지,1496,,부산광역시 해운대구 우동 1496,263502133001,부산광역시 해운대구 센텀남대로,59,,2635010500114960000000001,롯데백화점,부산광역시 해운대구 센텀남대로 59,612022,48058,,3,,129.131072074388,35.1698523216207,롯데백화점
MA010120220810472689,동화25호,백화점,G2,소매,G209,섬유·의복·신발 소매,G20902,여성 의류 소매업,G47412,여자용 겉옷 소매업,26,부산광역시,26110,중구,26110570,광복동,2611013200,창선동2가,2611013200100100002,1,대지,10,2,부산광역시 중구 창선동2가 10-2,261104175008,부산광역시 중구 광복로35번길,4,,2611013200100100002004263,,부산광역시 중구 광복로35번길 4,600819,48946,,,,129.02899778278,35.0995932198247,동화백화점
MA010120220809943591,신세계센텀만다리나덕,,G2,소매,G209,섬유·의복·신발 소매,G20911,가방 소매업,G47440,가방 및 기타 가죽제품 소매업,26,부산광역시,26350,해운대구,26350520,우2동,2635010500,우동,2635010500114950000,1,대지,1495,,부산광역시 해운대구 우동 1495,263502133001,부산광역시 해운대구 센텀남대로,35,,2635010500114950000000001,신세계백화점,부산광역시 해운대구 센텀남대로 35,612022,48058,,1,,129.129519598026,35.1688162817484,신세계백화점
MA010120220811241846,카페게더롯데,동래점,I2,음식,I212,비알코올 ,I21201,카페,I56221,커피 전문점,26,부산광역시,26260,동래구,26260560,온천2동,2626010800,온천동,2626010800105020003,1,대지,502,3,부산광역시 동래구 온천동 502-3,262602000010,부산광역시 동래구 중앙대로,1393,,2626010800105020003000477,롯데백화점,부산광역시 동래구 중앙대로 1393,607716,47727,,8,,129.07747341266,35.2117052140663,롯데백화점
MA010120220802054512,모라도,,G2,소매,G209,섬유·의복·신발 소매,G20902,여성 의류 소매업,G47412,여자용 겉옷 소매업,26,부산광역시,26350,해운대구,26350551,좌1동,2635010700,좌동,2635010700114670004,1,대지,1467,4,부산광역시 해운대구 좌동 1467-4,263502006010,부산광역시 해운대구 해운대로,813,,2635010700114670004003745,C백화점,부산광역시 해운대구 해운대로 813,612836,48106,,2,,129.177051032177,35.1705302447392,NC백화점
MA010120220808527997,캉골키즈롯데동래,,G2,소매,G209,섬유·의복·신발 소매,G20903,유아용 의류 소매업,G47417,유아용 의류 소매업,26,부산광역시,26260,동래구,26260560,온천2동,2626010800,온천동,2626010800105020003,1,대지,502,3,부산광역시 동래구 온천동 502-3,262602000010,부산광역시 동래구 중앙대로,1393,,2626010800105020003000477,롯데백화점,부산광역시 동래구 중앙대로 1393,607716,47727,,6,,129.07747341266,35.2117052140663,롯데백화점
MA010120220810664044,스위스시계주,,G2,소매,G217,시계·귀금속 소매,G21701,시계/귀금속 소매업,G47830,시계 및 귀금속 소매업,26,부산광역시,26230,부산진구,26230520,부전2동,2623010300,부전동,2623010300105030015,1,대지,503,15,부산광역시 부산진구 부전동 503-15,262302006015,부산광역시 부산진구 가야대로,772,,2623010300105030015004104,롯데백화점,부산광역시 부산진구 가야대로 772,614732,47285,,1,,129.056412549351,35.1567968046828,롯데백화점
MA010120220802673355,현대백화점비비안,부산점,G2,소매,G209,섬유·의복·신발 소매,G20905,기타 의류 소매업,G47413,속옷 및 잠옷 소매업,26,부산광역시,26170,동구,26170660,범일2동,2617010400,범일동,2617010400100620005,1,대지,62,5,부산광역시 동구 범일동 62-5,261703127051,부산광역시 동구 범일로,125,,2617010400100620005005551,현대백화점,부산광역시 동구 범일로 125,601718,48735,,,,129.058567919742,35.1413052322577,현대백화점
MA010120220810330645,리틀그라운드롯데,센텀점,G2,소매,G209,섬유·의복·신발 소매,G20905,기타 의류 소매업,G47419,기타 의복 소매업,26,부산광역시,26350,해운대구,26350520,우2동,2635010500,우동,2635010500114960000,1,대지,1496,,부산광역시 해운대구 우동 1496,263502133001,부산광역시 해운대구 센텀남대로,59,,2635010500114960000000001,롯데백화점,부산광역시 해운대구 센텀남대로 59,612022,48058,,6,,129.131072074388,35.1698523216207,롯데백화점
MA010120220805535562,트위NC,서면점,G2,소매,G209,섬유·의복·신발 소매,G20902,여성 의류 소매업,G47412,여자용 겉옷 소매업,26,부산광역시,26230,부산진구,26230600,전포1동,2623010200,전포동,2623010200106680001,1,대지,668,1,부산광역시 부산진구 전포동 668-1,262303129010,부산광역시 부산진구 동천로,92,,2623010200106680001044509,C백화점,부산광역시 부산진구 동천로 92,614772,47293,,1,,129.063013297817,35.1570359960725,NC백화점
MA010120220811733004,샙,,G2,소매,G209,섬유·의복·신발 소매,G20901,남성 의류 소매업,G47411,남자용 겉옷 소매업,26,부산광역시,26350,해운대구,26350551,좌1동,2635010700,좌동,2635010700114670004,1,대지,1467,4,부산광역시 해운대구 좌동 1467-4,263502006010,부산광역시 해운대구 해운대로,813,,2635010700114670004003745,C백화점,부산광역시 해운대구 해운대로 813,612836,48106,,5,,129.177051032177,35.1705302447392,NC백화점
MA010120220811473660,옵스,,I2,음식,I210,기타 간이,I21001,빵/도넛,I56191,제과점업,26,부산광역시,26110,중구,26110510,중앙동,2611011000,중앙동7가,2611011000100200001,1,대지,20,1,부산광역시 중구 중앙동7가 20-1,261102000010,부산광역시 중구 중앙대로,2,,2611011000100200001000001,롯데백화점,부산광역시 중구 중앙대로 2,600017,48944,,1,,129.036707345866,35.0983104003377,롯데백화점
MA010120220803859524,태양갤러리,,G2,소매,G211,가구 소매,G21101,가구 소매업,G47520,가구 소매업,26,부산광역시,26230,부산진구,26230520,부전2동,2623010300,부전동,2623010300105030015,1,대지,503,15,부산광역시 부산진구 부전동 503-15,262302006015,부산광역시 부산진구 가야대로,772,,2623010300105030015004104,롯데백화점,부산광역시 부산진구 가야대로 772,614732,47285,,6,,129.056412549351,35.1567968046828,롯데백화점
MA010120220810595464,반에이크,,G2,소매,G209,섬유·의복·신발 소매,G20902,여성 의류 소매업,G47412,여자용 겉옷 소매업,26,부산광역시,26110,중구,26110520,동광동,2611011100,동광동1가,2611011100100010022,1,대지,1,22,부산광역시 중구 동광동1가 1-22,261102000010,부산광역시 중구 중앙대로,2,,2611011000100200001000001,롯데백화점,부산광역시 중구 중앙대로 2,600021,48944,,3,,129.036707345866,35.0983104003377,롯데백화점
MA010120220810855149,캠브리지멤버스,,G2,소매,G209,섬유·의복·신발 소매,G20901,남성 의류 소매업,G47411,남자용 겉옷 소매업,26,부산광역시,26230,부산진구,26230520,부전2동,2623010300,부전동,2623010300105030015,1,대지,503,15,부산광역시 부산진구 부전동 503-15,262302006015,부산광역시 부산진구 가야대로,772,,2623010300105030015004104,롯데백화점,부산광역시 부산진구 가야대로 772,614732,47285,,4,,129.056412549351,35.1567968046828,롯데백화점
MA010120220811696541,비엔씨제과,롯데광복점,I2,음식,I210,기타 간이,I21001,빵/도넛,I56191,제과점업,26,부산광역시,26110,중구,26110510,중앙동,2611011000,중앙동7가,2611011000100810003,1,대지,81,3,부산광역시 중구 중앙동7가 81-3,261102000010,부산광역시 중구 중앙대로,2,,2611011000100200001000001,롯데백화점,부산광역시 중구 중앙대로 2,600017,48944,,1,,129.036707345866,35.0983104003377,롯데백화점
MA010120220810478492,신창6호,백화점,G2,소매,G222,중고 상품 소매,G22201,중고 상품 소매업,G47869,기타 중고 상품 소매업,26,부산광역시,26110,중구,26110570,광복동,2611012800,신창동2가,2611012800100140001,1,대지,14,1,부산광역시 중구 신창동2가 14-1,261104175237,부산광역시 중구 중구로40번길,14,,2611012800100140002000995,,부산광역시 중구 중구로40번길 14,600062,48947,,,,129.029401919295,35.1012986865421,기타/미상
MA010120220812952698,마스터바니에디션,,G2,소매,G209,섬유·의복·신발 소매,G20905,기타 의류 소매업,G47419,기타 의복 소매업,26,부산광역시,26170,동구,26170660,범일2동,2617010400,범일동,2617010400100620005,1,대지,62,5,부산광역시 동구 범일동 62-5,261703127051,부산광역시 동구 범일로,125,,2617010400100620005005551,현대백화점,부산광역시 동구 범일로 125,601718,48735,,5,,129.058567919742,35.1413052322577,현대백화점
MA010120220810073980,앤드지롯데부산,,G2,소매,G209,섬유·의복·신발 소매,G20901,남성 의류 소매업,G47411,남자용 겉옷 소매업,26,부산광역시,26230,부산진구,26230520,부전2동,2623010300,부전동,2623010300105030015,1,대지,503,15,부산광역시 부산진구 부전동 503-15,262302006015,부산광역시 부산진구 가야대로,772,,2623010300105030015004104,롯데백화점,부산광역시 부산진구 가야대로 772,614732,47285,,4,,129.056412549351,35.1567968046828,롯데백화점
MA010120220803322494,르베이지,,G2,소매,G209,섬유·의복·신발 소매,G20902,여성 의류 소매업,G47412,여자용 겉옷 소매업,26,부산광역시,26170,동구,26170660,범일2동,2617010400,범일동,2617010400100620005,1,대지,62,5,부산광역시 동구 범일동 62-5,261703127051,부산광역시 동구 범일로,125,,2617010400100620005005551,현대백화점,부산광역시 동구 범일로 125,601718,48735,,4,,129.058567919742,35.1413052322577,현대백화점
MA010120220805216947,마스터바니,,G2,소매,G209,섬유·의복·신발 소매,G20905,기타 의류 소매업,G47419,기타 의복 소매업,26,부산광역시,26230,부산진구,26230520,부전2동,2623010300,부전동,2623010300105030015,1,대지,503,15,부산광역시 부산진구 부전동 503-15,262302006015,부산광역시 부산진구 가야대로,772,,2623010300105030015004104,롯데백화점,부산광역시 부산진구 가야대로 772,614732,47285,,5,,129.056412549351,35.1567968046828,롯데백화점
MA010120220810201363,약초,백화점,G2,소매,G205,식료품 소매,G20508,건강보조식품 소매업,G47217,건강 보조식품 소매업,26,부산광역시,26110,중구,26110580,남포동,2611014100,남포동6가,2611014100100100000,1,대지,10,,부산광역시 중구 남포동6가 10,261103125012,부산광역시 중구 자갈치로,30,,2611014100100100000006814,외,부산광역시 중구 자갈치로 30,600046,48982,,,,129.027902786291,35.0965565602484,기타/미상
MA010120220811723275,나이키골프롯데서면,,G2,소매,G209,섬유·의복·신발 소매,G20905,기타 의류 소매업,G47419,기타 의복 소매업,26,부산광역시,26230,부산진구,26230520,부전2동,2623010300,부전동,2623010300105030015,1,대지,503,15,부산광역시 부산진구 부전동 503-15,262302006015,부산광역시 부산진구 가야대로,772,,2623010300105030015004104,롯데백화점,부산광역시 부산진구 가야대로 772,614732,47285,,5,,129.056412549351,35.1567968046828,롯데백화점
MA010120220811625461,엘앤엘,,G2,소매,G209,섬유·의복·신발 소매,G20902,여성 의류 소매업,G47412,여자용 겉옷 소매업,26,부산광역시,26230,부산진구,26230520,부전2동,2623010300,부전동,2623010300105030015,1,대지,503,15,부산광역시 부산진구 부전동 503-15,262302006015,부산광역시 부산진구 가야대로,772,,2623010300105030015004104,롯데백화점,부산광역시 부산진구 가야대로 772,614732,47285,,3,,129.056412549351,35.1567968046828,롯데백화점
MA010120220810511141,세탁,백화점,S2,수리·개인,S209,세탁,S20901,세탁소,S96912,가정용 세탁업,26,부산광역시,26530,사상구,26530680,엄궁동,2653010800,엄궁동,2653010800101940012,1,대지,194,12,부산광역시 사상구 엄궁동 194-12,265303139014,부산광역시 사상구 엄궁남로,40,,2653010800101940012014179,,부산광역시 사상구 엄궁남로 40,617830,47044,,,,128.971809885475,35.124472608049,기타/미상
MA010120220813936893,비너스NC,해운대점,G2,소매,G209,섬유·의복·신발 소매,G20905,기타 의류 소매업,G47413,속옷 및 잠옷 소매업,26,부산광역시,26350,해운대구,26350551,좌1동,2635010700,좌동,2635010700114670004,1,대지,1467,4,부산광역시 해운대구 좌동 1467-4,263502006010,부산광역시 해운대구 해운대로,813,,2635010700114670004003745,C백화점,부산광역시 해운대구 해운대로 813,612836,48106,,2,,129.177051032177,35.1705302447392,NC백화점
MA010120220807019820,제주항갈치고등어쌈정식,,I2,음식,I201,한식,I20112,해산물 구이/찜,I56111,한식 일반 음식점업,26,부산광역시,26260,동래구,26260560,온천2동,2626010800,온천동,2626010800105020003,1,대지,502,3,부산광역시 동래구 온천동 502-3,262602000010,부산광역시 동래구 중앙대로,1393,,2626010800105020003000477,롯데백화점,부산광역시 동래구 중앙대로 1393,607716,47727,,8,,129.07747341266,35.2117052140663,롯데백화점
MA010120220802514447,신세계센텀질스튜어트뉴욕,,G2,소매,G209,섬유·의복·신발 소매,G20901,남성 의류 소매업,G47411,남자용 겉옷 소매업,26,부산광역시,26350,해운대구,26350520,우2동,2635010500,우동,2635010500114950000,1,대지,1495,,부산광역시 해운대구 우동 1495,263502133001,부산광역시 해운대구 센텀남대로,35,,2635010500114950000000001,신세계백화점,부산광역시 해운대구 센텀남대로 35,612022,48058,,5,,129.129519598026,35.1688162817484,신세계백화점
MA010120220809638830,더코너스톤채선당자연한가득NC백화점,해운대점,I2,음식,I201,한식,I20101,백반/한정식,I56111,한식 일반 음식점업,26,부산광역시,26350,해운대구,26350551,좌1동,2635010700,좌동,2635010700114670004,1,대지,1467,4,부산광역시 해운대구 좌동 1467-4,263502006010,부산광역시 해운대구 해운대로,813,,2635010700114670004003745,엔씨백화점,부산광역시 해운대구 해운대로 813,612836,48106,,7,,129.177051032177,35.1705302447392,NC백화점
MA010120220810059685,캉골키즈신세계,센텀점,G2,소매,G209,섬유·의복·신발 소매,G20905,기타 의류 소매업,G47419,기타 의복 소매업,26,부산광역시,26350,해운대구,26350520,우2동,2635010500,우동,2635010500114950000,1,대지,1495,,부산광역시 해운대구 우동 1495,263502133001,부산광역시 해운대구 센텀남대로,35,,2635010500114950000000001,신세계백화점,부산광역시 해운대구 센텀남대로 35,612022,48058,,6,,129.129519598026,35.1688162817484,신세계백화점
MA010120220806365638,보그너,롯데광복점,G2,소매,G209,섬유·의복·신발 소매,G20905,기타 의류 소매업,G47419,기타 의복 소매업,26,부산광역시,26110,중구,26110510,중앙동,2611011000,중앙동7가,2611011000100200001,1,대지,20,1,부산광역시 중구 중앙동7가 20-1,261102000010,부산광역시 중구 중앙대로,2,,2611011000100200001000001,롯데백화점,부산광역시 중구 중앙대로 2,600017,48944,,7,,129.036707345866,35.0983104003377,롯데백화점
MA010120220813013793,르꼬끄스포츠부산,,G2,소매,G209,섬유·의복·신발 소매,G20910,신발 소매업,G47430,신발 소매업,26,부산광역시,26230,부산진구,26230520,부전2동,2623010300,부전동,2623010300105030015,1,대지,503,15,부산광역시 부산진구 부전동 503-15,262302006015,부산광역시 부산진구 가야대로,772,,2623010300105030015004104,롯데백화점,부산광역시 부산진구 가야대로 772,614732,47285,,5,,129.056412549351,35.1567968046828,롯데백화점
MA010120220807146401,나라셀라롯데백화점부,산본점,G2,소매,G206,음료 소매,G20602,주류 소매업,G47221,음료 소매업,26,부산광역시,26230,부산진구,26230520,부전2동,2623010300,부전동,2623010300105030015,1,대지,503,15,부산광역시 부산진구 부전동 503-15,262302006015,부산광역시 부산진구 가야대로,772,,2623010300105030015004104,와인매장,부산광역시 부산진구 가야대로 772,614732,47285,,2,,129.056412549351,35.1567968046828,롯데백화점
MA010120220808109508,사카이,,G2,소매,G209,섬유·의복·신발 소매,G20902,여성 의류 소매업,G47412,여자용 겉옷 소매업,26,부산광역시,26350,해운대구,26350520,우2동,2635010500,우동,2635010500114950000,1,대지,1495,,부산광역시 해운대구 우동 1495,263502133001,부산광역시 해운대구 센텀남대로,35,,2635010500114950000000001,신세계백화점,부산광역시 해운대구 센텀남대로 35,612022,48058,,2,,129.129519598026,35.1688162817484,신세계백화점
MA010120220804054169,캠브리지멤버스롯데,센텀시티점,G2,소매,G209,섬유·의복·신발 소매,G20901,남성 의류 소매업,G47411,남자용 겉옷 소매업,26,부산광역시,26350,해운대구,26350520,우2동,2635010500,우동,2635010500114960000,1,대지,1496,,부산광역시 해운대구 우동 1496,263502133001,부산광역시 해운대구 센텀남대로,59,,2635010500114960000000001,롯데백화점,부산광역시 해운대구 센텀남대로 59,612022,48058,,6,,129.131072074388,35.1698523216207,롯데백화점
MA010120220803918806,네파,롯데광복점,G2,소매,G209,섬유·의복·신발 소매,G20905,기타 의류 소매업,G47419,기타 의복 소매업,26,부산광역시,26110,중구,26110520,동광동,2611011100,동광동1가,2611011100100010022,1,대지,1,22,부산광역시 중구 동광동1가 1-22,261102000010,부산광역시 중구 중앙대로,2,,2611011000100200001000001,롯데백화점,부산광역시 중구 중앙대로 2,600021,48944,,,,129.036707345866,35.0983104003377,롯데백화점
MA010120220808823545,지포어롯데백화점,부산점,G2,소매,G209,섬유·의복·신발 소매,G20905,기타 의류 소매업,G47419,기타 의복 소매업,26,부산광역시,26230,부산진구,26230520,부전2동,2623010300,부전동,2623010300105030015,1,대지,503,15,부산광역시 부산진구 부전동 503-15,262302006015,부산광역시 부산진구 가야대로,772,,2623010300105030015004104,롯데백화점,부산광역시 부산진구 가야대로 772,614732,47285,,,,129.056412549351,35.1567968046828,롯데백화점
MA010120220804808635,가홍치킨,광복점,I2,음식,I210,기타 간이,I21006,치킨,I56193,치킨 전문점,26,부산광역시,26110,중구,26110510,중앙동,2611011000,중앙동7가,2611011000100480003,1,대지,48,3,부산광역시 중구 중앙동7가 48-3,261102000010,부산광역시 중구 중앙대로,2,,2611011000100200001000001,롯데백화점,부산광역시 중구 중앙대로 2,600017,48944,,1,,129.036707345866,35.0983104003377,롯데백화점
MA010120220808785108,신세계센텀시티질스튜어트,,G2,소매,G209,섬유·의복·신발 소매,G20902,여성 의류 소매업,G47412,여자용 겉옷 소매업,26,부산광역시,26350,해운대구,26350520,우2동,2635010500,우동,2635010500114950000,1,대지,1495,,부산광역시 해운대구 우동 1495,263502133001,부산광역시 해운대구 센텀남대로,35,,2635010500114950000000001,신세계백화점,부산광역시 해운대구 센텀남대로 35,612022,48058,,1,,129.129519598026,35.1688162817484,신세계백화점
MA010120220803369306,금양인터내셔날신세계,센텀점,G2,소매,G206,음료 소매,G20602,주류 소매업,G47221,음료 소매업,26,부산광역시,26350,해운대구,26350520,우2동,2635010500,우동,2635010500114950000,1,대지,1495,,부산광역시 해운대구 우동 1495,263502133001,부산광역시 해운대구 센텀남대로,35,,2635010500114950000000001,신세계백화점,부산광역시 해운대구 센텀남대로 35,612022,48058,,,,129.129519598026,35.1688162817484,신세계백화점
MA010120220810490166,롯데광복에스콰이아콜렉션,,G2,소매,G209,섬유·의복·신발 소매,G20911,가방 소매업,G47440,가방 및 기타 가죽제품 소매업,26,부산광역시,26110,중구,26110510,중앙동,2611011000,중앙동7가,2611011000100200001,1,대지,20,1,부산광역시 중구 중앙동7가 20-1,261102000010,부산광역시 중구 중앙대로,2,,2611011000100200001000001,롯데백화점,부산광역시 중구 중앙대로 2,600017,48944,,4,,129.036707345866,35.0983104003377,롯데백화점
MA010120220813325461,닥스셔츠,롯데광복점,G2,소매,G209,섬유·의복·신발 소매,G20905,기타 의류 소매업,G47414,셔츠 및 블라우스 소매업,26,부산광역시,26110,중구,26110520,동광동,2611011100,동광동1가,2611011100100010022,1,대지,1,22,부산광역시 중구 동광동1가 1-22,261102000010,부산광역시 중구 중앙대로,2,,2611011000100200001000001,롯데백화점,부산광역시 중구 중앙대로 2,600021,48944,,6,,129.036707345866,35.0983104003377,롯데백화점
MA010120220813235135,제이제이지고트롯데,동래점,G2,소매,G209,섬유·의복·신발 소매,G20902,여성 의류 소매업,G47412,여자용 겉옷 소매업,26,부산광역시,26260,동래구,26260560,온천2동,2626010800,온천동,2626010800105020003,1,대지,502,3,부산광역시 동래구 온천동 502-3,262602000010,부산광역시 동래구 중앙대로,1393,,2626010800105020003000477,롯데백화점,부산광역시 동래구 중앙대로 1393,607716,47727,,2,,129.07747341266,35.2117052140663,롯데백화점
MA010120220802940049,에스카페,,I2,음식,I212,비알코올 ,I21201,카페,I56221,커피 전문점,26,부산광역시,26350,해운대구,26350520,우2동,2635010500,우동,2635010500114950000,1,대지,1495,,부산광역시 해운대구 우동 1495,263502133001,부산광역시 해운대구 센텀남대로,35,,2635010500114950000000001,신세계백화점,부산광역시 해운대구 센텀남대로 35,612022,48058,,2,,129.129519598026,35.1688162817484,신세계백화점
MA010120220811451571,롯데로렌바이랄프로렌,부산점,G2,소매,G209,섬유·의복·신발 소매,G20902,여성 의류 소매업,G47412,여자용 겉옷 소매업,26,부산광역시,26230,부산진구,26230520,부전2동,2623010300,부전동,2623010300105030015,1,대지,503,15,부산광역시 부산진구 부전동 503-15,262302006015,부산광역시 부산진구 가야대로,772,,2623010300105030015004104,롯데백화점,부산광역시 부산진구 가야대로 772,614732,47285,,3,,129.056412549351,35.1567968046828,롯데백화점
MA010120220810628209,신세계센텀이자벨마랑,,G2,소매,G209,섬유·의복·신발 소매,G20902,여성 의류 소매업,G47412,여자용 겉옷 소매업,26,부산광역시,26350,해운대구,26350520,우2동,2635010500,우동,2635010500114950000,1,대지,1495,,부산광역시 해운대구 우동 1495,263502133001,부산광역시 해운대구 센텀남대로,35,,2635010500114950000000001,신세계백화점,부산광역시 해운대구 센텀남대로 35,612022,48058,,2,,129.129519598026,35.1688162817484,신세계백화점
MA010120220803346493,케이민,,G2,소매,G209,섬유·의복·신발 소매,G20910,신발 소매업,G47430,신발 소매업,26,부산광역시,26260,동래구,26260560,온천2동,2626010800,온천동,2626010800105020003,1,대지,502,3,부산광역시 동래구 온천동 502-3,262602000010,부산광역시 동래구 중앙대로,1393,,2626010800105020003000477,롯데백화점,부산광역시 동래구 중앙대로 1393,607716,47727,,3,,129.07747341266,35.2117052140663,롯데백화점
MA010120220814313254,신세계아이더,센텀점,G2,소매,G209,섬유·의복·신발 소매,G20905,기타 의류 소매업,G47419,기타 의복 소매업,26,부산광역시,26350,해운대구,26350520,우2동,2635010500,우동,2635010500114950000,1,대지,1495,,부산광역시 해운대구 우동 1495,263502133001,부산광역시 해운대구 센텀남대로,35,,2635010500114950000000001,신세계백화점,부산광역시 해운대구 센텀남대로 35,612022,48058,,3,,129.129519598026,35.1688162817484,신세계백화점
MA010120220804604467,게스진,,G2,소매,G209,섬유·의복·신발 소매,G20902,여성 의류 소매업,G47412,여자용 겉옷 소매업,26,부산광역시,26110,중구,26110510,중앙동,2611011000,중앙동7가,2611011000100200001,1,대지,20,1,부산광역시 중구 중앙동7가 20-1,261102000010,부산광역시 중구 중앙대로,2,,2611011000100200001000001,롯데백화점,부산광역시 중구 중앙대로 2,600017,48944,,2,,129.036707345866,35.0983104003377,롯데백화점
MA010120220812945708,볼빅,,G2,소매,G209,섬유·의복·신발 소매,G20905,기타 의류 소매업,G47419,기타 의복 소매업,26,부산광역시,26170,동구,26170660,범일2동,2617010400,범일동,2617010400100620005,1,대지,62,5,부산광역시 동구 범일동 62-5,261703127051,부산광역시 동구 범일로,125,,2617010400100620005005551,현대백화점,부산광역시 동구 범일로 125,601718,48735,,5,,129.058567919742,35.1413052322577,현대백화점
MA010120220811431146,신세계센텀엠비오,,G2,소매,G209,섬유·의복·신발 소매,G20901,남성 의류 소매업,G47411,남자용 겉옷 소매업,26,부산광역시,26350,해운대구,26350520,우2동,2635010500,우동,2635010500114950000,1,대지,1495,,부산광역시 해운대구 우동 1495,263502133001,부산광역시 해운대구 센텀남대로,35,,2635010500114950000000001,신세계백화점,부산광역시 해운대구 센텀남대로 35,612022,48058,,5,,129.129519598026,35.1688162817484,신세계백화점
MA010120220812606950,시슬리신세계,센텀시티점,G2,소매,G209,섬유·의복·신발 소매,G20902,여성 의류 소매업,G47412,여자용 겉옷 소매업,26,부산광역시,26350,해운대구,26350520,우2동,2635010500,우동,2635010500114950000,1,대지,1495,,부산광역시 해운대구 우동 1495,263502133001,부산광역시 해운대구 센텀남대로,35,,2635010500114950000000001,신세계백화점,부산광역시 해운대구 센텀남대로 35,612022,48058,,4,,129.129519598026,35.1688162817484,신세계백화점
MA010120220810615307,비비안웨스트우드,,G2,소매,G209,섬유·의복·신발 소매,G20902,여성 의류 소매업,G47412,여자용 겉옷 소매업,26,부산광역시,26350,해운대구,26350520,우2동,2635010500,우동,2635010500114950000,1,대지,1495,,부산광역시 해운대구 우동 1495,263502133001,부산광역시 해운대구 센텀남대로,35,,2635010500114950000000001,신세계백화점,부산광역시 해운대구 센텀남대로 35,612022,48058,,2,,129.129519598026,35.1688162817484,신세계백화점
MA010120220811399031,쉐르치현대,부산점,G2,소매,G209,섬유·의복·신발 소매,G20902,여성 의류 소매업,G47412,여자용 겉옷 소매업,26,부산광역시,26170,동구,26170660,범일2동,2617010400,범일동,2617010400100620005,1,대지,62,5,부산광역시 동구 범일동 62-5,261703127051,부산광역시 동구 범일로,125,,2617010400100620005005551,현대백화점,부산광역시 동구 범일로 125,601718,48735,,3,,129.058567919742,35.1413052322577,현대백화점
MA010120220812689592,랩,롯데광복점,G2,소매,G209,섬유·의복·신발 소매,G20902,여성 의류 소매업,G47412,여자용 겉옷 소매업,26,부산광역시,26110,중구,26110510,중앙동,2611011000,중앙동7가,2611011000100200001,1,대지,20,1,부산광역시 중구 중앙동7가 20-1,261102000010,부산광역시 중구 중앙대로,2,,2611011000100200001000001,롯데백화점,부산광역시 중구 중앙대로 2,600017,48944,,3,,129.036707345866,35.0983104003377,롯데백화점
MA010120220812808528,닥터마틴롯데광복,,G2,소매,G209,섬유·의복·신발 소매,G20910,신발 소매업,G47430,신발 소매업,26,부산광역시,26110,중구,26110510,중앙동,2611011000,중앙동7가,2611011000100200001,1,대지,20,1,부산광역시 중구 중앙동7가 20-1,261102000010,부산광역시 중구 중앙대로,2,,2611011000100200001000001,롯데백화점,부산광역시 중구 중앙대로 2,600017,48944,,7,,129.036707345866,35.0983104003377,롯데백화점
MA010120220807101315,에이비에프지,,G2,소매,G209,섬유·의복·신발 소매,G20902,여성 의류 소매업,G47412,여자용 겉옷 소매업,26,부산광역시,26230,부산진구,26230520,부전2동,2623010300,부전동,2623010300105030015,1,대지,503,15,부산광역시 부산진구 부전동 503-15,262302006015,부산광역시 부산진구 가야대로,772,,2623010300105030015004104,롯데백화점,부산광역시 부산진구 가야대로 772,614732,47285,,7,,129.056412549351,35.1567968046828,롯데백화점
MA010120220805130527,주란유통,,G2,소매,G209,섬유·의복·신발 소매,G20901,남성 의류 소매업,G47411,남자용 겉옷 소매업,26,부산광역시,26350,해운대구,26350520,우2동,2635010500,우동,2635010500114960000,1,대지,1496,,부산광역시 해운대구 우동 1496,263502133001,부산광역시 해운대구 센텀남대로,59,,2635010500114960000000001,롯데백화점,부산광역시 해운대구 센텀남대로 59,612022,48058,,6,,129.131072074388,35.1698523216207,롯데백화점
MA010120220810614149,상훈유통,,G2,소매,G209,섬유·의복·신발 소매,G20911,가방 소매업,G47440,가방 및 기타 가죽제품 소매업,26,부산광역시,26230,부산진구,26230520,부전2동,2623010300,부전동,2623010300105030015,1,대지,503,15,부산광역시 부산진구 부전동 503-15,262302006015,부산광역시 부산진구 가야대로,772,,2623010300105030015004104,롯데백화점,부산광역시 부산진구 가야대로 772,614732,47285,,1,,129.056412549351,35.1567968046828,롯데백화점
MA010120220809993962,엠포리오아르마니신세계센텀,,G2,소매,G209,섬유·의복·신발 소매,G20902,여성 의류 소매업,G47412,여자용 겉옷 소매업,26,부산광역시,26350,해운대구,26350520,우2동,2635010500,우동,2635010500114950000,1,대지,1495,,부산광역시 해운대구 우동 1495,263502133001,부산광역시 해운대구 센텀남대로,35,,2635010500114950000000001,신세계백화점,부산광역시 해운대구 센텀남대로 35,612022,48058,,2,,129.129519598026,35.1688162817484,신세계백화점
MA010120220806849801,킨록by킨록앤더슨,,G2,소매,G209,섬유·의복·신발 소매,G20901,남성 의류 소매업,G47411,남자용 겉옷 소매업,26,부산광역시,26350,해운대구,26350520,우2동,2635010500,우동,2635010500114960000,1,대지,1496,,부산광역시 해운대구 우동 1496,263502133001,부산광역시 해운대구 센텀남대로,59,,2635010500114960000000001,롯데백화점,부산광역시 해운대구 센텀남대로 59,612022,48058,,6,,129.131072074388,35.1698523216207,롯데백화점
MA010120220811443437,미소페롯데광복,,G2,소매,G209,섬유·의복·신발 소매,G20910,신발 소매업,G47430,신발 소매업,26,부산광역시,26110,중구,26110520,동광동,2611011100,동광동1가,2611011100100010022,1,대지,1,22,부산광역시 중구 동광동1가 1-22,261102000010,부산광역시 중구 중앙대로,2,,2611011000100200001000001,롯데백화점,부산광역시 중구 중앙대로 2,600021,48944,,5,,129.036707345866,35.0983104003377,롯데백화점
MA010120220805642409,수아팜,,G2,소매,G209,섬유·의복·신발 소매,G20903,유아용 의류 소매업,G47417,유아용 의류 소매업,26,부산광역시,26410,금정구,26410610,장전2동,2641010800,장전동,2641010800100400000,1,대지,40,,부산광역시 금정구 장전동 40,264104205206,부산광역시 금정구 부산대학로63번길,2,,2641010800100400000000001,NC백화점,부산광역시 금정구 부산대학로63번길 2,609737,46241,,,,129.083829027579,35.2322412765478,NC백화점
MA010120220804802093,박승철헤어스투디오NC,백화점,S2,수리·개인,S207,이용·미용,S20701,미용실,S96112,두발 미용업,26,부산광역시,26350,해운대구,26350551,좌1동,2635010700,좌동,2635010700114670004,1,대지,1467,4,부산광역시 해운대구 좌동 1467-4,263502006010,부산광역시 해운대구 해운대로,813,,2635010700114670004003745,C백화점,부산광역시 해운대구 해운대로 813,612836,48106,,7,,129.177051032177,35.1705302447392,NC백화점
MA010120220808071818,미스카츠,,I2,음식,I204,서양식,I20401,경양식,I56123,서양식 음식점업,26,부산광역시,26260,동래구,26260560,온천2동,2626010800,온천동,2626010800105020003,1,대지,502,3,부산광역시 동래구 온천동 502-3,262602000010,부산광역시 동래구 중앙대로,1393,,2626010800105020003000477,롯데백화점,부산광역시 동래구 중앙대로 1393,607716,47727,,8,,129.07747341266,35.2117052140663,롯데백화점
MA010120220805460999,오스본,,G2,소매,G209,섬유·의복·신발 소매,G20902,여성 의류 소매업,G47412,여자용 겉옷 소매업,26,부산광역시,26410,금정구,26410610,장전2동,2641010800,장전동,2641010800100400000,1,대지,40,,부산광역시 금정구 장전동 40,264104205206,부산광역시 금정구 부산대학로63번길,2,,2641010800100400000000001,NC백화점,부산광역시 금정구 부산대학로63번길 2,609737,46241,,2,,129.083829027579,35.2322412765478,NC백화점
MA010120220803373464,엘피지에이골프,,G2,소매,G209,섬유·의복·신발 소매,G20905,기타 의류 소매업,G47419,기타 의복 소매업,26,부산광역시,26350,해운대구,26350520,우2동,2635010500,우동,2635010500114960000,1,대지,1496,,부산광역시 해운대구 우동 1496,263502133001,부산광역시 해운대구 센텀남대로,59,,2635010500114960000000001,롯데백화점,부산광역시 해운대구 센텀남대로 59,612022,48058,,5,,129.131072074388,35.1698523216207,롯데백화점
MA010120220806383088,게스롯데동부산아울렛,코리아,G2,소매,G209,섬유·의복·신발 소매,G20905,기타 의류 소매업,G47414,셔츠 및 블라우스 소매업,26,부산광역시,26710,기장군,26710250,기장읍,2671025032,기장읍,2671025032105240000,1,대지,524,,부산광역시 기장군 기장읍 당사리 524,267103140057,부산광역시 기장군 기장읍 기장해안로,147,,2671025032100640000000001,롯데백화점,부산광역시 기장군 기장읍 기장해안로 147,619902,46084,,2,,129.212778971514,35.1922125435306,롯데백화점
MA010120220808708413,신세계백화점그레고리,센텀점,G2,소매,G209,섬유·의복·신발 소매,G20911,가방 소매업,G47440,가방 및 기타 가죽제품 소매업,26,부산광역시,26350,해운대구,26350520,우2동,2635010500,우동,2635010500114950000,1,대지,1495,,부산광역시 해운대구 우동 1495,263502133001,부산광역시 해운대구 센텀남대로,35,,2635010500114950000000001,신세계백화점,부산광역시 해운대구 센텀남대로 35,612022,48058,,2,,129.129519598026,35.1688162817484,신세계백화점
MA010120220808401213,어뉴골프현대부산,,G2,소매,G209,섬유·의복·신발 소매,G20905,기타 의류 소매업,G47419,기타 의복 소매업,26,부산광역시,26170,동구,26170660,범일2동,2617010400,범일동,2617010400100620005,1,대지,62,5,부산광역시 동구 범일동 62-5,261703127051,부산광역시 동구 범일로,125,,2617010400100620005005551,현대백화점,부산광역시 동구 범일로 125,601718,48735,,5,,129.058567919742,35.1413052322577,현대백화점
MA010120220802515239,기비롯데동래점,백화점,G2,소매,G209,섬유·의복·신발 소매,G20902,여성 의류 소매업,G47412,여자용 겉옷 소매업,26,부산광역시,26260,동래구,26260560,온천2동,2626010800,온천동,2626010800105020003,1,대지,502,3,부산광역시 동래구 온천동 502-3,262602000010,부산광역시 동래구 중앙대로,1393,,2626010800105020003000477,롯데백화점,부산광역시 동래구 중앙대로 1393,607716,47727,,2,,129.07747341266,35.2117052140663,롯데백화점
MA010120220808269281,캘러웨이롯데백화점부,산본점,G2,소매,G209,섬유·의복·신발 소매,G20905,기타 의류 소매업,G47419,기타 의복 소매업,26,부산광역시,26230,부산진구,26230520,부전2동,2623010300,부전동,2623010300105030015,1,대지,503,15,부산광역시 부산진구 부전동 503-15,262302006015,부산광역시 부산진구 가야대로,772,,2623010300105030015004104,롯데백화점,부산광역시 부산진구 가야대로 772,614732,47285,,5,,129.056412549351,35.1567968046828,롯데백화점
MA010120220812337028,볼빅,,G2,소매,G209,섬유·의복·신발 소매,G20905,기타 의류 소매업,G47419,기타 의복 소매업,26,부산광역시,26350,해운대구,26350520,우2동,2635010500,우동,2635010500114960000,1,대지,1496,,부산광역시 해운대구 우동 1496,263502133001,부산광역시 해운대구 센텀남대로,59,,2635010500114960000000001,롯데백화점,부산광역시 해운대구 센텀남대로 59,612022,48058,,5,,129.131072074388,35.1698523216207,롯데백화점
MA010120220810775275,베네통,,G2,소매,G209,섬유·의복·신발 소매,G20902,여성 의류 소매업,G47412,여자용 겉옷 소매업,26,부산광역시,26230,부산진구,26230520,부전2동,2623010300,부전동,2623010300105030015,1,대지,503,15,부산광역시 부산진구 부전동 503-15,262302006015,부산광역시 부산진구 가야대로,772,,2623010300105030015004104,롯데백화점,부산광역시 부산진구 가야대로 772,614732,47285,,2,,129.056412549351,35.1567968046828,롯데백화점
MA010120220811576107,엠유스포츠,,G2,소매,G209,섬유·의복·신발 소매,G20905,기타 의류 소매업,G47419,기타 의복 소매업,26,부산광역시,26260,동래구,26260560,온천2동,2626010800,온천동,2626010800105020003,1,대지,502,3,부산광역시 동래구 온천동 502-3,262602000010,부산광역시 동래구 중앙대로,1393,,2626010800105020003000477,롯데백화점,부산광역시 동래구 중앙대로 1393,607716,47727,,6,,129.07747341266,35.2117052140663,롯데백화점
MA010120220812164011,스튜디오톰보이,,G2,소매,G209,섬유·의복·신발 소매,G20902,여성 의류 소매업,G47412,여자용 겉옷 소매업,26,부산광역시,26110,중구,26110510,중앙동,2611011000,중앙동7가,2611011000100200001,1,대지,20,1,부산광역시 중구 중앙동7가 20-1,261102000010,부산광역시 중구 중앙대로,2,,2611011000100200001000001,롯데백화점,부산광역시 중구 중앙대로 2,600017,48944,,3,,129.036707345866,35.0983104003377,롯데백화점
MA010120220801049005,앙떼떼,,G2,소매,G209,섬유·의복·신발 소매,G20903,유아용 의류 소매업,G47417,유아용 의류 소매업,26,부산광역시,26350,해운대구,26350551,좌1동,2635010700,좌동,2635010700114670004,1,대지,1467,4,부산광역시 해운대구 좌동 1467-4,263502006010,부산광역시 해운대구 해운대로,813,,2635010700114670004003745,C백화점,부산광역시 해운대구 해운대로 813,612836,48106,,6,,129.177051032177,35.1705302447392,NC백화점
MA010120220813104463,신세계센텀마쥬,,G2,소매,G209,섬유·의복·신발 소매,G20902,여성 의류 소매업,G47412,여자용 겉옷 소매업,26,부산광역시,26350,해운대구,26350520,우2동,2635010500,우동,2635010500114950000,1,대지,1495,,부산광역시 해운대구 우동 1495,263502133001,부산광역시 해운대구 센텀남대로,35,,2635010500114950000000001,신세계백화점,부산광역시 해운대구 센텀남대로 35,612022,48058,,1,,129.129519598026,35.1688162817484,신세계백화점
MA010120220809825651,제이에스디,,G2,소매,G209,섬유·의복·신발 소매,G20910,신발 소매업,G47430,신발 소매업,26,부산광역시,26350,해운대구,26350520,우2동,2635010500,우동,2635010500114960000,1,대지,1496,,부산광역시 해운대구 우동 1496,263502133001,부산광역시 해운대구 센텀남대로,59,,2635010500114960000000001,롯데백화점,부산광역시 해운대구 센텀남대로 59,612022,48058,,3,,129.131072074388,35.1698523216207,롯데백화점
MA010120220811958423,신세계센텀블루독,,G2,소매,G209,섬유·의복·신발 소매,G20903,유아용 의류 소매업,G47417,유아용 의류 소매업,26,부산광역시,26350,해운대구,26350520,우2동,2635010500,우동,2635010500114950000,1,대지,1495,,부산광역시 해운대구 우동 1495,263502133001,부산광역시 해운대구 센텀남대로,35,,2635010500114950000000001,신세계백화점,부산광역시 해운대구 센텀남대로 35,612022,48058,,6,,129.129519598026,35.1688162817484,신세계백화점
MA010120220803231278,신세계센텀스케쳐스USA,,G2,소매,G209,섬유·의복·신발 소매,G20910,신발 소매업,G47430,신발 소매업,26,부산광역시,26350,해운대구,26350520,우2동,2635010500,우동,2635010500114950000,1,대지,1495,,부산광역시 해운대구 우동 1495,263502133001,부산광역시 해운대구 센텀남대로,35,,2635010500114950000000001,신세계백화점,부산광역시 해운대구 센텀남대로 35,612022,48058,,2,,129.129519598026,35.1688162817484,신세계백화점
MA010120220810410205,어뉴골프,,G2,소매,G209,섬유·의복·신발 소매,G20905,기타 의류 소매업,G47419,기타 의복 소매업,26,부산광역시,26230,부산진구,26230520,부전2동,2623010300,부전동,2623010300105030015,1,대지,503,15,부산광역시 부산진구 부전동 503-15,262302006015,부산광역시 부산진구 가야대로,772,,2623010300105030015004104,롯데백화점,부산광역시 부산진구 가야대로 772,614732,47285,,5,,129.056412549351,35.1567968046828,롯데백화점
MA010120220813210315,롯데부산랑방컬렉션,,G2,소매,G209,섬유·의복·신발 소매,G20902,여성 의류 소매업,G47412,여자용 겉옷 소매업,26,부산광역시,26230,부산진구,26230520,부전2동,2623010300,부전동,2623010300105030015,1,대지,503,15,부산광역시 부산진구 부전동 503-15,262302006015,부산광역시 부산진구 가야대로,772,,2623010300105030015004104,롯데백화점,부산광역시 부산진구 가야대로 772,614732,47285,,2,,129.056412549351,35.1567968046828,롯데백화점
MA010120220807148891,롯데부쿠론,산본점,G2,소매,G209,섬유·의복·신발 소매,G20911,가방 소매업,G47440,가방 및 기타 가죽제품 소매업,26,부산광역시,26230,부산진구,26230520,부전2동,2623010300,부전동,2623010300105030015,1,대지,503,15,부산광역시 부산진구 부전동 503-15,262302006015,부산광역시 부산진구 가야대로,772,,2623010300105030015004104,롯데백화점,부산광역시 부산진구 가야대로 772,614732,47285,,1,,129.056412549351,35.1567968046828,롯데백화점
MA010120220810475397,롯데부산BON,,G2,소매,G209,섬유·의복·신발 소매,G20901,남성 의류 소매업,G47411,남자용 겉옷 소매업,26,부산광역시,26230,부산진구,26230510,부전1동,2623010300,부전동,2623010300104850035,1,대지,485,35,부산광역시 부산진구 부전동 485-35,262302006015,부산광역시 부산진구 가야대로,771,,2623010300104850035021805,부전동롯데백화점,부산광역시 부산진구 가야대로 771,614849,47257,,4,,129.055892932317,35.1579501037151,롯데백화점
MA010120220804971635,사담가,,G2,소매,G219,식물 소매,G21901,꽃집,G47851,화초 및 식물 소매업,26,부산광역시,26350,해운대구,26350551,좌1동,2635010700,좌동,2635010700114670004,1,대지,1467,4,부산광역시 해운대구 좌동 1467-4,263502006010,부산광역시 해운대구 해운대로,813,,2635010700114670004003745,C백화점,부산광역시 해운대구 해운대로 813,612836,48106,,,,129.177051032177,35.1705302447392,NC백화점
MA010120220800398566,노아스로스팅롯데백화점부점,산본점,I2,음식,I212,비알코올 ,I21201,카페,I56221,커피 전문점,26,부산광역시,26230,부산진구,26230520,부전2동,2623010300,부전동,2623010300105030015,1,대지,503,15,부산광역시 부산진구 부전동 503-15,262302006015,부산광역시 부산진구 가야대로,772,,2623010300105030015004104,롯데백화점,부산광역시 부산진구 가야대로 772,614732,47285,,9,,129.056412549351,35.1567968046828,롯데백화점
MA010120220813904022,라코스테,,G2,소매,G209,섬유·의복·신발 소매,G20905,기타 의류 소매업,G47419,기타 의복 소매업,26,부산광역시,26350,해운대구,26350520,우2동,2635010500,우동,2635010500114950000,1,대지,1495,,부산광역시 해운대구 우동 1495,263502133001,부산광역시 해운대구 센텀남대로,35,,2635010500114950000000001,신세계백화점,부산광역시 해운대구 센텀남대로 35,612022,48058,,2,,129.129519598026,35.1688162817484,신세계백화점
MA010120220808108553,지이크,,G2,소매,G209,섬유·의복·신발 소매,G20901,남성 의류 소매업,G47411,남자용 겉옷 소매업,26,부산광역시,26350,해운대구,26350520,우2동,2635010500,우동,2635010500114950000,1,대지,1495,,부산광역시 해운대구 우동 1495,263502133001,부산광역시 해운대구 센텀남대로,35,,2635010500114950000000001,신세계백화점,부산광역시 해운대구 센텀남대로 35,612022,48058,,5,,129.129519598026,35.1688162817484,신세계백화점
MA010120220800377509,아이스크림,백화점,G2,소매,G204,종합 소매,G20404,슈퍼마켓,G47216,빵류; 과자류 및 당류 소매업,26,부산광역시,26710,기장군,26710256,정관읍,2671025628,정관읍,2671025628113660003,1,대지,1366,3,부산광역시 기장군 정관읍 용수리 1366-3,267103140047,부산광역시 기장군 정관읍 정관로,489,,2671032028113660003000001,제일프라자,부산광역시 기장군 정관읍 정관로 489,619963,46012,,,,129.170358983907,35.326356428464,기타/미상
MA010120220810640286,쥬크,,G2,소매,G209,섬유·의복·신발 소매,G20905,기타 의류 소매업,G47414,셔츠 및 블라우스 소매업,26,부산광역시,26170,동구,26170660,범일2동,2617010400,범일동,2617010400100620005,1,대지,62,5,부산광역시 동구 범일동 62-5,261703127051,부산광역시 동구 범일로,125,,2617010400100620005005551,현대백화점,부산광역시 동구 범일로 125,601718,48735,,1,,129.058567919742,35.1413052322577,현대백화점
MA010120220810476755,파타고니아롯데,부산점,G2,소매,G209,섬유·의복·신발 소매,G20905,기타 의류 소매업,G47419,기타 의복 소매업,26,부산광역시,26230,부산진구,26230520,부전2동,2623010300,부전동,2623010300105030015,1,대지,503,15,부산광역시 부산진구 부전동 503-15,262302006015,부산광역시 부산진구 가야대로,772,,2623010300105030015004104,롯데백화점,부산광역시 부산진구 가야대로 772,614732,47285,,5,,129.056412549351,35.1567968046828,롯데백화점
MA010120220806441138,쿠론,,G2,소매,G209,섬유·의복·신발 소매,G20911,가방 소매업,G47440,가방 및 기타 가죽제품 소매업,26,부산광역시,26350,해운대구,26350520,우2동,2635010500,우동,2635010500114950000,1,대지,1495,,부산광역시 해운대구 우동 1495,263502133001,부산광역시 해운대구 센텀남대로,35,,2635010500114950000000001,신세계백화점,부산광역시 해운대구 센텀남대로 35,612022,48058,,1,,129.129519598026,35.1688162817484,신세계백화점
MA010120220808629812,루이까스텔,,G2,소매,G209,섬유·의복·신발 소매,G20905,기타 의류 소매업,G47419,기타 의복 소매업,26,부산광역시,26350,해운대구,26350551,좌1동,2635010700,좌동,2635010700114670004,1,대지,1467,4,부산광역시 해운대구 좌동 1467-4,263502006010,부산광역시 해운대구 해운대로,813,,2635010700114670004003745,NC백화점,부산광역시 해운대구 해운대로 813,612836,48106,,5,,129.177051032177,35.1705302447392,NC백화점
MA010120220810608660,이따리아나현대,백화점,G2,소매,G209,섬유·의복·신발 소매,G20902,여성 의류 소매업,G47412,여자용 겉옷 소매업,26,부산광역시,26170,동구,26170660,범일2동,2617010400,범일동,2617010400100620005,1,대지,62,5,부산광역시 동구 범일동 62-5,261703127051,부산광역시 동구 범일로,125,,2617010400100620005005551,현대백화점,부산광역시 동구 범일로 125,601718,48735,,4,,129.058567919742,35.1413052322577,현대백화점
MA010120220811590395,안경테,백화점,G2,소매,G216,안경·정밀기기 소매,G21602,안경렌즈 소매업,G47822,안경 및 렌즈 소매업,26,부산광역시,26410,금정구,26410610,장전2동,2641010800,장전동,2641010800104170016,1,대지,417,16,부산광역시 금정구 장전동 417-16,264103006033,부산광역시 금정구 금정로,79,1,2641010800104170016012025,,부산광역시 금정구 금정로 79-1,609392,46289,,,,129.086510137599,35.2318616462214,기타/미상
MA010120220808008845,비비안,,G2,소매,G209,섬유·의복·신발 소매,G20905,기타 의류 소매업,G47413,속옷 및 잠옷 소매업,26,부산광역시,26350,해운대구,26350520,우2동,2635010500,우동,2635010500114950000,1,대지,1495,,부산광역시 해운대구 우동 1495,263502133001,부산광역시 해운대구 센텀남대로,35,,2635010500114950000000001,신세계백화점,부산광역시 해운대구 센텀남대로 35,612022,48058,,4,,129.129519598026,35.1688162817484,신세계백화점
MA010120220812883364,딥티크,,G2,소매,G215,의약·화장품 소매,G21503,화장품 소매업,G47813,화장품; 비누 및 방향제 소매업,26,부산광역시,26350,해운대구,26350520,우2동,2635010500,우동,2635010500114950000,1,대지,1495,,부산광역시 해운대구 우동 1495,263502133001,부산광역시 해운대구 센텀남대로,35,,2635010500114950000000001,신세계백화점,부산광역시 해운대구 센텀남대로 35,612022,48058,,1,,129.129519598026,35.1688162817484,신세계백화점
MA010120220814065950,지프키즈롯데광복,,G2,소매,G209,섬유·의복·신발 소매,G20905,기타 의류 소매업,G47419,기타 의복 소매업,26,부산광역시,26110,중구,26110510,중앙동,2611011000,중앙동7가,2611011000100200001,1,대지,20,1,부산광역시 중구 중앙동7가 20-1,261102000010,부산광역시 중구 중앙대로,2,,2611011000100200001000001,롯데백화점,부산광역시 중구 중앙대로 2,600017,48944,,8,,129.036707345866,35.0983104003377,롯데백화점
MA010120220810768735,리본,,G2,소매,G209,섬유·의복·신발 소매,G20902,여성 의류 소매업,G47412,여자용 겉옷 소매업,26,부산광역시,26260,동래구,26260560,온천2동,2626010800,온천동,2626010800105020003,1,대지,502,3,부산광역시 동래구 온천동 502-3,262602000010,부산광역시 동래구 중앙대로,1393,,2626010800105020003000477,롯데백화점,부산광역시 동래구 중앙대로 1393,607716,47727,,3,,129.07747341266,35.2117052140663,롯데백화점
MA010120220813709476,톰보이롯데백화점,센텀점,G2,소매,G209,섬유·의복·신발 소매,G20902,여성 의류 소매업,G47412,여자용 겉옷 소매업,26,부산광역시,26350,해운대구,26350520,우2동,2635010500,우동,2635010500114960000,1,대지,1496,,부산광역시 해운대구 우동 1496,263502133001,부산광역시 해운대구 센텀남대로,59,,2635010500114960000000001,롯데백화점,부산광역시 해운대구 센텀남대로 59,612022,48058,,4,,129.131072074388,35.1698523216207,롯데백화점
MA010120220811874168,에고이스트,,G2,소매,G209,섬유·의복·신발 소매,G20902,여성 의류 소매업,G47412,여자용 겉옷 소매업,26,부산광역시,26260,동래구,26260560,온천2동,2626010800,온천동,2626010800105020003,1,대지,502,3,부산광역시 동래구 온천동 502-3,262602000010,부산광역시 동래구 중앙대로,1393,,2626010800105020003000477,롯데백화점,부산광역시 동래구 중앙대로 1393,607716,47727,,2,,129.07747341266,35.2117052140663,롯데백화점
MA010120220809340919,유닛,,G2,소매,G209,섬유·의복·신발 소매,G20902,여성 의류 소매업,G47412,여자용 겉옷 소매업,26,부산광역시,26260,동래구,26260560,온천2동,2626010800,온천동,2626010800105020003,1,대지,502,3,부산광역시 동래구 온천동 502-3,262602000010,부산광역시 동래구 중앙대로,1393,,2626010800105020003000477,롯데백화점,부산광역시 동래구 중앙대로 1393,607716,47727,,2,,129.07747341266,35.2117052140663,롯데백화점
MA010120220813843243,캠브리지,동래점,G2,소매,G209,섬유·의복·신발 소매,G20901,남성 의류 소매업,G47411,남자용 겉옷 소매업,26,부산광역시,26260,동래구,26260560,온천2동,2626010800,온천동,2626010800105020003,1,대지,502,3,부산광역시 동래구 온천동 502-3,262602000010,부산광역시 동래구 중앙대로,1393,,2626010800105020003000477,롯데백화점,부산광역시 동래구 중앙대로 1393,607716,47727,,4,,129.07747341266,35.2117052140663,롯데백화점
MA010120220810243933,레드페이스엔씨,해운대점,G2,소매,G209,섬유·의복·신발 소매,G20905,기타 의류 소매업,G47419,기타 의복 소매업,26,부산광역시,26350,해운대구,26350551,좌1동,2635010700,좌동,2635010700114670004,1,대지,1467,4,부산광역시 해운대구 좌동 1467-4,263502006010,부산광역시 해운대구 해운대로,813,,2635010700114670004003745,C백화점,부산광역시 해운대구 해운대로 813,612836,48106,,5,,129.177051032177,35.1705302447392,NC백화점
MA010120220807711121,내셔널지오그래픽,,G2,소매,G209,섬유·의복·신발 소매,G20901,남성 의류 소매업,G47411,남자용 겉옷 소매업,26,부산광역시,26260,동래구,26260560,온천2동,2626010800,온천동,2626010800105020003,1,대지,502,3,부산광역시 동래구 온천동 502-3,262602000010,부산광역시 동래구 중앙대로,1393,,2626010800105020003000477,롯데백화점,부산광역시 동래구 중앙대로 1393,607716,47727,,,,129.07747341266,35.2117052140663,롯데백화점
MA010120220811967749,레겐보겐,서면점,G2,소매,G209,섬유·의복·신발 소매,G20902,여성 의류 소매업,G47412,여자용 겉옷 소매업,26,부산광역시,26230,부산진구,26230600,전포1동,2623010200,전포동,2623010200106680001,1,대지,668,1,부산광역시 부산진구 전포동 668-1,262303129010,부산광역시 부산진구 동천로,92,,2623010200106680001044509,C백화점,부산광역시 부산진구 동천로 92,614772,47293,,2,,129.063013297817,35.1570359960725,NC백화점
MA010120220814205713,동래롯데정호진매장,백화점,G2,소매,G209,섬유·의복·신발 소매,G20902,여성 의류 소매업,G47412,여자용 겉옷 소매업,26,부산광역시,26260,동래구,26260560,온천2동,2626010800,온천동,2626010800105020003,1,대지,502,3,부산광역시 동래구 온천동 502-3,262602000010,부산광역시 동래구 중앙대로,1393,,2626010800105020003000477,롯데백화점,부산광역시 동래구 중앙대로 1393,607716,47727,,3,,129.07747341266,35.2117052140663,롯데백화점
MA010120220800152197,띠어리,,G2,소매,G209,섬유·의복·신발 소매,G20902,여성 의류 소매업,G47412,여자용 겉옷 소매업,26,부산광역시,26350,해운대구,26350520,우2동,2635010500,우동,2635010500114960000,1,대지,1496,,부산광역시 해운대구 우동 1496,263502133001,부산광역시 해운대구 센텀남대로,59,,2635010500114960000000001,롯데백화점,부산광역시 해운대구 센텀남대로 59,612022,48058,,2,,129.131072074388,35.1698523216207,롯데백화점
MA010120220810636346,현대백화점질스튜어트,부산점,G2,소매,G209,섬유·의복·신발 소매,G20902,여성 의류 소매업,G47412,여자용 겉옷 소매업,26,부산광역시,26170,동구,26170660,범일2동,2617010400,범일동,2617010400100620005,1,대지,62,5,부산광역시 동구 범일동 62-5,261703127051,부산광역시 동구 범일로,125,,2617010400100620005005551,현대백화점,부산광역시 동구 범일로 125,601718,48735,,2,,129.058567919742,35.1413052322577,현대백화점
MA010120220808117330,더데이걸,,G2,소매,G209,섬유·의복·신발 소매,G20905,기타 의류 소매업,G47419,기타 의복 소매업,26,부산광역시,26350,해운대구,26350551,좌1동,2635010700,좌동,2635010700114670004,1,대지,1467,4,부산광역시 해운대구 좌동 1467-4,263502006010,부산광역시 해운대구 해운대로,813,,2635010700114670004003745,C백화점,부산광역시 해운대구 해운대로 813,612836,48106,,6,,129.177051032177,35.1705302447392,NC백화점
MA010120220813797371,리스트,,G2,소매,G209,섬유·의복·신발 소매,G20902,여성 의류 소매업,G47412,여자용 겉옷 소매업,26,부산광역시,26350,해운대구,26350520,우2동,2635010500,우동,2635010500114950000,1,대지,1495,,부산광역시 해운대구 우동 1495,263502133001,부산광역시 해운대구 센텀남대로,35,,2635010500114950000000001,신세계백화점,부산광역시 해운대구 센텀남대로 35,612022,48058,,4,,129.129519598026,35.1688162817484,신세계백화점
MA010120220809689720,베이비엔젤스,,R1,예술·스포츠,R104,유원지·오락,R10405,기타 오락장,R91229,기타 오락장 운영업,26,부산광역시,26110,중구,26110510,중앙동,2611011000,중앙동7가,2611011000100200001,1,대지,20,1,부산광역시 중구 중앙동7가 20-1,261102000010,부산광역시 중구 중앙대로,2,,2611011000100200001000001,롯데백화점,부산광역시 중구 중앙대로 2,600017,48944,,4,,129.036707345866,35.0983104003377,롯데백화점
MA010120220812168949,폴햄,,G2,소매,G209,섬유·의복·신발 소매,G20901,남성 의류 소매업,G47411,남자용 겉옷 소매업,26,부산광역시,26350,해운대구,26350551,좌1동,2635010700,좌동,2635010700114670004,1,대지,1467,4,부산광역시 해운대구 좌동 1467-4,263502006010,부산광역시 해운대구 해운대로,813,,2635010700114670004003745,C백화점,부산광역시 해운대구 해운대로 813,612836,48106,,4,,129.177051032177,35.1705302447392,NC백화점
MA010120220808420376,서면무크엔씨,,G2,소매,G209,섬유·의복·신발 소매,G20910,신발 소매업,G47430,신발 소매업,26,부산광역시,26230,부산진구,26230600,전포1동,2623010200,전포동,2623010200106680001,1,대지,668,1,부산광역시 부산진구 전포동 668-1,262303129010,부산광역시 부산진구 동천로,92,,2623010200106680001044509,C백화점,부산광역시 부산진구 동천로 92,614772,47293,,,,129.063013297817,35.1570359960725,NC백화점
MA010120220811472151,현대부산조셉,,G2,소매,G209,섬유·의복·신발 소매,G20902,여성 의류 소매업,G47412,여자용 겉옷 소매업,26,부산광역시,26170,동구,26170660,범일2동,2617010400,범일동,2617010400100620005,1,대지,62,5,부산광역시 동구 범일동 62-5,261703127051,부산광역시 동구 범일로,125,,2617010400100620005005551,현대백화점,부산광역시 동구 범일로 125,601718,48735,,2,,129.058567919742,35.1413052322577,현대백화점
MA010120220813658187,르꼬끄스포르티브현대백화점,부산점,G2,소매,G209,섬유·의복·신발 소매,G20905,기타 의류 소매업,G47419,기타 의복 소매업,26,부산광역시,26170,동구,26170660,범일2동,2617010400,범일동,2617010400100620005,1,대지,62,5,부산광역시 동구 범일동 62-5,261703127051,부산광역시 동구 범일로,125,,2617010400100620005005551,현대백화점,부산광역시 동구 범일로 125,601718,48735,,6,,129.058567919742,35.1413052322577,현대백화점
MA010120220813257908,할매손충무김밥광복롯데지점,,I2,음식,I210,기타 간이,I21007,김밥/만두/분식,I56194,김밥 및 기타 간이 음식점업,26,부산광역시,26110,중구,26110510,중앙동,2611011000,중앙동7가,2611011000100200001,1,대지,20,1,부산광역시 중구 중앙동7가 20-1,261102000010,부산광역시 중구 중앙대로,2,,2611011000100200001000001,롯데백화점,부산광역시 중구 중앙대로 2,600017,48944,,1,,129.036707345866,35.0983104003377,롯데백화점
MA010120220813298939,튜브NC,서면점,G2,소매,G209,섬유·의복·신발 소매,G20905,기타 의류 소매업,G47419,기타 의복 소매업,26,부산광역시,26230,부산진구,26230600,전포1동,2623010200,전포동,2623010200106680001,1,대지,668,1,부산광역시 부산진구 전포동 668-1,262303129010,부산광역시 부산진구 동천로,92,,2623010200106680001044509,C백화점,부산광역시 부산진구 동천로 92,614772,47293,,2,,129.063013297817,35.1570359960725,NC백화점
MA010120220809956030,쉼스파,,S2,수리·개인,S207,이용·미용,S20702,피부 관리실,S96113,피부 미용업,26,부산광역시,26350,해운대구,26350520,우2동,2635010500,우동,2635010500114950000,1,대지,1495,,부산광역시 해운대구 우동 1495,263502133001,부산광역시 해운대구 센텀남대로,35,,2635010500114950000000001,신세계백화점,부산광역시 해운대구 센텀남대로 35,612022,48058,,2,,129.129519598026,35.1688162817484,신세계백화점
MA010120220814157766,롯데와인롯데백화점부,산본점,G2,소매,G206,음료 소매,G20602,주류 소매업,G47221,음료 소매업,26,부산광역시,26230,부산진구,26230520,부전2동,2623010300,부전동,2623010300105030015,1,대지,503,15,부산광역시 부산진구 부전동 503-15,262302006015,부산광역시 부산진구 가야대로,772,,2623010300105030015004104,롯데백화점,부산광역시 부산진구 가야대로 772,614732,47285,,2,,129.056412549351,35.1567968046828,롯데백화점
MA010120220810471732,닥터마틴,,G2,소매,G209,섬유·의복·신발 소매,G20910,신발 소매업,G47430,신발 소매업,26,부산광역시,26230,부산진구,26230520,부전2동,2623010300,부전동,2623010300105030015,1,대지,503,15,부산광역시 부산진구 부전동 503-15,262302006015,부산광역시 부산진구 가야대로,772,,2623010300105030015004104,롯데백화점,부산광역시 부산진구 가야대로 772,614732,47285,,5,,129.056412549351,35.1567968046828,롯데백화점
MA010120220813384011,반에이크롯데백화점,서면점,G2,소매,G209,섬유·의복·신발 소매,G20902,여성 의류 소매업,G47412,여자용 겉옷 소매업,26,부산광역시,26230,부산진구,26230520,부전2동,2623010300,부전동,2623010300105030015,1,대지,503,15,부산광역시 부산진구 부전동 503-15,262302006015,부산광역시 부산진구 가야대로,772,,2623010300105030015004104,롯데백화점,부산광역시 부산진구 가야대로 772,614732,47285,,7,,129.056412549351,35.1567968046828,롯데백화점
MA010120220808708091,롯데부산UGG,,G2,소매,G209,섬유·의복·신발 소매,G20910,신발 소매업,G47430,신발 소매업,26,부산광역시,26230,부산진구,26230520,부전2동,2623010300,부전동,2623010300105030015,1,대지,503,15,부산광역시 부산진구 부전동 503-15,262302006015,부산광역시 부산진구 가야대로,772,,2623010300105030015004104,롯데백화점,부산광역시 부산진구 가야대로 772,614732,47285,,3,,129.056412549351,35.1567968046828,롯데백화점
MA010120220808348082,코에보,,G2,소매,G209,섬유·의복·신발 소매,G20901,남성 의류 소매업,G47411,남자용 겉옷 소매업,26,부산광역시,26230,부산진구,26230520,부전2동,2623010300,부전동,2623010300105030015,1,대지,503,15,부산광역시 부산진구 부전동 503-15,262302006015,부산광역시 부산진구 가야대로,772,,2623010300105030015004104,부산롯데백화점,부산광역시 부산진구 가야대로 772,614732,47285,,4,,129.056412549351,35.1567968046828,롯데백화점
MA010120220812786087,대현,,G2,소매,G209,섬유·의복·신발 소매,G20902,여성 의류 소매업,G47412,여자용 겉옷 소매업,26,부산광역시,26350,해운대구,26350520,우2동,2635010500,우동,2635010500114960000,1,대지,1496,,부산광역시 해운대구 우동 1496,263502133001,부산광역시 해운대구 센텀남대로,59,,2635010500114960000000001,롯데백화점,부산광역시 해운대구 센텀남대로 59,612022,48058,,4,,129.131072074388,35.1698523216207,롯데백화점
MA010120220810036792,다움,,I2,음식,I210,기타 간이,I21001,빵/도넛,I56191,제과점업,26,부산광역시,26170,동구,26170660,범일2동,2617010400,범일동,2617010400100620005,1,대지,62,5,부산광역시 동구 범일동 62-5,261703127051,부산광역시 동구 범일로,125,,2617010400100620005005551,현대백화점,부산광역시 동구 범일로 125,601718,48735,,,,129.058567919742,35.1413052322577,현대백화점
MA010120220813493922,와이드앵글,,G2,소매,G209,섬유·의복·신발 소매,G20905,기타 의류 소매업,G47419,기타 의복 소매업,26,부산광역시,26110,중구,26110520,동광동,2611011100,동광동1가,2611011100100010022,1,대지,1,22,부산광역시 중구 동광동1가 1-22,261102000010,부산광역시 중구 중앙대로,2,,2611011000100200001000001,롯데백화점,부산광역시 중구 중앙대로 2,600021,48944,,,,129.036707345866,35.0983104003377,롯데백화점
MA010120220806825286,소맥베이커리,,I2,음식,I210,기타 간이,I21001,빵/도넛,I56191,제과점업,26,부산광역시,26350,해운대구,26350520,우2동,2635010500,우동,2635010500114950000,1,대지,1495,,부산광역시 해운대구 우동 1495,263502133001,부산광역시 해운대구 센텀남대로,35,,2635010500114950000000001,신세계백화점,부산광역시 해운대구 센텀남대로 35,612022,48058,,1,,129.129519598026,35.1688162817484,신세계백화점
MA010120220808265622,준영컴퍼니,,G2,소매,G209,섬유·의복·신발 소매,G20905,기타 의류 소매업,G47419,기타 의복 소매업,26,부산광역시,26170,동구,26170660,범일2동,2617010400,범일동,2617010400100620005,1,대지,62,5,부산광역시 동구 범일동 62-5,261703127051,부산광역시 동구 범일로,125,,2617010400100620005005551,현대백화점,부산광역시 동구 범일로 125,601718,48735,,6,,129.058567919742,35.1413052322577,현대백화점
MA010120220802513619,신세계,센텀점,I2,음식,I212,비알코올 ,I21201,카페,I56229,기타 비알코올 음료점업,26,부산광역시,26350,해운대구,26350520,우2동,2635010500,우동,2635010500114950000,1,대지,1495,,부산광역시 해운대구 우동 1495,263502133001,부산광역시 해운대구 센텀남대로,35,,2635010500114950000000001,신세계백화점,부산광역시 해운대구 센텀남대로 35,612022,48058,,4,,129.129519598026,35.1688162817484,신세계백화점
MA010120220804924951,다우닝쇼파,,G2,소매,G211,가구 소매,G21101,가구 소매업,G47520,가구 소매업,26,부산광역시,26230,부산진구,26230520,부전2동,2623010300,부전동,2623010300105030015,1,대지,503,15,부산광역시 부산진구 부전동 503-15,262302006015,부산광역시 부산진구 가야대로,772,,2623010300105030015004104,롯데백화점,부산광역시 부산진구 가야대로 772,614732,47285,,6,,129.056412549351,35.1567968046828,롯데백화점
MA010120220813531659,쉬즈미스,,G2,소매,G209,섬유·의복·신발 소매,G20902,여성 의류 소매업,G47412,여자용 겉옷 소매업,26,부산광역시,26350,해운대구,26350551,좌1동,2635010700,좌동,2635010700114670004,1,대지,1467,4,부산광역시 해운대구 좌동 1467-4,263502006010,부산광역시 해운대구 해운대로,813,,2635010700114670004003745,C백화점,부산광역시 해운대구 해운대로 813,612836,48106,,,,129.177051032177,35.1705302447392,NC백화점
MA010120220810503003,포베이주,광복점,I2,음식,I205,동남아시아,I20501,베트남식 전문,I56129,기타 외국식 음식점업,26,부산광역시,26110,중구,26110510,중앙동,2611011000,중앙동7가,2611011000100200001,1,대지,20,1,부산광역시 중구 중앙동7가 20-1,261102000010,부산광역시 중구 중앙대로,2,,2611011000100200001000001,롯데백화점,부산광역시 중구 중앙대로 2,600017,48944,,4,,129.036707345866,35.0983104003377,롯데백화점
MA010120220813013018,엘레쎄현대,부산점,G2,소매,G209,섬유·의복·신발 소매,G20905,기타 의류 소매업,G47419,기타 의복 소매업,26,부산광역시,26170,동구,26170660,범일2동,2617010400,범일동,2617010400100620005,1,대지,62,5,부산광역시 동구 범일동 62-5,261703127051,부산광역시 동구 범일로,125,,2617010400100620005005551,현대백화점,부산광역시 동구 범일로 125,601718,48735,,6,,129.058567919742,35.1413052322577,현대백화점
MA010120220812292776,마인,,G2,소매,G209,섬유·의복·신발 소매,G20902,여성 의류 소매업,G47412,여자용 겉옷 소매업,26,부산광역시,26350,해운대구,26350520,우2동,2635010500,우동,2635010500114950000,1,대지,1495,,부산광역시 해운대구 우동 1495,263502133001,부산광역시 해운대구 센텀남대로,35,,2635010500114950000000001,신세계백화점,부산광역시 해운대구 센텀남대로 35,612022,48058,,3,,129.129519598026,35.1688162817484,신세계백화점
MA010120220809061408,프로스펙스,,G2,소매,G209,섬유·의복·신발 소매,G20910,신발 소매업,G47430,신발 소매업,26,부산광역시,26230,부산진구,26230520,부전2동,2623010300,부전동,2623010300105030015,1,대지,503,15,부산광역시 부산진구 부전동 503-15,262302006015,부산광역시 부산진구 가야대로,772,,2623010300105030015004104,롯데백화점,부산광역시 부산진구 가야대로 772,614732,47285,,,,129.056412549351,35.1567968046828,롯데백화점
MA010120220810645495,파비아나필리피,,G2,소매,G209,섬유·의복·신발 소매,G20902,여성 의류 소매업,G47412,여자용 겉옷 소매업,26,부산광역시,26170,동구,26170660,범일2동,2617010400,범일동,2617010400100620005,1,대지,62,5,부산광역시 동구 범일동 62-5,261703127051,부산광역시 동구 범일로,125,,2617010400100620005005551,현대백화점,부산광역시 동구 범일로 125,601718,48735,,4,,129.058567919742,35.1413052322577,현대백화점
MA010120220803091865,우리동네정육,백화점,G2,소매,G205,식료품 소매,G20503,정육점,G47212,육류 소매업,26,부산광역시,26230,부산진구,26230670,당감1동,2623010900,당감동,2623010900105000018,1,대지,500,18,부산광역시 부산진구 당감동 500-18,262304187132,부산광역시 부산진구 당감로17번길,75,,2623010900105000018040740,,부산광역시 부산진구 당감로17번길 75,614822,47178,,1,,129.035764758271,35.1622102021496,기타/미상
MA010120220813178364,서영이앤티현대백화점,부산점,G2,소매,G206,음료 소매,G20602,주류 소매업,G47221,음료 소매업,26,부산광역시,26170,동구,26170660,범일2동,2617010400,범일동,2617010400100620005,1,대지,62,5,부산광역시 동구 범일동 62-5,261703127051,부산광역시 동구 범일로,125,,2617010400100620005005551,현대백화점,부산광역시 동구 범일로 125,601718,48735,,1,,129.058567919742,35.1413052322577,현대백화점
MA010120220812619105,송지오옴므롯데,부산점,G2,소매,G209,섬유·의복·신발 소매,G20901,남성 의류 소매업,G47411,남자용 겉옷 소매업,26,부산광역시,26230,부산진구,26230520,부전2동,2623010300,부전동,2623010300105030015,1,대지,503,15,부산광역시 부산진구 부전동 503-15,262302006015,부산광역시 부산진구 가야대로,772,,2623010300105030015004104,롯데백화점,부산광역시 부산진구 가야대로 772,614732,47285,,4,,129.056412549351,35.1567968046828,롯데백화점
MA010120220810886395,닥스키즈,,G2,소매,G209,섬유·의복·신발 소매,G20901,남성 의류 소매업,G47411,남자용 겉옷 소매업,26,부산광역시,26170,동구,26170660,범일2동,2617010400,범일동,2617010400100620005,1,대지,62,5,부산광역시 동구 범일동 62-5,261703127051,부산광역시 동구 범일로,125,,2617010400100620005005551,현대백화점,부산광역시 동구 범일로 125,601718,48735,,7,,129.058567919742,35.1413052322577,현대백화점
MA010120220811684798,라인현대백화점,부산점,G2,소매,G209,섬유·의복·신발 소매,G20905,기타 의류 소매업,G47414,셔츠 및 블라우스 소매업,26,부산광역시,26170,동구,26170660,범일2동,2617010400,범일동,2617010400100620005,1,대지,62,5,부산광역시 동구 범일동 62-5,261703127051,부산광역시 동구 범일로,125,,2617010400100620005005551,현대백화점,부산광역시 동구 범일로 125,601718,48735,,1,,129.058567919742,35.1413052322577,현대백화점
MA010120220813084651,롯데센텀반에이크,,G2,소매,G209,섬유·의복·신발 소매,G20902,여성 의류 소매업,G47412,여자용 겉옷 소매업,26,부산광역시,26350,해운대구,26350520,우2동,2635010500,우동,2635010500114960000,1,대지,1496,,부산광역시 해운대구 우동 1496,263502133001,부산광역시 해운대구 센텀남대로,59,,2635010500114960000000001,롯데백화점,부산광역시 해운대구 센텀남대로 59,612022,48058,,4,,129.131072074388,35.1698523216207,롯데백화점
MA010120220811448524,리트머스,,G2,소매,G209,섬유·의복·신발 소매,G20901,남성 의류 소매업,G47411,남자용 겉옷 소매업,26,부산광역시,26350,해운대구,26350551,좌1동,2635010700,좌동,2635010700114670004,1,대지,1467,4,부산광역시 해운대구 좌동 1467-4,263502006010,부산광역시 해운대구 해운대로,813,,2635010700114670004003745,C백화점,부산광역시 해운대구 해운대로 813,612836,48106,,,,129.177051032177,35.1705302447392,NC백화점
MA010120220810620397,스노우피크,롯데광복점,G2,소매,G209,섬유·의복·신발 소매,G20905,기타 의류 소매업,G47419,기타 의복 소매업,26,부산광역시,26110,중구,26110510,중앙동,2611011000,중앙동7가,2611011000100200001,1,대지,20,1,부산광역시 중구 중앙동7가 20-1,261102000010,부산광역시 중구 중앙대로,2,,2611011000100200001000001,롯데백화점,부산광역시 중구 중앙대로 2,600017,48944,,7,,129.036707345866,35.0983104003377,롯데백화점
MA010120220800920393,플롬아웃도어롯데광복점,백화점,G2,소매,G213,오락용품 소매,G21304,운동용품 소매업,G47631,운동 및 경기용품 소매업,26,부산광역시,26110,중구,26110510,중앙동,2611011000,중앙동7가,2611011000100200001,1,대지,20,1,부산광역시 중구 중앙동7가 20-1,261102000010,부산광역시 중구 중앙대로,2,,2611011000100200001000001,롯데백화점,부산광역시 중구 중앙대로 2,600017,48944,,7,,129.036707345866,35.0983104003377,롯데백화점
MA010120220810625879,코오롱스포츠,,G2,소매,G209,섬유·의복·신발 소매,G20905,기타 의류 소매업,G47419,기타 의복 소매업,26,부산광역시,26350,해운대구,26350520,우2동,2635010500,우동,2635010500114950000,1,대지,1495,,부산광역시 해운대구 우동 1495,263502133001,부산광역시 해운대구 센텀남대로,35,,2635010500114950000000001,신세계백화점,부산광역시 해운대구 센텀남대로 35,612022,48058,,3,,129.129519598026,35.1688162817484,신세계백화점
MA010120220810644415,타미남성신세계센텀시티,,G2,소매,G209,섬유·의복·신발 소매,G20901,남성 의류 소매업,G47411,남자용 겉옷 소매업,26,부산광역시,26350,해운대구,26350520,우2동,2635010500,우동,2635010500114950000,1,대지,1495,,부산광역시 해운대구 우동 1495,263502133001,부산광역시 해운대구 센텀남대로,35,,2635010500114950000000001,신세계백화점,부산광역시 해운대구 센텀남대로 35,612022,48058,,5,,129.129519598026,35.1688162817484,신세계백화점
MA010120220811049946,맨잇수트,,G2,소매,G209,섬유·의복·신발 소매,G20901,남성 의류 소매업,G47411,남자용 겉옷 소매업,26,부산광역시,26350,해운대구,26350520,우2동,2635010500,우동,2635010500114960000,1,대지,1496,,부산광역시 해운대구 우동 1496,263502133001,부산광역시 해운대구 센텀남대로,59,,2635010500114960000000001,롯데백화점,부산광역시 해운대구 센텀남대로 59,612022,48058,,6,,129.131072074388,35.1698523216207,롯데백화점
MA010120220803479525,프렛,센텀시티점,G2,소매,G216,안경·정밀기기 소매,G21602,안경렌즈 소매업,G47822,안경 및 렌즈 소매업,26,부산광역시,26350,해운대구,26350520,우2동,2635010500,우동,2635010500114950000,1,대지,1495,,부산광역시 해운대구 우동 1495,263502133001,부산광역시 해운대구 센텀남대로,35,,2635010500114950000000001,신세계백화점,부산광역시 해운대구 센텀남대로 35,612022,48058,,2,,129.129519598026,35.1688162817484,신세계백화점
MA010120220810785095,에프앤에프,,G2,소매,G209,섬유·의복·신발 소매,G20905,기타 의류 소매업,G47419,기타 의복 소매업,26,부산광역시,26260,동래구,26260560,온천2동,2626010800,온천동,2626010800105020003,1,대지,502,3,부산광역시 동래구 온천동 502-3,262602000010,부산광역시 동래구 중앙대로,1393,,2626010800105020003000477,롯데백화점,부산광역시 동래구 중앙대로 1393,607716,47727,,6,,129.07747341266,35.2117052140663,롯데백화점
MA010120220804958685,광복스포츠(롯광복),,G2,소매,G209,섬유·의복·신발 소매,G20905,기타 의류 소매업,G47419,기타 의복 소매업,26,부산광역시,26110,중구,26110510,중앙동,2611011000,중앙동7가,2611011000100200001,1,대지,20,1,부산광역시 중구 중앙동7가 20-1,261102000010,부산광역시 중구 중앙대로,2,,2611011000100200001000001,롯데백화점,부산광역시 중구 중앙대로 2,600017,48944,,7,,129.036707345866,35.0983104003377,롯데백화점
MA010120220810737519,열쇠,백화점,G2,소매,G210,철물·건설자재 소매,G21001,철물/공구 소매업,G47511,철물 및 난방용구 소매업,26,부산광역시,26530,사상구,26530610,덕포2동,2653010300,덕포동,2653010300104040005,1,대지,404,5,부산광역시 사상구 덕포동 404-5,265303132023,부산광역시 사상구 사상로,336,,2653010300104040005003907,,부산광역시 사상구 사상로 336,617814,46945,,,,128.984444468849,35.1745610420513,기타/미상
MA010120220810616836,로잔,,G2,소매,G209,섬유·의복·신발 소매,G20902,여성 의류 소매업,G47412,여자용 겉옷 소매업,26,부산광역시,26230,부산진구,26230520,부전2동,2623010300,부전동,2623010300105030015,1,대지,503,15,부산광역시 부산진구 부전동 503-15,262302006015,부산광역시 부산진구 가야대로,772,,2623010300105030015004104,롯데백화점,부산광역시 부산진구 가야대로 772,614732,47285,,3,,129.056412549351,35.1567968046828,롯데백화점
MA010120220811434091,이로신세계백화점,센텀시티점,G2,소매,G209,섬유·의복·신발 소매,G20902,여성 의류 소매업,G47412,여자용 겉옷 소매업,26,부산광역시,26350,해운대구,26350520,우2동,2635010500,우동,2635010500114950000,1,대지,1495,,부산광역시 해운대구 우동 1495,263502133001,부산광역시 해운대구 센텀남대로,35,,2635010500114950000000001,신세계백화점,부산광역시 해운대구 센텀남대로 35,612022,48058,,2,,129.129519598026,35.1688162817484,신세계백화점
MA010120220808356227,바바패션지고트,,G2,소매,G209,섬유·의복·신발 소매,G20902,여성 의류 소매업,G47412,여자용 겉옷 소매업,26,부산광역시,26230,부산진구,26230520,부전2동,2623010300,부전동,2623010300105030015,1,대지,503,15,부산광역시 부산진구 부전동 503-15,262302006015,부산광역시 부산진구 가야대로,772,,2623010300105030015004104,롯데백화점,부산광역시 부산진구 가야대로 772,614732,47285,,2,,129.056412549351,35.1567968046828,롯데백화점
MA010120220800520065,스페셜원아디다스,,G2,소매,G209,섬유·의복·신발 소매,G20905,기타 의류 소매업,G47419,기타 의복 소매업,26,부산광역시,26170,동구,26170660,범일2동,2617010400,범일동,2617010400100620005,1,대지,62,5,부산광역시 동구 범일동 62-5,261703127051,부산광역시 동구 범일로,125,,2617010400100620005005551,현대백화점,부산광역시 동구 범일로 125,601718,48735,,6,,129.058567919742,35.1413052322577,현대백화점
MA010120220805277272,롯데광복KH,,G2,소매,G209,섬유·의복·신발 소매,G20902,여성 의류 소매업,G47412,여자용 겉옷 소매업,26,부산광역시,26110,중구,26110510,중앙동,2611011000,중앙동7가,2611011000100740000,1,대지,74,,부산광역시 중구 중앙동7가 74,261102000010,부산광역시 중구 중앙대로,2,,2611011000100200001000001,롯데백화점,부산광역시 중구 중앙대로 2,600017,48944,,4,,129.036707345866,35.0983104003377,롯데백화점
MA010120220810621201,해인불교,백화점,G2,소매,G221,기타 상품 소매,G22199,그 외 기타 상품 전문 소매업,G47859,그 외 기타 분류 안된 상품 전문 소매업,26,부산광역시,26230,부산진구,26230510,부전1동,2623010300,부전동,2623010300100420003,1,대지,42,3,부산광역시 부산진구 부전동 42-3,262303129023,부산광역시 부산진구 부전로,189,,2623010300100420003000001,,부산광역시 부산진구 부전로 189,614842,47248,,2,,129.061378371778,35.1639937675957,기타/미상
MA010120220810534645,지혜,,G2,소매,G209,섬유·의복·신발 소매,G20905,기타 의류 소매업,G47414,셔츠 및 블라우스 소매업,26,부산광역시,26230,부산진구,26230600,전포1동,2623010200,전포동,2623010200106680001,1,대지,668,1,부산광역시 부산진구 전포동 668-1,262303129010,부산광역시 부산진구 동천로,92,,2623010200106680001044509,C백화점,부산광역시 부산진구 동천로 92,614772,47293,,2,,129.063013297817,35.1570359960725,NC백화점
MA010120220808399131,마크앤로나,,G2,소매,G209,섬유·의복·신발 소매,G20905,기타 의류 소매업,G47419,기타 의복 소매업,26,부산광역시,26350,해운대구,26350520,우2동,2635010500,우동,2635010500114950000,1,대지,1495,,부산광역시 해운대구 우동 1495,263502133001,부산광역시 해운대구 센텀남대로,35,,2635010500114950000000001,신세계백화점,부산광역시 해운대구 센텀남대로 35,612022,48058,,6,,129.129519598026,35.1688162817484,신세계백화점
MA010120220810793597,롯데동래타임,,G2,소매,G209,섬유·의복·신발 소매,G20902,여성 의류 소매업,G47412,여자용 겉옷 소매업,26,부산광역시,26260,동래구,26260560,온천2동,2626010800,온천동,2626010800105020003,1,대지,502,3,부산광역시 동래구 온천동 502-3,262602000010,부산광역시 동래구 중앙대로,1393,,2626010800105020003000477,롯데백화점,부산광역시 동래구 중앙대로 1393,607716,47727,,2,,129.07747341266,35.2117052140663,롯데백화점
MA010120220806565346,랄프로렌,롯데광복점,G2,소매,G209,섬유·의복·신발 소매,G20902,여성 의류 소매업,G47412,여자용 겉옷 소매업,26,부산광역시,26110,중구,26110510,중앙동,2611011000,중앙동7가,2611011000100200001,1,대지,20,1,부산광역시 중구 중앙동7가 20-1,261102000010,부산광역시 중구 중앙대로,2,,2611011000100200001000001,롯데백화점,부산광역시 중구 중앙대로 2,600017,48944,,4,,129.036707345866,35.0983104003377,롯데백화점
MA010120220814039063,조방낙지1번가,,I2,음식,I201,한식,I20112,해산물 구이/찜,I56111,한식 일반 음식점업,26,부산광역시,26110,중구,26110510,중앙동,2611011000,중앙동7가,2611011000100200001,1,대지,20,1,부산광역시 중구 중앙동7가 20-1,261102000010,부산광역시 중구 중앙대로,2,,2611011000100200001000001,롯데백화점,부산광역시 중구 중앙대로 2,600017,48944,,,,129.036707345866,35.0983104003377,롯데백화점
MA010120220805431998,시리즈,,G2,소매,G209,섬유·의복·신발 소매,G20901,남성 의류 소매업,G47411,남자용 겉옷 소매업,26,부산광역시,26260,동래구,26260560,온천2동,2626010800,온천동,2626010800105020003,1,대지,502,3,부산광역시 동래구 온천동 502-3,262602000010,부산광역시 동래구 중앙대로,1393,,2626010800105020003000477,롯데백화점,부산광역시 동래구 중앙대로 1393,607716,47727,,4,,129.07747341266,35.2117052140663,롯데백화점
MA010120220806505595,소문난고기,백화점,G2,소매,G205,식료품 소매,G20503,정육점,G47212,육류 소매업,26,부산광역시,26350,해운대구,26350580,반여2동,2635010300,반여동,2635010300112911390,1,대지,1291,1390,부산광역시 해운대구 반여동 1291-1390,263504199281,부산광역시 해운대구 해운대로61번길,97,,2635010300112911390006283,,부산광역시 해운대구 해운대로61번길 97,612814,48029,,,,129.129105720415,35.1950198608138,기타/미상
MA010120220810502929,이랜드월드패션주,롯데광복점,G2,소매,G209,섬유·의복·신발 소매,G20905,기타 의류 소매업,G47414,셔츠 및 블라우스 소매업,26,부산광역시,26110,중구,26110510,중앙동,2611011000,중앙동7가,2611011000100200001,1,대지,20,1,부산광역시 중구 중앙동7가 20-1,261102000010,부산광역시 중구 중앙대로,2,,2611011000100200001000001,롯데백화점,부산광역시 중구 중앙대로 2,600017,48944,,4,,129.036707345866,35.0983104003377,롯데백화점
MA010120220810787874,칸타비에스,,S2,수리·개인,S207,이용·미용,S20702,피부 관리실,S96113,피부 미용업,26,부산광역시,26260,동래구,26260560,온천2동,2626010800,온천동,2626010800105020003,1,대지,502,3,부산광역시 동래구 온천동 502-3,262602000010,부산광역시 동래구 중앙대로,1393,,2626010800105020003000477,롯데백화점,부산광역시 동래구 중앙대로 1393,607716,47727,,8,,129.07747341266,35.2117052140663,롯데백화점
MA010120220814330517,장전,백화점,G2,소매,G222,중고 상품 소매,G22201,중고 상품 소매업,G47869,기타 중고 상품 소매업,26,부산광역시,26410,금정구,26410600,장전1동,2641010800,장전동,2641010800101580021,1,대지,158,21,부산광역시 금정구 장전동 158-21,264103130022,부산광역시 금정구 금강로,349,1,2641010800101580021006093,햇살하우스,부산광역시 금정구 금강로 349-1,609837,46282,,,,129.086283090456,35.2392910125904,기타/미상
MA010120220810532815,중고가전,백화점,G2,소매,G222,중고 상품 소매,G22201,중고 상품 소매업,G47862,중고 가전제품 및 통신장비 소매업,26,부산광역시,26380,사하구,26380571,신평1동,2638010400,신평동,2638010400100330141,1,대지,33,141,부산광역시 사하구 신평동 33-141,263803134007,부산광역시 사하구 다대로,124,1,2638010400100330140010151,,부산광역시 사하구 다대로 124-1,604833,49440,,,,128.977767418042,35.0914101896517,기타/미상
MA010120220814367056,디루치아노,,G2,소매,G209,섬유·의복·신발 소매,G20902,여성 의류 소매업,G47412,여자용 겉옷 소매업,26,부산광역시,26260,동래구,26260560,온천2동,2626010800,온천동,2626010800105020003,1,대지,502,3,부산광역시 동래구 온천동 502-3,262602000010,부산광역시 동래구 중앙대로,1393,,2626010800105020003000477,롯데백화점,부산광역시 동래구 중앙대로 1393,607716,47727,,3,,129.07747341266,35.2117052140663,롯데백화점
MA010120220805382059,샤틴,,G2,소매,G209,섬유·의복·신발 소매,G20902,여성 의류 소매업,G47412,여자용 겉옷 소매업,26,부산광역시,26230,부산진구,26230520,부전2동,2623010300,부전동,2623010300105030015,1,대지,503,15,부산광역시 부산진구 부전동 503-15,262302006015,부산광역시 부산진구 가야대로,772,,2623010300105030015004104,롯데백화점,부산광역시 부산진구 가야대로 772,614732,47285,,2,,129.056412549351,35.1567968046828,롯데백화점
MA010120220803206309,롯데카파,부산점,G2,소매,G209,섬유·의복·신발 소매,G20901,남성 의류 소매업,G47411,남자용 겉옷 소매업,26,부산광역시,26230,부산진구,26230520,부전2동,2623010300,부전동,2623010300105030015,1,대지,503,15,부산광역시 부산진구 부전동 503-15,262302006015,부산광역시 부산진구 가야대로,772,,2623010300105030015004104,롯데백화점,부산광역시 부산진구 가야대로 772,614732,47285,,5,,129.056412549351,35.1567968046828,롯데백화점
MA010120220803839163,갓텐갓텐스시롯데백화점부산본점,코리아,I2,음식,I203,일식,I20301,일식 회/초밥,I56122,일식 음식점업,26,부산광역시,26230,부산진구,26230520,부전2동,2623010300,부전동,2623010300105030015,1,대지,503,15,부산광역시 부산진구 부전동 503-15,262302006015,부산광역시 부산진구 가야대로,772,,2623010300105030015004104,롯데백화점,부산광역시 부산진구 가야대로 772,614732,47285,,1,,129.056412549351,35.1567968046828,롯데백화점
MA010120220808321830,리미니NC,해운대점,I2,음식,I204,서양식,I20401,경양식,I56123,서양식 음식점업,26,부산광역시,26350,해운대구,26350551,좌1동,2635010700,좌동,2635010700114670004,1,대지,1467,4,부산광역시 해운대구 좌동 1467-4,263502006010,부산광역시 해운대구 해운대로,813,,2635010700114670004003745,뉴코아백화점,부산광역시 해운대구 해운대로 813,612836,48106,,7,,129.177051032177,35.1705302447392,NC백화점
MA010120220808464447,파리게이츠,,G2,소매,G209,섬유·의복·신발 소매,G20905,기타 의류 소매업,G47419,기타 의복 소매업,26,부산광역시,26110,중구,26110510,중앙동,2611011000,중앙동7가,2611011000100200001,1,대지,20,1,부산광역시 중구 중앙동7가 20-1,261102000010,부산광역시 중구 중앙대로,2,,2611011000100200001000001,롯데백화점,부산광역시 중구 중앙대로 2,600017,48944,,7,,129.036707345866,35.0983104003377,롯데백화점
MA010120220812818995,루치아노최,,G2,소매,G209,섬유·의복·신발 소매,G20902,여성 의류 소매업,G47412,여자용 겉옷 소매업,26,부산광역시,26350,해운대구,26350520,우2동,2635010500,우동,2635010500114960000,1,대지,1496,,부산광역시 해운대구 우동 1496,263502133001,부산광역시 해운대구 센텀남대로,59,,2635010500114960000000001,센텀롯데백화점,부산광역시 해운대구 센텀남대로 59,612022,48058,,3,,129.131072074388,35.1698523216207,롯데백화점
MA010120220810620285,롯데백화점비비안,센텀점,G2,소매,G209,섬유·의복·신발 소매,G20905,기타 의류 소매업,G47413,속옷 및 잠옷 소매업,26,부산광역시,26350,해운대구,26350520,우2동,2635010500,우동,2635010500114960000,1,대지,1496,,부산광역시 해운대구 우동 1496,263502133001,부산광역시 해운대구 센텀남대로,59,,2635010500114960000000001,롯데백화점,부산광역시 해운대구 센텀남대로 59,612022,48058,,3,,129.131072074388,35.1698523216207,롯데백화점
MA010120220806211712,포슬린페인팅아트스쿨본원,,G2,소매,G212,기타 생활용품 소매,G21202,주방/가정용품 소매업,G47592,주방용품 및 가정용 유리; 요업제품 소매업,26,부산광역시,26260,동래구,26260560,온천2동,2626010800,온천동,2626010800105020003,1,대지,502,3,부산광역시 동래구 온천동 502-3,262602000010,부산광역시 동래구 중앙대로,1393,,2626010800105020003000477,롯데백화점,부산광역시 동래구 중앙대로 1393,607716,47727,,3,,129.07747341266,35.2117052140663,롯데백화점
MA010120220809699590,가방,백화점,G2,소매,G209,섬유·의복·신발 소매,G20911,가방 소매업,G47440,가방 및 기타 가죽제품 소매업,26,부산광역시,26110,중구,26110510,중앙동,2611010900,중앙동6가,2611010900100090001,1,대지,9,1,부산광역시 중구 중앙동6가 9-1,261102000010,부산광역시 중구 중앙대로,17,,2611010900100090001002007,광복지하도상가,부산광역시 중구 중앙대로 17,600016,48955,,,,129.036326026976,35.099731651484,기타/미상
MA010120220807015887,고야드아시아퍼시픽리미티드신세계센텀,씨티점,G2,소매,G209,섬유·의복·신발 소매,G20911,가방 소매업,G47440,가방 및 기타 가죽제품 소매업,26,부산광역시,26350,해운대구,26350520,우2동,2635010500,우동,2635010500114950000,1,대지,1495,,부산광역시 해운대구 우동 1495,263502133001,부산광역시 해운대구 센텀남대로,35,,2635010500114950000000001,신세계백화점,부산광역시 해운대구 센텀남대로 35,612022,48058,,1,,129.129519598026,35.1688162817484,신세계백화점
MA010120220805382054,에르메스메종/생루이신세계,센텀점,G2,소매,G212,기타 생활용품 소매,G21202,주방/가정용품 소매업,G47592,주방용품 및 가정용 유리; 요업제품 소매업,26,부산광역시,26350,해운대구,26350520,우2동,2635010500,우동,2635010500114950000,1,대지,1495,,부산광역시 해운대구 우동 1495,263502133001,부산광역시 해운대구 센텀남대로,35,,2635010500114950000000001,신세계백화점,부산광역시 해운대구 센텀남대로 35,612022,48058,,7,,129.129519598026,35.1688162817484,신세계백화점
MA010120220810642668,프로스펙스,,G2,소매,G209,섬유·의복·신발 소매,G20905,기타 의류 소매업,G47419,기타 의복 소매업,26,부산광역시,26170,동구,26170660,범일2동,2617010400,범일동,2617010400100620005,1,대지,62,5,부산광역시 동구 범일동 62-5,261703127051,부산광역시 동구 범일로,125,,2617010400100620005005551,현대백화점,부산광역시 동구 범일로 125,601718,48735,,6,,129.058567919742,35.1413052322577,현대백화점
MA010120220813938176,에디션현대,부산점,G2,소매,G209,섬유·의복·신발 소매,G20905,기타 의류 소매업,G47414,셔츠 및 블라우스 소매업,26,부산광역시,26170,동구,26170660,범일2동,2617010400,범일동,2617010400100620005,1,대지,62,5,부산광역시 동구 범일동 62-5,261703127051,부산광역시 동구 범일로,125,,2617010400100620005005551,현대백화점,부산광역시 동구 범일로 125,601718,48735,,5,,129.058567919742,35.1413052322577,현대백화점
MA010120220812662631,스시오샤브앤스시,센텀점,I2,음식,I203,일식,I20301,일식 회/초밥,I56122,일식 음식점업,26,부산광역시,26350,해운대구,26350520,우2동,2635010500,우동,2635010500114960000,1,대지,1496,,부산광역시 해운대구 우동 1496,263502133001,부산광역시 해운대구 센텀남대로,59,,2635010500114960000000001,롯데백화점,부산광역시 해운대구 센텀남대로 59,612022,48058,,6,,129.131072074388,35.1698523216207,롯데백화점
MA010120220808772180,무국식탁편백집부산,롯데광복점,I2,음식,I201,한식,I20101,백반/한정식,I56111,한식 일반 음식점업,26,부산광역시,26110,중구,26110510,중앙동,2611011000,중앙동7가,2611011000100200001,1,대지,20,1,부산광역시 중구 중앙동7가 20-1,261102000010,부산광역시 중구 중앙대로,2,,2611011000100200001000001,롯데백화점,부산광역시 중구 중앙대로 2,600017,48944,,1,,129.036707345866,35.0983104003377,롯데백화점
MA010120220804424601,롯데센텀미샤,,G2,소매,G209,섬유·의복·신발 소매,G20902,여성 의류 소매업,G47412,여자용 겉옷 소매업,26,부산광역시,26350,해운대구,26350520,우2동,2635010500,우동,2635010500114960000,1,대지,1496,,부산광역시 해운대구 우동 1496,263502133001,부산광역시 해운대구 센텀남대로,59,,2635010500114960000000001,롯데백화점,부산광역시 해운대구 센텀남대로 59,612022,48058,,,,129.131072074388,35.1698523216207,롯데백화점
MA010120220806683705,샙,,G2,소매,G209,섬유·의복·신발 소매,G20901,남성 의류 소매업,G47411,남자용 겉옷 소매업,26,부산광역시,26410,금정구,26410610,장전2동,2641010800,장전동,2641010800100400000,1,대지,40,,부산광역시 금정구 장전동 40,264104205206,부산광역시 금정구 부산대학로63번길,2,,2641010800100400000000001,NC백화점,부산광역시 금정구 부산대학로63번길 2,609737,46241,,2,,129.083829027579,35.2322412765478,NC백화점
MA010120220811607054,수예,백화점,G2,소매,G209,섬유·의복·신발 소매,G20909,실/섬유제품 소매업,G47429,섬유 원단; 실 및 기타 섬유제품 소매업,26,부산광역시,26710,기장군,26710250,기장읍,2671025026,기장읍,2671025026100620006,1,대지,62,6,부산광역시 기장군 기장읍 대라리 62-6,267104220308,부산광역시 기장군 기장읍 차성로288번길,40,,2671025026100620006005449,,부산광역시 기장군 기장읍 차성로288번길 40,619903,46066,,,,129.215770624366,35.2429090945794,기타/미상
MA010120220811728460,후아유NC점,해운대,G2,소매,G209,섬유·의복·신발 소매,G20902,여성 의류 소매업,G47412,여자용 겉옷 소매업,26,부산광역시,26350,해운대구,26350551,좌1동,2635010700,좌동,2635010700114670004,1,대지,1467,4,부산광역시 해운대구 좌동 1467-4,263502006010,부산광역시 해운대구 해운대로,813,,2635010700114670004003745,C백화점,부산광역시 해운대구 해운대로 813,612836,48106,,4,,129.177051032177,35.1705302447392,NC백화점
MA010120220812654627,시에로롯데센텀,,G2,소매,G213,오락용품 소매,G21304,운동용품 소매업,G47631,운동 및 경기용품 소매업,26,부산광역시,26350,해운대구,26350520,우2동,2635010500,우동,2635010500114960000,1,대지,1496,,부산광역시 해운대구 우동 1496,263502133001,부산광역시 해운대구 센텀남대로,59,,2635010500114960000000001,롯데백화점,부산광역시 해운대구 센텀남대로 59,612022,48058,,4,,129.131072074388,35.1698523216207,롯데백화점
MA010120220812456220,오후,,G2,소매,G209,섬유·의복·신발 소매,G20905,기타 의류 소매업,G47419,기타 의복 소매업,26,부산광역시,26350,해운대구,26350551,좌1동,2635010700,좌동,2635010700114670004,1,대지,1467,4,부산광역시 해운대구 좌동 1467-4,263502006010,부산광역시 해운대구 해운대로,813,,2635010700114670004003745,C백화점,부산광역시 해운대구 해운대로 813,612836,48106,,6,,129.177051032177,35.1705302447392,NC백화점
MA010120220814359527,테드베이커롯데부산,,G2,소매,G209,섬유·의복·신발 소매,G20902,여성 의류 소매업,G47412,여자용 겉옷 소매업,26,부산광역시,26230,부산진구,26230520,부전2동,2623010300,부전동,2623010300105030015,1,대지,503,15,부산광역시 부산진구 부전동 503-15,262302006015,부산광역시 부산진구 가야대로,772,,2623010300105030015004104,롯데백화점,부산광역시 부산진구 가야대로 772,614732,47285,,2,,129.056412549351,35.1567968046828,롯데백화점
MA010120220811424246,팔선생,,I2,음식,I202,중식,I20201,중국집,I56121,중식 음식점업,26,부산광역시,26350,해운대구,26350520,우2동,2635010500,우동,2635010500114950000,1,대지,1495,,부산광역시 해운대구 우동 1495,263502133001,부산광역시 해운대구 센텀남대로,35,,2635010500114950000000001,신세계백화점,부산광역시 해운대구 센텀남대로 35,612022,48058,,1,,129.129519598026,35.1688162817484,신세계백화점
MA010120220805262254,구호동래,롯데점,G2,소매,G209,섬유·의복·신발 소매,G20902,여성 의류 소매업,G47412,여자용 겉옷 소매업,26,부산광역시,26260,동래구,26260560,온천2동,2626010800,온천동,2626010800105020003,1,대지,502,3,부산광역시 동래구 온천동 502-3,262602000010,부산광역시 동래구 중앙대로,1393,,2626010800105020003000477,롯데백화점,부산광역시 동래구 중앙대로 1393,607716,47727,,2,,129.07747341266,35.2117052140663,롯데백화점
MA010120220805506872,타고나스포츠,,P1,교육,P106,기타 교육,P10603,요가/필라테스 학원,P85612,기타 스포츠 교육기관,26,부산광역시,26260,동래구,26260560,온천2동,2626010800,온천동,2626010800105020003,1,대지,502,3,부산광역시 동래구 온천동 502-3,262602000010,부산광역시 동래구 중앙대로,1393,,2626010800105020003000477,롯데백화점,부산광역시 동래구 중앙대로 1393,607716,47727,,10,,129.07747341266,35.2117052140663,롯데백화점
MA010120220813919767,내셔널지오그래픽키즈,,G2,소매,G209,섬유·의복·신발 소매,G20905,기타 의류 소매업,G47419,기타 의복 소매업,26,부산광역시,26230,부산진구,26230520,부전2동,2623010300,부전동,2623010300105030015,1,대지,503,15,부산광역시 부산진구 부전동 503-15,262302006015,부산광역시 부산진구 가야대로,772,,2623010300105030015004104,롯대백화점,부산광역시 부산진구 가야대로 772,614732,47285,,6,,129.056412549351,35.1567968046828,롯데백화점
MA010120220812924258,갤럭시롯데,센텀점,G2,소매,G209,섬유·의복·신발 소매,G20901,남성 의류 소매업,G47411,남자용 겉옷 소매업,26,부산광역시,26350,해운대구,26350520,우2동,2635010500,우동,2635010500114960000,1,대지,1496,,부산광역시 해운대구 우동 1496,263502133001,부산광역시 해운대구 센텀남대로,59,,2635010500114960000000001,롯데백화점,부산광역시 해운대구 센텀남대로 59,612022,48058,,6,,129.131072074388,35.1698523216207,롯데백화점
MA010120220811446333,리바이스,,G2,소매,G209,섬유·의복·신발 소매,G20902,여성 의류 소매업,G47412,여자용 겉옷 소매업,26,부산광역시,26350,해운대구,26350520,우2동,2635010500,우동,2635010500114950000,1,대지,1495,,부산광역시 해운대구 우동 1495,263502133001,부산광역시 해운대구 센텀남대로,35,,2635010500114950000000001,신세계백화점,부산광역시 해운대구 센텀남대로 35,612022,48058,,4,,129.129519598026,35.1688162817484,신세계백화점
MA010120220803060493,키이스롯데동래점,백화점,G2,소매,G209,섬유·의복·신발 소매,G20902,여성 의류 소매업,G47412,여자용 겉옷 소매업,26,부산광역시,26260,동래구,26260560,온천2동,2626010800,온천동,2626010800105020003,1,대지,502,3,부산광역시 동래구 온천동 502-3,262602000010,부산광역시 동래구 중앙대로,1393,,2626010800105020003000477,롯데백화점,부산광역시 동래구 중앙대로 1393,607716,47727,,2,,129.07747341266,35.2117052140663,롯데백화점
MA010120220813307429,서래식당,광복점,I2,음식,I201,한식,I20101,백반/한정식,I56111,한식 일반 음식점업,26,부산광역시,26110,중구,26110510,중앙동,2611011000,중앙동7가,2611011000100200001,1,대지,20,1,부산광역시 중구 중앙동7가 20-1,261102000010,부산광역시 중구 중앙대로,2,,2611011000100200001000001,롯데백화점,부산광역시 중구 중앙대로 2,600017,48944,,1,,129.036707345866,35.0983104003377,롯데백화점
MA010120220810643938,신세계센텀시스템,,G2,소매,G209,섬유·의복·신발 소매,G20902,여성 의류 소매업,G47412,여자용 겉옷 소매업,26,부산광역시,26350,해운대구,26350520,우2동,2635010500,우동,2635010500114950000,1,대지,1495,,부산광역시 해운대구 우동 1495,263502133001,부산광역시 해운대구 센텀남대로,35,,2635010500114950000000001,신세계백화점,부산광역시 해운대구 센텀남대로 35,612022,48058,,4,,129.129519598026,35.1688162817484,신세계백화점
MA010120220810477392,신세계센텀레노마,,G2,소매,G209,섬유·의복·신발 소매,G20901,남성 의류 소매업,G47411,남자용 겉옷 소매업,26,부산광역시,26350,해운대구,26350520,우2동,2635010500,우동,2635010500114950000,1,대지,1495,,부산광역시 해운대구 우동 1495,263502133001,부산광역시 해운대구 센텀남대로,35,,2635010500114950000000001,신세계백화점,부산광역시 해운대구 센텀남대로 35,612022,48058,,5,,129.129519598026,35.1688162817484,신세계백화점
MA010120220807472392,그레이트,,G2,소매,G209,섬유·의복·신발 소매,G20905,기타 의류 소매업,G47414,셔츠 및 블라우스 소매업,26,부산광역시,26230,부산진구,26230520,부전2동,2623010300,부전동,2623010300105030015,1,대지,503,15,부산광역시 부산진구 부전동 503-15,262302006015,부산광역시 부산진구 가야대로,772,,2623010300105030015004104,롯데백화점,부산광역시 부산진구 가야대로 772,614732,47285,,7,,129.056412549351,35.1567968046828,롯데백화점
MA010120220803128670,에잇컨셉,,G2,소매,G209,섬유·의복·신발 소매,G20902,여성 의류 소매업,G47412,여자용 겉옷 소매업,26,부산광역시,26350,해운대구,26350551,좌1동,2635010700,좌동,2635010700114670004,1,대지,1467,4,부산광역시 해운대구 좌동 1467-4,263502006010,부산광역시 해운대구 해운대로,813,,2635010700114670004003745,NC백화점,부산광역시 해운대구 해운대로 813,612836,48106,,3,,129.177051032177,35.1705302447392,NC백화점
MA010120220813252053,하루쿡롯데백화점부,산본점,G2,소매,G205,식료품 소매,G20509,반찬/식료품 소매업,G47218,조리 반찬류 소매업,26,부산광역시,26230,부산진구,26230520,부전2동,2623010300,부전동,2623010300105030015,1,대지,503,15,부산광역시 부산진구 부전동 503-15,262302006015,부산광역시 부산진구 가야대로,772,,2623010300105030015004104,,부산광역시 부산진구 가야대로 772,614732,47285,,2,,129.056412549351,35.1567968046828,롯데백화점
MA010120220810614107,슈페리어,,G2,소매,G209,섬유·의복·신발 소매,G20905,기타 의류 소매업,G47419,기타 의복 소매업,26,부산광역시,26260,동래구,26260560,온천2동,2626010800,온천동,2626010800105020003,1,대지,502,3,부산광역시 동래구 온천동 502-3,262602000010,부산광역시 동래구 중앙대로,1393,,2626010800105020003000477,롯데백화점,부산광역시 동래구 중앙대로 1393,607716,47727,,6,,129.07747341266,35.2117052140663,롯데백화점
MA010120220802901126,우리수선실,,S2,수리·개인,S206,기타 가정용품 수리,S20601,의류/이불 수선업,S95391,의복 및 기타 가정용 직물제품 수리업,26,부산광역시,26260,동래구,26260560,온천2동,2626010800,온천동,2626010800105020003,1,대지,502,3,부산광역시 동래구 온천동 502-3,262602000010,부산광역시 동래구 중앙대로,1393,,2626010800105020003000477,롯데백화점,부산광역시 동래구 중앙대로 1393,607716,47727,,4,,129.07747341266,35.2117052140663,롯데백화점
MA010120220810642419,현대부산무이,,G2,소매,G209,섬유·의복·신발 소매,G20902,여성 의류 소매업,G47412,여자용 겉옷 소매업,26,부산광역시,26170,동구,26170660,범일2동,2617010400,범일동,2617010400100620005,1,대지,62,5,부산광역시 동구 범일동 62-5,261703127051,부산광역시 동구 범일로,125,,2617010400100620005005551,현대백화점,부산광역시 동구 범일로 125,601718,48735,,4,,129.058567919742,35.1413052322577,현대백화점
MA010120220806952795,롯데센텀헤지스남성,,G2,소매,G209,섬유·의복·신발 소매,G20901,남성 의류 소매업,G47411,남자용 겉옷 소매업,26,부산광역시,26350,해운대구,26350520,우2동,2635010500,우동,2635010500114960000,1,대지,1496,,부산광역시 해운대구 우동 1496,263502133001,부산광역시 해운대구 센텀남대로,59,,2635010500114960000000001,롯데백화점,부산광역시 해운대구 센텀남대로 59,612022,48058,,,,129.131072074388,35.1698523216207,롯데백화점
MA010120220812544097,금양인터내셔날,롯데광복점,G2,소매,G206,음료 소매,G20602,주류 소매업,G47221,음료 소매업,26,부산광역시,26110,중구,26110510,중앙동,2611011000,중앙동7가,2611011000100200001,1,대지,20,1,부산광역시 중구 중앙동7가 20-1,261102000010,부산광역시 중구 중앙대로,2,,2611011000100200001000001,롯데백화점,부산광역시 중구 중앙대로 2,600017,48944,,,,129.036707345866,35.0983104003377,롯데백화점
MA010120220812687752,롯데백화점비비안,부산점,G2,소매,G209,섬유·의복·신발 소매,G20905,기타 의류 소매업,G47413,속옷 및 잠옷 소매업,26,부산광역시,26230,부산진구,26230520,부전2동,2623010300,부전동,2623010300105030015,1,대지,503,15,부산광역시 부산진구 부전동 503-15,262302006015,부산광역시 부산진구 가야대로,772,,2623010300105030015004104,롯데백화점,부산광역시 부산진구 가야대로 772,614732,47285,,3,,129.056412549351,35.1567968046828,롯데백화점
MA010120220806379808,마끼에센텀시티신세계점,,S2,수리·개인,S207,이용·미용,S20701,미용실,S96112,두발 미용업,26,부산광역시,26350,해운대구,26350520,우2동,2635010500,우동,2635010500114950000,1,대지,1495,,부산광역시 해운대구 우동 1495,263502133001,부산광역시 해운대구 센텀남대로,35,,2635010500114950000000001,신세계백화점,부산광역시 해운대구 센텀남대로 35,612022,48058,,8,,129.129519598026,35.1688162817484,신세계백화점
MA010120220811445495,컬럼비아롯데광복,백화점,G2,소매,G209,섬유·의복·신발 소매,G20905,기타 의류 소매업,G47419,기타 의복 소매업,26,부산광역시,26110,중구,26110510,중앙동,2611011000,중앙동7가,2611011000100200001,1,대지,20,1,부산광역시 중구 중앙동7가 20-1,261102000010,부산광역시 중구 중앙대로,2,,2611011000100200001000001,롯데백화점,부산광역시 중구 중앙대로 2,600017,48944,,7,,129.036707345866,35.0983104003377,롯데백화점
MA010120220812550915,동원GNC&천지인,,G2,소매,G205,식료품 소매,G20508,건강보조식품 소매업,G47217,건강 보조식품 소매업,26,부산광역시,26260,동래구,26260560,온천2동,2626010800,온천동,2626010800105020003,1,대지,502,3,부산광역시 동래구 온천동 502-3,262602000010,부산광역시 동래구 중앙대로,1393,,2626010800105020003000477,롯데동래백화점,부산광역시 동래구 중앙대로 1393,607716,47727,,1,,129.07747341266,35.2117052140663,롯데백화점
MA010120220810435842,리바이스,,G2,소매,G209,섬유·의복·신발 소매,G20905,기타 의류 소매업,G47414,셔츠 및 블라우스 소매업,26,부산광역시,26170,동구,26170660,범일2동,2617010400,범일동,2617010400100620005,1,대지,62,5,부산광역시 동구 범일동 62-5,261703127051,부산광역시 동구 범일로,125,,2617010400100620005005551,현대백화점,부산광역시 동구 범일로 125,601718,48735,,1,,129.058567919742,35.1413052322577,현대백화점
MA010120220806601892,엠아이슈트,해운대점,G2,소매,G209,섬유·의복·신발 소매,G20905,기타 의류 소매업,G47413,속옷 및 잠옷 소매업,26,부산광역시,26350,해운대구,26350551,좌1동,2635010700,좌동,2635010700114670004,1,대지,1467,4,부산광역시 해운대구 좌동 1467-4,263502006010,부산광역시 해운대구 해운대로,813,,2635010700114670004003745,해운대NC백화점,부산광역시 해운대구 해운대로 813,612836,48106,,5,,129.177051032177,35.1705302447392,NC백화점
MA010120220810888604,샤브보트롯데광복점,백화점,I2,음식,I201,한식,I20101,백반/한정식,I56111,한식 일반 음식점업,26,부산광역시,26110,중구,26110510,중앙동,2611011000,중앙동7가,2611011000100760001,1,대지,76,1,부산광역시 중구 중앙동7가 76-1,261102000010,부산광역시 중구 중앙대로,2,,2611011000100200001000001,롯데백화점,부산광역시 중구 중앙대로 2,600017,48944,,10,,129.036707345866,35.0983104003377,롯데백화점
MA010120220808798187,슈콤마보니,,G2,소매,G209,섬유·의복·신발 소매,G20910,신발 소매업,G47430,신발 소매업,26,부산광역시,26350,해운대구,26350520,우2동,2635010500,우동,2635010500114960000,1,대지,1496,,부산광역시 해운대구 우동 1496,263502133001,부산광역시 해운대구 센텀남대로,59,,2635010500114960000000001,롯데백화점,부산광역시 해운대구 센텀남대로 59,612022,48058,,3,,129.131072074388,35.1698523216207,롯데백화점
MA010120220810750998,국제식품정육삼락점주,백화점,G2,소매,G204,종합 소매,G20404,슈퍼마켓,G47121,슈퍼마켓,26,부산광역시,26530,사상구,26530580,삼락동,2653010100,삼락동,2653010100100730003,1,대지,73,3,부산광역시 사상구 삼락동 73-3,265302006002,부산광역시 사상구 낙동대로,1498,,2653010100100730003024158,,부산광역시 사상구 낙동대로 1498,617825,46903,,,,128.982920153613,35.1922309873967,기타/미상
MA010120220810681043,부산비데,백화점,G2,소매,G208,가전·통신 소매,G20803,가전제품 소매업,G47320,가전제품 소매업,26,부산광역시,26350,해운대구,26350520,우2동,2635010500,우동,2635010500110320005,1,대지,1032,5,부산광역시 해운대구 우동 1032-5,263502006010,부산광역시 해운대구 해운대로,433,,2635010500110320005000002,,부산광역시 해운대구 해운대로 433,612826,48064,,,,129.141980653588,35.1656677671183,기타/미상
MA010120220807934237,스타일노리터NC,해운대점,G2,소매,G209,섬유·의복·신발 소매,G20905,기타 의류 소매업,G47419,기타 의복 소매업,26,부산광역시,26350,해운대구,26350551,좌1동,2635010700,좌동,2635010700114670004,1,대지,1467,4,부산광역시 해운대구 좌동 1467-4,263502006010,부산광역시 해운대구 해운대로,813,,2635010700114670004003745,C백화점,부산광역시 해운대구 해운대로 813,612836,48106,,6,,129.177051032177,35.1705302447392,NC백화점
MA010120220808760973,국제명품옷수선,,S2,수리·개인,S206,기타 가정용품 수리,S20601,의류/이불 수선업,S95391,의복 및 기타 가정용 직물제품 수리업,26,부산광역시,26230,부산진구,26230520,부전2동,2623010300,부전동,2623010300105030015,1,대지,503,15,부산광역시 부산진구 부전동 503-15,262302006015,부산광역시 부산진구 가야대로,772,,2623010300105030015004104,롯데백화점,부산광역시 부산진구 가야대로 772,614732,47285,,2,,129.056412549351,35.1567968046828,롯데백화점
MA010120220814175930,롯데광복K2,,G2,소매,G209,섬유·의복·신발 소매,G20905,기타 의류 소매업,G47419,기타 의복 소매업,26,부산광역시,26110,중구,26110510,중앙동,2611011000,중앙동7가,2611011000100010001,1,대지,1,1,부산광역시 중구 중앙동7가 1-1,261102000010,부산광역시 중구 중앙대로,2,,2611011000100200001000001,롯데백화점,부산광역시 중구 중앙대로 2,600017,48944,,7,,129.036707345866,35.0983104003377,롯데백화점
MA010120220810996027,JK통상,,G2,소매,G209,섬유·의복·신발 소매,G20901,남성 의류 소매업,G47411,남자용 겉옷 소매업,26,부산광역시,26350,해운대구,26350520,우2동,2635010500,우동,2635010500114950000,1,대지,1495,,부산광역시 해운대구 우동 1495,263502133001,부산광역시 해운대구 센텀남대로,35,,2635010500114950000000001,신세계백화점,부산광역시 해운대구 센텀남대로 35,612022,48058,,5,,129.129519598026,35.1688162817484,신세계백화점
MA010120220810863151,밀레신세계,센텀시티점,G2,소매,G209,섬유·의복·신발 소매,G20905,기타 의류 소매업,G47419,기타 의복 소매업,26,부산광역시,26350,해운대구,26350520,우2동,2635010500,우동,2635010500114950000,1,대지,1495,,부산광역시 해운대구 우동 1495,263502133001,부산광역시 해운대구 센텀남대로,35,,2635010500114950000000001,신세계백화점,부산광역시 해운대구 센텀남대로 35,612022,48058,,3,,129.129519598026,35.1688162817484,신세계백화점
MA010120220810632967,플리츠플리즈,,G2,소매,G209,섬유·의복·신발 소매,G20902,여성 의류 소매업,G47412,여자용 겉옷 소매업,26,부산광역시,26230,부산진구,26230520,부전2동,2623010300,부전동,2623010300105030015,1,대지,503,15,부산광역시 부산진구 부전동 503-15,262302006015,부산광역시 부산진구 가야대로,772,,2623010300105030015004104,롯데백화점,부산광역시 부산진구 가야대로 772,614732,47285,,2,,129.056412549351,35.1567968046828,롯데백화점
MA010120220804791697,NC제이케이,해운대,G2,소매,G209,섬유·의복·신발 소매,G20902,여성 의류 소매업,G47412,여자용 겉옷 소매업,26,부산광역시,26350,해운대구,26350551,좌1동,2635010700,좌동,2635010700114670004,1,대지,1467,4,부산광역시 해운대구 좌동 1467-4,263502006010,부산광역시 해운대구 해운대로,813,,2635010700114670004003745,C백화점,부산광역시 해운대구 해운대로 813,612836,48106,,3,,129.177051032177,35.1705302447392,NC백화점
MA010120220813628743,동민수산시마스시부산,,I2,음식,I203,일식,I20301,일식 회/초밥,I56122,일식 음식점업,26,부산광역시,26230,부산진구,26230520,부전2동,2623010300,부전동,2623010300105030015,1,대지,503,15,부산광역시 부산진구 부전동 503-15,262302006015,부산광역시 부산진구 가야대로,772,,2623010300105030015004104,롯데백화점,부산광역시 부산진구 가야대로 772,614732,47285,,2,,129.056412549351,35.1567968046828,롯데백화점
MA010120220810996708,압소바신세계센텀,,G2,소매,G209,섬유·의복·신발 소매,G20903,유아용 의류 소매업,G47417,유아용 의류 소매업,26,부산광역시,26350,해운대구,26350520,우2동,2635010500,우동,2635010500114950000,1,대지,1495,,부산광역시 해운대구 우동 1495,263502133001,부산광역시 해운대구 센텀남대로,35,,2635010500114950000000001,센텀시티신세계백화점,부산광역시 해운대구 센텀남대로 35,612022,48058,,6,,129.129519598026,35.1688162817484,신세계백화점
MA010120220810477362,동화10호,백화점,G2,소매,G209,섬유·의복·신발 소매,G20902,여성 의류 소매업,G47412,여자용 겉옷 소매업,26,부산광역시,26110,중구,26110570,광복동,2611013200,창선동2가,2611013200100100001,1,대지,10,1,부산광역시 중구 창선동2가 10-1,261104175009,부산광역시 중구 광복로37번길,3,1,2611013200100100001000433,,부산광역시 중구 광복로37번길 3-1,600819,48946,,,,129.029106720204,35.0995643607108,동화백화점
MA010120220811391622,신발,백화점,G2,소매,G209,섬유·의복·신발 소매,G20910,신발 소매업,G47430,신발 소매업,26,부산광역시,26290,남구,26290510,대연1동,2629010600,대연동,2629010600117550017,1,대지,1755,17,부산광역시 남구 대연동 1755-17,262903131036,부산광역시 남구 천제등로,27,,2629010600117550017029591,,부산광역시 남구 천제등로 27,608813,48493,,,,129.088390093046,35.133288083441,기타/미상
MA010120220803714276,트렉스타,롯데광복점,G2,소매,G213,오락용품 소매,G21304,운동용품 소매업,G47631,운동 및 경기용품 소매업,26,부산광역시,26110,중구,26110510,중앙동,2611011000,중앙동7가,2611011000100200001,1,대지,20,1,부산광역시 중구 중앙동7가 20-1,261102000010,부산광역시 중구 중앙대로,2,,2611011000100200001000001,롯데백화점,부산광역시 중구 중앙대로 2,600017,48944,,5,,129.036707345866,35.0983104003377,롯데백화점
MA010120220810616032,말본골프,,G2,소매,G209,섬유·의복·신발 소매,G20905,기타 의류 소매업,G47419,기타 의복 소매업,26,부산광역시,26350,해운대구,26350520,우2동,2635010500,우동,2635010500114950000,1,대지,1495,,부산광역시 해운대구 우동 1495,263502133001,부산광역시 해운대구 센텀남대로,35,,2635010500114950000000001,신세계백화점,부산광역시 해운대구 센텀남대로 35,612022,48058,,6,,129.129519598026,35.1688162817484,신세계백화점
MA010120220811593596,지오지아,,G2,소매,G209,섬유·의복·신발 소매,G20901,남성 의류 소매업,G47411,남자용 겉옷 소매업,26,부산광역시,26170,동구,26170660,범일2동,2617010400,범일동,2617010400100620005,1,대지,62,5,부산광역시 동구 범일동 62-5,261703127051,부산광역시 동구 범일로,125,,2617010400100620005005551,현대백화점,부산광역시 동구 범일로 125,601718,48735,,5,,129.058567919742,35.1413052322577,현대백화점
MA010120220812933295,롯데백화점부FIFA,산본점,G2,소매,G209,섬유·의복·신발 소매,G20910,신발 소매업,G47430,신발 소매업,26,부산광역시,26230,부산진구,26230520,부전2동,2623010300,부전동,2623010300105030015,1,대지,503,15,부산광역시 부산진구 부전동 503-15,262302006015,부산광역시 부산진구 가야대로,772,,2623010300105030015004104,롯데백화점,부산광역시 부산진구 가야대로 772,614732,47285,,7,,129.056412549351,35.1567968046828,롯데백화점
MA010120220807717537,오조크,,G2,소매,G209,섬유·의복·신발 소매,G20905,기타 의류 소매업,G47414,셔츠 및 블라우스 소매업,26,부산광역시,26350,해운대구,26350520,우2동,2635010500,우동,2635010500114950000,1,대지,1495,,부산광역시 해운대구 우동 1495,263502133001,부산광역시 해운대구 센텀남대로,35,,2635010500114950000000001,신세계백화점,부산광역시 해운대구 센텀남대로 35,612022,48058,,4,,129.129519598026,35.1688162817484,신세계백화점
MA010120220813597865,아딸허브,,I2,음식,I210,기타 간이,I21007,김밥/만두/분식,I56194,김밥 및 기타 간이 음식점업,26,부산광역시,26350,해운대구,26350520,우2동,2635010500,우동,2635010500114960000,1,대지,1496,,부산광역시 해운대구 우동 1496,263502133001,부산광역시 해운대구 센텀남대로,59,,2635010500114960000000001,롯데백화점,부산광역시 해운대구 센텀남대로 59,612022,48058,,1,,129.131072074388,35.1698523216207,롯데백화점
MA010120220810324419,롯데피엘라벤,백화점,G2,소매,G209,섬유·의복·신발 소매,G20905,기타 의류 소매업,G47419,기타 의복 소매업,26,부산광역시,26230,부산진구,26230520,부전2동,2623010300,부전동,2623010300105030015,1,대지,503,15,부산광역시 부산진구 부전동 503-15,262302006015,부산광역시 부산진구 가야대로,772,,2623010300105030015004104,롯데백화점,부산광역시 부산진구 가야대로 772,614732,47285,,5,,129.056412549351,35.1567968046828,롯데백화점
MA010120220810628364,아이잗컬렉션현대부산,,G2,소매,G209,섬유·의복·신발 소매,G20902,여성 의류 소매업,G47412,여자용 겉옷 소매업,26,부산광역시,26170,동구,26170660,범일2동,2617010400,범일동,2617010400100620005,1,대지,62,5,부산광역시 동구 범일동 62-5,261703127051,부산광역시 동구 범일로,125,,2617010400100620005005551,현대백화점,부산광역시 동구 범일로 125,601718,48735,,2,,129.058567919742,35.1413052322577,현대백화점
MA010120220810644957,롯데빈폴레이디,부산점,G2,소매,G209,섬유·의복·신발 소매,G20902,여성 의류 소매업,G47412,여자용 겉옷 소매업,26,부산광역시,26230,부산진구,26230520,부전2동,2623010300,부전동,2623010300105030015,1,대지,503,15,부산광역시 부산진구 부전동 503-15,262302006015,부산광역시 부산진구 가야대로,772,,2623010300105030015004104,롯데부산백화점,부산광역시 부산진구 가야대로 772,614732,47285,,2,,129.056412549351,35.1567968046828,롯데백화점
MA010120220806367377,스케쳐스NC,해운대점,G2,소매,G209,섬유·의복·신발 소매,G20910,신발 소매업,G47430,신발 소매업,26,부산광역시,26350,해운대구,26350551,좌1동,2635010700,좌동,2635010700114670004,1,대지,1467,4,부산광역시 해운대구 좌동 1467-4,263502006010,부산광역시 해운대구 해운대로,813,,2635010700114670004003745,C백화점,부산광역시 해운대구 해운대로 813,612836,48106,,5,,129.177051032177,35.1705302447392,NC백화점
MA010120220805250112,문스시신세계백화점,센텀시티점,I2,음식,I203,일식,I20301,일식 회/초밥,I56122,일식 음식점업,26,부산광역시,26350,해운대구,26350520,우2동,2635010500,우동,2635010500114950000,1,대지,1495,,부산광역시 해운대구 우동 1495,263502133001,부산광역시 해운대구 센텀남대로,35,,2635010500114950000000001,신세계백화점,부산광역시 해운대구 센텀남대로 35,612022,48058,,9,,129.129519598026,35.1688162817484,신세계백화점
MA010120220811432221,빌라봉신세계,센텀시티점,G2,소매,G209,섬유·의복·신발 소매,G20905,기타 의류 소매업,G47419,기타 의복 소매업,26,부산광역시,26350,해운대구,26350520,우2동,2635010500,우동,2635010500114950000,1,대지,1495,,부산광역시 해운대구 우동 1495,263502133001,부산광역시 해운대구 센텀남대로,35,,2635010500114950000000001,신세계백화점,부산광역시 해운대구 센텀남대로 35,612022,48058,,2,,129.129519598026,35.1688162817484,신세계백화점
MA010120220810643496,이따리아나롯데부산,,G2,소매,G209,섬유·의복·신발 소매,G20902,여성 의류 소매업,G47412,여자용 겉옷 소매업,26,부산광역시,26230,부산진구,26230520,부전2동,2623010300,부전동,2623010300105030015,1,대지,503,15,부산광역시 부산진구 부전동 503-15,262302006015,부산광역시 부산진구 가야대로,772,,2623010300105030015004104,롯데백화점,부산광역시 부산진구 가야대로 772,614732,47285,,3,,129.056412549351,35.1567968046828,롯데백화점
MA010120220810667002,자연원부,산본점,G2,소매,G205,식료품 소매,G20506,채소/과일 소매업,G47215,채소; 과실 및 뿌리작물 소매업,26,부산광역시,26230,부산진구,26230520,부전2동,2623010300,부전동,2623010300105030015,1,대지,503,15,부산광역시 부산진구 부전동 503-15,262302006015,부산광역시 부산진구 가야대로,772,,2623010300105030015004104,롯데백화점,부산광역시 부산진구 가야대로 772,614732,47285,,1,,129.056412549351,35.1567968046828,롯데백화점
MA010120220800692424,뉴발란스키즈,,G2,소매,G209,섬유·의복·신발 소매,G20905,기타 의류 소매업,G47419,기타 의복 소매업,26,부산광역시,26170,동구,26170660,범일2동,2617010400,범일동,2617010400100620005,1,대지,62,5,부산광역시 동구 범일동 62-5,261703127051,부산광역시 동구 범일로,125,,2617010400100620005005551,현대백화점,부산광역시 동구 범일로 125,601718,48735,,7,,129.058567919742,35.1413052322577,현대백화점
MA010120220804788083,똑똑블럭,,R1,예술·스포츠,R104,유원지·오락,R10405,기타 오락장,R91229,기타 오락장 운영업,26,부산광역시,26110,중구,26110510,중앙동,2611011000,중앙동7가,2611011000100010001,1,대지,1,1,부산광역시 중구 중앙동7가 1-1,261102000010,부산광역시 중구 중앙대로,2,,2611011000100200001000001,롯데백화점,부산광역시 중구 중앙대로 2,600017,48944,,4,,129.036707345866,35.0983104003377,롯데백화점
MA010120220811618250,신디키즈,,G2,소매,G209,섬유·의복·신발 소매,G20903,유아용 의류 소매업,G47417,유아용 의류 소매업,26,부산광역시,26410,금정구,26410610,장전2동,2641010800,장전동,2641010800100400000,1,대지,40,,부산광역시 금정구 장전동 40,264104205206,부산광역시 금정구 부산대학로63번길,2,,2641010800100400000000001,NC백화점,부산광역시 금정구 부산대학로63번길 2,609737,46241,,4,,129.083829027579,35.2322412765478,NC백화점
MA010120220808471560,보그너,,G2,소매,G209,섬유·의복·신발 소매,G20905,기타 의류 소매업,G47419,기타 의복 소매업,26,부산광역시,26170,동구,26170660,범일2동,2617010400,범일동,2617010400100620005,1,대지,62,5,부산광역시 동구 범일동 62-5,261703127051,부산광역시 동구 범일로,125,,2617010400100620005005551,현대백화점,부산광역시 동구 범일로 125,601718,48735,,,,129.058567919742,35.1413052322577,현대백화점
MA010120220811679529,비오비,,G2,소매,G209,섬유·의복·신발 소매,G20901,남성 의류 소매업,G47411,남자용 겉옷 소매업,26,부산광역시,26110,중구,26110510,중앙동,2611011000,중앙동7가,2611011000100200001,1,대지,20,1,부산광역시 중구 중앙동7가 20-1,261102000010,부산광역시 중구 중앙대로,2,,2611011000100200001000001,롯데백화점,부산광역시 중구 중앙대로 2,600017,48944,,6,,129.036707345866,35.0983104003377,롯데백화점
MA010120220803192280,써스데이아일랜드신세계센텀시티,,G2,소매,G209,섬유·의복·신발 소매,G20902,여성 의류 소매업,G47412,여자용 겉옷 소매업,26,부산광역시,26350,해운대구,26350520,우2동,2635010500,우동,2635010500114950000,1,대지,1495,,부산광역시 해운대구 우동 1495,263502133001,부산광역시 해운대구 센텀남대로,35,,2635010500114950000000001,신세계백화점,부산광역시 해운대구 센텀남대로 35,612022,48058,,4,,129.129519598026,35.1688162817484,신세계백화점
MA010120220805062850,롯데동래WAAC골프,,G2,소매,G209,섬유·의복·신발 소매,G20901,남성 의류 소매업,G47411,남자용 겉옷 소매업,26,부산광역시,26260,동래구,26260560,온천2동,2626010800,온천동,2626010800105020003,1,대지,502,3,부산광역시 동래구 온천동 502-3,262602000010,부산광역시 동래구 중앙대로,1393,,2626010800105020003000477,롯데백화점,부산광역시 동래구 중앙대로 1393,607716,47727,,6,,129.07747341266,35.2117052140663,롯데백화점
MA010120220808161278,롯데백화점부트위,산본점,G2,소매,G209,섬유·의복·신발 소매,G20902,여성 의류 소매업,G47412,여자용 겉옷 소매업,26,부산광역시,26230,부산진구,26230520,부전2동,2623010300,부전동,2623010300105030015,1,대지,503,15,부산광역시 부산진구 부전동 503-15,262302006015,부산광역시 부산진구 가야대로,772,,2623010300105030015004104,롯데백화점,부산광역시 부산진구 가야대로 772,614732,47285,,7,,129.056412549351,35.1567968046828,롯데백화점
MA010120220803363511,아이잗바바현대,부산점,G2,소매,G209,섬유·의복·신발 소매,G20902,여성 의류 소매업,G47412,여자용 겉옷 소매업,26,부산광역시,26170,동구,26170660,범일2동,2617010400,범일동,2617010400100620005,1,대지,62,5,부산광역시 동구 범일동 62-5,261703127051,부산광역시 동구 범일로,125,,2617010400100620005005551,현대백화점,부산광역시 동구 범일로 125,601718,48735,,3,,129.058567919742,35.1413052322577,현대백화점
MA010120220810033633,롯데광복점뉴발란스키즈,백화점,G2,소매,G209,섬유·의복·신발 소매,G20905,기타 의류 소매업,G47419,기타 의복 소매업,26,부산광역시,26110,중구,26110510,중앙동,2611011000,중앙동7가,2611011000100200001,1,대지,20,1,부산광역시 중구 중앙동7가 20-1,261102000010,부산광역시 중구 중앙대로,2,,2611011000100200001000001,롯데백화점,부산광역시 중구 중앙대로 2,600017,48944,,8,,129.036707345866,35.0983104003377,롯데백화점
MA010120220805483308,올젠,,G2,소매,G209,섬유·의복·신발 소매,G20901,남성 의류 소매업,G47411,남자용 겉옷 소매업,26,부산광역시,26170,동구,26170660,범일2동,2617010400,범일동,2617010400100620005,1,대지,62,5,부산광역시 동구 범일동 62-5,261703127051,부산광역시 동구 범일로,125,,2617010400100620005005551,현대백화점,부산광역시 동구 범일로 125,601718,48735,,5,,129.058567919742,35.1413052322577,현대백화점
MA010120220803145743,쁘렝땅,,G2,소매,G209,섬유·의복·신발 소매,G20902,여성 의류 소매업,G47412,여자용 겉옷 소매업,26,부산광역시,26230,부산진구,26230520,부전2동,2623010300,부전동,2623010300105030015,1,대지,503,15,부산광역시 부산진구 부전동 503-15,262302006015,부산광역시 부산진구 가야대로,772,,2623010300105030015004104,롯데백화점,부산광역시 부산진구 가야대로 772,614732,47285,,3,,129.056412549351,35.1567968046828,롯데백화점
MA010120220809830858,게스,,G2,소매,G209,섬유·의복·신발 소매,G20905,기타 의류 소매업,G47414,셔츠 및 블라우스 소매업,26,부산광역시,26230,부산진구,26230600,전포1동,2623010200,전포동,2623010200106680001,1,대지,668,1,부산광역시 부산진구 전포동 668-1,262303129010,부산광역시 부산진구 동천로,92,,2623010200106680001044509,C백화점,부산광역시 부산진구 동천로 92,614772,47293,,2,,129.063013297817,35.1570359960725,NC백화점
MA010120220810781020,롯데백화점부르베이지,산본점,G2,소매,G209,섬유·의복·신발 소매,G20902,여성 의류 소매업,G47412,여자용 겉옷 소매업,26,부산광역시,26230,부산진구,26230520,부전2동,2623010300,부전동,2623010300105030015,1,대지,503,15,부산광역시 부산진구 부전동 503-15,262302006015,부산광역시 부산진구 가야대로,772,,2623010300105030015004104,롯데백화점,부산광역시 부산진구 가야대로 772,614732,47285,,3,,129.056412549351,35.1567968046828,롯데백화점
MA010120220813008947,뉴발란스키즈,,G2,소매,G209,섬유·의복·신발 소매,G20901,남성 의류 소매업,G47411,남자용 겉옷 소매업,26,부산광역시,26170,동구,26170660,범일2동,2617010400,범일동,2617010400100620005,1,대지,62,5,부산광역시 동구 범일동 62-5,261703127051,부산광역시 동구 범일로,125,,2617010400100620005005551,현대백화점,부산광역시 동구 범일로 125,601718,48735,,7,,129.058567919742,35.1413052322577,현대백화점
MA010120220808425267,위자드옷수선,,S2,수리·개인,S206,기타 가정용품 수리,S20601,의류/이불 수선업,S95391,의복 및 기타 가정용 직물제품 수리업,26,부산광역시,26110,중구,26110510,중앙동,2611011000,중앙동7가,2611011000100200001,1,대지,20,1,부산광역시 중구 중앙동7가 20-1,261102000010,부산광역시 중구 중앙대로,2,,2611011000100200001000001,롯데백화점,부산광역시 중구 중앙대로 2,600017,48944,,4,,129.036707345866,35.0983104003377,롯데백화점
MA010120220812897077,더샘,,G2,소매,G215,의약·화장품 소매,G21503,화장품 소매업,G47813,화장품; 비누 및 방향제 소매업,26,부산광역시,26170,동구,26170660,범일2동,2617010400,범일동,2617010400100620005,1,대지,62,5,부산광역시 동구 범일동 62-5,261703127051,부산광역시 동구 범일로,125,,2617010400100620005005551,현대백화점,부산광역시 동구 범일로 125,601718,48735,,2,,129.058567919742,35.1413052322577,현대백화점
MA010120220806714392,롯데부산프리미아타/필립모델,,G2,소매,G209,섬유·의복·신발 소매,G20910,신발 소매업,G47430,신발 소매업,26,부산광역시,26230,부산진구,26230520,부전2동,2623010300,부전동,2623010300105030015,1,대지,503,15,부산광역시 부산진구 부전동 503-15,262302006015,부산광역시 부산진구 가야대로,772,,2623010300105030015004104,롯데백화점,부산광역시 부산진구 가야대로 772,614732,47285,,2,,129.056412549351,35.1567968046828,롯데백화점
MA010120220811690515,아디다스키즈,,G2,소매,G209,섬유·의복·신발 소매,G20905,기타 의류 소매업,G47419,기타 의복 소매업,26,부산광역시,26110,중구,26110510,중앙동,2611011000,중앙동7가,2611011000100200001,1,대지,20,1,부산광역시 중구 중앙동7가 20-1,261102000010,부산광역시 중구 중앙대로,2,,2611011000100200001000001,롯데백화점,부산광역시 중구 중앙대로 2,600017,48944,,8,,129.036707345866,35.0983104003377,롯데백화점
MA010120220806838834,코코리타,,G2,소매,G209,섬유·의복·신발 소매,G20905,기타 의류 소매업,G47419,기타 의복 소매업,26,부산광역시,26350,해운대구,26350551,좌1동,2635010700,좌동,2635010700114670004,1,대지,1467,4,부산광역시 해운대구 좌동 1467-4,263502006010,부산광역시 해운대구 해운대로,813,,2635010700114670004003745,C백화점,부산광역시 해운대구 해운대로 813,612836,48106,,6,,129.177051032177,35.1705302447392,NC백화점
MA010120220800160842,롯데부산스트레치엔젤스,,G2,소매,G209,섬유·의복·신발 소매,G20911,가방 소매업,G47440,가방 및 기타 가죽제품 소매업,26,부산광역시,26230,부산진구,26230520,부전2동,2623010300,부전동,2623010300105030015,1,대지,503,15,부산광역시 부산진구 부전동 503-15,262302006015,부산광역시 부산진구 가야대로,772,,2623010300105030015004104,롯데백화점,부산광역시 부산진구 가야대로 772,614732,47285,,1,,129.056412549351,35.1567968046828,롯데백화점
MA010120220800625406,엠디에스오케이유통롯데동래,,G2,소매,G206,음료 소매,G20602,주류 소매업,G47221,음료 소매업,26,부산광역시,26260,동래구,26260560,온천2동,2626010800,온천동,2626010800105020003,1,대지,502,3,부산광역시 동래구 온천동 502-3,262602000010,부산광역시 동래구 중앙대로,1393,,2626010800105020003000477,롯데백화점,부산광역시 동래구 중앙대로 1393,607716,47727,,,,129.07747341266,35.2117052140663,롯데백화점
MA010120220810463378,동화３７호,백화점,G2,소매,G209,섬유·의복·신발 소매,G20902,여성 의류 소매업,G47412,여자용 겉옷 소매업,26,부산광역시,26110,중구,26110570,광복동,2611013200,창선동2가,2611013200100100002,1,대지,10,2,부산광역시 중구 창선동2가 10-2,261104175008,부산광역시 중구 광복로35번길,4,,2611013200100100002004263,,부산광역시 중구 광복로35번길 4,600819,48946,,,,129.02899778278,35.0995932198247,동화백화점
MA010120220806841165,블랙야크키즈,,G2,소매,G209,섬유·의복·신발 소매,G20905,기타 의류 소매업,G47419,기타 의복 소매업,26,부산광역시,26170,동구,26170660,범일2동,2617010400,범일동,2617010400100620005,1,대지,62,5,부산광역시 동구 범일동 62-5,261703127051,부산광역시 동구 범일로,125,,2617010400100620005005551,현대백화점,부산광역시 동구 범일로 125,601718,48735,,7,,129.058567919742,35.1413052322577,현대백화점
MA010120220812406665,크록스롯데센텀시티,,G2,소매,G209,섬유·의복·신발 소매,G20910,신발 소매업,G47430,신발 소매업,26,부산광역시,26350,해운대구,26350520,우2동,2635010500,우동,2635010500114960000,1,대지,1496,,부산광역시 해운대구 우동 1496,263502133001,부산광역시 해운대구 센텀남대로,59,,2635010500114960000000001,롯데백화점,부산광역시 해운대구 센텀남대로 59,612022,48058,,5,,129.131072074388,35.1698523216207,롯데백화점
MA010120220806869152,정상,,G2,소매,G209,섬유·의복·신발 소매,G20905,기타 의류 소매업,G47419,기타 의복 소매업,26,부산광역시,26410,금정구,26410610,장전2동,2641010800,장전동,2641010800100400000,1,대지,40,,부산광역시 금정구 장전동 40,264104205206,부산광역시 금정구 부산대학로63번길,2,,2641010800100400000000001,NC백화점,부산광역시 금정구 부산대학로63번길 2,609737,46241,,4,,129.083829027579,35.2322412765478,NC백화점
MA010120220809196573,신세계센텀바버,,G2,소매,G209,섬유·의복·신발 소매,G20901,남성 의류 소매업,G47411,남자용 겉옷 소매업,26,부산광역시,26350,해운대구,26350520,우2동,2635010500,우동,2635010500114950000,1,대지,1495,,부산광역시 해운대구 우동 1495,263502133001,부산광역시 해운대구 센텀남대로,35,,2635010500114950000000001,신세계백화점,부산광역시 해운대구 센텀남대로 35,612022,48058,,5,,129.129519598026,35.1688162817484,신세계백화점
MA010120220803560835,강산면옥,부산지점,I2,음식,I201,한식,I20106,냉면/밀면,I56112,한식 면 요리 전문점,26,부산광역시,26230,부산진구,26230520,부전2동,2623010300,부전동,2623010300105030015,1,대지,503,15,부산광역시 부산진구 부전동 503-15,262302006015,부산광역시 부산진구 가야대로,772,,2623010300105030015004104,롯데백화점,부산광역시 부산진구 가야대로 772,614732,47285,,9,,129.056412549351,35.1567968046828,롯데백화점
MA010120220811424520,수림,,I2,음식,I210,기타 간이,I21099,그 외 기타 간이 음식점,I56199,간이 음식 포장 판매 전문점,26,부산광역시,26350,해운대구,26350520,우2동,2635010500,우동,2635010500114950000,1,대지,1495,,부산광역시 해운대구 우동 1495,263502133001,부산광역시 해운대구 센텀남대로,35,,2635010500114950000000001,센텀시티신세계백화점,부산광역시 해운대구 센텀남대로 35,612022,48058,,1,,129.129519598026,35.1688162817484,신세계백화점
MA010120220805174874,씨씨콜렉트,,G2,소매,G209,섬유·의복·신발 소매,G20902,여성 의류 소매업,G47412,여자용 겉옷 소매업,26,부산광역시,26350,해운대구,26350520,우2동,2635010500,우동,2635010500114960000,1,대지,1496,,부산광역시 해운대구 우동 1496,263502133001,부산광역시 해운대구 센텀남대로,59,,2635010500114960000000001,롯데백화점,부산광역시 해운대구 센텀남대로 59,612022,48058,,,,129.131072074388,35.1698523216207,롯데백화점
MA010120220800369883,네파현대부산,,G2,소매,G209,섬유·의복·신발 소매,G20905,기타 의류 소매업,G47419,기타 의복 소매업,26,부산광역시,26170,동구,26170660,범일2동,2617010400,범일동,2617010400100620005,1,대지,62,5,부산광역시 동구 범일동 62-5,261703127051,부산광역시 동구 범일로,125,,2617010400100620005005551,현대백화점,부산광역시 동구 범일로 125,601718,48735,,6,,129.058567919742,35.1413052322577,현대백화점
MA010120220810793868,나우,,G2,소매,G209,섬유·의복·신발 소매,G20901,남성 의류 소매업,G47411,남자용 겉옷 소매업,26,부산광역시,26230,부산진구,26230520,부전2동,2623010300,부전동,2623010300105030015,1,대지,503,15,부산광역시 부산진구 부전동 503-15,262302006015,부산광역시 부산진구 가야대로,772,,2623010300105030015004104,롯데백화점,부산광역시 부산진구 가야대로 772,614732,47285,,5,,129.056412549351,35.1567968046828,롯데백화점
MA010120220810477930,롯데백화점부밍크뮤,산본점,G2,소매,G209,섬유·의복·신발 소매,G20903,유아용 의류 소매업,G47417,유아용 의류 소매업,26,부산광역시,26230,부산진구,26230520,부전2동,2623010300,부전동,2623010300105030015,1,대지,503,15,부산광역시 부산진구 부전동 503-15,262302006015,부산광역시 부산진구 가야대로,772,,2623010300105030015004104,롯데백화점,부산광역시 부산진구 가야대로 772,614732,47285,,6,,129.056412549351,35.1567968046828,롯데백화점
MA010120220811438341,레노마홈,센텀점,G2,소매,G209,섬유·의복·신발 소매,G20906,침구류/커튼 소매업,G47421,가정용 직물제품 소매업,26,부산광역시,26350,해운대구,26350520,우2동,2635010500,우동,2635010500114950000,1,대지,1495,,부산광역시 해운대구 우동 1495,263502133001,부산광역시 해운대구 센텀남대로,35,,2635010500114950000000001,신세계백화점,부산광역시 해운대구 센텀남대로 35,612022,48058,,7,,129.129519598026,35.1688162817484,신세계백화점
MA010120220808756259,케이엘서면nc,,G2,소매,G209,섬유·의복·신발 소매,G20902,여성 의류 소매업,G47412,여자용 겉옷 소매업,26,부산광역시,26230,부산진구,26230600,전포1동,2623010200,전포동,2623010200106680001,1,대지,668,1,부산광역시 부산진구 전포동 668-1,262303129010,부산광역시 부산진구 동천로,92,,2623010200106680001044509,C백화점,부산광역시 부산진구 동천로 92,614772,47293,,3,,129.063013297817,35.1570359960725,NC백화점
MA010120220810160986,총각정육,백화점,G2,소매,G205,식료품 소매,G20503,정육점,G47212,육류 소매업,26,부산광역시,26530,사상구,26530670,학장동,2653010700,학장동,2653010700105350003,1,대지,535,3,부산광역시 사상구 학장동 535-3,265302006017,부산광역시 사상구 학감대로,128,,2653010700105350003011346,,부산광역시 사상구 학감대로 128,617841,47047,,,,128.988428137809,35.1425400037124,기타/미상
MA010120220809967609,동민수산스시츠카무,센텀시티점,I2,음식,I203,일식,I20301,일식 회/초밥,I56122,일식 음식점업,26,부산광역시,26350,해운대구,26350520,우2동,2635010500,우동,2635010500114960000,1,대지,1496,,부산광역시 해운대구 우동 1496,263502133001,부산광역시 해운대구 센텀남대로,59,,2635010500114960000000001,롯데백화점,부산광역시 해운대구 센텀남대로 59,612022,48058,,1,,129.131072074388,35.1698523216207,롯데백화점
MA010120220805959827,마제스티바버샵,,S2,수리·개인,S207,이용·미용,S20701,미용실,S96111,이용업,26,부산광역시,26230,부산진구,26230520,부전2동,2623010300,부전동,2623010300105030015,1,대지,503,15,부산광역시 부산진구 부전동 503-15,262302006015,부산광역시 부산진구 가야대로,772,,2623010300105030015004104,부전롯데백화점,부산광역시 부산진구 가야대로 772,614732,47285,,4,,129.056412549351,35.1567968046828,롯데백화점
MA010120220809632236,엄브로,,G2,소매,G209,섬유·의복·신발 소매,G20905,기타 의류 소매업,G47419,기타 의복 소매업,26,부산광역시,26260,동래구,26260560,온천2동,2626010800,온천동,2626010800105020003,1,대지,502,3,부산광역시 동래구 온천동 502-3,262602000010,부산광역시 동래구 중앙대로,1393,,2626010800105020003000477,롯데백화점,부산광역시 동래구 중앙대로 1393,607716,47727,,5,,129.07747341266,35.2117052140663,롯데백화점
MA010120220806510878,롯데휠라키즈,부산점,G2,소매,G209,섬유·의복·신발 소매,G20905,기타 의류 소매업,G47419,기타 의복 소매업,26,부산광역시,26230,부산진구,26230520,부전2동,2623010300,부전동,2623010300105030015,1,대지,503,15,부산광역시 부산진구 부전동 503-15,262302006015,부산광역시 부산진구 가야대로,772,,2623010300105030015004104,롯데백화점,부산광역시 부산진구 가야대로 772,614732,47285,,6,,129.056412549351,35.1567968046828,롯데백화점
MA010120220810772036,비씨비지,,G2,소매,G209,섬유·의복·신발 소매,G20902,여성 의류 소매업,G47412,여자용 겉옷 소매업,26,부산광역시,26350,해운대구,26350551,좌1동,2635010700,좌동,2635010700114670004,1,대지,1467,4,부산광역시 해운대구 좌동 1467-4,263502006010,부산광역시 해운대구 해운대로,813,,2635010700114670004003745,C백화점,부산광역시 해운대구 해운대로 813,612836,48106,,2,,129.177051032177,35.1705302447392,NC백화점
MA010120220804863801,하나돈까스,광복점,I2,음식,I203,일식,I20302,일식 카레/돈가스/덮밥,I56122,일식 음식점업,26,부산광역시,26110,중구,26110510,중앙동,2611011000,중앙동7가,2611011000100010001,1,대지,1,1,부산광역시 중구 중앙동7가 1-1,261102000010,부산광역시 중구 중앙대로,2,,2611011000100200001000001,롯데백화점,부산광역시 중구 중앙대로 2,600017,48944,,10,,129.036707345866,35.0983104003377,롯데백화점
MA010120220810529599,서면NC오스턴리드,,G2,소매,G209,섬유·의복·신발 소매,G20901,남성 의류 소매업,G47411,남자용 겉옷 소매업,26,부산광역시,26230,부산진구,26230600,전포1동,2623010200,전포동,2623010200106680001,1,대지,668,1,부산광역시 부산진구 전포동 668-1,262303129010,부산광역시 부산진구 동천로,92,,2623010200106680001044509,C백화점,부산광역시 부산진구 동천로 92,614772,47293,,,,129.063013297817,35.1570359960725,NC백화점
MA010120220809279522,플라스틱아일랜드,,G2,소매,G209,섬유·의복·신발 소매,G20902,여성 의류 소매업,G47412,여자용 겉옷 소매업,26,부산광역시,26110,중구,26110510,중앙동,2611011000,중앙동7가,2611011000100200001,1,대지,20,1,부산광역시 중구 중앙동7가 20-1,261102000010,부산광역시 중구 중앙대로,2,,2611011000100200001000001,롯데백화점,부산광역시 중구 중앙대로 2,600017,48944,,,,129.036707345866,35.0983104003377,롯데백화점
MA010120220811424794,라코스테ACC,,G2,소매,G209,섬유·의복·신발 소매,G20911,가방 소매업,G47440,가방 및 기타 가죽제품 소매업,26,부산광역시,26230,부산진구,26230520,부전2동,2623010300,부전동,2623010300105030015,1,대지,503,15,부산광역시 부산진구 부전동 503-15,262302006015,부산광역시 부산진구 가야대로,772,,2623010300105030015004104,롯데백화점,부산광역시 부산진구 가야대로 772,614732,47285,,1,,129.056412549351,35.1567968046828,롯데백화점
MA010120220814328668,블럭버스,해운대점,N1,시설관리·임대,N110,가정용품 대여,N11001,스포츠/레크리에이션 용품 대여업,N76210,스포츠 및 레크리에이션 용품 임대업,26,부산광역시,26350,해운대구,26350551,좌1동,2635010700,좌동,2635010700114670004,1,대지,1467,4,부산광역시 해운대구 좌동 1467-4,263502006010,부산광역시 해운대구 해운대로,813,,2635010700114670004003745,C백화점,부산광역시 해운대구 해운대로 813,612836,48106,,6,,129.177051032177,35.1705302447392,NC백화점
MA010120220805401541,남항고기,백화점,G2,소매,G205,식료품 소매,G20503,정육점,G47212,육류 소매업,26,부산광역시,26200,영도구,26200540,영선1동,2620010900,영선동2가,2620010900100020015,1,대지,2,15,부산광역시 영도구 영선동2가 2-15,262004184219,부산광역시 영도구 절영로43번길,55,,2620010900100020015018725,,부산광역시 영도구 절영로43번길 55,606042,49053,,1,,129.041755860509,35.0897003491236,기타/미상
MA010120220806990651,신세계센텀닥스여성,,G2,소매,G209,섬유·의복·신발 소매,G20902,여성 의류 소매업,G47412,여자용 겉옷 소매업,26,부산광역시,26350,해운대구,26350520,우2동,2635010500,우동,2635010500114950000,1,대지,1495,,부산광역시 해운대구 우동 1495,263502133001,부산광역시 해운대구 센텀남대로,35,,2635010500114950000000001,신세계백화점,부산광역시 해운대구 센텀남대로 35,612022,48058,,2,,129.129519598026,35.1688162817484,신세계백화점
MA010120220809300975,허시파피,,G2,소매,G209,섬유·의복·신발 소매,G20910,신발 소매업,G47430,신발 소매업,26,부산광역시,26230,부산진구,26230600,전포1동,2623010200,전포동,2623010200106680001,1,대지,668,1,부산광역시 부산진구 전포동 668-1,262303129010,부산광역시 부산진구 동천로,92,,2623010200106680001044509,서면NC백화점,부산광역시 부산진구 동천로 92,614772,47293,,2,,129.063013297817,35.1570359960725,NC백화점
MA010120220811405923,루즈앤라운지롯데부산,,G2,소매,G209,섬유·의복·신발 소매,G20911,가방 소매업,G47440,가방 및 기타 가죽제품 소매업,26,부산광역시,26230,부산진구,26230520,부전2동,2623010300,부전동,2623010300105030015,1,대지,503,15,부산광역시 부산진구 부전동 503-15,262302006015,부산광역시 부산진구 가야대로,772,,2623010300105030015004104,롯데백화점,부산광역시 부산진구 가야대로 772,614732,47285,,2,,129.056412549351,35.1567968046828,롯데백화점
MA010120220805167195,벨라디터치,,G2,소매,G209,섬유·의복·신발 소매,G20902,여성 의류 소매업,G47412,여자용 겉옷 소매업,26,부산광역시,26230,부산진구,26230520,부전2동,2623010300,부전동,2623010300105030015,1,대지,503,15,부산광역시 부산진구 부전동 503-15,262302006015,부산광역시 부산진구 가야대로,772,,2623010300105030015004104,롯데백화점,부산광역시 부산진구 가야대로 772,614732,47285,,3,,129.056412549351,35.1567968046828,롯데백화점
MA010120220809805477,토박스롯데광복,,G2,소매,G209,섬유·의복·신발 소매,G20910,신발 소매업,G47430,신발 소매업,26,부산광역시,26110,중구,26110510,중앙동,2611011000,중앙동7가,2611011000100200001,1,대지,20,1,부산광역시 중구 중앙동7가 20-1,261102000010,부산광역시 중구 중앙대로,2,,2611011000100200001000001,롯데백화점,부산광역시 중구 중앙대로 2,600017,48944,,8,,129.036707345866,35.0983104003377,롯데백화점
MA010120220805410780,앤드지,롯데광복점,G2,소매,G209,섬유·의복·신발 소매,G20901,남성 의류 소매업,G47411,남자용 겉옷 소매업,26,부산광역시,26110,중구,26110510,중앙동,2611011000,중앙동7가,2611011000100200001,1,대지,20,1,부산광역시 중구 중앙동7가 20-1,261102000010,부산광역시 중구 중앙대로,2,,2611011000100200001000001,롯데백화점,부산광역시 중구 중앙대로 2,600017,48944,,6,,129.036707345866,35.0983104003377,롯데백화점
MA010120220811005477,쌤소L@J롯데부산,,G2,소매,G209,섬유·의복·신발 소매,G20911,가방 소매업,G47440,가방 및 기타 가죽제품 소매업,26,부산광역시,26230,부산진구,26230520,부전2동,2623010300,부전동,2623010300105030015,1,대지,503,15,부산광역시 부산진구 부전동 503-15,262302006015,부산광역시 부산진구 가야대로,772,,2623010300105030015004104,롯데백화점,부산광역시 부산진구 가야대로 772,614732,47285,,4,,129.056412549351,35.1567968046828,롯데백화점
MA010120220810511139,토니모리신세계백화점,센텀시티점,G2,소매,G215,의약·화장품 소매,G21503,화장품 소매업,G47813,화장품; 비누 및 방향제 소매업,26,부산광역시,26350,해운대구,26350520,우2동,2635010500,우동,2635010500114950000,1,대지,1495,,부산광역시 해운대구 우동 1495,263502133001,부산광역시 해운대구 센텀남대로,35,,2635010500114950000000001,신세계백화점,부산광역시 해운대구 센텀남대로 35,612022,48058,,2,,129.129519598026,35.1688162817484,신세계백화점
MA010120220808712249,더글로벌유림회관동래점,코리아,I2,음식,I201,한식,I20101,백반/한정식,I56111,한식 일반 음식점업,26,부산광역시,26260,동래구,26260560,온천2동,2626010800,온천동,2626010800105020003,1,대지,502,3,부산광역시 동래구 온천동 502-3,262602000010,부산광역시 동래구 중앙대로,1393,,2626010800105020003000477,롯데백화점,부산광역시 동래구 중앙대로 1393,607716,47727,,1,,129.07747341266,35.2117052140663,롯데백화점
MA010120220814289220,비씨비지롯데,센텀점,G2,소매,G209,섬유·의복·신발 소매,G20902,여성 의류 소매업,G47412,여자용 겉옷 소매업,26,부산광역시,26350,해운대구,26350520,우2동,2635010500,우동,2635010500114960000,1,대지,1496,,부산광역시 해운대구 우동 1496,263502133001,부산광역시 해운대구 센텀남대로,59,,2635010500114960000000001,롯데백화점,부산광역시 해운대구 센텀남대로 59,612022,48058,,3,,129.131072074388,35.1698523216207,롯데백화점
MA010120220811878352,슈즈플러스,광복점,G2,소매,G209,섬유·의복·신발 소매,G20910,신발 소매업,G47430,신발 소매업,26,부산광역시,26110,중구,26110510,중앙동,2611011000,중앙동7가,2611011000100200001,1,대지,20,1,부산광역시 중구 중앙동7가 20-1,261102000010,부산광역시 중구 중앙대로,2,,2611011000100200001000001,롯데백화점,부산광역시 중구 중앙대로 2,600017,48944,,7,,129.036707345866,35.0983104003377,롯데백화점
MA010120220805013300,디스커버리에프앤에프,,G2,소매,G209,섬유·의복·신발 소매,G20905,기타 의류 소매업,G47419,기타 의복 소매업,26,부산광역시,26170,동구,26170660,범일2동,2617010400,범일동,2617010400100620005,1,대지,62,5,부산광역시 동구 범일동 62-5,261703127051,부산광역시 동구 범일로,125,,2617010400100620005005551,현대백화점,부산광역시 동구 범일로 125,601718,48735,,7,,129.058567919742,35.1413052322577,현대백화점
MA010120220811427983,크로커다일레이디,,G2,소매,G209,섬유·의복·신발 소매,G20902,여성 의류 소매업,G47412,여자용 겉옷 소매업,26,부산광역시,26350,해운대구,26350520,우2동,2635010500,우동,2635010500114960000,1,대지,1496,,부산광역시 해운대구 우동 1496,263502133001,부산광역시 해운대구 센텀남대로,59,,2635010500114960000000001,롯데백화점,부산광역시 해운대구 센텀남대로 59,612022,48058,,3,,129.131072074388,35.1698523216207,롯데백화점
MA010120220810627088,린에스앤제이,,G2,소매,G209,섬유·의복·신발 소매,G20902,여성 의류 소매업,G47412,여자용 겉옷 소매업,26,부산광역시,26110,중구,26110510,중앙동,2611011000,중앙동7가,2611011000100200001,1,대지,20,1,부산광역시 중구 중앙동7가 20-1,261102000010,부산광역시 중구 중앙대로,2,,2611011000100200001000001,롯데백화점,부산광역시 중구 중앙대로 2,600017,48944,,5,,129.036707345866,35.0983104003377,롯데백화점
MA010120220808621253,롯데부산SOUP,,G2,소매,G209,섬유·의복·신발 소매,G20902,여성 의류 소매업,G47412,여자용 겉옷 소매업,26,부산광역시,26230,부산진구,26230520,부전2동,2623010300,부전동,2623010300105030015,1,대지,503,15,부산광역시 부산진구 부전동 503-15,262302006015,부산광역시 부산진구 가야대로,772,,2623010300105030015004104,롯데백화점,부산광역시 부산진구 가야대로 772,614732,47285,,7,,129.056412549351,35.1567968046828,롯데백화점
MA010120220810338001,투미롯데부,산본점,G2,소매,G209,섬유·의복·신발 소매,G20911,가방 소매업,G47440,가방 및 기타 가죽제품 소매업,26,부산광역시,26230,부산진구,26230520,부전2동,2623010300,부전동,2623010300105030015,1,대지,503,15,부산광역시 부산진구 부전동 503-15,262302006015,부산광역시 부산진구 가야대로,772,,2623010300105030015004104,롯데백화점,부산광역시 부산진구 가야대로 772,614732,47285,,1,,129.056412549351,35.1567968046828,롯데백화점
MA010120220811461778,카렉스주,센텀시티점,S2,수리·개인,S203,자동차 수리·세차,S20301,자동차 정비소,S95212,자동차 전문 수리업,26,부산광역시,26350,해운대구,26350520,우2동,2635010500,우동,2635010500114950000,1,대지,1495,,부산광역시 해운대구 우동 1495,263502133001,부산광역시 해운대구 센텀남대로,35,,2635010500114950000000001,신세계백화점,부산광역시 해운대구 센텀남대로 35,612022,48058,,2,,129.129519598026,35.1688162817484,신세계백화점
MA010120220811447586,상국이네,,I2,음식,I210,기타 간이,I21007,김밥/만두/분식,I56194,김밥 및 기타 간이 음식점업,26,부산광역시,26350,해운대구,26350520,우2동,2635010500,우동,2635010500114950000,1,대지,1495,,부산광역시 해운대구 우동 1495,263502133001,부산광역시 해운대구 센텀남대로,35,,2635010500114950000000001,신세계백화점,부산광역시 해운대구 센텀남대로 35,612022,48058,,1,,129.129519598026,35.1688162817484,신세계백화점
MA010120220810171691,웰메이드현대,부산점,G2,소매,G209,섬유·의복·신발 소매,G20901,남성 의류 소매업,G47411,남자용 겉옷 소매업,26,부산광역시,26170,동구,26170660,범일2동,2617010400,범일동,2617010400100620005,1,대지,62,5,부산광역시 동구 범일동 62-5,261703127051,부산광역시 동구 범일로,125,,2617010400100620005005551,현대백화점,부산광역시 동구 범일로 125,601718,48735,,5,,129.058567919742,35.1413052322577,현대백화점
MA010120220810627710,분크,,G2,소매,G209,섬유·의복·신발 소매,G20911,가방 소매업,G47440,가방 및 기타 가죽제품 소매업,26,부산광역시,26350,해운대구,26350520,우2동,2635010500,우동,2635010500114950000,1,대지,1495,,부산광역시 해운대구 우동 1495,263502133001,부산광역시 해운대구 센텀남대로,35,,2635010500114950000000001,신세계백화점,부산광역시 해운대구 센텀남대로 35,612022,48058,,1,,129.129519598026,35.1688162817484,신세계백화점
MA010120220805515671,프룻테리아,,I2,음식,I212,비알코올 ,I21201,카페,I56229,기타 비알코올 음료점업,26,부산광역시,26230,부산진구,26230520,부전2동,2623010300,부전동,2623010300105030015,1,대지,503,15,부산광역시 부산진구 부전동 503-15,262302006015,부산광역시 부산진구 가야대로,772,,2623010300105030015004104,롯데백화점,부산광역시 부산진구 가야대로 772,614732,47285,,2,,129.056412549351,35.1567968046828,롯데백화점
MA010120220803120280,뉴발란스키즈,,G2,소매,G209,섬유·의복·신발 소매,G20903,유아용 의류 소매업,G47417,유아용 의류 소매업,26,부산광역시,26230,부산진구,26230600,전포1동,2623010200,전포동,2623010200106680001,1,대지,668,1,부산광역시 부산진구 전포동 668-1,262303129010,부산광역시 부산진구 동천로,92,,2623010200106680001044509,C백화점,부산광역시 부산진구 동천로 92,614772,47293,,3,,129.063013297817,35.1570359960725,NC백화점
MA010120220813494214,밀레,,G2,소매,G209,섬유·의복·신발 소매,G20905,기타 의류 소매업,G47419,기타 의복 소매업,26,부산광역시,26170,동구,26170660,범일2동,2617010400,범일동,2617010400100620005,1,대지,62,5,부산광역시 동구 범일동 62-5,261703127051,부산광역시 동구 범일로,125,,2617010400100620005005551,현대백화점,부산광역시 동구 범일로 125,601718,48735,,6,,129.058567919742,35.1413052322577,현대백화점
MA010120220808268533,쉬즈미스,,G2,소매,G209,섬유·의복·신발 소매,G20902,여성 의류 소매업,G47412,여자용 겉옷 소매업,26,부산광역시,26260,동래구,26260560,온천2동,2626010800,온천동,2626010800105020003,1,대지,502,3,부산광역시 동래구 온천동 502-3,262602000010,부산광역시 동래구 중앙대로,1393,,2626010800105020003000477,롯데백화점,부산광역시 동래구 중앙대로 1393,607716,47727,,,,129.07747341266,35.2117052140663,롯데백화점
MA010120220803560823,미채담샤브정롯데백화점,센텀시티점,I2,음식,I201,한식,I20101,백반/한정식,I56111,한식 일반 음식점업,26,부산광역시,26350,해운대구,26350520,우2동,2635010500,우동,2635010500114960000,1,대지,1496,,부산광역시 해운대구 우동 1496,263502133001,부산광역시 해운대구 센텀남대로,59,,2635010500114960000000001,롯데백화점,부산광역시 해운대구 센텀남대로 59,612022,48058,,1,,129.131072074388,35.1698523216207,롯데백화점
MA010120220812970352,스시혼텐동래,,I2,음식,I203,일식,I20301,일식 회/초밥,I56122,일식 음식점업,26,부산광역시,26260,동래구,26260560,온천2동,2626010800,온천동,2626010800105020003,1,대지,502,3,부산광역시 동래구 온천동 502-3,262602000010,부산광역시 동래구 중앙대로,1393,,2626010800105020003000477,롯데백화점,부산광역시 동래구 중앙대로 1393,607716,47727,,8,,129.07747341266,35.2117052140663,롯데백화점
MA010120220810060344,배럴유통,,G2,소매,G209,섬유·의복·신발 소매,G20902,여성 의류 소매업,G47412,여자용 겉옷 소매업,26,부산광역시,26350,해운대구,26350520,우2동,2635010500,우동,2635010500114950000,1,대지,1495,,부산광역시 해운대구 우동 1495,263502133001,부산광역시 해운대구 센텀남대로,35,,2635010500114950000000001,신세계백화점,부산광역시 해운대구 센텀남대로 35,612022,48058,,2,,129.129519598026,35.1688162817484,신세계백화점
MA010120220801725820,밀스튜디오,,G2,소매,G209,섬유·의복·신발 소매,G20902,여성 의류 소매업,G47412,여자용 겉옷 소매업,26,부산광역시,26230,부산진구,26230600,전포1동,2623010200,전포동,2623010200106680001,1,대지,668,1,부산광역시 부산진구 전포동 668-1,262303129010,부산광역시 부산진구 동천로,92,,2623010200106680001044509,C백화점,부산광역시 부산진구 동천로 92,614772,47293,,1,,129.063013297817,35.1570359960725,NC백화점
MA010120220803081816,밀레,,G2,소매,G209,섬유·의복·신발 소매,G20905,기타 의류 소매업,G47419,기타 의복 소매업,26,부산광역시,26260,동래구,26260560,온천2동,2626010800,온천동,2626010800105020003,1,대지,502,3,부산광역시 동래구 온천동 502-3,262602000010,부산광역시 동래구 중앙대로,1393,,2626010800105020003000477,롯데백화점,부산광역시 동래구 중앙대로 1393,607716,47727,,5,,129.07747341266,35.2117052140663,롯데백화점
MA010120220812880492,럭키아로마,,G2,소매,G215,의약·화장품 소매,G21503,화장품 소매업,G47813,화장품; 비누 및 방향제 소매업,26,부산광역시,26230,부산진구,26230600,전포1동,2623010200,전포동,2623010200106680001,1,대지,668,1,부산광역시 부산진구 전포동 668-1,262303129010,부산광역시 부산진구 동천로,92,,2623010200106680001044509,C백화점,부산광역시 부산진구 동천로 92,614772,47293,,1,,129.063013297817,35.1570359960725,NC백화점
MA010120220803420003,홍대개미신세계백화점,센텀시티점,I2,음식,I203,일식,I20302,일식 카레/돈가스/덮밥,I56122,일식 음식점업,26,부산광역시,26350,해운대구,26350520,우2동,2635010500,우동,2635010500114950000,1,대지,1495,,부산광역시 해운대구 우동 1495,263502133001,부산광역시 해운대구 센텀남대로,35,,2635010500114950000000001,신세계백화점,부산광역시 해운대구 센텀남대로 35,612022,48058,,1,,129.129519598026,35.1688162817484,신세계백화점
MA010120220800611506,코코리따NC,부산대점,G2,소매,G209,섬유·의복·신발 소매,G20903,유아용 의류 소매업,G47417,유아용 의류 소매업,26,부산광역시,26410,금정구,26410610,장전2동,2641010800,장전동,2641010800100400000,1,대지,40,,부산광역시 금정구 장전동 40,264104205206,부산광역시 금정구 부산대학로63번길,2,,2641010800100400000000001,부산대NC백화점,부산광역시 금정구 부산대학로63번길 2,609737,46241,,4,,129.083829027579,35.2322412765478,NC백화점
MA010120220810783746,크로커다일,,G2,소매,G209,섬유·의복·신발 소매,G20902,여성 의류 소매업,G47412,여자용 겉옷 소매업,26,부산광역시,26110,중구,26110510,중앙동,2611011000,중앙동7가,2611011000100200001,1,대지,20,1,부산광역시 중구 중앙동7가 20-1,261102000010,부산광역시 중구 중앙대로,2,,2611011000100200001000001,롯데백화점,부산광역시 중구 중앙대로 2,600017,48944,,2,,129.036707345866,35.0983104003377,롯데백화점
MA010120220802056422,오가닉맘,,G2,소매,G209,섬유·의복·신발 소매,G20903,유아용 의류 소매업,G47417,유아용 의류 소매업,26,부산광역시,26230,부산진구,26230520,부전2동,2623010300,부전동,2623010300105030015,1,대지,503,15,부산광역시 부산진구 부전동 503-15,262302006015,부산광역시 부산진구 가야대로,772,,2623010300105030015004104,롯데백화점,부산광역시 부산진구 가야대로 772,614732,47285,,6,,129.056412549351,35.1567968046828,롯데백화점
MA010120220811199339,캘빈클라인진,,G2,소매,G209,섬유·의복·신발 소매,G20901,남성 의류 소매업,G47411,남자용 겉옷 소매업,26,부산광역시,26350,해운대구,26350520,우2동,2635010500,우동,2635010500114950000,1,대지,1495,,부산광역시 해운대구 우동 1495,263502133001,부산광역시 해운대구 센텀남대로,35,,2635010500114950000000001,신세계백화점,부산광역시 해운대구 센텀남대로 35,612022,48058,,,,129.129519598026,35.1688162817484,신세계백화점
MA010120220811461702,금강롯데,센텀시티점,G2,소매,G209,섬유·의복·신발 소매,G20910,신발 소매업,G47430,신발 소매업,26,부산광역시,26350,해운대구,26350520,우2동,2635010500,우동,2635010500114960000,1,대지,1496,,부산광역시 해운대구 우동 1496,263502133001,부산광역시 해운대구 센텀남대로,59,,2635010500114960000000001,롯데백화점,부산광역시 해운대구 센텀남대로 59,612022,48058,,1,,129.131072074388,35.1698523216207,롯데백화점
MA010120220807281466,빈폴레이디스,,G2,소매,G209,섬유·의복·신발 소매,G20902,여성 의류 소매업,G47412,여자용 겉옷 소매업,26,부산광역시,26350,해운대구,26350520,우2동,2635010500,우동,2635010500114950000,1,대지,1495,,부산광역시 해운대구 우동 1495,263502133001,부산광역시 해운대구 센텀남대로,35,,2635010500114950000000001,신세계백화점,부산광역시 해운대구 센텀남대로 35,612022,48058,,3,,129.129519598026,35.1688162817484,신세계백화점
MA010120220811002210,빈폴남성,,G2,소매,G209,섬유·의복·신발 소매,G20901,남성 의류 소매업,G47411,남자용 겉옷 소매업,26,부산광역시,26260,동래구,26260560,온천2동,2626010800,온천동,2626010800105020003,1,대지,502,3,부산광역시 동래구 온천동 502-3,262602000010,부산광역시 동래구 중앙대로,1393,,2626010800105020003000477,롯데백화점,부산광역시 동래구 중앙대로 1393,607716,47727,,4,,129.07747341266,35.2117052140663,롯데백화점
MA010120220805638708,마르니,,G2,소매,G209,섬유·의복·신발 소매,G20902,여성 의류 소매업,G47412,여자용 겉옷 소매업,26,부산광역시,26350,해운대구,26350520,우2동,2635010500,우동,2635010500114950000,1,대지,1495,,부산광역시 해운대구 우동 1495,263502133001,부산광역시 해운대구 센텀남대로,35,,2635010500114950000000001,신세계백화점,부산광역시 해운대구 센텀남대로 35,612022,48058,,2,,129.129519598026,35.1688162817484,신세계백화점
MA010120220812815560,스트레치엔젤스,,G2,소매,G209,섬유·의복·신발 소매,G20902,여성 의류 소매업,G47412,여자용 겉옷 소매업,26,부산광역시,26350,해운대구,26350520,우2동,2635010500,우동,2635010500114950000,1,대지,1495,,부산광역시 해운대구 우동 1495,263502133001,부산광역시 해운대구 센텀남대로,35,,2635010500114950000000001,신세계백화점,부산광역시 해운대구 센텀남대로 35,612022,48058,,1,,129.129519598026,35.1688162817484,신세계백화점
MA010120220809645385,로이드,,G2,소매,G217,시계·귀금속 소매,G21701,시계/귀금속 소매업,G47830,시계 및 귀금속 소매업,26,부산광역시,26110,중구,26110510,중앙동,2611010900,중앙동6가,2611010900100360004,1,대지,36,4,부산광역시 중구 중앙동6가 36-4,261102000010,부산광역시 중구 중앙대로,2,,2611011000100200001000001,롯데백화점,부산광역시 중구 중앙대로 2,600016,48944,,1,,129.036707345866,35.0983104003377,롯데백화점
MA010120220813201838,하루쿡신세계센텀시티,,G2,소매,G205,식료품 소매,G20509,반찬/식료품 소매업,G47218,조리 반찬류 소매업,26,부산광역시,26350,해운대구,26350520,우2동,2635010500,우동,2635010500114950000,1,대지,1495,,부산광역시 해운대구 우동 1495,263502133001,부산광역시 해운대구 센텀남대로,35,,2635010500114950000000001,신세계백화점,부산광역시 해운대구 센텀남대로 35,612022,48058,,1,,129.129519598026,35.1688162817484,신세계백화점
MA010120220810624328,신세계센텀라움,,G2,소매,G209,섬유·의복·신발 소매,G20902,여성 의류 소매업,G47412,여자용 겉옷 소매업,26,부산광역시,26350,해운대구,26350520,우2동,2635010500,우동,2635010500114950000,1,대지,1495,,부산광역시 해운대구 우동 1495,263502133001,부산광역시 해운대구 센텀남대로,35,,2635010500114950000000001,신세계백화점,부산광역시 해운대구 센텀남대로 35,612022,48058,,,,129.129519598026,35.1688162817484,신세계백화점
MA010120220805833158,아레나수영복,,G2,소매,G209,섬유·의복·신발 소매,G20905,기타 의류 소매업,G47419,기타 의복 소매업,26,부산광역시,26110,중구,26110510,중앙동,2611011000,중앙동7가,2611011000100200001,1,대지,20,1,부산광역시 중구 중앙동7가 20-1,261102000010,부산광역시 중구 중앙대로,2,,2611011000100200001000001,롯데백화점,부산광역시 중구 중앙대로 2,600017,48944,,7,,129.036707345866,35.0983104003377,롯데백화점
MA010120220810642369,더워킹컴퍼니동래롯데,,G2,소매,G209,섬유·의복·신발 소매,G20910,신발 소매업,G47430,신발 소매업,26,부산광역시,26260,동래구,26260560,온천2동,2626010800,온천동,2626010800105020003,1,대지,502,3,부산광역시 동래구 온천동 502-3,262602000010,부산광역시 동래구 중앙대로,1393,,2626010800105020003000477,롯데백화점,부산광역시 동래구 중앙대로 1393,607716,47727,,3,,129.07747341266,35.2117052140663,롯데백화점
MA010120220804798013,핑골프,,G2,소매,G209,섬유·의복·신발 소매,G20905,기타 의류 소매업,G47419,기타 의복 소매업,26,부산광역시,26170,동구,26170660,범일2동,2617010400,범일동,2617010400100620005,1,대지,62,5,부산광역시 동구 범일동 62-5,261703127051,부산광역시 동구 범일로,125,,2617010400100620005005551,현대백화점,부산광역시 동구 범일로 125,601718,48735,,5,,129.058567919742,35.1413052322577,현대백화점
MA010120220814005561,롯데광복점지고트,백화점,G2,소매,G209,섬유·의복·신발 소매,G20902,여성 의류 소매업,G47412,여자용 겉옷 소매업,26,부산광역시,26110,중구,26110510,중앙동,2611011000,중앙동7가,2611011000100200001,1,대지,20,1,부산광역시 중구 중앙동7가 20-1,261102000010,부산광역시 중구 중앙대로,2,,2611011000100200001000001,롯데백화점,부산광역시 중구 중앙대로 2,600017,48944,,4,,129.036707345866,35.0983104003377,롯데백화점
MA010120220805186828,롯데센텀닥스ACC,,G2,소매,G209,섬유·의복·신발 소매,G20911,가방 소매업,G47440,가방 및 기타 가죽제품 소매업,26,부산광역시,26350,해운대구,26350520,우2동,2635010500,우동,2635010500114960000,1,대지,1496,,부산광역시 해운대구 우동 1496,263502133001,부산광역시 해운대구 센텀남대로,59,,2635010500114960000000001,롯데백화점,부산광역시 해운대구 센텀남대로 59,612022,48058,,1,,129.131072074388,35.1698523216207,롯데백화점
MA010120220811892338,헨리코튼롯데광복점,백화점,G2,소매,G209,섬유·의복·신발 소매,G20901,남성 의류 소매업,G47411,남자용 겉옷 소매업,26,부산광역시,26110,중구,26110510,중앙동,2611011000,중앙동7가,2611011000100200001,1,대지,20,1,부산광역시 중구 중앙동7가 20-1,261102000010,부산광역시 중구 중앙대로,2,,2611011000100200001000001,롯데백화점,부산광역시 중구 중앙대로 2,600017,48944,,6,,129.036707345866,35.0983104003377,롯데백화점
MA010120220806553083,라코스테우먼,,G2,소매,G209,섬유·의복·신발 소매,G20902,여성 의류 소매업,G47412,여자용 겉옷 소매업,26,부산광역시,26230,부산진구,26230520,부전2동,2623010300,부전동,2623010300105030015,1,대지,503,15,부산광역시 부산진구 부전동 503-15,262302006015,부산광역시 부산진구 가야대로,772,,2623010300105030015004104,롯데백화점,부산광역시 부산진구 가야대로 772,614732,47285,,2,,129.056412549351,35.1567968046828,롯데백화점
MA010120220810970418,란찌,,G2,소매,G209,섬유·의복·신발 소매,G20901,남성 의류 소매업,G47411,남자용 겉옷 소매업,26,부산광역시,26230,부산진구,26230600,전포1동,2623010200,전포동,2623010200106680001,1,대지,668,1,부산광역시 부산진구 전포동 668-1,262303129010,부산광역시 부산진구 동천로,92,,2623010200106680001044509,엔씨백화점,부산광역시 부산진구 동천로 92,614772,47293,,4,,129.063013297817,35.1570359960725,NC백화점
MA010120220812696298,러브앤쇼,,G2,소매,G209,섬유·의복·신발 소매,G20902,여성 의류 소매업,G47412,여자용 겉옷 소매업,26,부산광역시,26260,동래구,26260560,온천2동,2626010800,온천동,2626010800105020003,1,대지,502,3,부산광역시 동래구 온천동 502-3,262602000010,부산광역시 동래구 중앙대로,1393,,2626010800105020003000477,롯데백화점,부산광역시 동래구 중앙대로 1393,607716,47727,,2,,129.07747341266,35.2117052140663,롯데백화점
MA010120220808449304,닥스구두,,G2,소매,G209,섬유·의복·신발 소매,G20910,신발 소매업,G47430,신발 소매업,26,부산광역시,26260,동래구,26260560,온천2동,2626010800,온천동,2626010800105020003,1,대지,502,3,부산광역시 동래구 온천동 502-3,262602000010,부산광역시 동래구 중앙대로,1393,,2626010800105020003000477,롯데백화점,부산광역시 동래구 중앙대로 1393,607716,47727,,1,,129.07747341266,35.2117052140663,롯데백화점
MA010120220808295872,훼미모드바바라신세계백화점,센텀시티점,G2,소매,G209,섬유·의복·신발 소매,G20905,기타 의류 소매업,G47413,속옷 및 잠옷 소매업,26,부산광역시,26350,해운대구,26350520,우2동,2635010500,우동,2635010500114950000,1,대지,1495,,부산광역시 해운대구 우동 1495,263502133001,부산광역시 해운대구 센텀남대로,35,,2635010500114950000000001,신세계백화점,부산광역시 해운대구 센텀남대로 35,612022,48058,,4,,129.129519598026,35.1688162817484,신세계백화점
MA010120220814330350,서양네트웍스알로봇,,G2,소매,G209,섬유·의복·신발 소매,G20905,기타 의류 소매업,G47419,기타 의복 소매업,26,부산광역시,26110,중구,26110510,중앙동,2611011000,중앙동7가,2611011000100200001,1,대지,20,1,부산광역시 중구 중앙동7가 20-1,261102000010,부산광역시 중구 중앙대로,2,,2611011000100200001000001,롯데백화점,부산광역시 중구 중앙대로 2,600017,48944,,8,,129.036707345866,35.0983104003377,롯데백화점
MA010120220809837701,명보아이엔씨신세계센텀시계,,G2,소매,G217,시계·귀금속 소매,G21701,시계/귀금속 소매업,G47830,시계 및 귀금속 소매업,26,부산광역시,26350,해운대구,26350520,우2동,2635010500,우동,2635010500114950000,1,대지,1495,,부산광역시 해운대구 우동 1495,263502133001,부산광역시 해운대구 센텀남대로,35,,2635010500114950000000001,신세계백화점,부산광역시 해운대구 센텀남대로 35,612022,48058,,2,,129.129519598026,35.1688162817484,신세계백화점
MA010120220811420172,수트서플라이,,G2,소매,G209,섬유·의복·신발 소매,G20901,남성 의류 소매업,G47411,남자용 겉옷 소매업,26,부산광역시,26230,부산진구,26230520,부전2동,2623010300,부전동,2623010300105030015,1,대지,503,15,부산광역시 부산진구 부전동 503-15,262302006015,부산광역시 부산진구 가야대로,772,,2623010300105030015004104,롯데백화점,부산광역시 부산진구 가야대로 772,614732,47285,,4,,129.056412549351,35.1567968046828,롯데백화점
MA010120220804408879,육육걸즈롯데백화점부,산본점,G2,소매,G209,섬유·의복·신발 소매,G20905,기타 의류 소매업,G47414,셔츠 및 블라우스 소매업,26,부산광역시,26230,부산진구,26230520,부전2동,2623010300,부전동,2623010300105030015,1,대지,503,15,부산광역시 부산진구 부전동 503-15,262302006015,부산광역시 부산진구 가야대로,772,,2623010300105030015004104,롯데백화점,부산광역시 부산진구 가야대로 772,614732,47285,,7,,129.056412549351,35.1567968046828,롯데백화점
MA010120220810795562,신세계백화점블랙야크키즈,센텀점,G2,소매,G209,섬유·의복·신발 소매,G20903,유아용 의류 소매업,G47417,유아용 의류 소매업,26,부산광역시,26350,해운대구,26350520,우2동,2635010500,우동,2635010500114950000,1,대지,1495,,부산광역시 해운대구 우동 1495,263502133001,부산광역시 해운대구 센텀남대로,35,,2635010500114950000000001,,부산광역시 해운대구 센텀남대로 35,612022,48058,,,,129.129519598026,35.1688162817484,신세계백화점
MA010120220803101722,캐리스노트롯데,동래점,G2,소매,G209,섬유·의복·신발 소매,G20902,여성 의류 소매업,G47412,여자용 겉옷 소매업,26,부산광역시,26260,동래구,26260560,온천2동,2626010800,온천동,2626010800105020003,1,대지,502,3,부산광역시 동래구 온천동 502-3,262602000010,부산광역시 동래구 중앙대로,1393,,2626010800105020003000477,롯데백화점,부산광역시 동래구 중앙대로 1393,607716,47727,,2,,129.07747341266,35.2117052140663,롯데백화점
MA010120220804326124,에고이스트,,G2,소매,G209,섬유·의복·신발 소매,G20902,여성 의류 소매업,G47412,여자용 겉옷 소매업,26,부산광역시,26230,부산진구,26230520,부전2동,2623010300,부전동,2623010300105030015,1,대지,503,15,부산광역시 부산진구 부전동 503-15,262302006015,부산광역시 부산진구 가야대로,772,,2623010300105030015004104,롯데백화점,부산광역시 부산진구 가야대로 772,614732,47285,,2,,129.056412549351,35.1567968046828,롯데백화점
MA010120220802994143,롯데닥스셔츠,동래점,G2,소매,G209,섬유·의복·신발 소매,G20905,기타 의류 소매업,G47414,셔츠 및 블라우스 소매업,26,부산광역시,26260,동래구,26260560,온천2동,2626010800,온천동,2626010800105020003,1,대지,502,3,부산광역시 동래구 온천동 502-3,262602000010,부산광역시 동래구 중앙대로,1393,,2626010800105020003000477,롯데백화점,부산광역시 동래구 중앙대로 1393,607716,47727,,4,,129.07747341266,35.2117052140663,롯데백화점
MA010120220808236464,콜롬보,,G2,소매,G209,섬유·의복·신발 소매,G20911,가방 소매업,G47440,가방 및 기타 가죽제품 소매업,26,부산광역시,26350,해운대구,26350520,우2동,2635010500,우동,2635010500114950000,1,대지,1495,,부산광역시 해운대구 우동 1495,263502133001,부산광역시 해운대구 센텀남대로,35,,2635010500114950000000001,신세계백화점,부산광역시 해운대구 센텀남대로 35,612022,48058,,2,,129.129519598026,35.1688162817484,신세계백화점
MA010120220809279221,부산롯데봉통,,G2,소매,G209,섬유·의복·신발 소매,G20905,기타 의류 소매업,G47419,기타 의복 소매업,26,부산광역시,26230,부산진구,26230520,부전2동,2623010300,부전동,2623010300105030015,1,대지,503,15,부산광역시 부산진구 부전동 503-15,262302006015,부산광역시 부산진구 가야대로,772,,2623010300105030015004104,롯데백화점,부산광역시 부산진구 가야대로 772,614732,47285,,6,,129.056412549351,35.1567968046828,롯데백화점
MA010120220810503006,부산　테테루　,광복점,I2,음식,I212,비알코올 ,I21201,카페,I56221,커피 전문점,26,부산광역시,26110,중구,26110510,중앙동,2611011000,중앙동7가,2611011000100200001,1,대지,20,1,부산광역시 중구 중앙동7가 20-1,261102000010,부산광역시 중구 중앙대로,2,,2611011000100200001000001,롯데백화점,부산광역시 중구 중앙대로 2,600017,48944,,4,,129.036707345866,35.0983104003377,롯데백화점
MA010120220812119877,지오지아,롯데광복점,G2,소매,G209,섬유·의복·신발 소매,G20901,남성 의류 소매업,G47411,남자용 겉옷 소매업,26,부산광역시,26110,중구,26110510,중앙동,2611011000,중앙동7가,2611011000100200001,1,대지,20,1,부산광역시 중구 중앙동7가 20-1,261102000010,부산광역시 중구 중앙대로,2,,2611011000100200001000001,롯데백화점,부산광역시 중구 중앙대로 2,600017,48944,,6,,129.036707345866,35.0983104003377,롯데백화점
MA010120220812439898,삼성물산비이커롯데부,산본점,G2,소매,G209,섬유·의복·신발 소매,G20905,기타 의류 소매업,G47414,셔츠 및 블라우스 소매업,26,부산광역시,26230,부산진구,26230520,부전2동,2623010300,부전동,2623010300105030015,1,대지,503,15,부산광역시 부산진구 부전동 503-15,262302006015,부산광역시 부산진구 가야대로,772,,2623010300105030015004104,롯데백화점,부산광역시 부산진구 가야대로 772,614732,47285,,,,129.056412549351,35.1567968046828,롯데백화점
MA010120220813004523,내셔널지오그래픽롯데백화점부,산본점,G2,소매,G209,섬유·의복·신발 소매,G20905,기타 의류 소매업,G47414,셔츠 및 블라우스 소매업,26,부산광역시,26230,부산진구,26230520,부전2동,2623010300,부전동,2623010300105030015,1,대지,503,15,부산광역시 부산진구 부전동 503-15,262302006015,부산광역시 부산진구 가야대로,772,,2623010300105030015004104,롯데백화점,부산광역시 부산진구 가야대로 772,614732,47285,,5,,129.056412549351,35.1567968046828,롯데백화점
MA010120220810678299,와이컨셉,,G2,소매,G209,섬유·의복·신발 소매,G20910,신발 소매업,G47430,신발 소매업,26,부산광역시,26260,동래구,26260560,온천2동,2626010800,온천동,2626010800105020003,1,대지,502,3,부산광역시 동래구 온천동 502-3,262602000010,부산광역시 동래구 중앙대로,1393,,2626010800105020003000477,롯데백화점,부산광역시 동래구 중앙대로 1393,607716,47727,,2,,129.07747341266,35.2117052140663,롯데백화점
MA010120220807723139,에스티프렌치,,G2,소매,G209,섬유·의복·신발 소매,G20902,여성 의류 소매업,G47412,여자용 겉옷 소매업,26,부산광역시,26230,부산진구,26230600,전포1동,2623010200,전포동,2623010200106680001,1,대지,668,1,부산광역시 부산진구 전포동 668-1,262303129010,부산광역시 부산진구 동천로,92,,2623010200106680001044509,C백화점,부산광역시 부산진구 동천로 92,614772,47293,,2,,129.063013297817,35.1570359960725,NC백화점
MA010120220809580506,포동충무김밥,,I2,음식,I210,기타 간이,I21007,김밥/만두/분식,I56194,김밥 및 기타 간이 음식점업,26,부산광역시,26110,중구,26110510,중앙동,2611011000,중앙동7가,2611011000100200001,1,대지,20,1,부산광역시 중구 중앙동7가 20-1,261102000010,부산광역시 중구 중앙대로,2,,2611011000100200001000001,롯데백화점,부산광역시 중구 중앙대로 2,600017,48944,,1,,129.036707345866,35.0983104003377,롯데백화점
MA010120220805479018,한가람노스페이스키즈,,G2,소매,G209,섬유·의복·신발 소매,G20905,기타 의류 소매업,G47419,기타 의복 소매업,26,부산광역시,26110,중구,26110510,중앙동,2611011000,중앙동7가,2611011000100200001,1,대지,20,1,부산광역시 중구 중앙동7가 20-1,261102000010,부산광역시 중구 중앙대로,2,,2611011000100200001000001,롯데백화점,부산광역시 중구 중앙대로 2,600017,48944,,8,,129.036707345866,35.0983104003377,롯데백화점
MA010120220810615053,폴로데님신세계센텀,,G2,소매,G209,섬유·의복·신발 소매,G20901,남성 의류 소매업,G47411,남자용 겉옷 소매업,26,부산광역시,26350,해운대구,26350520,우2동,2635010500,우동,2635010500114950000,1,대지,1495,,부산광역시 해운대구 우동 1495,263502133001,부산광역시 해운대구 센텀남대로,35,,2635010500114950000000001,신세계백화점,부산광역시 해운대구 센텀남대로 35,612022,48058,,4,,129.129519598026,35.1688162817484,신세계백화점
MA010120220808625587,인디고뱅크NC점,해운대,G2,소매,G209,섬유·의복·신발 소매,G20905,기타 의류 소매업,G47414,셔츠 및 블라우스 소매업,26,부산광역시,26350,해운대구,26350551,좌1동,2635010700,좌동,2635010700114670004,1,대지,1467,4,부산광역시 해운대구 좌동 1467-4,263502006010,부산광역시 해운대구 해운대로,813,,2635010700114670004003745,C백화점,부산광역시 해운대구 해운대로 813,612836,48106,,4,,129.177051032177,35.1705302447392,NC백화점
MA010120220813962783,우승,,G2,소매,G209,섬유·의복·신발 소매,G20910,신발 소매업,G47430,신발 소매업,26,부산광역시,26350,해운대구,26350520,우2동,2635010500,우동,2635010500114950000,1,대지,1495,,부산광역시 해운대구 우동 1495,263502133001,부산광역시 해운대구 센텀남대로,35,,2635010500114950000000001,신세계백화점,부산광역시 해운대구 센텀남대로 35,612022,48058,,3,,129.129519598026,35.1688162817484,신세계백화점
MA010120220810136052,롯데광복비너스,,G2,소매,G209,섬유·의복·신발 소매,G20905,기타 의류 소매업,G47413,속옷 및 잠옷 소매업,26,부산광역시,26110,중구,26110510,중앙동,2611010900,중앙동6가,2611010900100090003,1,대지,9,3,부산광역시 중구 중앙동6가 9-3,261102000010,부산광역시 중구 중앙대로,2,,2611011000100200001000001,롯데백화점,부산광역시 중구 중앙대로 2,600016,48944,,8,,129.036707345866,35.0983104003377,롯데백화점
MA010120220803068062,스파이스마켓,,I2,음식,I205,동남아시아,I20501,베트남식 전문,I56129,기타 외국식 음식점업,26,부산광역시,26350,해운대구,26350520,우2동,2635010500,우동,2635010500114950000,1,대지,1495,,부산광역시 해운대구 우동 1495,263502133001,부산광역시 해운대구 센텀남대로,35,,2635010500114950000000001,신세계백화점,부산광역시 해운대구 센텀남대로 35,612022,48058,,9,,129.129519598026,35.1688162817484,신세계백화점
MA010120220811396253,최복호패션,,G2,소매,G209,섬유·의복·신발 소매,G20902,여성 의류 소매업,G47412,여자용 겉옷 소매업,26,부산광역시,26230,부산진구,26230520,부전2동,2623010300,부전동,2623010300105030015,1,대지,503,15,부산광역시 부산진구 부전동 503-15,262302006015,부산광역시 부산진구 가야대로,772,,2623010300105030015004104,롯데백화점,부산광역시 부산진구 가야대로 772,614732,47285,,3,,129.056412549351,35.1567968046828,롯데백화점
MA010120220808996292,루코루코,,G2,소매,G209,섬유·의복·신발 소매,G20902,여성 의류 소매업,G47412,여자용 겉옷 소매업,26,부산광역시,26350,해운대구,26350520,우2동,2635010500,우동,2635010500114960000,1,대지,1496,,부산광역시 해운대구 우동 1496,263502133001,부산광역시 해운대구 센텀남대로,59,,2635010500114960000000001,롯데백화점,부산광역시 해운대구 센텀남대로 59,612022,48058,,,,129.131072074388,35.1698523216207,롯데백화점
MA010120220810632467,박승철헤어스튜디오서면NC점,백화점,S2,수리·개인,S207,이용·미용,S20701,미용실,S96112,두발 미용업,26,부산광역시,26230,부산진구,26230600,전포1동,2623010200,전포동,2623010200106680001,1,대지,668,1,부산광역시 부산진구 전포동 668-1,262303129010,부산광역시 부산진구 동천로,92,,2623010200106680001044509,C백화점,부산광역시 부산진구 동천로 92,614772,47293,,6,,129.063013297817,35.1570359960725,NC백화점
MA010120220811419086,신세계이용,,S2,수리·개인,S207,이용·미용,S20701,미용실,S96111,이용업,26,부산광역시,26350,해운대구,26350520,우2동,2635010500,우동,2635010500114950000,1,대지,1495,,부산광역시 해운대구 우동 1495,263502133001,부산광역시 해운대구 센텀남대로,35,,2635010500114950000000001,신세계백화점,부산광역시 해운대구 센텀남대로 35,612022,48058,,1,,129.129519598026,35.1688162817484,신세계백화점
MA010120220810475179,롯데백화점부블랙야크키즈,산본점,G2,소매,G209,섬유·의복·신발 소매,G20905,기타 의류 소매업,G47419,기타 의복 소매업,26,부산광역시,26230,부산진구,26230520,부전2동,2623010300,부전동,2623010300105030015,1,대지,503,15,부산광역시 부산진구 부전동 503-15,262302006015,부산광역시 부산진구 가야대로,772,,2623010300105030015004104,롯데백화점,부산광역시 부산진구 가야대로 772,614732,47285,,6,,129.056412549351,35.1567968046828,롯데백화점
MA010120220810609395,멀티옷수선,,S2,수리·개인,S206,기타 가정용품 수리,S20601,의류/이불 수선업,S95391,의복 및 기타 가정용 직물제품 수리업,26,부산광역시,26110,중구,26110510,중앙동,2611011000,중앙동7가,2611011000100200001,1,대지,20,1,부산광역시 중구 중앙동7가 20-1,261102000010,부산광역시 중구 중앙대로,2,,2611011000100200001000001,롯데백화점,부산광역시 중구 중앙대로 2,600017,48944,,6,,129.036707345866,35.0983104003377,롯데백화점
MA010120220800177157,샤브진,,I2,음식,I201,한식,I20101,백반/한정식,I56111,한식 일반 음식점업,26,부산광역시,26350,해운대구,26350520,우2동,2635010500,우동,2635010500114950000,1,대지,1495,,부산광역시 해운대구 우동 1495,263502133001,부산광역시 해운대구 센텀남대로,35,,2635010500114950000000001,신세계백화점,부산광역시 해운대구 센텀남대로 35,612022,48058,,1,,129.129519598026,35.1688162817484,신세계백화점
MA010120220806722370,무냐무냐신세계백화점,센텀시티점,G2,소매,G209,섬유·의복·신발 소매,G20905,기타 의류 소매업,G47413,속옷 및 잠옷 소매업,26,부산광역시,26350,해운대구,26350520,우2동,2635010500,우동,2635010500114950000,1,대지,1495,,부산광역시 해운대구 우동 1495,263502133001,부산광역시 해운대구 센텀남대로,35,,2635010500114950000000001,신세계백화점,부산광역시 해운대구 센텀남대로 35,612022,48058,,6,,129.129519598026,35.1688162817484,신세계백화점
MA010120220807723403,솔로몬재활용,백화점,G2,소매,G222,중고 상품 소매,G22201,중고 상품 소매업,G47862,중고 가전제품 및 통신장비 소매업,26,부산광역시,26710,기장군,26710250,기장읍,2671025027,기장읍,2671025027101330001,1,대지,133,1,부산광역시 기장군 기장읍 청강리 133-1,267102006018,부산광역시 기장군 기장읍 기장대로,506,,2671025027101330001014696,,부산광역시 기장군 기장읍 기장대로 506,619906,46080,,,,129.22063706549,35.2401074898485,기타/미상
MA010120220807822846,이동수골프,,G2,소매,G209,섬유·의복·신발 소매,G20905,기타 의류 소매업,G47419,기타 의복 소매업,26,부산광역시,26350,해운대구,26350551,좌1동,2635010700,좌동,2635010700114670004,1,대지,1467,4,부산광역시 해운대구 좌동 1467-4,263502006010,부산광역시 해운대구 해운대로,813,,2635010700114670004003745,엔시백화점,부산광역시 해운대구 해운대로 813,612836,48106,,,,129.177051032177,35.1705302447392,기타/미상
MA010120220813851069,네이처리퍼블릭,,G2,소매,G215,의약·화장품 소매,G21503,화장품 소매업,G47813,화장품; 비누 및 방향제 소매업,26,부산광역시,26350,해운대구,26350551,좌1동,2635010700,좌동,2635010700114670004,1,대지,1467,4,부산광역시 해운대구 좌동 1467-4,263502006010,부산광역시 해운대구 해운대로,813,,2635010700114670004003745,C백화점,부산광역시 해운대구 해운대로 813,612836,48106,,1,,129.177051032177,35.1705302447392,NC백화점
MA010120220804529816,마인드브릿지,,G2,소매,G209,섬유·의복·신발 소매,G20901,남성 의류 소매업,G47411,남자용 겉옷 소매업,26,부산광역시,26230,부산진구,26230520,부전2동,2623010300,부전동,2623010300105030015,1,대지,503,15,부산광역시 부산진구 부전동 503-15,262302006015,부산광역시 부산진구 가야대로,772,,2623010300105030015004104,롯데백화점,부산광역시 부산진구 가야대로 772,614732,47285,,7,,129.056412549351,35.1567968046828,롯데백화점
MA010120220811227872,제이제이지고트,롯데광복점,G2,소매,G209,섬유·의복·신발 소매,G20902,여성 의류 소매업,G47412,여자용 겉옷 소매업,26,부산광역시,26110,중구,26110510,중앙동,2611011000,중앙동7가,2611011000100500001,1,대지,50,1,부산광역시 중구 중앙동7가 50-1,261102000010,부산광역시 중구 중앙대로,2,,2611011000100200001000001,롯데백화점,부산광역시 중구 중앙대로 2,600017,48944,,3,,129.036707345866,35.0983104003377,롯데백화점
MA010120220806339169,리틀그라운드,롯데광복점,G2,소매,G209,섬유·의복·신발 소매,G20905,기타 의류 소매업,G47419,기타 의복 소매업,26,부산광역시,26110,중구,26110510,중앙동,2611011000,중앙동7가,2611011000100200001,1,대지,20,1,부산광역시 중구 중앙동7가 20-1,261102000010,부산광역시 중구 중앙대로,2,,2611011000100200001000001,롯데백화점,부산광역시 중구 중앙대로 2,600017,48944,,,,129.036707345866,35.0983104003377,롯데백화점
MA010120220813029582,부르다문,,G2,소매,G209,섬유·의복·신발 소매,G20902,여성 의류 소매업,G47412,여자용 겉옷 소매업,26,부산광역시,26260,동래구,26260560,온천2동,2626010800,온천동,2626010800105020003,1,대지,502,3,부산광역시 동래구 온천동 502-3,262602000010,부산광역시 동래구 중앙대로,1393,,2626010800105020003000477,롯데백화점,부산광역시 동래구 중앙대로 1393,607716,47727,,3,,129.07747341266,35.2117052140663,롯데백화점
MA010120220806874176,손찬반찬백화점,해운대점,G2,소매,G205,식료품 소매,G20509,반찬/식료품 소매업,G47218,조리 반찬류 소매업,26,부산광역시,26350,해운대구,26350551,좌1동,2635010700,좌동,2635010700114590006,1,대지,1459,6,부산광역시 해운대구 좌동 1459-6,263502006010,부산광역시 해운대구 해운대로,793,,2635010700114590006000001,해운대자생한방병원,부산광역시 해운대구 해운대로 793,612836,48102,,,,129.175272199614,35.1696700891343,기타/미상
MA010120220811918285,플레이키즈프로,,G2,소매,G209,섬유·의복·신발 소매,G20903,유아용 의류 소매업,G47417,유아용 의류 소매업,26,부산광역시,26260,동래구,26260560,온천2동,2626010800,온천동,2626010800105020003,1,대지,502,3,부산광역시 동래구 온천동 502-3,262602000010,부산광역시 동래구 중앙대로,1393,,2626010800105020003000477,롯데백화점,부산광역시 동래구 중앙대로 1393,607716,47727,,,,129.07747341266,35.2117052140663,롯데백화점
MA010120220802924329,이키즈랜드코코몽키즈랜드,부산대점,R1,예술·스포츠,R104,유원지·오락,R10405,기타 오락장,R91229,기타 오락장 운영업,26,부산광역시,26410,금정구,26410610,장전2동,2641010800,장전동,2641010800100400000,1,대지,40,,부산광역시 금정구 장전동 40,264104205206,부산광역시 금정구 부산대학로63번길,2,,2641010800100400000000001,NC백화점,부산광역시 금정구 부산대학로63번길 2,609737,46241,,5,,129.083829027579,35.2322412765478,NC백화점
MA010120220812176694,롯데광복점쥬시쥬디,백화점,G2,소매,G209,섬유·의복·신발 소매,G20902,여성 의류 소매업,G47412,여자용 겉옷 소매업,26,부산광역시,26110,중구,26110510,중앙동,2611011000,중앙동7가,2611011000100200001,1,대지,20,1,부산광역시 중구 중앙동7가 20-1,261102000010,부산광역시 중구 중앙대로,2,,2611011000100200001000001,롯데백화점,부산광역시 중구 중앙대로 2,600017,48944,,3,,129.036707345866,35.0983104003377,롯데백화점
MA010120220811462285,삼성물산신세계주,센텀시티점,G2,소매,G209,섬유·의복·신발 소매,G20905,기타 의류 소매업,G47414,셔츠 및 블라우스 소매업,26,부산광역시,26350,해운대구,26350520,우2동,2635010500,우동,2635010500114950000,1,대지,1495,,부산광역시 해운대구 우동 1495,263502133001,부산광역시 해운대구 센텀남대로,35,,2635010500114950000000001,신세계센텀백화점,부산광역시 해운대구 센텀남대로 35,612022,48058,,5,,129.129519598026,35.1688162817484,신세계백화점
MA010120220808742161,우리술방신세계,센텀시티점,G2,소매,G206,음료 소매,G20602,주류 소매업,G47221,음료 소매업,26,부산광역시,26350,해운대구,26350520,우2동,2635010500,우동,2635010500114950000,1,대지,1495,,부산광역시 해운대구 우동 1495,263502133001,부산광역시 해운대구 센텀남대로,35,,2635010500114950000000001,신세계백화점,부산광역시 해운대구 센텀남대로 35,612022,48058,,1,,129.129519598026,35.1688162817484,신세계백화점
MA010120220801141915,어뉴,,G2,소매,G209,섬유·의복·신발 소매,G20905,기타 의류 소매업,G47419,기타 의복 소매업,26,부산광역시,26350,해운대구,26350520,우2동,2635010500,우동,2635010500114950000,1,대지,1495,,부산광역시 해운대구 우동 1495,263502133001,부산광역시 해운대구 센텀남대로,35,,2635010500114950000000001,신세계백화점,부산광역시 해운대구 센텀남대로 35,612022,48058,,6,,129.129519598026,35.1688162817484,신세계백화점
MA010120220803925745,미니멈,,G2,소매,G209,섬유·의복·신발 소매,G20905,기타 의류 소매업,G47414,셔츠 및 블라우스 소매업,26,부산광역시,26350,해운대구,26350520,우2동,2635010500,우동,2635010500114960000,1,대지,1496,,부산광역시 해운대구 우동 1496,263502133001,부산광역시 해운대구 센텀남대로,59,,2635010500114960000000001,롯데백화점,부산광역시 해운대구 센텀남대로 59,612022,48058,,4,,129.131072074388,35.1698523216207,롯데백화점
MA010120220813049539,스피치오;라비따준코,,G2,소매,G209,섬유·의복·신발 소매,G20902,여성 의류 소매업,G47412,여자용 겉옷 소매업,26,부산광역시,26350,해운대구,26350520,우2동,2635010500,우동,2635010500114950000,1,대지,1495,,부산광역시 해운대구 우동 1495,263502133001,부산광역시 해운대구 센텀남대로,35,,2635010500114950000000001,신세계백화점,부산광역시 해운대구 센텀남대로 35,612022,48058,,2,,129.129519598026,35.1688162817484,신세계백화점
MA010120220808071700,진도동부산아울렛,,G2,소매,G209,섬유·의복·신발 소매,G20905,기타 의류 소매업,G47416,가죽 및 모피 의복 소매업,26,부산광역시,26710,기장군,26710250,기장읍,2671025032,기장읍,2671025032105240000,1,대지,524,,부산광역시 기장군 기장읍 당사리 524,267103140057,부산광역시 기장군 기장읍 기장해안로,147,,,롯데백화점,부산광역시 기장군 기장읍 기장해안로 147,619902,46084,,1,,129.212550272823,35.1922798029682,롯데백화점
MA010120220802970916,도호,,G2,소매,G209,섬유·의복·신발 소매,G20905,기타 의류 소매업,G47414,셔츠 및 블라우스 소매업,26,부산광역시,26230,부산진구,26230520,부전2동,2623010300,부전동,2623010300105030015,1,대지,503,15,부산광역시 부산진구 부전동 503-15,262302006015,부산광역시 부산진구 가야대로,772,,2623010300105030015004104,롯데백화점,부산광역시 부산진구 가야대로 772,614732,47285,,2,,129.056412549351,35.1567968046828,롯데백화점
MA010120220804959913,롯데동래미소페,,G2,소매,G209,섬유·의복·신발 소매,G20910,신발 소매업,G47430,신발 소매업,26,부산광역시,26260,동래구,26260560,온천2동,2626010800,온천동,2626010800105020003,1,대지,502,3,부산광역시 동래구 온천동 502-3,262602000010,부산광역시 동래구 중앙대로,1393,,2626010800105020003000477,롯데백화점,부산광역시 동래구 중앙대로 1393,607716,47727,,1,,129.07747341266,35.2117052140663,롯데백화점
MA010120220810473379,현대부산레오나드,,G2,소매,G209,섬유·의복·신발 소매,G20902,여성 의류 소매업,G47412,여자용 겉옷 소매업,26,부산광역시,26170,동구,26170660,범일2동,2617010400,범일동,2617010400100620005,1,대지,62,5,부산광역시 동구 범일동 62-5,261703127051,부산광역시 동구 범일로,125,,2617010400100620005005551,현대백화점,부산광역시 동구 범일로 125,601718,48735,,4,,129.058567919742,35.1413052322577,현대백화점
MA010120220804989825,신세계미샤,센텀점,G2,소매,G209,섬유·의복·신발 소매,G20902,여성 의류 소매업,G47412,여자용 겉옷 소매업,26,부산광역시,26350,해운대구,26350520,우2동,2635010500,우동,2635010500114950000,1,대지,1495,,부산광역시 해운대구 우동 1495,263502133001,부산광역시 해운대구 센텀남대로,35,,2635010500114950000000001,신세계백화점,부산광역시 해운대구 센텀남대로 35,612022,48058,,3,,129.129519598026,35.1688162817484,신세계백화점
MA010120220808030350,삼성물산랙앤본,,G2,소매,G209,섬유·의복·신발 소매,G20902,여성 의류 소매업,G47412,여자용 겉옷 소매업,26,부산광역시,26350,해운대구,26350520,우2동,2635010500,우동,2635010500114950000,1,대지,1495,,부산광역시 해운대구 우동 1495,263502133001,부산광역시 해운대구 센텀남대로,35,,2635010500114950000000001,신세계백화점,부산광역시 해운대구 센텀남대로 35,612022,48058,,1,,129.129519598026,35.1688162817484,신세계백화점
MA010120220800519705,올리브데올리브신세계센텀,,G2,소매,G209,섬유·의복·신발 소매,G20902,여성 의류 소매업,G47412,여자용 겉옷 소매업,26,부산광역시,26350,해운대구,26350520,우2동,2635010500,우동,2635010500114950000,1,대지,1495,,부산광역시 해운대구 우동 1495,263502133001,부산광역시 해운대구 센텀남대로,35,,2635010500114950000000001,신세계백화점,부산광역시 해운대구 센텀남대로 35,612022,48058,,4,,129.129519598026,35.1688162817484,신세계백화점
MA010120220812104007,롯데부산아식스,,G2,소매,G209,섬유·의복·신발 소매,G20910,신발 소매업,G47430,신발 소매업,26,부산광역시,26230,부산진구,26230520,부전2동,2623010300,부전동,2623010300105030015,1,대지,503,15,부산광역시 부산진구 부전동 503-15,262302006015,부산광역시 부산진구 가야대로,772,,2623010300105030015004104,롯데백화점,부산광역시 부산진구 가야대로 772,614732,47285,,5,,129.056412549351,35.1567968046828,롯데백화점
MA010120220808753510,닥터하스킨,,G2,소매,G215,의약·화장품 소매,G21503,화장품 소매업,G47813,화장품; 비누 및 방향제 소매업,26,부산광역시,26350,해운대구,26350520,우2동,2635010500,우동,2635010500114960000,1,대지,1496,,부산광역시 해운대구 우동 1496,263502133001,부산광역시 해운대구 센텀남대로,59,,2635010500114960000000001,롯데백화점,부산광역시 해운대구 센텀남대로 59,612022,48058,,1,,129.131072074388,35.1698523216207,롯데백화점
MA010120220811443606,롯데센텀로렌,,G2,소매,G209,섬유·의복·신발 소매,G20902,여성 의류 소매업,G47412,여자용 겉옷 소매업,26,부산광역시,26350,해운대구,26350520,우2동,2635010500,우동,2635010500114960000,1,대지,1496,,부산광역시 해운대구 우동 1496,263502133001,부산광역시 해운대구 센텀남대로,59,,2635010500114960000000001,롯데백화점,부산광역시 해운대구 센텀남대로 59,612022,48058,,3,,129.131072074388,35.1698523216207,롯데백화점
MA010120220802863378,플레이키즈프로현대백화점,부산점,G2,소매,G209,섬유·의복·신발 소매,G20905,기타 의류 소매업,G47419,기타 의복 소매업,26,부산광역시,26170,동구,26170660,범일2동,2617010400,범일동,2617010400100620005,1,대지,62,5,부산광역시 동구 범일동 62-5,261703127051,부산광역시 동구 범일로,125,,2617010400100620005005551,현대백화점,부산광역시 동구 범일로 125,601718,48735,,7,,129.058567919742,35.1413052322577,현대백화점
MA010120220808018880,롯데부막스마라,산본점,G2,소매,G209,섬유·의복·신발 소매,G20902,여성 의류 소매업,G47412,여자용 겉옷 소매업,26,부산광역시,26230,부산진구,26230520,부전2동,2623010300,부전동,2623010300105030015,1,대지,503,15,부산광역시 부산진구 부전동 503-15,262302006015,부산광역시 부산진구 가야대로,772,,2623010300105030015004104,롯데백화점,부산광역시 부산진구 가야대로 772,614732,47285,,,,129.056412549351,35.1567968046828,롯데백화점
MA010120220812282413,아레나,,G2,소매,G209,섬유·의복·신발 소매,G20905,기타 의류 소매업,G47419,기타 의복 소매업,26,부산광역시,26170,동구,26170660,범일2동,2617010400,범일동,2617010400100620005,1,대지,62,5,부산광역시 동구 범일동 62-5,261703127051,부산광역시 동구 범일로,125,,2617010400100620005005551,현대백화점,부산광역시 동구 범일로 125,601718,48735,,6,,129.058567919742,35.1413052322577,현대백화점
MA010120220814395221,제이엔총각정육괴정지점,백화점,G2,소매,G205,식료품 소매,G20503,정육점,G47212,육류 소매업,26,부산광역시,26380,사하구,26380530,괴정3동,2638010100,괴정동,2638010100102710001,1,대지,271,1,부산광역시 사하구 괴정동 271-1,263802006002,부산광역시 사하구 낙동대로,173,,2638010100102710001036940,하이마트,부산광역시 사하구 낙동대로 173,604809,49349,,,,128.997478801329,35.10164880904,기타/미상
MA010120220806032226,행텐주니어NC,부산대점,G2,소매,G209,섬유·의복·신발 소매,G20905,기타 의류 소매업,G47419,기타 의복 소매업,26,부산광역시,26410,금정구,26410610,장전2동,2641010800,장전동,2641010800100400000,1,대지,40,,부산광역시 금정구 장전동 40,264104205206,부산광역시 금정구 부산대학로63번길,2,,2641010800100400000000001,NC백화점,부산광역시 금정구 부산대학로63번길 2,609737,46241,,4,,129.083829027579,35.2322412765478,NC백화점
MA010120220811639238,티엔제이롯데쇼핑롯데몰동트위주,부산점,G2,소매,G208,가전·통신 소매,G20803,가전제품 소매업,G47320,가전제품 소매업,26,부산광역시,26710,기장군,26710250,기장읍,2671025032,기장읍,2671025032105240000,1,대지,524,,부산광역시 기장군 기장읍 당사리 524,267103140057,부산광역시 기장군 기장읍 기장해안로,147,,2671025032100640000000001,롯데백화점,부산광역시 기장군 기장읍 기장해안로 147,619902,46084,,2,,129.212778971514,35.1922125435306,롯데백화점
MA010120220811020519,주은유통,,G2,소매,G209,섬유·의복·신발 소매,G20901,남성 의류 소매업,G47411,남자용 겉옷 소매업,26,부산광역시,26260,동래구,26260560,온천2동,2626010800,온천동,2626010800105020003,1,대지,502,3,부산광역시 동래구 온천동 502-3,262602000010,부산광역시 동래구 중앙대로,1393,,2626010800105020003000477,롯데백화점,부산광역시 동래구 중앙대로 1393,607716,47727,,4,,129.07747341266,35.2117052140663,롯데백화점
MA010120220810314976,타미진,,G2,소매,G209,섬유·의복·신발 소매,G20902,여성 의류 소매업,G47412,여자용 겉옷 소매업,26,부산광역시,26170,동구,26170660,범일2동,2617010400,범일동,2617010400100620005,1,대지,62,5,부산광역시 동구 범일동 62-5,261703127051,부산광역시 동구 범일로,125,,2617010400100620005005551,현대백화점,부산광역시 동구 범일로 125,601718,48735,,1,,129.058567919742,35.1413052322577,현대백화점
MA010120220800096379,닥스셔츠,,G2,소매,G209,섬유·의복·신발 소매,G20905,기타 의류 소매업,G47419,기타 의복 소매업,26,부산광역시,26350,해운대구,26350520,우2동,2635010500,우동,2635010500114960000,1,대지,1496,,부산광역시 해운대구 우동 1496,263502133001,부산광역시 해운대구 센텀남대로,59,,2635010500114960000000001,롯데백화점,부산광역시 해운대구 센텀남대로 59,612022,48058,,6,,129.131072074388,35.1698523216207,롯데백화점
MA010120220810667092,겐츠베이커리롯데백화점주,서면점,I2,음식,I210,기타 간이,I21001,빵/도넛,I56191,제과점업,26,부산광역시,26230,부산진구,26230520,부전2동,2623010300,부전동,2623010300105030015,1,대지,503,15,부산광역시 부산진구 부전동 503-15,262302006015,부산광역시 부산진구 가야대로,772,,2623010300105030015004104,롯데백화점,부산광역시 부산진구 가야대로 772,614732,47285,,1,,129.056412549351,35.1567968046828,롯데백화점
MA010120220803347986,띠어리롯데백화점부,산본점,G2,소매,G209,섬유·의복·신발 소매,G20901,남성 의류 소매업,G47411,남자용 겉옷 소매업,26,부산광역시,26230,부산진구,26230520,부전2동,2623010300,부전동,2623010300105030015,1,대지,503,15,부산광역시 부산진구 부전동 503-15,262302006015,부산광역시 부산진구 가야대로,772,,2623010300105030015004104,롯데백화점,부산광역시 부산진구 가야대로 772,614732,47285,,4,,129.056412549351,35.1567968046828,롯데백화점
MA010120220810205908,아이디,,G2,소매,G209,섬유·의복·신발 소매,G20902,여성 의류 소매업,G47412,여자용 겉옷 소매업,26,부산광역시,26230,부산진구,26230520,부전2동,2623010300,부전동,2623010300105030015,1,대지,503,15,부산광역시 부산진구 부전동 503-15,262302006015,부산광역시 부산진구 가야대로,772,,2623010300105030015004104,롯데백화점,부산광역시 부산진구 가야대로 772,614732,47285,,7,,129.056412549351,35.1567968046828,롯데백화점
MA010120220806272046,에꼴리에,,G2,소매,G209,섬유·의복·신발 소매,G20905,기타 의류 소매업,G47414,셔츠 및 블라우스 소매업,26,부산광역시,26230,부산진구,26230600,전포1동,2623010200,전포동,2623010200106680001,1,대지,668,1,부산광역시 부산진구 전포동 668-1,262303129010,부산광역시 부산진구 동천로,92,,2623010200106680001044509,NC백화점,부산광역시 부산진구 동천로 92,614772,47293,,5,,129.063013297817,35.1570359960725,NC백화점
MA010120220811424557,파리게이츠,,G2,소매,G209,섬유·의복·신발 소매,G20905,기타 의류 소매업,G47419,기타 의복 소매업,26,부산광역시,26260,동래구,26260560,온천2동,2626010800,온천동,2626010800105020003,1,대지,502,3,부산광역시 동래구 온천동 502-3,262602000010,부산광역시 동래구 중앙대로,1393,,2626010800105020003000477,롯데백화점,부산광역시 동래구 중앙대로 1393,607716,47727,,6,,129.07747341266,35.2117052140663,롯데백화점
MA010120220810666610,루이비통롯데부산유,코리아,G2,소매,G209,섬유·의복·신발 소매,G20911,가방 소매업,G47440,가방 및 기타 가죽제품 소매업,26,부산광역시,26230,부산진구,26230520,부전2동,2623010300,부전동,2623010300105030015,1,대지,503,15,부산광역시 부산진구 부전동 503-15,262302006015,부산광역시 부산진구 가야대로,772,,2623010300105030015004104,롯데백화점,부산광역시 부산진구 가야대로 772,614732,47285,,1,,129.056412549351,35.1567968046828,롯데백화점
MA010120220810792748,볼빅현대부산,,G2,소매,G209,섬유·의복·신발 소매,G20905,기타 의류 소매업,G47419,기타 의복 소매업,26,부산광역시,26170,동구,26170660,범일2동,2617010400,범일동,2617010400100620005,1,대지,62,5,부산광역시 동구 범일동 62-5,261703127051,부산광역시 동구 범일로,125,,2617010400100620005005551,볼빅현대백화점,부산광역시 동구 범일로 125,601718,48735,,5,,129.058567919742,35.1413052322577,현대백화점
MA010120220805528279,케이투,,G2,소매,G209,섬유·의복·신발 소매,G20905,기타 의류 소매업,G47419,기타 의복 소매업,26,부산광역시,26350,해운대구,26350520,우2동,2635010500,우동,2635010500114960000,1,대지,1496,,부산광역시 해운대구 우동 1496,263502133001,부산광역시 해운대구 센텀남대로,59,,2635010500114960000000001,롯데백화점,부산광역시 해운대구 센텀남대로 59,612022,48058,,5,,129.131072074388,35.1698523216207,롯데백화점
MA010120220805496351,금양인터내셔날롯데,부산점,G2,소매,G206,음료 소매,G20602,주류 소매업,G47221,음료 소매업,26,부산광역시,26230,부산진구,26230520,부전2동,2623010300,부전동,2623010300105030015,1,대지,503,15,부산광역시 부산진구 부전동 503-15,262302006015,부산광역시 부산진구 가야대로,772,,2623010300105030015004104,와인코너롯데백화점,부산광역시 부산진구 가야대로 772,614732,47285,,,,129.056412549351,35.1567968046828,롯데백화점
MA010120220811606021,커스텀멜로우신세계,센텀시티점,G2,소매,G209,섬유·의복·신발 소매,G20901,남성 의류 소매업,G47411,남자용 겉옷 소매업,26,부산광역시,26350,해운대구,26350520,우2동,2635010500,우동,2635010500114950000,1,대지,1495,,부산광역시 해운대구 우동 1495,263502133001,부산광역시 해운대구 센텀남대로,35,,2635010500114950000000001,신세계백화점,부산광역시 해운대구 센텀남대로 35,612022,48058,,5,,129.129519598026,35.1688162817484,신세계백화점
MA010120220812517699,롯데부산마더피아,,G2,소매,G209,섬유·의복·신발 소매,G20902,여성 의류 소매업,G47412,여자용 겉옷 소매업,26,부산광역시,26230,부산진구,26230520,부전2동,2623010300,부전동,2623010300105030015,1,대지,503,15,부산광역시 부산진구 부전동 503-15,262302006015,부산광역시 부산진구 가야대로,772,,2623010300105030015004104,롯데백화점,부산광역시 부산진구 가야대로 772,614732,47285,,6,,129.056412549351,35.1567968046828,롯데백화점
MA010120220811444891,다이나핏DYNAFIT롯데광복,,G2,소매,G209,섬유·의복·신발 소매,G20905,기타 의류 소매업,G47419,기타 의복 소매업,26,부산광역시,26110,중구,26110510,중앙동,2611011000,중앙동7가,2611011000100200001,1,대지,20,1,부산광역시 중구 중앙동7가 20-1,261102000010,부산광역시 중구 중앙대로,2,,2611011000100200001000001,다이나핏롯데백화점,부산광역시 중구 중앙대로 2,600017,48944,,7,,129.036707345866,35.0983104003377,롯데백화점
MA010120220810778118,와이드앵글,,G2,소매,G209,섬유·의복·신발 소매,G20905,기타 의류 소매업,G47419,기타 의복 소매업,26,부산광역시,26260,동래구,26260560,온천2동,2626010800,온천동,2626010800105020003,1,대지,502,3,부산광역시 동래구 온천동 502-3,262602000010,부산광역시 동래구 중앙대로,1393,,2626010800105020003000477,롯데백화점,부산광역시 동래구 중앙대로 1393,607716,47727,,6,,129.07747341266,35.2117052140663,롯데백화점
MA010120220810645092,동원GNC&천지인,,G2,소매,G205,식료품 소매,G20508,건강보조식품 소매업,G47217,건강 보조식품 소매업,26,부산광역시,26170,동구,26170660,범일2동,2617010400,범일동,2617010400100620005,1,대지,62,5,부산광역시 동구 범일동 62-5,261703127051,부산광역시 동구 범일로,125,,2617010400100620005005551,현대백화점,부산광역시 동구 범일로 125,601718,48735,,2,,129.058567919742,35.1413052322577,현대백화점
MA010120220811424274,다미분식,,I2,음식,I210,기타 간이,I21007,김밥/만두/분식,I56194,김밥 및 기타 간이 음식점업,26,부산광역시,26350,해운대구,26350520,우2동,2635010500,우동,2635010500114950000,1,대지,1495,,부산광역시 해운대구 우동 1495,263502133001,부산광역시 해운대구 센텀남대로,35,,2635010500114950000000001,신세계백화점,부산광역시 해운대구 센텀남대로 35,612022,48058,,,,129.129519598026,35.1688162817484,신세계백화점
MA010120220806713891,농가축산물,백화점,G2,소매,G205,식료품 소매,G20503,정육점,G47212,육류 소매업,26,부산광역시,26200,영도구,26200530,남항동,2620010600,남항동2가,2620010600102490017,1,대지,249,17,부산광역시 영도구 남항동2가 249-17,262003128002,부산광역시 영도구 남항로,28,1,2620010600102490017021725,,부산광역시 영도구 남항로 28-1,606802,49055,,,,129.039468882737,35.0889998881604,기타/미상
MA010120220807168159,러브앤쇼,,G2,소매,G209,섬유·의복·신발 소매,G20905,기타 의류 소매업,G47414,셔츠 및 블라우스 소매업,26,부산광역시,26170,동구,26170660,범일2동,2617010400,범일동,2617010400100620005,1,대지,62,5,부산광역시 동구 범일동 62-5,261703127051,부산광역시 동구 범일로,125,,2617010400100620005005551,러브앤쇼현대백화점,부산광역시 동구 범일로 125,601718,48735,,7,,129.058567919742,35.1413052322577,현대백화점
MA010120220808570298,스파리움롯데광복점,백화점,S2,수리·개인,S207,이용·미용,S20701,미용실,S96112,두발 미용업,26,부산광역시,26110,중구,26110510,중앙동,2611011000,중앙동7가,2611011000100200001,1,대지,20,1,부산광역시 중구 중앙동7가 20-1,261102000010,부산광역시 중구 중앙대로,2,,2611011000100200001000001,롯데백화점,부산광역시 중구 중앙대로 2,600017,48944,,3,,129.036707345866,35.0983104003377,롯데백화점
MA010120220810646349,루반도르,,I2,음식,I210,기타 간이,I21001,빵/도넛,I56191,제과점업,26,부산광역시,26170,동구,26170660,범일2동,2617010400,범일동,2617010400100620005,1,대지,62,5,부산광역시 동구 범일동 62-5,261703127051,부산광역시 동구 범일로,125,,2617010400100620005005551,현대백화점,부산광역시 동구 범일로 125,601718,48735,,2,,129.058567919742,35.1413052322577,현대백화점
MA010120220813867839,타미진,,G2,소매,G209,섬유·의복·신발 소매,G20902,여성 의류 소매업,G47412,여자용 겉옷 소매업,26,부산광역시,26110,중구,26110510,중앙동,2611011000,중앙동7가,2611011000100200001,1,대지,20,1,부산광역시 중구 중앙동7가 20-1,261102000010,부산광역시 중구 중앙대로,2,,2611011000100200001000001,롯데백화점,부산광역시 중구 중앙대로 2,600017,48944,,4,,129.036707345866,35.0983104003377,롯데백화점
MA010120220813154868,신세계센텀와코루,,G2,소매,G209,섬유·의복·신발 소매,G20905,기타 의류 소매업,G47413,속옷 및 잠옷 소매업,26,부산광역시,26350,해운대구,26350520,우2동,2635010500,우동,2635010500114950000,1,대지,1495,,부산광역시 해운대구 우동 1495,263502133001,부산광역시 해운대구 센텀남대로,35,,2635010500114950000000001,신세계백화점,부산광역시 해운대구 센텀남대로 35,612022,48058,,4,,129.129519598026,35.1688162817484,신세계백화점
MA010120220812431404,현대부산닥스숙녀,,G2,소매,G209,섬유·의복·신발 소매,G20902,여성 의류 소매업,G47412,여자용 겉옷 소매업,26,부산광역시,26170,동구,26170660,범일2동,2617010400,범일동,2617010400100620005,1,대지,62,5,부산광역시 동구 범일동 62-5,261703127051,부산광역시 동구 범일로,125,,2617010400100620005005551,현대백화점,부산광역시 동구 범일로 125,601718,48735,,3,,129.058567919742,35.1413052322577,현대백화점
MA010120220812356216,성한컨버스롯데광복,,G2,소매,G209,섬유·의복·신발 소매,G20910,신발 소매업,G47430,신발 소매업,26,부산광역시,26110,중구,26110510,중앙동,2611011000,중앙동7가,2611011000100200001,1,대지,20,1,부산광역시 중구 중앙동7가 20-1,261102000010,부산광역시 중구 중앙대로,2,,2611011000100200001000001,롯데백화점,부산광역시 중구 중앙대로 2,600017,48944,,,,129.036707345866,35.0983104003377,롯데백화점
MA010120220810666677,펠리아서면,,S2,수리·개인,S207,이용·미용,S20701,미용실,S96112,두발 미용업,26,부산광역시,26230,부산진구,26230520,부전2동,2623010300,부전동,2623010300105030015,1,대지,503,15,부산광역시 부산진구 부전동 503-15,262302006015,부산광역시 부산진구 가야대로,772,,2623010300105030015004104,롯데백화점,부산광역시 부산진구 가야대로 772,614732,47285,,9,,129.056412549351,35.1567968046828,롯데백화점
MA010120220810626738,디케이엔와이여성롯데,부산점,G2,소매,G209,섬유·의복·신발 소매,G20902,여성 의류 소매업,G47412,여자용 겉옷 소매업,26,부산광역시,26230,부산진구,26230520,부전2동,2623010300,부전동,2623010300105030015,1,대지,503,15,부산광역시 부산진구 부전동 503-15,262302006015,부산광역시 부산진구 가야대로,772,,2623010300105030015004104,롯데백화점,부산광역시 부산진구 가야대로 772,614732,47285,,3,,129.056412549351,35.1567968046828,롯데백화점
MA010120220813825109,총각정육,백화점,G2,소매,G205,식료품 소매,G20503,정육점,G47212,육류 소매업,26,부산광역시,26200,영도구,26200540,영선1동,2620010900,영선동2가,2620010900100620001,1,대지,62,1,부산광역시 영도구 영선동2가 62-1,262004184221,부산광역시 영도구 절영로49번길,68,,2620010900100620001019290,,부산광역시 영도구 절영로49번길 68,606042,49053,,1,,129.041993277029,35.0886690106918,기타/미상
MA010120220806787127,샵에이치,,G2,소매,G209,섬유·의복·신발 소매,G20902,여성 의류 소매업,G47412,여자용 겉옷 소매업,26,부산광역시,26170,동구,26170660,범일2동,2617010400,범일동,2617010400100620005,1,대지,62,5,부산광역시 동구 범일동 62-5,261703127051,부산광역시 동구 범일로,125,,2617010400100620005005551,현대백화점,부산광역시 동구 범일로 125,601718,48735,,1,,129.058567919742,35.1413052322577,현대백화점
MA010120220811591940,휴대폰,백화점,G2,소매,G208,가전·통신 소매,G20802,핸드폰 소매업,G47312,통신기기 소매업,26,부산광역시,26710,기장군,26710250,기장읍,2671025021,기장읍,2671025021103660001,1,대지,366,1,부산광역시 기장군 기장읍 동부리 366-1,267103140051,부산광역시 기장군 기장읍 차성동로,114,,2671025021103660001012886,신세계정형외과,부산광역시 기장군 기장읍 차성동로 114,619905,46063,,1,,129.217048531667,35.2478868952994,신세계백화점
MA010120220808623369,톰보이,,G2,소매,G209,섬유·의복·신발 소매,G20902,여성 의류 소매업,G47412,여자용 겉옷 소매업,26,부산광역시,26350,해운대구,26350520,우2동,2635010500,우동,2635010500114950000,1,대지,1495,,부산광역시 해운대구 우동 1495,263502133001,부산광역시 해운대구 센텀남대로,35,,2635010500114950000000001,신세계백화점,부산광역시 해운대구 센텀남대로 35,612022,48058,,4,,129.129519598026,35.1688162817484,신세계백화점
MA010120220812829047,비비안,,G2,소매,G209,섬유·의복·신발 소매,G20905,기타 의류 소매업,G47413,속옷 및 잠옷 소매업,26,부산광역시,26110,중구,26110510,중앙동,2611011000,중앙동7가,2611011000100200001,1,대지,20,1,부산광역시 중구 중앙동7가 20-1,261102000010,부산광역시 중구 중앙대로,2,,2611011000100200001000001,롯데백화점,부산광역시 중구 중앙대로 2,600017,48944,,4,,129.036707345866,35.0983104003377,롯데백화점
MA010120220811100118,프로젝트엠NC,해운대점,G2,소매,G209,섬유·의복·신발 소매,G20905,기타 의류 소매업,G47414,셔츠 및 블라우스 소매업,26,부산광역시,26350,해운대구,26350551,좌1동,2635010700,좌동,2635010700114670004,1,대지,1467,4,부산광역시 해운대구 좌동 1467-4,263502006010,부산광역시 해운대구 해운대로,813,,2635010700114670004003745,NC백화점,부산광역시 해운대구 해운대로 813,612836,48106,,4,,129.177051032177,35.1705302447392,NC백화점
MA010120220802269152,현대부산파리게이츠,,G2,소매,G209,섬유·의복·신발 소매,G20905,기타 의류 소매업,G47419,기타 의복 소매업,26,부산광역시,26170,동구,26170660,범일2동,2617010400,범일동,2617010400100620005,1,대지,62,5,부산광역시 동구 범일동 62-5,261703127051,부산광역시 동구 범일로,125,,2617010400100620005005551,현대백화점,부산광역시 동구 범일로 125,601718,48735,,5,,129.058567919742,35.1413052322577,현대백화점
MA010120220810476398,부동산공인중개사사무소,백화점,L1,부동산,L102,부동산 서비스,L10203,부동산 중개/대리업,L68221,부동산 중개 및 대리업,26,부산광역시,26230,부산진구,26230510,부전1동,2623010300,부전동,2623010300101260002,1,대지,126,2,부산광역시 부산진구 부전동 126-2,262304187428,부산광역시 부산진구 서전로9번길,38,,2623010300101260002016289,부동산백화점,부산광역시 부산진구 서전로9번길 38,614844,47246,,1,,129.061403646299,35.1593433447539,기타/미상
MA010120220802649632,롯데동래데상트,,G2,소매,G209,섬유·의복·신발 소매,G20905,기타 의류 소매업,G47419,기타 의복 소매업,26,부산광역시,26260,동래구,26260560,온천2동,2626010800,온천동,2626010800105020003,1,대지,502,3,부산광역시 동래구 온천동 502-3,262602000010,부산광역시 동래구 중앙대로,1393,,2626010800105020003000477,데상트롯데백화점,부산광역시 동래구 중앙대로 1393,607716,47727,,5,,129.07747341266,35.2117052140663,롯데백화점
MA010120220811444905,신세계센텀플리츠플리즈,,G2,소매,G209,섬유·의복·신발 소매,G20902,여성 의류 소매업,G47412,여자용 겉옷 소매업,26,부산광역시,26350,해운대구,26350520,우2동,2635010500,우동,2635010500114950000,1,대지,1495,,부산광역시 해운대구 우동 1495,263502133001,부산광역시 해운대구 센텀남대로,35,,2635010500114950000000001,신세계백화점,부산광역시 해운대구 센텀남대로 35,612022,48058,,2,,129.129519598026,35.1688162817484,신세계백화점
MA010120220814131897,블랙야크,,G2,소매,G209,섬유·의복·신발 소매,G20905,기타 의류 소매업,G47419,기타 의복 소매업,26,부산광역시,26110,중구,26110510,중앙동,2611011000,중앙동7가,2611011000100200001,1,대지,20,1,부산광역시 중구 중앙동7가 20-1,261102000010,부산광역시 중구 중앙대로,2,,2611011000100200001000001,롯데백화점,부산광역시 중구 중앙대로 2,600017,48944,,7,,129.036707345866,35.0983104003377,롯데백화점
MA010120220811462501,크리스챤디올신세계백화점주,센텀시티점,G2,소매,G209,섬유·의복·신발 소매,G20902,여성 의류 소매업,G47412,여자용 겉옷 소매업,26,부산광역시,26350,해운대구,26350520,우2동,2635010500,우동,2635010500114950000,1,대지,1495,,부산광역시 해운대구 우동 1495,263502133001,부산광역시 해운대구 센텀남대로,35,,2635010500114950000000001,신세계백화점,부산광역시 해운대구 센텀남대로 35,612022,48058,,1,,129.129519598026,35.1688162817484,신세계백화점
MA010120220808331696,애슐리퀸즈NC,해운대점,I2,음식,I204,서양식,I20403,패밀리레스토랑,I56123,서양식 음식점업,26,부산광역시,26350,해운대구,26350551,좌1동,2635010700,좌동,2635010700114670004,1,대지,1467,4,부산광역시 해운대구 좌동 1467-4,263502006010,부산광역시 해운대구 해운대로,813,,2635010700114670004003745,장산NC백화점,부산광역시 해운대구 해운대로 813,612836,48106,,7,,129.177051032177,35.1705302447392,NC백화점
MA010120220806663218,컬럼비아롯데부,산본점,G2,소매,G209,섬유·의복·신발 소매,G20905,기타 의류 소매업,G47419,기타 의복 소매업,26,부산광역시,26230,부산진구,26230520,부전2동,2623010300,부전동,2623010300105030015,1,대지,503,15,부산광역시 부산진구 부전동 503-15,262302006015,부산광역시 부산진구 가야대로,772,,2623010300105030015004104,롯데백화점,부산광역시 부산진구 가야대로 772,614732,47285,,5,,129.056412549351,35.1567968046828,롯데백화점
MA010120220807982376,페세리코롯데,백화점,G2,소매,G209,섬유·의복·신발 소매,G20902,여성 의류 소매업,G47412,여자용 겉옷 소매업,26,부산광역시,26230,부산진구,26230520,부전2동,2623010300,부전동,2623010300105030015,1,대지,503,15,부산광역시 부산진구 부전동 503-15,262302006015,부산광역시 부산진구 가야대로,772,,2623010300105030015004104,롯데백화점,부산광역시 부산진구 가야대로 772,614732,47285,,,,129.056412549351,35.1567968046828,롯데백화점
MA010120220805542019,르꼬끄스포르티브,,G2,소매,G209,섬유·의복·신발 소매,G20902,여성 의류 소매업,G47412,여자용 겉옷 소매업,26,부산광역시,26110,중구,26110510,중앙동,2611011000,중앙동7가,2611011000100200001,1,대지,20,1,부산광역시 중구 중앙동7가 20-1,261102000010,부산광역시 중구 중앙대로,2,,2611011000100200001000001,롯데백화점,부산광역시 중구 중앙대로 2,600017,48944,,5,,129.036707345866,35.0983104003377,롯데백화점
MA010120220810824509,우리샤브,,I2,음식,I201,한식,I20101,백반/한정식,I56111,한식 일반 음식점업,26,부산광역시,26260,동래구,26260560,온천2동,2626010800,온천동,2626010800105020003,1,대지,502,3,부산광역시 동래구 온천동 502-3,262602000010,부산광역시 동래구 중앙대로,1393,,2626010800105020003000477,롯데백화점,부산광역시 동래구 중앙대로 1393,607716,47727,,1,,129.07747341266,35.2117052140663,롯데백화점
MA010120220812667627,올젠,,G2,소매,G209,섬유·의복·신발 소매,G20901,남성 의류 소매업,G47411,남자용 겉옷 소매업,26,부산광역시,26230,부산진구,26230600,전포1동,2623010200,전포동,2623010200106680001,1,대지,668,1,부산광역시 부산진구 전포동 668-1,262303129010,부산광역시 부산진구 동천로,92,,2623010200106680001044509,NC백화점,부산광역시 부산진구 동천로 92,614772,47293,,4,,129.063013297817,35.1570359960725,NC백화점
MA010120220807079001,엠앤엘,,G2,소매,G209,섬유·의복·신발 소매,G20901,남성 의류 소매업,G47411,남자용 겉옷 소매업,26,부산광역시,26350,해운대구,26350520,우2동,2635010500,우동,2635010500114950000,1,대지,1495,,부산광역시 해운대구 우동 1495,263502133001,부산광역시 해운대구 센텀남대로,35,,2635010500114950000000001,신세계백화점,부산광역시 해운대구 센텀남대로 35,612022,48058,,5,,129.129519598026,35.1688162817484,신세계백화점
MA010120220809723511,NC백화점타마라,해운대,G2,소매,G209,섬유·의복·신발 소매,G20902,여성 의류 소매업,G47412,여자용 겉옷 소매업,26,부산광역시,26350,해운대구,26350551,좌1동,2635010700,좌동,2635010700114670004,1,대지,1467,4,부산광역시 해운대구 좌동 1467-4,263502006010,부산광역시 해운대구 해운대로,813,,2635010700114670004003745,NC백화점,부산광역시 해운대구 해운대로 813,612836,48106,,2,,129.177051032177,35.1705302447392,NC백화점
MA010120220809857017,아페쎄A.P.C.신세계,센텀시티점,G2,소매,G209,섬유·의복·신발 소매,G20902,여성 의류 소매업,G47412,여자용 겉옷 소매업,26,부산광역시,26350,해운대구,26350520,우2동,2635010500,우동,2635010500114950000,1,대지,1495,,부산광역시 해운대구 우동 1495,263502133001,부산광역시 해운대구 센텀남대로,35,,2635010500114950000000001,신세계백화점,부산광역시 해운대구 센텀남대로 35,612022,48058,,1,,129.129519598026,35.1688162817484,신세계백화점
MA010120220807002161,더바디샵,,G2,소매,G215,의약·화장품 소매,G21503,화장품 소매업,G47813,화장품; 비누 및 방향제 소매업,26,부산광역시,26260,동래구,26260560,온천2동,2626010800,온천동,2626010800105020003,1,대지,502,3,부산광역시 동래구 온천동 502-3,262602000010,부산광역시 동래구 중앙대로,1393,,2626010800105020003000477,롯데백화점,부산광역시 동래구 중앙대로 1393,607716,47727,,1,,129.07747341266,35.2117052140663,롯데백화점
MA010120220810581815,몽벨롯데,동래점,G2,소매,G209,섬유·의복·신발 소매,G20905,기타 의류 소매업,G47419,기타 의복 소매업,26,부산광역시,26260,동래구,26260560,온천2동,2626010800,온천동,2626010800105020003,1,대지,502,3,부산광역시 동래구 온천동 502-3,262602000010,부산광역시 동래구 중앙대로,1393,,2626010800105020003000477,롯데백화점,부산광역시 동래구 중앙대로 1393,607716,47727,,5,,129.07747341266,35.2117052140663,롯데백화점
MA010120220810615272,엠엘비키즈,,G2,소매,G209,섬유·의복·신발 소매,G20905,기타 의류 소매업,G47419,기타 의복 소매업,26,부산광역시,26230,부산진구,26230520,부전2동,2623010300,부전동,2623010300105030015,1,대지,503,15,부산광역시 부산진구 부전동 503-15,262302006015,부산광역시 부산진구 가야대로,772,,2623010300105030015004104,롯데백화점,부산광역시 부산진구 가야대로 772,614732,47285,,6,,129.056412549351,35.1567968046828,롯데백화점
MA010120220804732374,헤지스키즈,,G2,소매,G209,섬유·의복·신발 소매,G20903,유아용 의류 소매업,G47417,유아용 의류 소매업,26,부산광역시,26260,동래구,26260560,온천2동,2626010800,온천동,2626010800105020003,1,대지,502,3,부산광역시 동래구 온천동 502-3,262602000010,부산광역시 동래구 중앙대로,1393,,2626010800105020003000477,헤지스키즈롯데백화점,부산광역시 동래구 중앙대로 1393,607716,47727,,6,,129.07747341266,35.2117052140663,롯데백화점
MA010120220813799958,플레이키즈프로롯데다파라,센텀점,G2,소매,G209,섬유·의복·신발 소매,G20910,신발 소매업,G47430,신발 소매업,26,부산광역시,26350,해운대구,26350520,우2동,2635010500,우동,2635010500114960000,1,대지,1496,,부산광역시 해운대구 우동 1496,263502133001,부산광역시 해운대구 센텀남대로,59,,2635010500114960000000001,플레이키즈프로롯데백화점,부산광역시 해운대구 센텀남대로 59,612022,48058,,6,,129.131072074388,35.1698523216207,롯데백화점
MA010120220805075435,제이빔,부산대점,G2,소매,G209,섬유·의복·신발 소매,G20902,여성 의류 소매업,G47412,여자용 겉옷 소매업,26,부산광역시,26410,금정구,26410610,장전2동,2641010800,장전동,2641010800100400000,1,대지,40,,부산광역시 금정구 장전동 40,264104205206,부산광역시 금정구 부산대학로63번길,2,,2641010800100400000000001,NC백화점,부산광역시 금정구 부산대학로63번길 2,609737,46241,,2,,129.083829027579,35.2322412765478,NC백화점
MA010120220806748317,에고이스트,,G2,소매,G209,섬유·의복·신발 소매,G20902,여성 의류 소매업,G47412,여자용 겉옷 소매업,26,부산광역시,26170,동구,26170660,범일2동,2617010400,범일동,2617010400100620005,1,대지,62,5,부산광역시 동구 범일동 62-5,261703127051,부산광역시 동구 범일로,125,,2617010400100620005005551,현대백화점,부산광역시 동구 범일로 125,601718,48735,,B1,,129.058567919742,35.1413052322577,현대백화점
MA010120220811434269,써스데이아일랜드,,G2,소매,G209,섬유·의복·신발 소매,G20902,여성 의류 소매업,G47412,여자용 겉옷 소매업,26,부산광역시,26350,해운대구,26350520,우2동,2635010500,우동,2635010500114960000,1,대지,1496,,부산광역시 해운대구 우동 1496,263502133001,부산광역시 해운대구 센텀남대로,59,,2635010500114960000000001,롯데백화점,부산광역시 해운대구 센텀남대로 59,612022,48058,,5,,129.131072074388,35.1698523216207,롯데백화점
MA010120220810785514,엠엘비키즈,,G2,소매,G209,섬유·의복·신발 소매,G20903,유아용 의류 소매업,G47417,유아용 의류 소매업,26,부산광역시,26260,동래구,26260560,온천2동,2626010800,온천동,2626010800105020003,1,대지,502,3,부산광역시 동래구 온천동 502-3,262602000010,부산광역시 동래구 중앙대로,1393,,2626010800105020003000477,엠엘비키즈롯데백화점,부산광역시 동래구 중앙대로 1393,607716,47727,,6,,129.07747341266,35.2117052140663,롯데백화점
MA010120220810503197,롯데와인롯데백화점,센텀점,G2,소매,G204,종합 소매,G20404,슈퍼마켓,G47221,음료 소매업,26,부산광역시,26350,해운대구,26350520,우2동,2635010500,우동,2635010500114960000,1,대지,1496,,부산광역시 해운대구 우동 1496,263502133001,부산광역시 해운대구 센텀남대로,59,,2635010500114960000000001,롯데백화점,부산광역시 해운대구 센텀남대로 59,612022,48058,,1,,129.131072074388,35.1698523216207,롯데백화점
MA010120220802932853,블랙야크키즈롯데센텀,,G2,소매,G209,섬유·의복·신발 소매,G20905,기타 의류 소매업,G47419,기타 의복 소매업,26,부산광역시,26350,해운대구,26350520,우2동,2635010500,우동,2635010500114960000,1,대지,1496,,부산광역시 해운대구 우동 1496,263502133001,부산광역시 해운대구 센텀남대로,59,,2635010500114960000000001,롯데백화점,부산광역시 해운대구 센텀남대로 59,612022,48058,,6,,129.131072074388,35.1698523216207,롯데백화점
MA010120220810645532,겐조롯데백화점,부산점,G2,소매,G209,섬유·의복·신발 소매,G20901,남성 의류 소매업,G47411,남자용 겉옷 소매업,26,부산광역시,26230,부산진구,26230520,부전2동,2623010300,부전동,2623010300105030015,1,대지,503,15,부산광역시 부산진구 부전동 503-15,262302006015,부산광역시 부산진구 가야대로,772,,2623010300105030015004104,롯데백화점,부산광역시 부산진구 가야대로 772,614732,47285,,,,129.056412549351,35.1567968046828,롯데백화점
MA010120220808665412,빈폴,,G2,소매,G209,섬유·의복·신발 소매,G20905,기타 의류 소매업,G47414,셔츠 및 블라우스 소매업,26,부산광역시,26230,부산진구,26230520,부전2동,2623010300,부전동,2623010300105030015,1,대지,503,15,부산광역시 부산진구 부전동 503-15,262302006015,부산광역시 부산진구 가야대로,772,,2623010300105030015004104,롯데백화점,부산광역시 부산진구 가야대로 772,614732,47285,,4,,129.056412549351,35.1567968046828,롯데백화점
MA010120220809394080,소스돈가스,청담동,I2,음식,I204,서양식,I20401,경양식,I56123,서양식 음식점업,26,부산광역시,26350,해운대구,26350520,우2동,2635010500,우동,2635010500114960000,1,대지,1496,,부산광역시 해운대구 우동 1496,263502133001,부산광역시 해운대구 센텀남대로,59,,2635010500114960000000001,롯데백화점,부산광역시 해운대구 센텀남대로 59,612022,48058,,6,,129.131072074388,35.1698523216207,롯데백화점
MA010120220810477083,리스트,,G2,소매,G209,섬유·의복·신발 소매,G20902,여성 의류 소매업,G47412,여자용 겉옷 소매업,26,부산광역시,26110,중구,26110510,중앙동,2611011000,중앙동7가,2611011000100200001,1,대지,20,1,부산광역시 중구 중앙동7가 20-1,261102000010,부산광역시 중구 중앙대로,2,,2611011000100200001000001,롯데백화점,부산광역시 중구 중앙대로 2,600017,48944,,3,,129.036707345866,35.0983104003377,롯데백화점
MA010120220814335135,롯데백화점부리본,산본점,G2,소매,G209,섬유·의복·신발 소매,G20902,여성 의류 소매업,G47412,여자용 겉옷 소매업,26,부산광역시,26230,부산진구,26230520,부전2동,2623010300,부전동,2623010300105030015,1,대지,503,15,부산광역시 부산진구 부전동 503-15,262302006015,부산광역시 부산진구 가야대로,772,,2623010300105030015004104,,부산광역시 부산진구 가야대로 772,614732,47285,,3,,129.056412549351,35.1567968046828,롯데백화점
MA010120220807110214,소다,,G2,소매,G209,섬유·의복·신발 소매,G20910,신발 소매업,G47430,신발 소매업,26,부산광역시,26350,해운대구,26350520,우2동,2635010500,우동,2635010500114960000,1,대지,1496,,부산광역시 해운대구 우동 1496,263502133001,부산광역시 해운대구 센텀남대로,59,,2635010500114960000000001,롯데백화점,부산광역시 해운대구 센텀남대로 59,612022,48058,,3,,129.131072074388,35.1698523216207,롯데백화점
MA010120220813127607,서면클라비스,,G2,소매,G209,섬유·의복·신발 소매,G20902,여성 의류 소매업,G47412,여자용 겉옷 소매업,26,부산광역시,26230,부산진구,26230600,전포1동,2623010200,전포동,2623010200106680001,1,대지,668,1,부산광역시 부산진구 전포동 668-1,262303129010,부산광역시 부산진구 동천로,92,,2623010200106680001044509,C백화점,부산광역시 부산진구 동천로 92,614772,47293,,3,,129.063013297817,35.1570359960725,NC백화점
MA010120220810643729,bonanza,,G2,소매,G209,섬유·의복·신발 소매,G20905,기타 의류 소매업,G47414,셔츠 및 블라우스 소매업,26,부산광역시,26230,부산진구,26230520,부전2동,2623010300,부전동,2623010300105030015,1,대지,503,15,부산광역시 부산진구 부전동 503-15,262302006015,부산광역시 부산진구 가야대로,772,,2623010300105030015004104,롯데백화점,부산광역시 부산진구 가야대로 772,614732,47285,,,,129.056412549351,35.1567968046828,롯데백화점
MA010120220806850099,앤드지롯데부,산본점,G2,소매,G209,섬유·의복·신발 소매,G20901,남성 의류 소매업,G47411,남자용 겉옷 소매업,26,부산광역시,26230,부산진구,26230520,부전2동,2623010300,부전동,2623010300105030015,1,대지,503,15,부산광역시 부산진구 부전동 503-15,262302006015,부산광역시 부산진구 가야대로,772,,2623010300105030015004104,롯데백화점,부산광역시 부산진구 가야대로 772,614732,47285,,4,,129.056412549351,35.1567968046828,롯데백화점
MA010120220804095938,코오롱스포츠,롯데광복점,G2,소매,G209,섬유·의복·신발 소매,G20905,기타 의류 소매업,G47419,기타 의복 소매업,26,부산광역시,26110,중구,26110510,중앙동,2611011000,중앙동7가,2611011000100010001,1,대지,1,1,부산광역시 중구 중앙동7가 1-1,261102000010,부산광역시 중구 중앙대로,2,,2611011000100200001000001,롯데백화점,부산광역시 중구 중앙대로 2,600017,48944,,7,,129.036707345866,35.0983104003377,롯데백화점
MA010120220803273223,네이처리퍼블릭NC,서면점,G2,소매,G215,의약·화장품 소매,G21503,화장품 소매업,G47813,화장품; 비누 및 방향제 소매업,26,부산광역시,26230,부산진구,26230600,전포1동,2623010200,전포동,2623010200106680001,1,대지,668,1,부산광역시 부산진구 전포동 668-1,262303129010,부산광역시 부산진구 동천로,92,,2623010200106680001044509,C백화점,부산광역시 부산진구 동천로 92,614772,47293,,1,,129.063013297817,35.1570359960725,NC백화점
MA010120220808796647,다우닝,,G2,소매,G211,가구 소매,G21101,가구 소매업,G47520,가구 소매업,26,부산광역시,26110,중구,26110510,중앙동,2611010900,중앙동6가,2611010900100340002,1,대지,34,2,부산광역시 중구 중앙동6가 34-2,261102000010,부산광역시 중구 중앙대로,2,,2611011000100200001000001,롯데백화점,부산광역시 중구 중앙대로 2,600016,48944,,9,,129.036707345866,35.0983104003377,롯데백화점
MA010120220806477357,앤티앤스예현F&B,,I2,음식,I210,기타 간이,I21001,빵/도넛,I56191,제과점업,26,부산광역시,26260,동래구,26260560,온천2동,2626010800,온천동,2626010800105020003,1,대지,502,3,부산광역시 동래구 온천동 502-3,262602000010,부산광역시 동래구 중앙대로,1393,,2626010800105020003000477,롯데백화점,부산광역시 동래구 중앙대로 1393,607716,47727,,8,,129.07747341266,35.2117052140663,롯데백화점
MA010120220813947830,비오비애완용품백화점(),온천점,G2,소매,G220,애완동물·용품 소매,G22001,애완동물/애완용품 소매업,G47852,애완용 동물 및 관련용품 소매업,26,부산광역시,26260,동래구,26260550,온천1동,2626010800,온천동,2626010800102090002,1,대지,209,2,부산광역시 동래구 온천동 209-2,262603130022,부산광역시 동래구 금강로,109,,2626010800102090004001382,,부산광역시 동래구 금강로 109,607833,47705,,1,,129.079361370292,35.2185665959043,기타/미상
MA010120220810477062,리본,,G2,소매,G209,섬유·의복·신발 소매,G20902,여성 의류 소매업,G47412,여자용 겉옷 소매업,26,부산광역시,26110,중구,26110510,중앙동,2611011000,중앙동7가,2611011000100200001,1,대지,20,1,부산광역시 중구 중앙동7가 20-1,261102000010,부산광역시 중구 중앙대로,2,,2611011000100200001000001,롯데백화점,부산광역시 중구 중앙대로 2,600017,48944,,7,,129.036707345866,35.0983104003377,롯데백화점
MA010120220813426477,아워홈신세계,센텀시티점,I2,음식,I207,구내식당·뷔페,I20701,구내식당,I56121,중식 음식점업,26,부산광역시,26350,해운대구,26350520,우2동,2635010500,우동,2635010500114950000,1,대지,1495,,부산광역시 해운대구 우동 1495,263502133001,부산광역시 해운대구 센텀남대로,35,,2635010500114950000000001,신세계백화점,부산광역시 해운대구 센텀남대로 35,612022,48058,,9,,129.129519598026,35.1688162817484,신세계백화점
MA010120220811449027,데이텀,,G2,소매,G209,섬유·의복·신발 소매,G20902,여성 의류 소매업,G47412,여자용 겉옷 소매업,26,부산광역시,26350,해운대구,26350551,좌1동,2635010700,좌동,2635010700114670004,1,대지,1467,4,부산광역시 해운대구 좌동 1467-4,263502006010,부산광역시 해운대구 해운대로,813,,2635010700114670004003745,C백화점,부산광역시 해운대구 해운대로 813,612836,48106,,3,,129.177051032177,35.1705302447392,NC백화점
MA010120220808347497,에고이스트,,G2,소매,G209,섬유·의복·신발 소매,G20902,여성 의류 소매업,G47412,여자용 겉옷 소매업,26,부산광역시,26350,해운대구,26350520,우2동,2635010500,우동,2635010500114950000,1,대지,1495,,부산광역시 해운대구 우동 1495,263502133001,부산광역시 해운대구 센텀남대로,35,,2635010500114950000000001,신세계백화점,부산광역시 해운대구 센텀남대로 35,612022,48058,,4,,129.129519598026,35.1688162817484,신세계백화점
MA010120220806498778,송지오옴므,,G2,소매,G209,섬유·의복·신발 소매,G20901,남성 의류 소매업,G47411,남자용 겉옷 소매업,26,부산광역시,26350,해운대구,26350520,우2동,2635010500,우동,2635010500114950000,1,대지,1495,,부산광역시 해운대구 우동 1495,263502133001,부산광역시 해운대구 센텀남대로,35,,2635010500114950000000001,신세계백화점,부산광역시 해운대구 센텀남대로 35,612022,48058,,5,,129.129519598026,35.1688162817484,신세계백화점
MA010120220803052216,씨,,G2,소매,G209,섬유·의복·신발 소매,G20902,여성 의류 소매업,G47412,여자용 겉옷 소매업,26,부산광역시,26110,중구,26110520,동광동,2611011100,동광동1가,2611011100100010022,1,대지,1,22,부산광역시 중구 동광동1가 1-22,261102000010,부산광역시 중구 중앙대로,2,,2611011000100200001000001,롯데백화점,부산광역시 중구 중앙대로 2,600021,48944,,3,,129.036707345866,35.0983104003377,롯데백화점
MA010120220810641272,띠어리롯데부산,,G2,소매,G209,섬유·의복·신발 소매,G20902,여성 의류 소매업,G47412,여자용 겉옷 소매업,26,부산광역시,26230,부산진구,26230520,부전2동,2623010300,부전동,2623010300105030015,1,대지,503,15,부산광역시 부산진구 부전동 503-15,262302006015,부산광역시 부산진구 가야대로,772,,2623010300105030015004104,롯데백화점,부산광역시 부산진구 가야대로 772,614732,47285,,2,,129.056412549351,35.1567968046828,롯데백화점
MA010120220805380260,보브,,G2,소매,G209,섬유·의복·신발 소매,G20905,기타 의류 소매업,G47414,셔츠 및 블라우스 소매업,26,부산광역시,26170,동구,26170660,범일2동,2617010400,범일동,2617010400100620005,1,대지,62,5,부산광역시 동구 범일동 62-5,261703127051,부산광역시 동구 범일로,125,,2617010400100620005005551,현대백화점,부산광역시 동구 범일로 125,601718,48735,,1,,129.058567919742,35.1413052322577,현대백화점
MA010120220807778820,미니소신세계,센텀시티점,G2,소매,G204,종합 소매,G20499,그 외 기타 종합 소매업,G47190,그 외 기타 종합 소매업,26,부산광역시,26350,해운대구,26350520,우2동,2635010500,우동,2635010500114950000,1,대지,1495,,부산광역시 해운대구 우동 1495,263502133001,부산광역시 해운대구 센텀남대로,35,,2635010500114950000000001,신세계백화점,부산광역시 해운대구 센텀남대로 35,612022,48058,,2,,129.129519598026,35.1688162817484,신세계백화점
MA010120220807144449,롯데동래래트바이티,,G2,소매,G209,섬유·의복·신발 소매,G20902,여성 의류 소매업,G47412,여자용 겉옷 소매업,26,부산광역시,26260,동래구,26260560,온천2동,2626010800,온천동,2626010800105020003,1,대지,502,3,부산광역시 동래구 온천동 502-3,262602000010,부산광역시 동래구 중앙대로,1393,,2626010800105020003000477,롯데백화점,부산광역시 동래구 중앙대로 1393,607716,47727,,3,,129.07747341266,35.2117052140663,롯데백화점
MA010120220810641706,롯데부산SYSTEM,,G2,소매,G209,섬유·의복·신발 소매,G20902,여성 의류 소매업,G47412,여자용 겉옷 소매업,26,부산광역시,26230,부산진구,26230520,부전2동,2623010300,부전동,2623010300105030015,1,대지,503,15,부산광역시 부산진구 부전동 503-15,262302006015,부산광역시 부산진구 가야대로,772,,2623010300105030015004104,롯데백화점,부산광역시 부산진구 가야대로 772,614732,47285,,2,,129.056412549351,35.1567968046828,롯데백화점
MA010120220813988570,시리즈,,G2,소매,G209,섬유·의복·신발 소매,G20901,남성 의류 소매업,G47411,남자용 겉옷 소매업,26,부산광역시,26170,동구,26170660,범일2동,2617010400,범일동,2617010400100620005,1,대지,62,5,부산광역시 동구 범일동 62-5,261703127051,부산광역시 동구 범일로,125,,2617010400100620005005551,현대백화점,부산광역시 동구 범일로 125,601718,48735,,5,,129.058567919742,35.1413052322577,현대백화점
MA010120220813779298,애드스튜디오ADSTUDIO,,G2,소매,G209,섬유·의복·신발 소매,G20901,남성 의류 소매업,G47411,남자용 겉옷 소매업,26,부산광역시,26350,해운대구,26350520,우2동,2635010500,우동,2635010500114950000,1,대지,1495,,부산광역시 해운대구 우동 1495,263502133001,부산광역시 해운대구 센텀남대로,35,,2635010500114950000000001,신세계백화점,부산광역시 해운대구 센텀남대로 35,612022,48058,,2,,129.129519598026,35.1688162817484,신세계백화점
MA010120220803351134,아이잗바바신세계센텀,,G2,소매,G209,섬유·의복·신발 소매,G20902,여성 의류 소매업,G47412,여자용 겉옷 소매업,26,부산광역시,26350,해운대구,26350520,우2동,2635010500,우동,2635010500114950000,1,대지,1495,,부산광역시 해운대구 우동 1495,263502133001,부산광역시 해운대구 센텀남대로,35,,2635010500114950000000001,신세계백화점,부산광역시 해운대구 센텀남대로 35,612022,48058,,3,,129.129519598026,35.1688162817484,신세계백화점
MA010120220808069161,러브인더부산남포당,,I2,음식,I210,기타 간이,I21001,빵/도넛,I56191,제과점업,26,부산광역시,26110,중구,26110510,중앙동,2611011000,중앙동7가,2611011000100200001,1,대지,20,1,부산광역시 중구 중앙동7가 20-1,261102000010,부산광역시 중구 중앙대로,2,,2611011000100200001000001,롯데백화점,부산광역시 중구 중앙대로 2,600017,48944,,1,,129.036707345866,35.0983104003377,롯데백화점
MA010120220805649004,재윤아웃도어,,G2,소매,G209,섬유·의복·신발 소매,G20905,기타 의류 소매업,G47419,기타 의복 소매업,26,부산광역시,26260,동래구,26260560,온천2동,2626010800,온천동,2626010800105020003,1,대지,502,3,부산광역시 동래구 온천동 502-3,262602000010,부산광역시 동래구 중앙대로,1393,,2626010800105020003000477,롯데백화점,부산광역시 동래구 중앙대로 1393,607716,47727,,5,,129.07747341266,35.2117052140663,롯데백화점
MA010120220804991813,윌리캠퍼스학원:바노윌리;키즈카페:스타루루,,P1,교육,P105,일반 교육,P10501,입시·교과학원,P85501,일반 교과학원,26,부산광역시,26260,동래구,26260560,온천2동,2626010800,온천동,2626010800105020003,1,대지,502,3,부산광역시 동래구 온천동 502-3,262602000010,부산광역시 동래구 중앙대로,1393,,2626010800105020003000477,롯데백화점,부산광역시 동래구 중앙대로 1393,607716,47727,,8,,129.07747341266,35.2117052140663,롯데백화점
MA010120220808235438,휠라롯데부,산본점,G2,소매,G209,섬유·의복·신발 소매,G20905,기타 의류 소매업,G47419,기타 의복 소매업,26,부산광역시,26230,부산진구,26230520,부전2동,2623010300,부전동,2623010300105030015,1,대지,503,15,부산광역시 부산진구 부전동 503-15,262302006015,부산광역시 부산진구 가야대로,772,,2623010300105030015004104,롯데백화점,부산광역시 부산진구 가야대로 772,614732,47285,,5,,129.056412549351,35.1567968046828,롯데백화점
MA010120220810637506,엠포리오아르마니언더웨어,,G2,소매,G209,섬유·의복·신발 소매,G20905,기타 의류 소매업,G47413,속옷 및 잠옷 소매업,26,부산광역시,26230,부산진구,26230520,부전2동,2623010300,부전동,2623010300105030015,1,대지,503,15,부산광역시 부산진구 부전동 503-15,262302006015,부산광역시 부산진구 가야대로,772,,2623010300105030015004104,롯데백화점,부산광역시 부산진구 가야대로 772,614732,47285,,2,,129.056412549351,35.1567968046828,롯데백화점
MA010120220809937108,롯데동래네파,,G2,소매,G209,섬유·의복·신발 소매,G20905,기타 의류 소매업,G47419,기타 의복 소매업,26,부산광역시,26260,동래구,26260560,온천2동,2626010800,온천동,2626010800105020003,1,대지,502,3,부산광역시 동래구 온천동 502-3,262602000010,부산광역시 동래구 중앙대로,1393,,2626010800105020003000477,롯데백화점,부산광역시 동래구 중앙대로 1393,607716,47727,,5,,129.07747341266,35.2117052140663,롯데백화점
MA010120220810792690,MLB,,G2,소매,G209,섬유·의복·신발 소매,G20901,남성 의류 소매업,G47411,남자용 겉옷 소매업,26,부산광역시,26260,동래구,26260560,온천2동,2626010800,온천동,2626010800105020003,1,대지,502,3,부산광역시 동래구 온천동 502-3,262602000010,부산광역시 동래구 중앙대로,1393,,2626010800105020003000477,롯데백화점,부산광역시 동래구 중앙대로 1393,607716,47727,,5,,129.07747341266,35.2117052140663,롯데백화점
MA010120220810197249,아델라7현대백화점,부산점,I2,음식,I210,기타 간이,I21001,빵/도넛,I56191,제과점업,26,부산광역시,26170,동구,26170660,범일2동,2617010400,범일동,2617010400100620005,1,대지,62,5,부산광역시 동구 범일동 62-5,261703127051,부산광역시 동구 범일로,125,,2617010400100620005005551,현대백화점,부산광역시 동구 범일로 125,601718,48735,,2,,129.058567919742,35.1413052322577,현대백화점
MA010120220802986889,플레이키즈프로롯데백화점부,산본점,G2,소매,G209,섬유·의복·신발 소매,G20905,기타 의류 소매업,G47419,기타 의복 소매업,26,부산광역시,26230,부산진구,26230520,부전2동,2623010300,부전동,2623010300105030015,1,대지,503,15,부산광역시 부산진구 부전동 503-15,262302006015,부산광역시 부산진구 가야대로,772,,2623010300105030015004104,,부산광역시 부산진구 가야대로 772,614732,47285,,6,,129.056412549351,35.1567968046828,롯데백화점
MA010120220811836800,에렉스페이페이신세계백화점,센텀시티점,I2,음식,I201,한식,I20105,국수/칼국수,I56112,한식 면 요리 전문점,26,부산광역시,26350,해운대구,26350520,우2동,2635010500,우동,2635010500114950000,1,대지,1495,,부산광역시 해운대구 우동 1495,263502133001,부산광역시 해운대구 센텀남대로,35,,2635010500114950000000001,신세계백화점,부산광역시 해운대구 센텀남대로 35,612022,48058,,1,,129.129519598026,35.1688162817484,신세계백화점
MA010120220811442205,지이크,,G2,소매,G209,섬유·의복·신발 소매,G20901,남성 의류 소매업,G47411,남자용 겉옷 소매업,26,부산광역시,26230,부산진구,26230520,부전2동,2623010300,부전동,2623010300105030015,1,대지,503,15,부산광역시 부산진구 부전동 503-15,262302006015,부산광역시 부산진구 가야대로,772,,2623010300105030015004104,롯데백화점,부산광역시 부산진구 가야대로 772,614732,47285,,,,129.056412549351,35.1567968046828,롯데백화점
MA010120220800049969,현대부산엘르수영복,,G2,소매,G209,섬유·의복·신발 소매,G20905,기타 의류 소매업,G47419,기타 의복 소매업,26,부산광역시,26170,동구,26170660,범일2동,2617010400,범일동,2617010400100620005,1,대지,62,5,부산광역시 동구 범일동 62-5,261703127051,부산광역시 동구 범일로,125,,2617010400100620005005551,현대백화점,부산광역시 동구 범일로 125,601718,48735,,6,,129.058567919742,35.1413052322577,현대백화점
MA010120220803444331,시리즈신세계센텀시티,,G2,소매,G209,섬유·의복·신발 소매,G20901,남성 의류 소매업,G47411,남자용 겉옷 소매업,26,부산광역시,26350,해운대구,26350520,우2동,2635010500,우동,2635010500114950000,1,대지,1495,,부산광역시 해운대구 우동 1495,263502133001,부산광역시 해운대구 센텀남대로,35,,2635010500114950000000001,신세계백화점,부산광역시 해운대구 센텀남대로 35,612022,48058,,5,,129.129519598026,35.1688162817484,신세계백화점
MA010120220811012814,캘빈클라인언더웨어,,G2,소매,G209,섬유·의복·신발 소매,G20905,기타 의류 소매업,G47413,속옷 및 잠옷 소매업,26,부산광역시,26350,해운대구,26350520,우2동,2635010500,우동,2635010500114950000,1,대지,1495,,부산광역시 해운대구 우동 1495,263502133001,부산광역시 해운대구 센텀남대로,35,,2635010500114950000000001,신세계백화점,부산광역시 해운대구 센텀남대로 35,612022,48058,,4,,129.129519598026,35.1688162817484,신세계백화점
MA010120220811448545,에스디인터내셔널,,G2,소매,G209,섬유·의복·신발 소매,G20910,신발 소매업,G47430,신발 소매업,26,부산광역시,26230,부산진구,26230520,부전2동,2623010300,부전동,2623010300105030015,1,대지,503,15,부산광역시 부산진구 부전동 503-15,262302006015,부산광역시 부산진구 가야대로,772,,2623010300105030015004104,롯데백화점,부산광역시 부산진구 가야대로 772,614732,47285,,3,,129.056412549351,35.1567968046828,롯데백화점
MA010120220803168757,타미힐피거칠드런,,G2,소매,G209,섬유·의복·신발 소매,G20905,기타 의류 소매업,G47419,기타 의복 소매업,26,부산광역시,26230,부산진구,26230520,부전2동,2623010300,부전동,2623010300105030015,1,대지,503,15,부산광역시 부산진구 부전동 503-15,262302006015,부산광역시 부산진구 가야대로,772,,2623010300105030015004104,롯데백화점,부산광역시 부산진구 가야대로 772,614732,47285,,6,,129.056412549351,35.1567968046828,롯데백화점
MA010120220810642601,한국유통경영컨설팅,,G2,소매,G209,섬유·의복·신발 소매,G20902,여성 의류 소매업,G47412,여자용 겉옷 소매업,26,부산광역시,26350,해운대구,26350551,좌1동,2635010700,좌동,2635010700114670004,1,대지,1467,4,부산광역시 해운대구 좌동 1467-4,263502006010,부산광역시 해운대구 해운대로,813,,2635010700114670004003745,C백화점,부산광역시 해운대구 해운대로 813,612836,48106,,3,,129.177051032177,35.1705302447392,NC백화점
MA010120220811446853,트루젠,,G2,소매,G209,섬유·의복·신발 소매,G20901,남성 의류 소매업,G47411,남자용 겉옷 소매업,26,부산광역시,26350,해운대구,26350520,우2동,2635010500,우동,2635010500114960000,1,대지,1496,,부산광역시 해운대구 우동 1496,263502133001,부산광역시 해운대구 센텀남대로,59,,2635010500114960000000001,롯데백화점,부산광역시 해운대구 센텀남대로 59,612022,48058,,6,,129.131072074388,35.1698523216207,롯데백화점
MA010120220810766150,리틀브렌부산대NC점,,G2,소매,G209,섬유·의복·신발 소매,G20905,기타 의류 소매업,G47419,기타 의복 소매업,26,부산광역시,26410,금정구,26410610,장전2동,2641010800,장전동,2641010800100400000,1,대지,40,,부산광역시 금정구 장전동 40,264104205206,부산광역시 금정구 부산대학로63번길,2,,2641010800100400000000001,부산대NC백화점,부산광역시 금정구 부산대학로63번길 2,609737,46241,,4,,129.083829027579,35.2322412765478,NC백화점
MA010120220812634793,플라스틱아일랜드롯데,센텀점,G2,소매,G209,섬유·의복·신발 소매,G20902,여성 의류 소매업,G47412,여자용 겉옷 소매업,26,부산광역시,26350,해운대구,26350520,우2동,2635010500,우동,2635010500114960000,1,대지,1496,,부산광역시 해운대구 우동 1496,263502133001,부산광역시 해운대구 센텀남대로,59,,2635010500114960000000001,롯데백화점,부산광역시 해운대구 센텀남대로 59,612022,48058,,4,,129.131072074388,35.1698523216207,롯데백화점
MA010120220809620075,팬트하우스,,G2,소매,G209,섬유·의복·신발 소매,G20902,여성 의류 소매업,G47412,여자용 겉옷 소매업,26,부산광역시,26350,해운대구,26350520,우2동,2635010500,우동,2635010500114950000,1,대지,1495,,부산광역시 해운대구 우동 1495,263502133001,부산광역시 해운대구 센텀남대로,35,,2635010500114950000000001,신세계백화점,부산광역시 해운대구 센텀남대로 35,612022,48058,,,,129.129519598026,35.1688162817484,신세계백화점
MA010120220811745984,스파오키즈,롯데광복점,G2,소매,G209,섬유·의복·신발 소매,G20905,기타 의류 소매업,G47419,기타 의복 소매업,26,부산광역시,26110,중구,26110510,중앙동,2611011000,중앙동7가,2611011000100200001,1,대지,20,1,부산광역시 중구 중앙동7가 20-1,261102000010,부산광역시 중구 중앙대로,2,,2611011000100200001000001,롯데백화점,부산광역시 중구 중앙대로 2,600017,48944,,8,,129.036707345866,35.0983104003377,롯데백화점
MA010120220813932535,포시즌성형외과,,Q1,보건의료,Q102,의원,Q10208,성형외과 의원,Q86201,일반의원,26,부산광역시,26230,부산진구,26230520,부전2동,2623010300,부전동,2623010300101920002,1,대지,192,2,부산광역시 부산진구 부전동 192-2,262302000010,부산광역시 부산진구 중앙대로,694,,2623010300101930001045951,쥬디스태화백화점,부산광역시 부산진구 중앙대로 694,614845,47295,,8,,129.059619227785,35.154723708398,기타/미상
MA010120220810640846,롯데부뉴발란스키즈,산본점,G2,소매,G209,섬유·의복·신발 소매,G20903,유아용 의류 소매업,G47417,유아용 의류 소매업,26,부산광역시,26230,부산진구,26230520,부전2동,2623010300,부전동,2623010300105030015,1,대지,503,15,부산광역시 부산진구 부전동 503-15,262302006015,부산광역시 부산진구 가야대로,772,,2623010300105030015004104,롯데백화점,부산광역시 부산진구 가야대로 772,614732,47285,,6,,129.056412549351,35.1567968046828,롯데백화점
MA010120220809661011,챔피온,,G2,소매,G209,섬유·의복·신발 소매,G20905,기타 의류 소매업,G47419,기타 의복 소매업,26,부산광역시,26350,해운대구,26350520,우2동,2635010500,우동,2635010500114950000,1,대지,1495,,부산광역시 해운대구 우동 1495,263502133001,부산광역시 해운대구 센텀남대로,35,,2635010500114950000000001,신세계백화점,부산광역시 해운대구 센텀남대로 35,612022,48058,,2,,129.129519598026,35.1688162817484,신세계백화점
MA010120220813243585,닥스키즈신세계센텀,,G2,소매,G209,섬유·의복·신발 소매,G20905,기타 의류 소매업,G47419,기타 의복 소매업,26,부산광역시,26350,해운대구,26350520,우2동,2635010500,우동,2635010500114950000,1,대지,1495,,부산광역시 해운대구 우동 1495,263502133001,부산광역시 해운대구 센텀남대로,35,,2635010500114950000000001,신세계백화점,부산광역시 해운대구 센텀남대로 35,612022,48058,,6,,129.129519598026,35.1688162817484,신세계백화점
MA010120220814236851,더코너스톤황생가칼국수NC백화점,해운대점,I2,음식,I201,한식,I20105,국수/칼국수,I56112,한식 면 요리 전문점,26,부산광역시,26350,해운대구,26350551,좌1동,2635010700,좌동,2635010700114670004,1,대지,1467,4,부산광역시 해운대구 좌동 1467-4,263502006010,부산광역시 해운대구 해운대로,813,,2635010700114670004003745,지팝건축물,부산광역시 해운대구 해운대로 813,612836,48106,,7,,129.177051032177,35.1705302447392,NC백화점
MA010120220809924466,이로롯데센텀시티,,G2,소매,G209,섬유·의복·신발 소매,G20902,여성 의류 소매업,G47412,여자용 겉옷 소매업,26,부산광역시,26350,해운대구,26350520,우2동,2635010500,우동,2635010500114960000,1,대지,1496,,부산광역시 해운대구 우동 1496,263502133001,부산광역시 해운대구 센텀남대로,59,,2635010500114960000000001,롯데백화점,부산광역시 해운대구 센텀남대로 59,612022,48058,,4,,129.131072074388,35.1698523216207,롯데백화점
MA010120220803082789,스팀에이스,,S2,수리·개인,S203,자동차 수리·세차,S20302,자동차 세차장,S95213,자동차 세차업,26,부산광역시,26260,동래구,26260560,온천2동,2626010800,온천동,2626010800105020003,1,대지,502,3,부산광역시 동래구 온천동 502-3,262602000010,부산광역시 동래구 중앙대로,1393,,2626010800105020003000477,롯데백화점,부산광역시 동래구 중앙대로 1393,607716,47727,,3,,129.07747341266,35.2117052140663,롯데백화점
MA010120220808245986,쥬시쥬디,,G2,소매,G209,섬유·의복·신발 소매,G20902,여성 의류 소매업,G47412,여자용 겉옷 소매업,26,부산광역시,26230,부산진구,26230520,부전2동,2623010300,부전동,2623010300105030015,1,대지,503,15,부산광역시 부산진구 부전동 503-15,262302006015,부산광역시 부산진구 가야대로,772,,2623010300105030015004104,롯데백화점,부산광역시 부산진구 가야대로 772,614732,47285,,2,,129.056412549351,35.1567968046828,롯데백화점
MA010120220812881808,용호동낙지신세계,센텀시티점,I2,음식,I201,한식,I20112,해산물 구이/찜,I56111,한식 일반 음식점업,26,부산광역시,26350,해운대구,26350520,우2동,2635010500,우동,2635010500114950000,1,대지,1495,,부산광역시 해운대구 우동 1495,263502133001,부산광역시 해운대구 센텀남대로,35,,2635010500114950000000001,신세계백화점,부산광역시 해운대구 센텀남대로 35,612022,48058,,9,,129.129519598026,35.1688162817484,신세계백화점
MA010120220812689773,롯데백화점부예작셔츠,산본점,G2,소매,G209,섬유·의복·신발 소매,G20905,기타 의류 소매업,G47414,셔츠 및 블라우스 소매업,26,부산광역시,26230,부산진구,26230520,부전2동,2623010300,부전동,2623010300105030015,1,대지,503,15,부산광역시 부산진구 부전동 503-15,262302006015,부산광역시 부산진구 가야대로,772,,2623010300105030015004104,롯데백화점,부산광역시 부산진구 가야대로 772,614732,47285,,4,,129.056412549351,35.1567968046828,롯데백화점
MA010120220811015695,안토니,,G2,소매,G209,섬유·의복·신발 소매,G20910,신발 소매업,G47430,신발 소매업,26,부산광역시,26350,해운대구,26350520,우2동,2635010500,우동,2635010500114960000,1,대지,1496,,부산광역시 해운대구 우동 1496,263502133001,부산광역시 해운대구 센텀남대로,59,,2635010500114960000000001,롯데백화점,부산광역시 해운대구 센텀남대로 59,612022,48058,,3,,129.131072074388,35.1698523216207,롯데백화점
MA010120220811578625,조이치킨,백화점,I2,음식,I210,기타 간이,I21006,치킨,I56193,치킨 전문점,26,부산광역시,26410,금정구,26410530,서3동,2641011000,서동,2641011000101770004,1,대지,177,4,부산광역시 금정구 서동 177-4,264103135036,부산광역시 금정구 서부로,26,,2641011000101770004032857,,부산광역시 금정구 서부로 26,609848,46317,,,,129.103251505782,35.2162523166929,기타/미상
MA010120220811444743,캉골키즈,,G2,소매,G209,섬유·의복·신발 소매,G20903,유아용 의류 소매업,G47417,유아용 의류 소매업,26,부산광역시,26230,부산진구,26230520,부전2동,2623010300,부전동,2623010300105030015,1,대지,503,15,부산광역시 부산진구 부전동 503-15,262302006015,부산광역시 부산진구 가야대로,772,,2623010300105030015004104,롯데백화점,부산광역시 부산진구 가야대로 772,614732,47285,,6,,129.056412549351,35.1567968046828,롯데백화점
MA010120220806367830,지이크롯데,동래점,G2,소매,G209,섬유·의복·신발 소매,G20901,남성 의류 소매업,G47411,남자용 겉옷 소매업,26,부산광역시,26260,동래구,26260560,온천2동,2626010800,온천동,2626010800105020003,1,대지,502,3,부산광역시 동래구 온천동 502-3,262602000010,부산광역시 동래구 중앙대로,1393,,2626010800105020003000477,롯데백화점,부산광역시 동래구 중앙대로 1393,607716,47727,,4,,129.07747341266,35.2117052140663,롯데백화점
MA010120220813752482,롯데요하넥스,백화점,G2,소매,G209,섬유·의복·신발 소매,G20902,여성 의류 소매업,G47412,여자용 겉옷 소매업,26,부산광역시,26230,부산진구,26230520,부전2동,2623010300,부전동,2623010300105030015,1,대지,503,15,부산광역시 부산진구 부전동 503-15,262302006015,부산광역시 부산진구 가야대로,772,,2623010300105030015004104,부산롯데호텔,부산광역시 부산진구 가야대로 772,614732,47285,,3,,129.056412549351,35.1567968046828,롯데백화점
MA010120220810848263,현대부산빈폴레이디스,,G2,소매,G209,섬유·의복·신발 소매,G20902,여성 의류 소매업,G47412,여자용 겉옷 소매업,26,부산광역시,26170,동구,26170660,범일2동,2617010400,범일동,2617010400100620005,1,대지,62,5,부산광역시 동구 범일동 62-5,261703127051,부산광역시 동구 범일로,125,,2617010400100620005005551,현대백화점,부산광역시 동구 범일로 125,601718,48735,,,,129.058567919742,35.1413052322577,현대백화점
MA010120220803232457,아레나NC,해운대,G2,소매,G209,섬유·의복·신발 소매,G20905,기타 의류 소매업,G47419,기타 의복 소매업,26,부산광역시,26350,해운대구,26350551,좌1동,2635010700,좌동,2635010700114670004,1,대지,1467,4,부산광역시 해운대구 좌동 1467-4,263502006010,부산광역시 해운대구 해운대로,813,,2635010700114670004003745,C백화점,부산광역시 해운대구 해운대로 813,612836,48106,,5,,129.177051032177,35.1705302447392,NC백화점
MA010120220813432297,일광정육,백화점,G2,소매,G205,식료품 소매,G20503,정육점,G47212,육류 소매업,26,부산광역시,26710,기장군,26710259,일광읍,2671025921,일광읍,2671025921100370010,1,대지,37,10,부산광역시 기장군 일광읍 삼성리 37-10,267103140037,부산광역시 기장군 일광읍 일광로,88,,2671031021100370010009730,,부산광역시 기장군 일광읍 일광로 88,619912,46044,,,,129.233170630626,35.2641708459387,기타/미상
MA010120220811639269,디케이에스에이치,코리아,G2,소매,G212,기타 생활용품 소매,G21202,주방/가정용품 소매업,G47592,주방용품 및 가정용 유리; 요업제품 소매업,26,부산광역시,26710,기장군,26710250,기장읍,2671025032,기장읍,2671025032105240000,1,대지,524,,부산광역시 기장군 기장읍 당사리 524,267103140057,부산광역시 기장군 기장읍 기장해안로,147,,,롯데백화점,부산광역시 기장군 기장읍 기장해안로 147,619902,46084,,2,,129.212550272823,35.1922798029682,롯데백화점
MA010120220806432164,크레송,,G2,소매,G209,섬유·의복·신발 소매,G20902,여성 의류 소매업,G47412,여자용 겉옷 소매업,26,부산광역시,26110,중구,26110510,중앙동,2611011000,중앙동7가,2611011000100200001,1,대지,20,1,부산광역시 중구 중앙동7가 20-1,261102000010,부산광역시 중구 중앙대로,2,,2611011000100200001000001,롯데백화점,부산광역시 중구 중앙대로 2,600017,48944,,5,,129.036707345866,35.0983104003377,롯데백화점
MA010120220807046727,부산랑만,,I2,음식,I205,동남아시아,I20501,베트남식 전문,I56129,기타 외국식 음식점업,26,부산광역시,26170,동구,26170660,범일2동,2617010400,범일동,2617010400100620005,1,대지,62,5,부산광역시 동구 범일동 62-5,261703127051,부산광역시 동구 범일로,125,,2617010400100620005005551,현대백화점,부산광역시 동구 범일로 125,601718,48735,,9,,129.058567919742,35.1413052322577,현대백화점
MA010120220807091589,클럽모나코,,G2,소매,G209,섬유·의복·신발 소매,G20902,여성 의류 소매업,G47412,여자용 겉옷 소매업,26,부산광역시,26110,중구,26110510,중앙동,2611011000,중앙동7가,2611011000100200001,1,대지,20,1,부산광역시 중구 중앙동7가 20-1,261102000010,부산광역시 중구 중앙대로,2,,2611011000100200001000001,롯데백화점,부산광역시 중구 중앙대로 2,600017,48944,,4,,129.036707345866,35.0983104003377,롯데백화점
MA010120220810954854,신세계센텀BP,,G2,소매,G209,섬유·의복·신발 소매,G20901,남성 의류 소매업,G47411,남자용 겉옷 소매업,26,부산광역시,26350,해운대구,26350520,우2동,2635010500,우동,2635010500114950000,1,대지,1495,,부산광역시 해운대구 우동 1495,263502133001,부산광역시 해운대구 센텀남대로,35,,2635010500114950000000001,신세계백화점,부산광역시 해운대구 센텀남대로 35,612022,48058,,5,,129.129519598026,35.1688162817484,신세계백화점
MA010120220804258345,메종드알렉시스,,G2,소매,G218,장식품 소매,G21802,기념품점,G47842,기념품; 관광 민예품 및 장식용품 소매업,26,부산광역시,26350,해운대구,26350520,우2동,2635010500,우동,2635010500114960000,1,대지,1496,,부산광역시 해운대구 우동 1496,263502133001,부산광역시 해운대구 센텀남대로,59,,2635010500114960000000001,롯데백화점,부산광역시 해운대구 센텀남대로 59,612022,48058,,2,,129.131072074388,35.1698523216207,롯데백화점
MA010120220810472753,동화5호,백화점,G2,소매,G209,섬유·의복·신발 소매,G20902,여성 의류 소매업,G47412,여자용 겉옷 소매업,26,부산광역시,26110,중구,26110570,광복동,2611013200,창선동2가,2611013200100100002,1,대지,10,2,부산광역시 중구 창선동2가 10-2,261104175008,부산광역시 중구 광복로35번길,4,,2611013200100100002004263,,부산광역시 중구 광복로35번길 4,600819,48946,,,,129.02899778278,35.0995932198247,동화백화점
MA010120220812708016,인디에프테이트,,G2,소매,G209,섬유·의복·신발 소매,G20901,남성 의류 소매업,G47411,남자용 겉옷 소매업,26,부산광역시,26410,금정구,26410610,장전2동,2641010800,장전동,2641010800100400000,1,대지,40,,부산광역시 금정구 장전동 40,264104205206,부산광역시 금정구 부산대학로63번길,2,,2641010800100400000000001,NC백화점,부산광역시 금정구 부산대학로63번길 2,609737,46241,,3,,129.083829027579,35.2322412765478,NC백화점
MA010120220812308980,락포트롯데,센텀점,G2,소매,G209,섬유·의복·신발 소매,G20910,신발 소매업,G47430,신발 소매업,26,부산광역시,26350,해운대구,26350520,우2동,2635010500,우동,2635010500114960000,1,대지,1496,,부산광역시 해운대구 우동 1496,263502133001,부산광역시 해운대구 센텀남대로,59,,2635010500114960000000001,롯데백화점,부산광역시 해운대구 센텀남대로 59,612022,48058,,3,,129.131072074388,35.1698523216207,롯데백화점
MA010120220804871457,더스포현대백화점별관현대피트니스,부산점,R1,예술·스포츠,R103,스포츠 서비스,R10307,헬스장,R91132,체력 단련시설 운영업,26,부산광역시,26170,동구,26170660,범일2동,2617010400,범일동,2617010400100620260,1,대지,62,260,부산광역시 동구 범일동 62-260,261704181204,부산광역시 동구 범일일길,47,,2617010400100620260007565,별관현대휘트니스센터,부산광역시 동구 범일일길 47,601803,48734,,,,129.057960020072,35.1411263172238,현대백화점
MA010120220810477422,데상트골프,,G2,소매,G209,섬유·의복·신발 소매,G20905,기타 의류 소매업,G47419,기타 의복 소매업,26,부산광역시,26110,중구,26110510,중앙동,2611011000,중앙동7가,2611011000100200001,1,대지,20,1,부산광역시 중구 중앙동7가 20-1,261102000010,부산광역시 중구 중앙대로,2,,2611011000100200001000001,롯데백화점,부산광역시 중구 중앙대로 2,600017,48944,,7,,129.036707345866,35.0983104003377,롯데백화점
MA010120220807064649,널디신세계센텀시티,,G2,소매,G209,섬유·의복·신발 소매,G20905,기타 의류 소매업,G47419,기타 의복 소매업,26,부산광역시,26350,해운대구,26350520,우2동,2635010500,우동,2635010500114950000,1,대지,1495,,부산광역시 해운대구 우동 1495,263502133001,부산광역시 해운대구 센텀남대로,35,,2635010500114950000000001,신세계백화점,부산광역시 해운대구 센텀남대로 35,612022,48058,,2,,129.129519598026,35.1688162817484,신세계백화점
MA010120220811451766,현대백화점씨씨콜렉트,부산점,G2,소매,G209,섬유·의복·신발 소매,G20902,여성 의류 소매업,G47412,여자용 겉옷 소매업,26,부산광역시,26170,동구,26170660,범일2동,2617010400,범일동,2617010400100620005,1,대지,62,5,부산광역시 동구 범일동 62-5,261703127051,부산광역시 동구 범일로,125,,2617010400100620005005551,현대백화점,부산광역시 동구 범일로 125,601718,48735,,1,,129.058567919742,35.1413052322577,현대백화점
MA010120220803355130,마인드브릿지,,G2,소매,G209,섬유·의복·신발 소매,G20901,남성 의류 소매업,G47411,남자용 겉옷 소매업,26,부산광역시,26350,해운대구,26350551,좌1동,2635010700,좌동,2635010700114670004,1,대지,1467,4,부산광역시 해운대구 좌동 1467-4,263502006010,부산광역시 해운대구 해운대로,813,,2635010700114670004003745,C백화점,부산광역시 해운대구 해운대로 813,612836,48106,,4,,129.177051032177,35.1705302447392,NC백화점
MA010120220810576297,라이프워크롯데부산,,G2,소매,G209,섬유·의복·신발 소매,G20905,기타 의류 소매업,G47419,기타 의복 소매업,26,부산광역시,26230,부산진구,26230520,부전2동,2623010300,부전동,2623010300105030015,1,대지,503,15,부산광역시 부산진구 부전동 503-15,262302006015,부산광역시 부산진구 가야대로,772,,2623010300105030015004104,롯데백화점,부산광역시 부산진구 가야대로 772,614732,47285,,7,,129.056412549351,35.1567968046828,롯데백화점
MA010120220810079215,블랙야크,,G2,소매,G209,섬유·의복·신발 소매,G20905,기타 의류 소매업,G47419,기타 의복 소매업,26,부산광역시,26350,해운대구,26350520,우2동,2635010500,우동,2635010500114950000,1,대지,1495,,부산광역시 해운대구 우동 1495,263502133001,부산광역시 해운대구 센텀남대로,35,,2635010500114950000000001,신세계백화점,부산광역시 해운대구 센텀남대로 35,612022,48058,,3,,129.129519598026,35.1688162817484,신세계백화점
MA010120220810785998,탠디,,G2,소매,G209,섬유·의복·신발 소매,G20910,신발 소매업,G47430,신발 소매업,26,부산광역시,26260,동래구,26260560,온천2동,2626010800,온천동,2626010800105020003,1,대지,502,3,부산광역시 동래구 온천동 502-3,262602000010,부산광역시 동래구 중앙대로,1393,,2626010800105020003000477,롯데백화점,부산광역시 동래구 중앙대로 1393,607716,47727,,1,,129.07747341266,35.2117052140663,롯데백화점
MA010120220809871203,롯데센텀빈폴레이디스,,G2,소매,G209,섬유·의복·신발 소매,G20902,여성 의류 소매업,G47412,여자용 겉옷 소매업,26,부산광역시,26350,해운대구,26350520,우2동,2635010500,우동,2635010500114960000,1,대지,1496,,부산광역시 해운대구 우동 1496,263502133001,부산광역시 해운대구 센텀남대로,59,,2635010500114960000000001,롯데백화점,부산광역시 해운대구 센텀남대로 59,612022,48058,,4,,129.131072074388,35.1698523216207,롯데백화점
MA010120220810613909,블루독알로봇,,G2,소매,G209,섬유·의복·신발 소매,G20903,유아용 의류 소매업,G47417,유아용 의류 소매업,26,부산광역시,26170,동구,26170660,범일2동,2617010400,범일동,2617010400100620005,1,대지,62,5,부산광역시 동구 범일동 62-5,261703127051,부산광역시 동구 범일로,125,,2617010400100620005005551,현대백화점,부산광역시 동구 범일로 125,601718,48735,,7,,129.058567919742,35.1413052322577,현대백화점
MA010120220810610117,이상봉뷰틱,,G2,소매,G209,섬유·의복·신발 소매,G20902,여성 의류 소매업,G47412,여자용 겉옷 소매업,26,부산광역시,26350,해운대구,26350520,우2동,2635010500,우동,2635010500114960000,1,대지,1496,,부산광역시 해운대구 우동 1496,263502133001,부산광역시 해운대구 센텀남대로,59,,2635010500114960000000001,부산롯데백화점,부산광역시 해운대구 센텀남대로 59,612022,48058,,3,,129.131072074388,35.1698523216207,롯데백화점
MA010120220813510969,에소이스트롯데,센텀점,G2,소매,G209,섬유·의복·신발 소매,G20902,여성 의류 소매업,G47412,여자용 겉옷 소매업,26,부산광역시,26350,해운대구,26350520,우2동,2635010500,우동,2635010500114960000,1,대지,1496,,부산광역시 해운대구 우동 1496,263502133001,부산광역시 해운대구 센텀남대로,59,,2635010500114960000000001,롯데백화점,부산광역시 해운대구 센텀남대로 59,612022,48058,,4,,129.131072074388,35.1698523216207,롯데백화점
MA010120220810519743,시에로신세계,센텀점,G2,소매,G209,섬유·의복·신발 소매,G20902,여성 의류 소매업,G47412,여자용 겉옷 소매업,26,부산광역시,26350,해운대구,26350520,우2동,2635010500,우동,2635010500114950000,1,대지,1495,,부산광역시 해운대구 우동 1495,263502133001,부산광역시 해운대구 센텀남대로,35,,2635010500114950000000001,신세계백화점,부산광역시 해운대구 센텀남대로 35,612022,48058,,4,,129.129519598026,35.1688162817484,신세계백화점
MA010120220802834140,에이치디유통,,G2,소매,G209,섬유·의복·신발 소매,G20902,여성 의류 소매업,G47412,여자용 겉옷 소매업,26,부산광역시,26170,동구,26170660,범일2동,2617010400,범일동,2617010400100620005,1,대지,62,5,부산광역시 동구 범일동 62-5,261703127051,부산광역시 동구 범일로,125,,2617010400100620005005551,현대백화점,부산광역시 동구 범일로 125,601718,48735,,5,,129.058567919742,35.1413052322577,현대백화점
MA010120220803605308,뮤닥터아카데미,부산점,P1,교육,P106,기타 교육,P10609,음악학원,P85621,음악학원,26,부산광역시,26110,중구,26110510,중앙동,2611011000,중앙동7가,2611011000100200001,1,대지,20,1,부산광역시 중구 중앙동7가 20-1,261102000010,부산광역시 중구 중앙대로,2,,2611011000100200001000001,롯데백화점,부산광역시 중구 중앙대로 2,600017,48944,,8,,129.036707345866,35.0983104003377,롯데백화점
MA010120220806546437,내셔널지오그래픽현대백화점,부산점,G2,소매,G209,섬유·의복·신발 소매,G20905,기타 의류 소매업,G47419,기타 의복 소매업,26,부산광역시,26170,동구,26170660,범일2동,2617010400,범일동,2617010400100620005,1,대지,62,5,부산광역시 동구 범일동 62-5,261703127051,부산광역시 동구 범일로,125,,2617010400100620005005551,현대백화점,부산광역시 동구 범일로 125,601718,48735,,6,,129.058567919742,35.1413052322577,현대백화점
MA010120220800518174,스피드수선,,S2,수리·개인,S206,기타 가정용품 수리,S20602,가죽/가방/신발 수선업,S95392,가죽; 가방 및 신발 수리업,26,부산광역시,26170,동구,26170660,범일2동,2617010400,범일동,2617010400100620005,1,대지,62,5,부산광역시 동구 범일동 62-5,261703127051,부산광역시 동구 범일로,125,,2617010400100620005005551,현대백화점,부산광역시 동구 범일로 125,601718,48735,,3,,129.058567919742,35.1413052322577,현대백화점
MA010120220800674793,에프제이현대백화점,부산점,G2,소매,G209,섬유·의복·신발 소매,G20905,기타 의류 소매업,G47419,기타 의복 소매업,26,부산광역시,26170,동구,26170660,범일2동,2617010400,범일동,2617010400100620005,1,대지,62,5,부산광역시 동구 범일동 62-5,261703127051,부산광역시 동구 범일로,125,,2617010400100620005005551,현대백화점,부산광역시 동구 범일로 125,601718,48735,,5,,129.058567919742,35.1413052322577,현대백화점
MA010120220800136720,뉴발란스롯데부,산본점,G2,소매,G209,섬유·의복·신발 소매,G20905,기타 의류 소매업,G47419,기타 의복 소매업,26,부산광역시,26230,부산진구,26230520,부전2동,2623010300,부전동,2623010300105030015,1,대지,503,15,부산광역시 부산진구 부전동 503-15,262302006015,부산광역시 부산진구 가야대로,772,,2623010300105030015004104,롯데백화점,부산광역시 부산진구 가야대로 772,614732,47285,,5,,129.056412549351,35.1567968046828,롯데백화점
MA010120220813313366,아프리카안경,,G2,소매,G216,안경·정밀기기 소매,G21602,안경렌즈 소매업,G47822,안경 및 렌즈 소매업,26,부산광역시,26350,해운대구,26350520,우2동,2635010500,우동,2635010500114960000,1,대지,1496,,부산광역시 해운대구 우동 1496,263502133001,부산광역시 해운대구 센텀남대로,59,,2635010500114960000000001,롯데백화점,부산광역시 해운대구 센텀남대로 59,612022,48058,,2,,129.131072074388,35.1698523216207,롯데백화점
MA010120220813172535,티비제이롯데,부산점,G2,소매,G209,섬유·의복·신발 소매,G20902,여성 의류 소매업,G47412,여자용 겉옷 소매업,26,부산광역시,26230,부산진구,26230520,부전2동,2623010300,부전동,2623010300105030015,1,대지,503,15,부산광역시 부산진구 부전동 503-15,262302006015,부산광역시 부산진구 가야대로,772,,2623010300105030015004104,롯데백화점,부산광역시 부산진구 가야대로 772,614732,47285,,7,,129.056412549351,35.1567968046828,롯데백화점
MA010120220800294591,베르니스부산롯데서면,백화점,G2,소매,G209,섬유·의복·신발 소매,G20902,여성 의류 소매업,G47412,여자용 겉옷 소매업,26,부산광역시,26230,부산진구,26230520,부전2동,2623010300,부전동,2623010300105030015,1,대지,503,15,부산광역시 부산진구 부전동 503-15,262302006015,부산광역시 부산진구 가야대로,772,,2623010300105030015004104,부산롯데백화점,부산광역시 부산진구 가야대로 772,614732,47285,,3,,129.056412549351,35.1567968046828,롯데백화점
MA010120220810348305,소이스포츠,,G2,소매,G209,섬유·의복·신발 소매,G20905,기타 의류 소매업,G47419,기타 의복 소매업,26,부산광역시,26350,해운대구,26350520,우2동,2635010500,우동,2635010500114960000,1,대지,1496,,부산광역시 해운대구 우동 1496,263502133001,부산광역시 해운대구 센텀남대로,59,,2635010500114960000000001,롯데백화점,부산광역시 해운대구 센텀남대로 59,612022,48058,,5,,129.131072074388,35.1698523216207,롯데백화점
MA010120220810458997,동화２９,백화점,G2,소매,G209,섬유·의복·신발 소매,G20902,여성 의류 소매업,G47412,여자용 겉옷 소매업,26,부산광역시,26110,중구,26110570,광복동,2611013200,창선동2가,2611013200100100001,1,대지,10,1,부산광역시 중구 창선동2가 10-1,261104175009,부산광역시 중구 광복로37번길,3,1,2611013200100100001000433,,부산광역시 중구 광복로37번길 3-1,600819,48946,,,,129.029106720204,35.0995643607108,동화백화점
MA010120220806941351,잇미샤,,G2,소매,G209,섬유·의복·신발 소매,G20905,기타 의류 소매업,G47414,셔츠 및 블라우스 소매업,26,부산광역시,26170,동구,26170660,범일2동,2617010400,범일동,2617010400100620005,1,대지,62,5,부산광역시 동구 범일동 62-5,261703127051,부산광역시 동구 범일로,125,,2617010400100620005005551,현대백화점,부산광역시 동구 범일로 125,601718,48735,,1,,129.058567919742,35.1413052322577,현대백화점
MA010120220803223027,탑텐키즈,,G2,소매,G209,섬유·의복·신발 소매,G20903,유아용 의류 소매업,G47417,유아용 의류 소매업,26,부산광역시,26230,부산진구,26230600,전포1동,2623010200,전포동,2623010200106680001,1,대지,668,1,부산광역시 부산진구 전포동 668-1,262303129010,부산광역시 부산진구 동천로,92,,2623010200106680001044509,NC백화점,부산광역시 부산진구 동천로 92,614772,47293,,3,,129.063013297817,35.1570359960725,NC백화점
MA010120220808023791,테일러메이드,,G2,소매,G209,섬유·의복·신발 소매,G20905,기타 의류 소매업,G47419,기타 의복 소매업,26,부산광역시,26350,해운대구,26350520,우2동,2635010500,우동,2635010500114960000,1,대지,1496,,부산광역시 해운대구 우동 1496,263502133001,부산광역시 해운대구 센텀남대로,59,,2635010500114960000000001,롯데백화점,부산광역시 해운대구 센텀남대로 59,612022,48058,,5,,129.131072074388,35.1698523216207,롯데백화점
MA010120220811621532,가넷옴므,,G2,소매,G209,섬유·의복·신발 소매,G20901,남성 의류 소매업,G47411,남자용 겉옷 소매업,26,부산광역시,26230,부산진구,26230520,부전2동,2623010300,부전동,2623010300105030015,1,대지,503,15,부산광역시 부산진구 부전동 503-15,262302006015,부산광역시 부산진구 가야대로,772,,2623010300105030015004104,롯데백화점,부산광역시 부산진구 가야대로 772,614732,47285,,4,,129.056412549351,35.1567968046828,롯데백화점
MA010120220801940453,지컷,,G2,소매,G209,섬유·의복·신발 소매,G20902,여성 의류 소매업,G47412,여자용 겉옷 소매업,26,부산광역시,26230,부산진구,26230520,부전2동,2623010300,부전동,2623010300105030015,1,대지,503,15,부산광역시 부산진구 부전동 503-15,262302006015,부산광역시 부산진구 가야대로,772,,2623010300105030015004104,롯데백화점,부산광역시 부산진구 가야대로 772,614732,47285,,2,,129.056412549351,35.1567968046828,롯데백화점
MA010120220809623557,총각정육,백화점,G2,소매,G205,식료품 소매,G20503,정육점,G47212,육류 소매업,26,부산광역시,26260,동래구,26260761,명장1동,2626010100,명장동,2626010100100630001,1,대지,63,1,부산광역시 동래구 명장동 63-1,262603130026,부산광역시 동래구 반송로,264,,2626010100100630001022856,,부산광역시 동래구 반송로 264,607808,47781,,,,129.100936136709,35.2035322875143,기타/미상
MA010120220811448581,엠엘비,,G2,소매,G209,섬유·의복·신발 소매,G20905,기타 의류 소매업,G47419,기타 의복 소매업,26,부산광역시,26230,부산진구,26230520,부전2동,2623010300,부전동,2623010300105030015,1,대지,503,15,부산광역시 부산진구 부전동 503-15,262302006015,부산광역시 부산진구 가야대로,772,,2623010300105030015004104,롯데백화점,부산광역시 부산진구 가야대로 772,614732,47285,,7,,129.056412549351,35.1567968046828,롯데백화점
MA010120220807043234,신세계센텀네파,,G2,소매,G209,섬유·의복·신발 소매,G20905,기타 의류 소매업,G47419,기타 의복 소매업,26,부산광역시,26350,해운대구,26350520,우2동,2635010500,우동,2635010500114950000,1,대지,1495,,부산광역시 해운대구 우동 1495,263502133001,부산광역시 해운대구 센텀남대로,35,,2635010500114950000000001,신세계백화점,부산광역시 해운대구 센텀남대로 35,612022,48058,,3,,129.129519598026,35.1688162817484,신세계백화점
MA010120220809955081,콜핑롯데백화점,센텀점,G2,소매,G209,섬유·의복·신발 소매,G20905,기타 의류 소매업,G47419,기타 의복 소매업,26,부산광역시,26350,해운대구,26350520,우2동,2635010500,우동,2635010500114960000,1,대지,1496,,부산광역시 해운대구 우동 1496,263502133001,부산광역시 해운대구 센텀남대로,59,,2635010500114960000000001,롯데백화점,부산광역시 해운대구 센텀남대로 59,612022,48058,,5,,129.131072074388,35.1698523216207,롯데백화점
MA010120220810642755,데상트,,G2,소매,G209,섬유·의복·신발 소매,G20905,기타 의류 소매업,G47419,기타 의복 소매업,26,부산광역시,26110,중구,26110510,중앙동,2611011000,중앙동7가,2611011000100200001,1,대지,20,1,부산광역시 중구 중앙동7가 20-1,261102000010,부산광역시 중구 중앙대로,2,,2611011000100200001000001,롯데백화점,부산광역시 중구 중앙대로 2,600017,48944,,7,,129.036707345866,35.0983104003377,롯데백화점
MA010120220810502916,아영에프비씨롯데부산주,광복점,G2,소매,G206,음료 소매,G20602,주류 소매업,G47221,음료 소매업,26,부산광역시,26110,중구,26110510,중앙동,2611011000,중앙동7가,2611011000100200001,1,대지,20,1,부산광역시 중구 중앙동7가 20-1,261102000010,부산광역시 중구 중앙대로,2,,2611011000100200001000001,롯데백화점,부산광역시 중구 중앙대로 2,600017,48944,,,,129.036707345866,35.0983104003377,롯데백화점
MA010120220811284704,구제,백화점,G2,소매,G222,중고 상품 소매,G22201,중고 상품 소매업,G47869,기타 중고 상품 소매업,26,부산광역시,26530,사상구,26530580,삼락동,2653010100,삼락동,2653010100104170009,1,대지,417,9,부산광역시 사상구 삼락동 417-9,265304217284,부산광역시 사상구 삼덕로46번안길,17,,2653010100104170009017686,,부산광역시 사상구 삼덕로46번안길 17,617827,46914,,,,128.980317637819,35.1718439753076,기타/미상
MA010120220814177466,신세계엘앤비센텀,직영점,G2,소매,G206,음료 소매,G20602,주류 소매업,G47221,음료 소매업,26,부산광역시,26350,해운대구,26350520,우2동,2635010500,우동,2635010500114950000,1,대지,1495,,부산광역시 해운대구 우동 1495,263502133001,부산광역시 해운대구 센텀남대로,35,,2635010500114950000000001,신세계백화점,부산광역시 해운대구 센텀남대로 35,612022,48058,,B1,,129.129519598026,35.1688162817484,신세계백화점
MA010120220805844662,롯데광복점뱅뱅,백화점,G2,소매,G209,섬유·의복·신발 소매,G20905,기타 의류 소매업,G47414,셔츠 및 블라우스 소매업,26,부산광역시,26110,중구,26110510,중앙동,2611011000,중앙동7가,2611011000100200001,1,대지,20,1,부산광역시 중구 중앙동7가 20-1,261102000010,부산광역시 중구 중앙대로,2,,2611011000100200001000001,롯데백화점,부산광역시 중구 중앙대로 2,600017,48944,,,,129.036707345866,35.0983104003377,롯데백화점
MA010120220802882832,제인코트,,G2,소매,G209,섬유·의복·신발 소매,G20905,기타 의류 소매업,G47419,기타 의복 소매업,26,부산광역시,26410,금정구,26410610,장전2동,2641010800,장전동,2641010800100400000,1,대지,40,,부산광역시 금정구 장전동 40,264104205206,부산광역시 금정구 부산대학로63번길,2,,2641010800100400000000001,NC백화점,부산광역시 금정구 부산대학로63번길 2,609737,46241,,4,,129.083829027579,35.2322412765478,NC백화점
MA010120220812220385,NC아디다스,해운대,G2,소매,G209,섬유·의복·신발 소매,G20910,신발 소매업,G47430,신발 소매업,26,부산광역시,26350,해운대구,26350551,좌1동,2635010700,좌동,2635010700114670004,1,대지,1467,4,부산광역시 해운대구 좌동 1467-4,263502006010,부산광역시 해운대구 해운대로,813,,2635010700114670004003745,NC백화점,부산광역시 해운대구 해운대로 813,612836,48106,,5,,129.177051032177,35.1705302447392,NC백화점
MA010120220803991569,수비비안NC백화점킴스클럽,해운대점,G2,소매,G209,섬유·의복·신발 소매,G20905,기타 의류 소매업,G47413,속옷 및 잠옷 소매업,26,부산광역시,26350,해운대구,26350551,좌1동,2635010700,좌동,2635010700114670004,1,대지,1467,4,부산광역시 해운대구 좌동 1467-4,263502006010,부산광역시 해운대구 해운대로,813,,2635010700114670004003745,NC백화점,부산광역시 해운대구 해운대로 813,612836,48106,,2,,129.177051032177,35.1705302447392,NC백화점
MA010120220813413736,아이비젼안경원,,G2,소매,G216,안경·정밀기기 소매,G21602,안경렌즈 소매업,G47822,안경 및 렌즈 소매업,26,부산광역시,26170,동구,26170660,범일2동,2617010400,범일동,2617010400100620005,1,대지,62,5,부산광역시 동구 범일동 62-5,261703127051,부산광역시 동구 범일로,125,,2617010400100620005005551,현대백화점,부산광역시 동구 범일로 125,601718,48735,,8,,129.058567919742,35.1413052322577,현대백화점
MA010120220813496511,메디앤컬필라테스광복,,P1,교육,P106,기타 교육,P10603,요가/필라테스 학원,P85612,기타 스포츠 교육기관,26,부산광역시,26110,중구,26110510,중앙동,2611011000,중앙동7가,2611011000100200001,1,대지,20,1,부산광역시 중구 중앙동7가 20-1,261102000010,부산광역시 중구 중앙대로,2,,2611011000100200001000001,롯데백화점,부산광역시 중구 중앙대로 2,600017,48944,,9,,129.036707345866,35.0983104003377,롯데백화점
MA010120220802687780,탑이슈광복,롯데점,G2,소매,G209,섬유·의복·신발 소매,G20902,여성 의류 소매업,G47412,여자용 겉옷 소매업,26,부산광역시,26110,중구,26110510,중앙동,2611011000,중앙동7가,2611011000100200001,1,대지,20,1,부산광역시 중구 중앙동7가 20-1,261102000010,부산광역시 중구 중앙대로,2,,2611011000100200001000001,롯데백화점,부산광역시 중구 중앙대로 2,600017,48944,,3,,129.036707345866,35.0983104003377,롯데백화점
MA010120220803911350,아카이브랩신세계,센텀점,G2,소매,G209,섬유·의복·신발 소매,G20901,남성 의류 소매업,G47411,남자용 겉옷 소매업,26,부산광역시,26350,해운대구,26350520,우2동,2635010500,우동,2635010500114950000,1,대지,1495,,부산광역시 해운대구 우동 1495,263502133001,부산광역시 해운대구 센텀남대로,35,,2635010500114950000000001,신세계백화점,부산광역시 해운대구 센텀남대로 35,612022,48058,,4,,129.129519598026,35.1688162817484,신세계백화점
MA010120220803158812,현대백화점폴로남성,부산점,G2,소매,G209,섬유·의복·신발 소매,G20901,남성 의류 소매업,G47411,남자용 겉옷 소매업,26,부산광역시,26170,동구,26170660,범일2동,2617010400,범일동,2617010400100620005,1,대지,62,5,부산광역시 동구 범일동 62-5,261703127051,부산광역시 동구 범일로,125,,2617010400100620005005551,현대백화점,부산광역시 동구 범일로 125,601718,48735,,5,,129.058567919742,35.1413052322577,현대백화점
MA010120220811398871,제이제이지고트롯데백화점,부산점,G2,소매,G209,섬유·의복·신발 소매,G20902,여성 의류 소매업,G47412,여자용 겉옷 소매업,26,부산광역시,26230,부산진구,26230520,부전2동,2623010300,부전동,2623010300105030015,1,대지,503,15,부산광역시 부산진구 부전동 503-15,262302006015,부산광역시 부산진구 가야대로,772,,2623010300105030015004104,롯데백화점,부산광역시 부산진구 가야대로 772,614732,47285,,7,,129.056412549351,35.1567968046828,롯데백화점
MA010120220811424242,함경면옥,,I2,음식,I201,한식,I20106,냉면/밀면,I56112,한식 면 요리 전문점,26,부산광역시,26350,해운대구,26350520,우2동,2635010500,우동,2635010500114950000,1,대지,1495,,부산광역시 해운대구 우동 1495,263502133001,부산광역시 해운대구 센텀남대로,35,,2635010500114950000000001,신세계백화점,부산광역시 해운대구 센텀남대로 35,612022,48058,,,,129.129519598026,35.1688162817484,신세계백화점
MA010120220811429080,24시꽃,백화점,G2,소매,G219,식물 소매,G21901,꽃집,G47851,화초 및 식물 소매업,26,부산광역시,26290,남구,26290510,대연1동,2629010600,대연동,2629010600117560006,1,대지,1756,6,부산광역시 남구 대연동 1756-6,262904193139,부산광역시 남구 수영로196번길,26,,2629010600117560006008271,,부산광역시 남구 수영로196번길 26,608816,48493,,,,129.087930567704,35.1337646076436,기타/미상
MA010120220811424194,리본,,G2,소매,G209,섬유·의복·신발 소매,G20902,여성 의류 소매업,G47412,여자용 겉옷 소매업,26,부산광역시,26350,해운대구,26350520,우2동,2635010500,우동,2635010500114960000,1,대지,1496,,부산광역시 해운대구 우동 1496,263502133001,부산광역시 해운대구 센텀남대로,59,,2635010500114960000000001,롯데백화점,부산광역시 해운대구 센텀남대로 59,612022,48058,,3,,129.131072074388,35.1698523216207,롯데백화점
MA010120220814342412,타미데님신세계센텀시티,,G2,소매,G209,섬유·의복·신발 소매,G20901,남성 의류 소매업,G47411,남자용 겉옷 소매업,26,부산광역시,26350,해운대구,26350520,우2동,2635010500,우동,2635010500114950000,1,대지,1495,,부산광역시 해운대구 우동 1495,263502133001,부산광역시 해운대구 센텀남대로,35,,2635010500114950000000001,신세계백화점,부산광역시 해운대구 센텀남대로 35,612022,48058,,4,,129.129519598026,35.1688162817484,신세계백화점
MA010120220811281362,롯데부산제로그램,,G2,소매,G209,섬유·의복·신발 소매,G20905,기타 의류 소매업,G47419,기타 의복 소매업,26,부산광역시,26230,부산진구,26230520,부전2동,2623010300,부전동,2623010300105030015,1,대지,503,15,부산광역시 부산진구 부전동 503-15,262302006015,부산광역시 부산진구 가야대로,772,,2623010300105030015004104,롯데백화점,부산광역시 부산진구 가야대로 772,614732,47285,,5,,129.056412549351,35.1567968046828,롯데백화점
MA010120220811872146,이엔씨,,G2,소매,G209,섬유·의복·신발 소매,G20905,기타 의류 소매업,G47419,기타 의복 소매업,26,부산광역시,26350,해운대구,26350520,우2동,2635010500,우동,2635010500114960000,1,대지,1496,,부산광역시 해운대구 우동 1496,263502133001,부산광역시 해운대구 센텀남대로,59,,2635010500114960000000001,롯데백화점,부산광역시 해운대구 센텀남대로 59,612022,48058,,,,129.131072074388,35.1698523216207,롯데백화점
MA010120220811423338,스케쳐스,,G2,소매,G209,섬유·의복·신발 소매,G20905,기타 의류 소매업,G47419,기타 의복 소매업,26,부산광역시,26170,동구,26170660,범일2동,2617010400,범일동,2617010400100620005,1,대지,62,5,부산광역시 동구 범일동 62-5,261703127051,부산광역시 동구 범일로,125,,2617010400100620005005551,현대백화점,부산광역시 동구 범일로 125,601718,48735,,6,,129.058567919742,35.1413052322577,현대백화점
MA010120220814029413,제네바서면,,G2,소매,G217,시계·귀금속 소매,G21701,시계/귀금속 소매업,G47830,시계 및 귀금속 소매업,26,부산광역시,26230,부산진구,26230520,부전2동,2623010300,부전동,2623010300105030015,1,대지,503,15,부산광역시 부산진구 부전동 503-15,262302006015,부산광역시 부산진구 가야대로,772,,2623010300105030015004104,롯데백화점,부산광역시 부산진구 가야대로 772,614732,47285,,1,,129.056412549351,35.1567968046828,롯데백화점
MA010120220810604260,현대부산폴햄키즈,,G2,소매,G209,섬유·의복·신발 소매,G20901,남성 의류 소매업,G47411,남자용 겉옷 소매업,26,부산광역시,26170,동구,26170660,범일2동,2617010400,범일동,2617010400100620005,1,대지,62,5,부산광역시 동구 범일동 62-5,261703127051,부산광역시 동구 범일로,125,,2617010400100620005005551,현대백화점,부산광역시 동구 범일로 125,601718,48735,,7,,129.058567919742,35.1413052322577,현대백화점
MA010120220809985289,롯데광복점타이틀리스트,백화점,G2,소매,G209,섬유·의복·신발 소매,G20905,기타 의류 소매업,G47419,기타 의복 소매업,26,부산광역시,26110,중구,26110510,중앙동,2611011000,중앙동7가,2611011000100200001,1,대지,20,1,부산광역시 중구 중앙동7가 20-1,261102000010,부산광역시 중구 중앙대로,2,,2611011000100200001000001,롯데백화점,부산광역시 중구 중앙대로 2,600017,48944,,7,,129.036707345866,35.0983104003377,롯데백화점
MA010120220812719490,리스트,,G2,소매,G209,섬유·의복·신발 소매,G20902,여성 의류 소매업,G47412,여자용 겉옷 소매업,26,부산광역시,26260,동래구,26260560,온천2동,2626010800,온천동,2626010800105020003,1,대지,502,3,부산광역시 동래구 온천동 502-3,262602000010,부산광역시 동래구 중앙대로,1393,,2626010800105020003000477,리스트롯데백화점,부산광역시 동래구 중앙대로 1393,607716,47727,,2,,129.07747341266,35.2117052140663,롯데백화점
MA010120220810837340,동일드방레,,G2,소매,G209,섬유·의복·신발 소매,G20901,남성 의류 소매업,G47411,남자용 겉옷 소매업,26,부산광역시,26350,해운대구,26350520,우2동,2635010500,우동,2635010500114950000,1,대지,1495,,부산광역시 해운대구 우동 1495,263502133001,부산광역시 해운대구 센텀남대로,35,,2635010500114950000000001,라코스테신세계백화점,부산광역시 해운대구 센텀남대로 35,612022,48058,,5,,129.129519598026,35.1688162817484,신세계백화점
MA010120220806868600,부산롯데카페무,,I2,음식,I212,비알코올 ,I21201,카페,I56221,커피 전문점,26,부산광역시,26230,부산진구,26230520,부전2동,2623010300,부전동,2623010300105030015,1,대지,503,15,부산광역시 부산진구 부전동 503-15,262302006015,부산광역시 부산진구 가야대로,772,,2623010300105030015004104,롯데백화점,부산광역시 부산진구 가야대로 772,614732,47285,,2,,129.056412549351,35.1567968046828,롯데백화점
MA010120220810471354,톰브라운,,G2,소매,G209,섬유·의복·신발 소매,G20902,여성 의류 소매업,G47412,여자용 겉옷 소매업,26,부산광역시,26230,부산진구,26230520,부전2동,2623010300,부전동,2623010300105030015,1,대지,503,15,부산광역시 부산진구 부전동 503-15,262302006015,부산광역시 부산진구 가야대로,772,,2623010300105030015004104,롯데백화점,부산광역시 부산진구 가야대로 772,614732,47285,,1,,129.056412549351,35.1567968046828,롯데백화점
MA010120220814194061,꼼데가르송,,G2,소매,G209,섬유·의복·신발 소매,G20901,남성 의류 소매업,G47411,남자용 겉옷 소매업,26,부산광역시,26230,부산진구,26230520,부전2동,2623010300,부전동,2623010300105030015,1,대지,503,15,부산광역시 부산진구 부전동 503-15,262302006015,부산광역시 부산진구 가야대로,772,,2623010300105030015004104,롯데백화점,부산광역시 부산진구 가야대로 772,614732,47285,,,,129.056412549351,35.1567968046828,롯데백화점
MA010120220802946217,리스트,,G2,소매,G209,섬유·의복·신발 소매,G20901,남성 의류 소매업,G47411,남자용 겉옷 소매업,26,부산광역시,26230,부산진구,26230520,부전2동,2623010300,부전동,2623010300105030015,1,대지,503,15,부산광역시 부산진구 부전동 503-15,262302006015,부산광역시 부산진구 가야대로,772,,2623010300105030015004104,롯데백화점,부산광역시 부산진구 가야대로 772,614732,47285,,7,,129.056412549351,35.1567968046828,롯데백화점
MA010120220805896375,레코브신세계,센텀점,G2,소매,G209,섬유·의복·신발 소매,G20902,여성 의류 소매업,G47412,여자용 겉옷 소매업,26,부산광역시,26350,해운대구,26350520,우2동,2635010500,우동,2635010500114950000,1,대지,1495,,부산광역시 해운대구 우동 1495,263502133001,부산광역시 해운대구 센텀남대로,35,,2635010500114950000000001,신세계백화점,부산광역시 해운대구 센텀남대로 35,612022,48058,,4,,129.129519598026,35.1688162817484,신세계백화점
MA010120220809278408,더드림정육,백화점,G2,소매,G205,식료품 소매,G20503,정육점,G47212,육류 소매업,26,부산광역시,26320,북구,26320572,만덕2동,2632010300,만덕동,2632010300103050000,1,대지,305,,부산광역시 북구 만덕동 305,263203132007,부산광역시 북구 만덕2로,26,,2632010300103050000006399,,부산광역시 북구 만덕2로 26,616826,46566,,1,,129.037641113779,35.2109946254465,기타/미상
MA010120220802646412,뉴발란스,,G2,소매,G209,섬유·의복·신발 소매,G20905,기타 의류 소매업,G47419,기타 의복 소매업,26,부산광역시,26260,동래구,26260560,온천2동,2626010800,온천동,2626010800105020003,1,대지,502,3,부산광역시 동래구 온천동 502-3,262602000010,부산광역시 동래구 중앙대로,1393,,2626010800105020003000477,롯데백화점,부산광역시 동래구 중앙대로 1393,607716,47727,,5,,129.07747341266,35.2117052140663,롯데백화점
MA010120220809916927,린,,G2,소매,G209,섬유·의복·신발 소매,G20902,여성 의류 소매업,G47412,여자용 겉옷 소매업,26,부산광역시,26350,해운대구,26350520,우2동,2635010500,우동,2635010500114950000,1,대지,1495,,부산광역시 해운대구 우동 1495,263502133001,부산광역시 해운대구 센텀남대로,35,,2635010500114950000000001,신세계백화점,부산광역시 해운대구 센텀남대로 35,612022,48058,,3,,129.129519598026,35.1688162817484,신세계백화점
MA010120220812745062,온앤온,,G2,소매,G209,섬유·의복·신발 소매,G20902,여성 의류 소매업,G47412,여자용 겉옷 소매업,26,부산광역시,26110,중구,26110510,중앙동,2611011000,중앙동7가,2611011000100200001,1,대지,20,1,부산광역시 중구 중앙동7가 20-1,261102000010,부산광역시 중구 중앙대로,2,,2611011000100200001000001,롯데백화점,부산광역시 중구 중앙대로 2,600017,48944,,3,,129.036707345866,35.0983104003377,롯데백화점
MA010120220812214046,인디안,,G2,소매,G209,섬유·의복·신발 소매,G20901,남성 의류 소매업,G47411,남자용 겉옷 소매업,26,부산광역시,26260,동래구,26260560,온천2동,2626010800,온천동,2626010800105020003,1,대지,502,3,부산광역시 동래구 온천동 502-3,262602000010,부산광역시 동래구 중앙대로,1393,,2626010800105020003000477,롯데백화점,부산광역시 동래구 중앙대로 1393,607716,47727,,4,,129.07747341266,35.2117052140663,롯데백화점
MA010120220810611176,타이틀리스트,,G2,소매,G209,섬유·의복·신발 소매,G20905,기타 의류 소매업,G47419,기타 의복 소매업,26,부산광역시,26350,해운대구,26350520,우2동,2635010500,우동,2635010500114950000,1,대지,1495,,부산광역시 해운대구 우동 1495,263502133001,부산광역시 해운대구 센텀남대로,35,,2635010500114950000000001,신세계백화점,부산광역시 해운대구 센텀남대로 35,612022,48058,,6,,129.129519598026,35.1688162817484,신세계백화점
MA010120220802991888,주크롯데센텀,,G2,소매,G209,섬유·의복·신발 소매,G20902,여성 의류 소매업,G47412,여자용 겉옷 소매업,26,부산광역시,26350,해운대구,26350520,우2동,2635010500,우동,2635010500114960000,1,대지,1496,,부산광역시 해운대구 우동 1496,263502133001,부산광역시 해운대구 센텀남대로,59,,2635010500114960000000001,롯데백화점,부산광역시 해운대구 센텀남대로 59,612022,48058,,4,,129.131072074388,35.1698523216207,롯데백화점
MA010120220810476428,케이에스스포츠,,G2,소매,G209,섬유·의복·신발 소매,G20905,기타 의류 소매업,G47419,기타 의복 소매업,26,부산광역시,26110,중구,26110510,중앙동,2611011000,중앙동7가,2611011000100200001,1,대지,20,1,부산광역시 중구 중앙동7가 20-1,261102000010,부산광역시 중구 중앙대로,2,,2611011000100200001000001,롯데백화점,부산광역시 중구 중앙대로 2,600017,48944,,7,,129.036707345866,35.0983104003377,롯데백화점
MA010120220810472562,캘빈클라인언더웨어,,G2,소매,G209,섬유·의복·신발 소매,G20905,기타 의류 소매업,G47413,속옷 및 잠옷 소매업,26,부산광역시,26230,부산진구,26230520,부전2동,2623010300,부전동,2623010300105030015,1,대지,503,15,부산광역시 부산진구 부전동 503-15,262302006015,부산광역시 부산진구 가야대로,772,,2623010300105030015004104,롯데백화점,부산광역시 부산진구 가야대로 772,614732,47285,,2,,129.056412549351,35.1567968046828,롯데백화점
MA010120220807982793,반스롯데동부산,,G2,소매,G209,섬유·의복·신발 소매,G20910,신발 소매업,G47430,신발 소매업,26,부산광역시,26710,기장군,26710250,기장읍,2671025032,기장읍,2671025032105240000,1,대지,524,,부산광역시 기장군 기장읍 당사리 524,267103140057,부산광역시 기장군 기장읍 기장해안로,147,,2671025032100640000000001,롯데백화점,부산광역시 기장군 기장읍 기장해안로 147,619902,46084,,2,,129.212778971514,35.1922125435306,롯데백화점
MA010120220804828135,에스아이컴퍼니,센텀시티점,G2,소매,G204,종합 소매,G20405,편의점,G47122,체인화 편의점,26,부산광역시,26350,해운대구,26350520,우2동,2635010500,우동,2635010500114950000,1,대지,1495,,부산광역시 해운대구 우동 1495,263502133001,부산광역시 해운대구 센텀남대로,35,,2635010500114950000000001,신세계백화점,부산광역시 해운대구 센텀남대로 35,612022,48058,,2,,129.129519598026,35.1688162817484,신세계백화점
MA010120220803109556,비오비,,G2,소매,G209,섬유·의복·신발 소매,G20902,여성 의류 소매업,G47412,여자용 겉옷 소매업,26,부산광역시,26260,동래구,26260560,온천2동,2626010800,온천동,2626010800105020003,1,대지,502,3,부산광역시 동래구 온천동 502-3,262602000010,부산광역시 동래구 중앙대로,1393,,2626010800105020003000477,롯데백화점,부산광역시 동래구 중앙대로 1393,607716,47727,,4,,129.07747341266,35.2117052140663,롯데백화점
MA010120220810770666,씨,,G2,소매,G209,섬유·의복·신발 소매,G20902,여성 의류 소매업,G47412,여자용 겉옷 소매업,26,부산광역시,26260,동래구,26260560,온천2동,2626010800,온천동,2626010800105020003,1,대지,502,3,부산광역시 동래구 온천동 502-3,262602000010,부산광역시 동래구 중앙대로,1393,,2626010800105020003000477,롯데백화점,부산광역시 동래구 중앙대로 1393,607716,47727,,2,,129.07747341266,35.2117052140663,롯데백화점
MA010120220805055656,신세계센텀비너스,,G2,소매,G209,섬유·의복·신발 소매,G20905,기타 의류 소매업,G47413,속옷 및 잠옷 소매업,26,부산광역시,26350,해운대구,26350520,우2동,2635010500,우동,2635010500114950000,1,대지,1495,,부산광역시 해운대구 우동 1495,263502133001,부산광역시 해운대구 센텀남대로,35,,2635010500114950000000001,신세계백화점,부산광역시 해운대구 센텀남대로 35,612022,48058,,4,,129.129519598026,35.1688162817484,신세계백화점
MA010120220802863863,로엠,,G2,소매,G209,섬유·의복·신발 소매,G20905,기타 의류 소매업,G47419,기타 의복 소매업,26,부산광역시,26110,중구,26110510,중앙동,2611011000,중앙동7가,2611011000100200001,1,대지,20,1,부산광역시 중구 중앙동7가 20-1,261102000010,부산광역시 중구 중앙대로,2,,2611011000100200001000001,롯데백화점,부산광역시 중구 중앙대로 2,600017,48944,,4,,129.036707345866,35.0983104003377,롯데백화점
MA010120220804469120,부산대NC일로딜로,백화점,G2,소매,G209,섬유·의복·신발 소매,G20903,유아용 의류 소매업,G47417,유아용 의류 소매업,26,부산광역시,26410,금정구,26410610,장전2동,2641010800,장전동,2641010800100400000,1,대지,40,,부산광역시 금정구 장전동 40,264104205206,부산광역시 금정구 부산대학로63번길,2,,2641010800100400000000001,,부산광역시 금정구 부산대학로63번길 2,609737,46241,,4,,129.083829027579,35.2322412765478,NC백화점
MA010120220812220574,집밥이좋다,서면점,I2,음식,I201,한식,I20101,백반/한정식,I56111,한식 일반 음식점업,26,부산광역시,26230,부산진구,26230520,부전2동,2623010300,부전동,2623010300105030015,1,대지,503,15,부산광역시 부산진구 부전동 503-15,262302006015,부산광역시 부산진구 가야대로,772,,2623010300105030015004104,롯데백화점,부산광역시 부산진구 가야대로 772,614732,47285,,1,,129.056412549351,35.1567968046828,롯데백화점
MA010120220811464090,행복한느림보이흥용과자점,,I2,음식,I210,기타 간이,I21001,빵/도넛,I56191,제과점업,26,부산광역시,26350,해운대구,26350520,우2동,2635010500,우동,2635010500114950000,1,대지,1495,,부산광역시 해운대구 우동 1495,263502133001,부산광역시 해운대구 센텀남대로,35,,2635010500114950000000001,신세계백화점,부산광역시 해운대구 센텀남대로 35,612022,48058,,1,,129.129519598026,35.1688162817484,신세계백화점
MA010120220803366118,아이잗바바롯데센텀시티,,G2,소매,G209,섬유·의복·신발 소매,G20902,여성 의류 소매업,G47412,여자용 겉옷 소매업,26,부산광역시,26350,해운대구,26350520,우2동,2635010500,우동,2635010500114960000,1,대지,1496,,부산광역시 해운대구 우동 1496,263502133001,부산광역시 해운대구 센텀남대로,59,,2635010500114960000000001,롯데백화점,부산광역시 해운대구 센텀남대로 59,612022,48058,,3,,129.131072074388,35.1698523216207,롯데백화점
MA010120220805307282,소문난고기,백화점,G2,소매,G205,식료품 소매,G20503,정육점,G47212,육류 소매업,26,부산광역시,26350,해운대구,26350570,반여1동,2635010300,반여동,2635010300108660007,1,대지,866,7,부산광역시 해운대구 반여동 866-7,263503133009,부산광역시 해운대구 선수촌로,188,1,2635010300108660007010232,일부,부산광역시 해운대구 선수촌로 188-1,612809,48034,,1,,129.124528188892,35.2093563850019,기타/미상
MA010120220810477323,알마니익스체인지신세계,센텀점,G2,소매,G209,섬유·의복·신발 소매,G20901,남성 의류 소매업,G47411,남자용 겉옷 소매업,26,부산광역시,26350,해운대구,26350520,우2동,2635010500,우동,2635010500114950000,1,대지,1495,,부산광역시 해운대구 우동 1495,263502133001,부산광역시 해운대구 센텀남대로,35,,2635010500114950000000001,신세계백화점,부산광역시 해운대구 센텀남대로 35,612022,48058,,2,,129.129519598026,35.1688162817484,신세계백화점
MA010120220813718587,캠브리지멤버스,,G2,소매,G209,섬유·의복·신발 소매,G20901,남성 의류 소매업,G47411,남자용 겉옷 소매업,26,부산광역시,26260,동래구,26260560,온천2동,2626010800,온천동,2626010800105020003,1,대지,502,3,부산광역시 동래구 온천동 502-3,262602000010,부산광역시 동래구 중앙대로,1393,,2626010800105020003000477,롯데백화점,부산광역시 동래구 중앙대로 1393,607716,47727,,4,,129.07747341266,35.2117052140663,롯데백화점
MA010120220813875984,르꼬끄스포르티브,,G2,소매,G209,섬유·의복·신발 소매,G20910,신발 소매업,G47430,신발 소매업,26,부산광역시,26350,해운대구,26350520,우2동,2635010500,우동,2635010500114960000,1,대지,1496,,부산광역시 해운대구 우동 1496,263502133001,부산광역시 해운대구 센텀남대로,59,,2635010500114960000000001,롯데백화점,부산광역시 해운대구 센텀남대로 59,612022,48058,,5,,129.131072074388,35.1698523216207,롯데백화점
MA010120220810778108,에이치와이글로벌,,G2,소매,G209,섬유·의복·신발 소매,G20901,남성 의류 소매업,G47411,남자용 겉옷 소매업,26,부산광역시,26260,동래구,26260560,온천2동,2626010800,온천동,2626010800105020003,1,대지,502,3,부산광역시 동래구 온천동 502-3,262602000010,부산광역시 동래구 중앙대로,1393,,2626010800105020003000477,롯데백화점,부산광역시 동래구 중앙대로 1393,607716,47727,,4,,129.07747341266,35.2117052140663,롯데백화점
MA010120220801141446,헨리코튼,롯데광복점,G2,소매,G209,섬유·의복·신발 소매,G20901,남성 의류 소매업,G47411,남자용 겉옷 소매업,26,부산광역시,26110,중구,26110510,중앙동,2611011000,중앙동7가,2611011000100200001,1,대지,20,1,부산광역시 중구 중앙동7가 20-1,261102000010,부산광역시 중구 중앙대로,2,,2611011000100200001000001,롯데백화점,부산광역시 중구 중앙대로 2,600017,48944,,6,,129.036707345866,35.0983104003377,롯데백화점
MA010120220810437927,엠엘비키즈,,G2,소매,G209,섬유·의복·신발 소매,G20905,기타 의류 소매업,G47419,기타 의복 소매업,26,부산광역시,26350,해운대구,26350520,우2동,2635010500,우동,2635010500114960000,1,대지,1496,,부산광역시 해운대구 우동 1496,263502133001,부산광역시 해운대구 센텀남대로,59,,2635010500114960000000001,롯데백화점,부산광역시 해운대구 센텀남대로 59,612022,48058,,6,,129.131072074388,35.1698523216207,롯데백화점
MA010120220811427290,디스커버리,,G2,소매,G209,섬유·의복·신발 소매,G20905,기타 의류 소매업,G47419,기타 의복 소매업,26,부산광역시,26110,중구,26110510,중앙동,2611011000,중앙동7가,2611011000100200001,1,대지,20,1,부산광역시 중구 중앙동7가 20-1,261102000010,부산광역시 중구 중앙대로,2,,2611011000100200001000001,롯데백화점,부산광역시 중구 중앙대로 2,600017,48944,,7,,129.036707345866,35.0983104003377,롯데백화점
MA010120220810073634,커스텀멜로우,롯데광복점,G2,소매,G209,섬유·의복·신발 소매,G20901,남성 의류 소매업,G47411,남자용 겉옷 소매업,26,부산광역시,26110,중구,26110510,중앙동,2611011000,중앙동7가,2611011000100200001,1,대지,20,1,부산광역시 중구 중앙동7가 20-1,261102000010,부산광역시 중구 중앙대로,2,,2611011000100200001000001,롯데백화점,부산광역시 중구 중앙대로 2,600017,48944,,6,,129.036707345866,35.0983104003377,롯데백화점
MA010120220814200079,롯데닉스광복점,백화점,G2,소매,G209,섬유·의복·신발 소매,G20905,기타 의류 소매업,G47414,셔츠 및 블라우스 소매업,26,부산광역시,26110,중구,26110510,중앙동,2611011000,중앙동7가,2611011000100200001,1,대지,20,1,부산광역시 중구 중앙동7가 20-1,261102000010,부산광역시 중구 중앙대로,2,,2611011000100200001000001,롯데백화점,부산광역시 중구 중앙대로 2,600017,48944,,2,,129.036707345866,35.0983104003377,롯데백화점
MA010120220813453685,롯데센텀엘르수영복,,G2,소매,G209,섬유·의복·신발 소매,G20905,기타 의류 소매업,G47419,기타 의복 소매업,26,부산광역시,26350,해운대구,26350520,우2동,2635010500,우동,2635010500114960000,1,대지,1496,,부산광역시 해운대구 우동 1496,263502133001,부산광역시 해운대구 센텀남대로,59,,2635010500114960000000001,롯데백화점,부산광역시 해운대구 센텀남대로 59,612022,48058,,5,,129.131072074388,35.1698523216207,롯데백화점
MA010120220814147838,란성에프앤씨광복지점,,I2,음식,I203,일식,I20301,일식 회/초밥,I56122,일식 음식점업,26,부산광역시,26110,중구,26110510,중앙동,2611011000,중앙동7가,2611011000100200001,1,대지,20,1,부산광역시 중구 중앙동7가 20-1,261102000010,부산광역시 중구 중앙대로,2,,2611011000100200001000001,롯데백화점,부산광역시 중구 중앙대로 2,600017,48944,,10,,129.036707345866,35.0983104003377,롯데백화점
MA010120220800896739,빈신세계백화점,센텀시티점,G2,소매,G209,섬유·의복·신발 소매,G20905,기타 의류 소매업,G47419,기타 의복 소매업,26,부산광역시,26350,해운대구,26350520,우2동,2635010500,우동,2635010500114950000,1,대지,1495,,부산광역시 해운대구 우동 1495,263502133001,부산광역시 해운대구 센텀남대로,35,,2635010500114950000000001,신세계백화점,부산광역시 해운대구 센텀남대로 35,612022,48058,,6,,129.129519598026,35.1688162817484,신세계백화점
MA010120220800845792,분더샵남성,,G2,소매,G209,섬유·의복·신발 소매,G20901,남성 의류 소매업,G47411,남자용 겉옷 소매업,26,부산광역시,26350,해운대구,26350520,우2동,2635010500,우동,2635010500114950000,1,대지,1495,,부산광역시 해운대구 우동 1495,263502133001,부산광역시 해운대구 센텀남대로,35,,2635010500114950000000001,분더샵남성신세계백화점,부산광역시 해운대구 센텀남대로 35,612022,48058,,5,,129.129519598026,35.1688162817484,신세계백화점
MA010120220811424175,지우유통,,G2,소매,G209,섬유·의복·신발 소매,G20901,남성 의류 소매업,G47411,남자용 겉옷 소매업,26,부산광역시,26350,해운대구,26350520,우2동,2635010500,우동,2635010500114950000,1,대지,1495,,부산광역시 해운대구 우동 1495,263502133001,부산광역시 해운대구 센텀남대로,35,,2635010500114950000000001,킨록앤더슨신세계백화점,부산광역시 해운대구 센텀남대로 35,612022,48058,,5,,129.129519598026,35.1688162817484,신세계백화점
MA010120220810180688,롯데부산메종키츠네,,G2,소매,G209,섬유·의복·신발 소매,G20902,여성 의류 소매업,G47412,여자용 겉옷 소매업,26,부산광역시,26230,부산진구,26230520,부전2동,2623010300,부전동,2623010300105030015,1,대지,503,15,부산광역시 부산진구 부전동 503-15,262302006015,부산광역시 부산진구 가야대로,772,,2623010300105030015004104,롯데백화점,부산광역시 부산진구 가야대로 772,614732,47285,,3,,129.056412549351,35.1567968046828,롯데백화점
MA010120220811422538,성정유통,,G2,소매,G209,섬유·의복·신발 소매,G20901,남성 의류 소매업,G47411,남자용 겉옷 소매업,26,부산광역시,26230,부산진구,26230600,전포1동,2623010200,전포동,2623010200106680001,1,대지,668,1,부산광역시 부산진구 전포동 668-1,262303129010,부산광역시 부산진구 동천로,92,,2623010200106680001044509,옴므서면NC백화점,부산광역시 부산진구 동천로 92,614772,47293,,4,,129.063013297817,35.1570359960725,NC백화점
MA010120220807282389,멜본롯데백화점광복점,아쿠아몰점,G2,소매,G209,섬유·의복·신발 소매,G20905,기타 의류 소매업,G47414,셔츠 및 블라우스 소매업,26,부산광역시,26110,중구,26110510,중앙동,2611011000,중앙동7가,2611011000100200001,1,대지,20,1,부산광역시 중구 중앙동7가 20-1,261102000010,부산광역시 중구 중앙대로,2,,2611011000100200001000001,아쿠아몰롯데백화점,부산광역시 중구 중앙대로 2,600017,48944,,4,,129.036707345866,35.0983104003377,롯데백화점
MA010120220806241181,한섬,,G2,소매,G209,섬유·의복·신발 소매,G20902,여성 의류 소매업,G47412,여자용 겉옷 소매업,26,부산광역시,26110,중구,26110510,중앙동,2611011000,중앙동7가,2611011000100200001,1,대지,20,1,부산광역시 중구 중앙동7가 20-1,261102000010,부산광역시 중구 중앙대로,2,,2611011000100200001000001,우먼롯데백화점,부산광역시 중구 중앙대로 2,600017,48944,,4,,129.036707345866,35.0983104003377,롯데백화점
MA010120220814167594,롯데와인롯데동래점,백화점,G2,소매,G206,음료 소매,G20602,주류 소매업,G47221,음료 소매업,26,부산광역시,26260,동래구,26260560,온천2동,2626010800,온천동,2626010800105020003,1,대지,502,3,부산광역시 동래구 온천동 502-3,262602000010,부산광역시 동래구 중앙대로,1393,,2626010800105020003000477,롯데백화점,부산광역시 동래구 중앙대로 1393,607716,47727,,,,129.07747341266,35.2117052140663,롯데백화점
MA010120220802376030,타임,,G2,소매,G209,섬유·의복·신발 소매,G20911,가방 소매업,G47440,가방 및 기타 가죽제품 소매업,26,부산광역시,26350,해운대구,26350520,우2동,2635010500,우동,2635010500114960000,1,대지,1496,,부산광역시 해운대구 우동 1496,263502133001,부산광역시 해운대구 센텀남대로,59,,2635010500114960000000001,롯데백화점,부산광역시 해운대구 센텀남대로 59,612022,48058,,4,,129.131072074388,35.1698523216207,롯데백화점
MA010120220812808680,미즈노골프롯데,센텀점,G2,소매,G209,섬유·의복·신발 소매,G20905,기타 의류 소매업,G47419,기타 의복 소매업,26,부산광역시,26350,해운대구,26350520,우2동,2635010500,우동,2635010500114960000,1,대지,1496,,부산광역시 해운대구 우동 1496,263502133001,부산광역시 해운대구 센텀남대로,59,,2635010500114960000000001,롯데백화점,부산광역시 해운대구 센텀남대로 59,612022,48058,,5,,129.131072074388,35.1698523216207,롯데백화점
MA010120220806590790,씨씨콜렉트롯데부산,,G2,소매,G209,섬유·의복·신발 소매,G20902,여성 의류 소매업,G47412,여자용 겉옷 소매업,26,부산광역시,26230,부산진구,26230520,부전2동,2623010300,부전동,2623010300105030015,1,대지,503,15,부산광역시 부산진구 부전동 503-15,262302006015,부산광역시 부산진구 가야대로,772,,2623010300105030015004104,롯데백화점,부산광역시 부산진구 가야대로 772,614732,47285,,2,,129.056412549351,35.1567968046828,롯데백화점
MA010120220800575870,시스막스,,G2,소매,G209,섬유·의복·신발 소매,G20902,여성 의류 소매업,G47412,여자용 겉옷 소매업,26,부산광역시,26350,해운대구,26350520,우2동,2635010500,우동,2635010500114960000,1,대지,1496,,부산광역시 해운대구 우동 1496,263502133001,부산광역시 해운대구 센텀남대로,59,,2635010500114960000000001,롯데백화점,부산광역시 해운대구 센텀남대로 59,612022,48058,,,,129.131072074388,35.1698523216207,롯데백화점
MA010120220800094274,내셔널지오그래픽키즈,,G2,소매,G209,섬유·의복·신발 소매,G20903,유아용 의류 소매업,G47417,유아용 의류 소매업,26,부산광역시,26260,동래구,26260560,온천2동,2626010800,온천동,2626010800105020003,1,대지,502,3,부산광역시 동래구 온천동 502-3,262602000010,부산광역시 동래구 중앙대로,1393,,2626010800105020003000477,롯데백화점,부산광역시 동래구 중앙대로 1393,607716,47727,,6,,129.07747341266,35.2117052140663,롯데백화점
MA010120220800050103,타미힐피거롯데,센텀점,G2,소매,G209,섬유·의복·신발 소매,G20905,기타 의류 소매업,G47419,기타 의복 소매업,26,부산광역시,26350,해운대구,26350520,우2동,2635010500,우동,2635010500114960000,1,대지,1496,,부산광역시 해운대구 우동 1496,263502133001,부산광역시 해운대구 센텀남대로,59,,2635010500114960000000001,롯데백화점,부산광역시 해운대구 센텀남대로 59,612022,48058,,4,,129.131072074388,35.1698523216207,롯데백화점
MA010120220813360480,산타마리아노벨라롯데,부산점,G2,소매,G215,의약·화장품 소매,G21503,화장품 소매업,G47813,화장품; 비누 및 방향제 소매업,26,부산광역시,26230,부산진구,26230520,부전2동,2623010300,부전동,2623010300105030015,1,대지,503,15,부산광역시 부산진구 부전동 503-15,262302006015,부산광역시 부산진구 가야대로,772,,2623010300105030015004104,롯데백화점,부산광역시 부산진구 가야대로 772,614732,47285,,1,,129.056412549351,35.1567968046828,롯데백화점
MA010120220810771200,보그인터내셔날,,G2,소매,G209,섬유·의복·신발 소매,G20905,기타 의류 소매업,G47419,기타 의복 소매업,26,부산광역시,26260,동래구,26260560,온천2동,2626010800,온천동,2626010800105020003,1,대지,502,3,부산광역시 동래구 온천동 502-3,262602000010,부산광역시 동래구 중앙대로,1393,,2626010800105020003000477,롯데백화점,부산광역시 동래구 중앙대로 1393,607716,47727,,6,,129.07747341266,35.2117052140663,롯데백화점
MA010120220811679251,부타임강민주,산본점,G2,소매,G209,섬유·의복·신발 소매,G20902,여성 의류 소매업,G47412,여자용 겉옷 소매업,26,부산광역시,26230,부산진구,26230520,부전2동,2623010300,부전동,2623010300105030015,1,대지,503,15,부산광역시 부산진구 부전동 503-15,262302006015,부산광역시 부산진구 가야대로,772,,2623010300105030015004104,롯데백화점,부산광역시 부산진구 가야대로 772,614732,47285,,2,,129.056412549351,35.1567968046828,롯데백화점
MA010120220811503574,페이유에,,G2,소매,G209,섬유·의복·신발 소매,G20910,신발 소매업,G47430,신발 소매업,26,부산광역시,26350,해운대구,26350520,우2동,2635010500,우동,2635010500114950000,1,대지,1495,,부산광역시 해운대구 우동 1495,263502133001,부산광역시 해운대구 센텀남대로,35,,2635010500114950000000001,신세계백화점,부산광역시 해운대구 센텀남대로 35,612022,48058,,3,,129.129519598026,35.1688162817484,신세계백화점
MA010120220811449480,젬컴,,G2,소매,G217,시계·귀금속 소매,G21701,시계/귀금속 소매업,G47830,시계 및 귀금속 소매업,26,부산광역시,26260,동래구,26260560,온천2동,2626010800,온천동,2626010800105020003,1,대지,502,3,부산광역시 동래구 온천동 502-3,262602000010,부산광역시 동래구 중앙대로,1393,,2626010800105020003000477,동래롯데백화점,부산광역시 동래구 중앙대로 1393,607716,47727,,1,,129.07747341266,35.2117052140663,롯데백화점
MA010120220806365388,롯데동래레노마,,G2,소매,G209,섬유·의복·신발 소매,G20901,남성 의류 소매업,G47411,남자용 겉옷 소매업,26,부산광역시,26260,동래구,26260560,온천2동,2626010800,온천동,2626010800105020003,1,대지,502,3,부산광역시 동래구 온천동 502-3,262602000010,부산광역시 동래구 중앙대로,1393,,2626010800105020003000477,롯데백화점,부산광역시 동래구 중앙대로 1393,607716,47727,,4,,129.07747341266,35.2117052140663,롯데백화점
MA010120220808692257,고래사롯데광복점,백화점,I2,음식,I210,기타 간이,I21007,김밥/만두/분식,I56194,김밥 및 기타 간이 음식점업,26,부산광역시,26110,중구,26110510,중앙동,2611011000,중앙동7가,2611011000100200001,1,대지,20,1,부산광역시 중구 중앙동7가 20-1,261102000010,부산광역시 중구 중앙대로,2,,2611011000100200001000001,롯데백화점,부산광역시 중구 중앙대로 2,600017,48944,,1,,129.036707345866,35.0983104003377,롯데백화점
MA010120220810481676,동화1호,백화점,G2,소매,G209,섬유·의복·신발 소매,G20905,기타 의류 소매업,G47416,가죽 및 모피 의복 소매업,26,부산광역시,26110,중구,26110570,광복동,2611013200,창선동2가,2611013200100100002,1,대지,10,2,부산광역시 중구 창선동2가 10-2,261104175008,부산광역시 중구 광복로35번길,4,,2611013200100100002004263,동화백화점,부산광역시 중구 광복로35번길 4,600819,48946,,,,129.02899778278,35.0995932198247,동화백화점
MA010120220807826890,롯데부산구호,,G2,소매,G209,섬유·의복·신발 소매,G20902,여성 의류 소매업,G47412,여자용 겉옷 소매업,26,부산광역시,26230,부산진구,26230520,부전2동,2623010300,부전동,2623010300105030015,1,대지,503,15,부산광역시 부산진구 부전동 503-15,262302006015,부산광역시 부산진구 가야대로,772,,2623010300105030015004104,부산롯데백화점,부산광역시 부산진구 가야대로 772,614732,47285,,2,,129.056412549351,35.1567968046828,롯데백화점
MA010120220813940543,젠푸드히노아지롯데백화점,센텀시티점,I2,음식,I203,일식,I20303,일식 면 요리,I56122,일식 음식점업,26,부산광역시,26350,해운대구,26350520,우2동,2635010500,우동,2635010500114960000,1,대지,1496,,부산광역시 해운대구 우동 1496,263502133001,부산광역시 해운대구 센텀남대로,59,,2635010500114960000000001,롯데백화점,부산광역시 해운대구 센텀남대로 59,612022,48058,,1,,129.131072074388,35.1698523216207,롯데백화점
MA010120220813575745,철마정육,백화점,G2,소매,G205,식료품 소매,G20503,정육점,G47212,육류 소매업,26,부산광역시,26710,기장군,26710330,철마면,2671033026,철마면,2671033026105150016,1,대지,515,16,부산광역시 기장군 철마면 연구리 515-16,267103006040,부산광역시 기장군 철마면 철마로,529,,2671033026105150016000001,,부산광역시 기장군 철마면 철마로 529,619872,46050,,,,129.153619596201,35.2727055066761,기타/미상
MA010120220808438761,데무,,G2,소매,G209,섬유·의복·신발 소매,G20902,여성 의류 소매업,G47412,여자용 겉옷 소매업,26,부산광역시,26260,동래구,26260560,온천2동,2626010800,온천동,2626010800105020003,1,대지,502,3,부산광역시 동래구 온천동 502-3,262602000010,부산광역시 동래구 중앙대로,1393,,2626010800105020003000477,롯데백화점,부산광역시 동래구 중앙대로 1393,607716,47727,,2,,129.07747341266,35.2117052140663,롯데백화점
MA010120220808064965,롯데광복시스템옴므곽미라,,G2,소매,G209,섬유·의복·신발 소매,G20901,남성 의류 소매업,G47411,남자용 겉옷 소매업,26,부산광역시,26110,중구,26110510,중앙동,2611011000,중앙동7가,2611011000100200001,1,대지,20,1,부산광역시 중구 중앙동7가 20-1,261102000010,부산광역시 중구 중앙대로,2,,2611011000100200001000001,롯데백화점,부산광역시 중구 중앙대로 2,600017,48944,,6,,129.036707345866,35.0983104003377,롯데백화점
MA010120220809950225,케이엘NC,해운대점,G2,소매,G209,섬유·의복·신발 소매,G20902,여성 의류 소매업,G47412,여자용 겉옷 소매업,26,부산광역시,26350,해운대구,26350551,좌1동,2635010700,좌동,2635010700114670004,1,대지,1467,4,부산광역시 해운대구 좌동 1467-4,263502006010,부산광역시 해운대구 해운대로,813,,2635010700114670004003745,NC백화점,부산광역시 해운대구 해운대로 813,612836,48106,,2,,129.177051032177,35.1705302447392,NC백화점
MA010120220806873546,난닝구광복,롯데점,G2,소매,G209,섬유·의복·신발 소매,G20902,여성 의류 소매업,G47412,여자용 겉옷 소매업,26,부산광역시,26110,중구,26110510,중앙동,2611011000,중앙동7가,2611011000100200001,1,대지,20,1,부산광역시 중구 중앙동7가 20-1,261102000010,부산광역시 중구 중앙대로,2,,2611011000100200001000001,롯데백화점,부산광역시 중구 중앙대로 2,600017,48944,,1,,129.036707345866,35.0983104003377,롯데백화점
MA010120220811478463,NC5층수선실,,S2,수리·개인,S206,기타 가정용품 수리,S20601,의류/이불 수선업,S95391,의복 및 기타 가정용 직물제품 수리업,26,부산광역시,26350,해운대구,26350551,좌1동,2635010700,좌동,2635010700114670004,1,대지,1467,4,부산광역시 해운대구 좌동 1467-4,263502006010,부산광역시 해운대구 해운대로,813,,2635010700114670004003745,NC백화점,부산광역시 해운대구 해운대로 813,612836,48106,,5,,129.177051032177,35.1705302447392,NC백화점
MA010120220808388059,잇미샤,,G2,소매,G209,섬유·의복·신발 소매,G20902,여성 의류 소매업,G47412,여자용 겉옷 소매업,26,부산광역시,26110,중구,26110510,중앙동,2611011000,중앙동7가,2611011000100200001,1,대지,20,1,부산광역시 중구 중앙동7가 20-1,261102000010,부산광역시 중구 중앙대로,2,,2611011000100200001000001,롯데백화점,부산광역시 중구 중앙대로 2,600017,48944,,3,,129.036707345866,35.0983104003377,롯데백화점
MA010120220810579366,써스데이아일랜드,,G2,소매,G209,섬유·의복·신발 소매,G20902,여성 의류 소매업,G47412,여자용 겉옷 소매업,26,부산광역시,26110,중구,26110510,중앙동,2611011000,중앙동7가,2611011000100200001,1,대지,20,1,부산광역시 중구 중앙동7가 20-1,261102000010,부산광역시 중구 중앙대로,2,,2611011000100200001000001,롯데백화점,부산광역시 중구 중앙대로 2,600017,48944,,3,,129.036707345866,35.0983104003377,롯데백화점
MA010120220806598356,신세계센텀바바라,,G2,소매,G209,섬유·의복·신발 소매,G20910,신발 소매업,G47430,신발 소매업,26,부산광역시,26350,해운대구,26350520,우2동,2635010500,우동,2635010500114950000,1,대지,1495,,부산광역시 해운대구 우동 1495,263502133001,부산광역시 해운대구 센텀남대로,35,,2635010500114950000000001,신세계백화점,부산광역시 해운대구 센텀남대로 35,612022,48058,,1,,129.129519598026,35.1688162817484,신세계백화점
MA010120220808508281,이동수에프앤지롯데,센텀점,G2,소매,G209,섬유·의복·신발 소매,G20902,여성 의류 소매업,G47412,여자용 겉옷 소매업,26,부산광역시,26350,해운대구,26350520,우2동,2635010500,우동,2635010500114960000,1,대지,1496,,부산광역시 해운대구 우동 1496,263502133001,부산광역시 해운대구 센텀남대로,59,,2635010500114960000000001,롯데백화점,부산광역시 해운대구 센텀남대로 59,612022,48058,,3,,129.131072074388,35.1698523216207,롯데백화점
MA010120220810471478,현대지컷,,G2,소매,G209,섬유·의복·신발 소매,G20905,기타 의류 소매업,G47414,셔츠 및 블라우스 소매업,26,부산광역시,26170,동구,26170660,범일2동,2617010400,범일동,2617010400100620005,1,대지,62,5,부산광역시 동구 범일동 62-5,261703127051,부산광역시 동구 범일로,125,,2617010400100620005005551,현대백화점,부산광역시 동구 범일로 125,601718,48735,,,,129.058567919742,35.1413052322577,현대백화점
MA010120220806478111,지앤코티아이포맨,,G2,소매,G209,섬유·의복·신발 소매,G20901,남성 의류 소매업,G47411,남자용 겉옷 소매업,26,부산광역시,26110,중구,26110510,중앙동,2611011000,중앙동7가,2611011000100200001,1,대지,20,1,부산광역시 중구 중앙동7가 20-1,261102000010,부산광역시 중구 중앙대로,2,,2611011000100200001000001,롯데백화점,부산광역시 중구 중앙대로 2,600017,48944,,6,,129.036707345866,35.0983104003377,롯데백화점
MA010120220809570627,코데즈컴바인이너웨어;게스언더웨어,,G2,소매,G209,섬유·의복·신발 소매,G20905,기타 의류 소매업,G47413,속옷 및 잠옷 소매업,26,부산광역시,26230,부산진구,26230520,부전2동,2623010300,부전동,2623010300105030015,1,대지,503,15,부산광역시 부산진구 부전동 503-15,262302006015,부산광역시 부산진구 가야대로,772,,2623010300105030015004104,롯데백화점,부산광역시 부산진구 가야대로 772,614732,47285,,2,,129.056412549351,35.1567968046828,롯데백화점
MA010120220812223659,토토건축인테리어.명품욕실자재;대성환경산업,백화점,M1,과학·기술,M112,전문 디자인,M11201,인테리어 디자인업,F42412,도배; 실내 장식 및 내장 목공사업,26,부산광역시,26140,서구,26140650,남부민1동,2614012300,남부민동,2614012300101440032,1,대지,144,32,부산광역시 서구 남부민동 144-32,261403126017,부산광역시 서구 천마로,134,,2614012300101420005015064,,부산광역시 서구 천마로 134,602021,49256,,,,129.023495756068,35.0877175718201,기타/미상
MA010120220811769766,코오롱스포츠김도희,,G2,소매,G209,섬유·의복·신발 소매,G20905,기타 의류 소매업,G47419,기타 의복 소매업,26,부산광역시,26350,해운대구,26350520,우2동,2635010500,우동,2635010500114960000,1,대지,1496,,부산광역시 해운대구 우동 1496,263502133001,부산광역시 해운대구 센텀남대로,59,,2635010500114960000000001,롯데백화점,부산광역시 해운대구 센텀남대로 59,612022,48058,,5,,129.131072074388,35.1698523216207,롯데백화점
MA010120220811446712,엠엘비키즈,,G2,소매,G209,섬유·의복·신발 소매,G20905,기타 의류 소매업,G47419,기타 의복 소매업,26,부산광역시,26110,중구,26110510,중앙동,2611011000,중앙동7가,2611011000100200001,1,대지,20,1,부산광역시 중구 중앙동7가 20-1,261102000010,부산광역시 중구 중앙대로,2,,2611011000100200001000001,롯데백화점,부산광역시 중구 중앙대로 2,600017,48944,,8,,129.036707345866,35.0983104003377,롯데백화점
MA010120220811429582,세인트앤드류스,,G2,소매,G209,섬유·의복·신발 소매,G20905,기타 의류 소매업,G47419,기타 의복 소매업,26,부산광역시,26230,부산진구,26230520,부전2동,2623010300,부전동,2623010300105030015,1,대지,503,15,부산광역시 부산진구 부전동 503-15,262302006015,부산광역시 부산진구 가야대로,772,,2623010300105030015004104,롯데백화점,부산광역시 부산진구 가야대로 772,614732,47285,,5,,129.056412549351,35.1567968046828,롯데백화점
MA010120220810646080,꼬르뽀,,G2,소매,G209,섬유·의복·신발 소매,G20902,여성 의류 소매업,G47412,여자용 겉옷 소매업,26,부산광역시,26170,동구,26170660,범일2동,2617010400,범일동,2617010400100620005,1,대지,62,5,부산광역시 동구 범일동 62-5,261703127051,부산광역시 동구 범일로,125,,2617010400100620005005551,현대백화점,부산광역시 동구 범일로 125,601718,48735,,2,,129.058567919742,35.1413052322577,현대백화점
MA010120220813350952,못골대광정육,백화점,G2,소매,G208,가전·통신 소매,G20802,핸드폰 소매업,G47312,통신기기 소매업,26,부산광역시,26290,남구,26290550,대연5동,2629010600,대연동,2629010600117430008,1,대지,1743,8,부산광역시 남구 대연동 1743-8,262904193141,부산광역시 남구 수영로219번길,15,,2629010600117430008006979,흥진빌딩,부산광역시 남구 수영로219번길 15,608807,48445,,1,,129.090350346435,35.135732461968,기타/미상
MA010120220809954630,아디다스골프신세계,센텀점,G2,소매,G209,섬유·의복·신발 소매,G20905,기타 의류 소매업,G47419,기타 의복 소매업,26,부산광역시,26350,해운대구,26350520,우2동,2635010500,우동,2635010500114950000,1,대지,1495,,부산광역시 해운대구 우동 1495,263502133001,부산광역시 해운대구 센텀남대로,35,,2635010500114950000000001,신세계백화점,부산광역시 해운대구 센텀남대로 35,612022,48058,,6,,129.129519598026,35.1688162817484,신세계백화점
MA010120220810416877,팬아시아다인힐온기정,롯데광복점,I2,음식,I203,일식,I20302,일식 카레/돈가스/덮밥,I56122,일식 음식점업,26,부산광역시,26110,중구,26110510,중앙동,2611011000,중앙동7가,2611011000100200001,1,대지,20,1,부산광역시 중구 중앙동7가 20-1,261102000010,부산광역시 중구 중앙대로,2,,2611011000100200001000001,롯데백화점,부산광역시 중구 중앙대로 2,600017,48944,,1,,129.036707345866,35.0983104003377,롯데백화점
MA010120220810620513,비비안웨스트우드,,G2,소매,G209,섬유·의복·신발 소매,G20902,여성 의류 소매업,G47412,여자용 겉옷 소매업,26,부산광역시,26230,부산진구,26230520,부전2동,2623010300,부전동,2623010300105030015,1,대지,503,15,부산광역시 부산진구 부전동 503-15,262302006015,부산광역시 부산진구 가야대로,772,,2623010300105030015004104,롯데백화점,부산광역시 부산진구 가야대로 772,614732,47285,,,,129.056412549351,35.1567968046828,롯데백화점
MA010120220814250415,롯데맨잇슈트,동래점,G2,소매,G209,섬유·의복·신발 소매,G20901,남성 의류 소매업,G47411,남자용 겉옷 소매업,26,부산광역시,26260,동래구,26260560,온천2동,2626010800,온천동,2626010800105020003,1,대지,502,3,부산광역시 동래구 온천동 502-3,262602000010,부산광역시 동래구 중앙대로,1393,,2626010800105020003000477,롯데백화점,부산광역시 동래구 중앙대로 1393,607716,47727,,4,,129.07747341266,35.2117052140663,롯데백화점
MA010120220806620687,롯데엠유스포츠,백화점,G2,소매,G209,섬유·의복·신발 소매,G20905,기타 의류 소매업,G47419,기타 의복 소매업,26,부산광역시,26230,부산진구,26230520,부전2동,2623010300,부전동,2623010300105030015,1,대지,503,15,부산광역시 부산진구 부전동 503-15,262302006015,부산광역시 부산진구 가야대로,772,,2623010300105030015004104,엠유스포츠롯데백화점,부산광역시 부산진구 가야대로 772,614732,47285,,5,,129.056412549351,35.1567968046828,롯데백화점
MA010120220810781893,와이드앵글롯데,동래점,G2,소매,G209,섬유·의복·신발 소매,G20905,기타 의류 소매업,G47419,기타 의복 소매업,26,부산광역시,26260,동래구,26260560,온천2동,2626010800,온천동,2626010800105020003,1,대지,502,3,부산광역시 동래구 온천동 502-3,262602000010,부산광역시 동래구 중앙대로,1393,,2626010800105020003000477,롯데백화점,부산광역시 동래구 중앙대로 1393,607716,47727,,6,,129.07747341266,35.2117052140663,롯데백화점
MA010120220812016601,남포당,,I2,음식,I210,기타 간이,I21001,빵/도넛,I56191,제과점업,26,부산광역시,26230,부산진구,26230520,부전2동,2623010300,부전동,2623010300105030015,1,대지,503,15,부산광역시 부산진구 부전동 503-15,262302006015,부산광역시 부산진구 가야대로,772,,2623010300105030015004104,롯데백화점,부산광역시 부산진구 가야대로 772,614732,47285,,1,,129.056412549351,35.1567968046828,롯데백화점
MA010120220811289492,타미데님롯데부산,,G2,소매,G209,섬유·의복·신발 소매,G20901,남성 의류 소매업,G47411,남자용 겉옷 소매업,26,부산광역시,26230,부산진구,26230520,부전2동,2623010300,부전동,2623010300105030015,1,대지,503,15,부산광역시 부산진구 부전동 503-15,262302006015,부산광역시 부산진구 가야대로,772,,2623010300105030015004104,롯데백화점,부산광역시 부산진구 가야대로 772,614732,47285,,7,,129.056412549351,35.1567968046828,롯데백화점
MA010120220810475394,롯데광복엘르수영복,,G2,소매,G209,섬유·의복·신발 소매,G20905,기타 의류 소매업,G47419,기타 의복 소매업,26,부산광역시,26110,중구,26110510,중앙동,2611011000,중앙동7가,2611011000100200001,1,대지,20,1,부산광역시 중구 중앙동7가 20-1,261102000010,부산광역시 중구 중앙대로,2,,2611011000100200001000001,롯데백화점,부산광역시 중구 중앙대로 2,600017,48944,,7,,129.036707345866,35.0983104003377,롯데백화점
MA010120220811426108,M.V어패럴,,G2,소매,G209,섬유·의복·신발 소매,G20902,여성 의류 소매업,G47412,여자용 겉옷 소매업,26,부산광역시,26350,해운대구,26350520,우2동,2635010500,우동,2635010500114960000,1,대지,1496,,부산광역시 해운대구 우동 1496,263502133001,부산광역시 해운대구 센텀남대로,59,,2635010500114960000000001,롯데센텀백화점,부산광역시 해운대구 센텀남대로 59,612022,48058,,3,,129.131072074388,35.1698523216207,롯데백화점
MA010120220812567143,자영상사,,G2,소매,G209,섬유·의복·신발 소매,G20901,남성 의류 소매업,G47411,남자용 겉옷 소매업,26,부산광역시,26260,동래구,26260560,온천2동,2626010800,온천동,2626010800105020003,1,대지,502,3,부산광역시 동래구 온천동 502-3,262602000010,부산광역시 동래구 중앙대로,1393,,2626010800105020003000477,레노마셔츠롯데백화점,부산광역시 동래구 중앙대로 1393,607716,47727,,4,,129.07747341266,35.2117052140663,롯데백화점
MA010120220804320518,현대백화점비너스와코루,부산점,G2,소매,G209,섬유·의복·신발 소매,G20905,기타 의류 소매업,G47413,속옷 및 잠옷 소매업,26,부산광역시,26170,동구,26170660,범일2동,2617010400,범일동,2617010400100620005,1,대지,62,5,부산광역시 동구 범일동 62-5,261703127051,부산광역시 동구 범일로,125,,2617010400100620005005551,현대백화점,부산광역시 동구 범일로 125,601718,48735,,3,,129.058567919742,35.1413052322577,현대백화점
MA010120220804150609,무크,,G2,소매,G209,섬유·의복·신발 소매,G20910,신발 소매업,G47430,신발 소매업,26,부산광역시,26350,해운대구,26350551,좌1동,2635010700,좌동,2635010700114670004,1,대지,1467,4,부산광역시 해운대구 좌동 1467-4,263502006010,부산광역시 해운대구 해운대로,813,,2635010700114670004003745,NC백화점,부산광역시 해운대구 해운대로 813,612836,48106,,1,,129.177051032177,35.1705302447392,NC백화점
MA010120220805899758,엄브로,,G2,소매,G209,섬유·의복·신발 소매,G20905,기타 의류 소매업,G47419,기타 의복 소매업,26,부산광역시,26110,중구,26110510,중앙동,2611011000,중앙동7가,2611011000100200001,1,대지,20,1,부산광역시 중구 중앙동7가 20-1,261102000010,부산광역시 중구 중앙대로,2,,2611011000100200001000001,롯데백화점,부산광역시 중구 중앙대로 2,600017,48944,,5,,129.036707345866,35.0983104003377,롯데백화점
MA010120220807883899,신세계센텀시티코데즈컴바인이너웨어,,G2,소매,G209,섬유·의복·신발 소매,G20905,기타 의류 소매업,G47413,속옷 및 잠옷 소매업,26,부산광역시,26350,해운대구,26350520,우2동,2635010500,우동,2635010500114950000,1,대지,1495,,부산광역시 해운대구 우동 1495,263502133001,부산광역시 해운대구 센텀남대로,35,,2635010500114950000000001,신세계백화점,부산광역시 해운대구 센텀남대로 35,612022,48058,,B2,,129.129519598026,35.1688162817484,신세계백화점
MA010120220810142936,데상트,,G2,소매,G209,섬유·의복·신발 소매,G20905,기타 의류 소매업,G47419,기타 의복 소매업,26,부산광역시,26230,부산진구,26230600,전포1동,2623010200,전포동,2623010200106680001,1,대지,668,1,부산광역시 부산진구 전포동 668-1,262303129010,부산광역시 부산진구 동천로,92,,2623010200106680001044509,NC백화점,부산광역시 부산진구 동천로 92,614772,47293,,2,,129.063013297817,35.1570359960725,NC백화점
MA010120220809570307,리버클래시,,G2,소매,G209,섬유·의복·신발 소매,G20901,남성 의류 소매업,G47411,남자용 겉옷 소매업,26,부산광역시,26110,중구,26110510,중앙동,2611011000,중앙동7가,2611011000100200001,1,대지,20,1,부산광역시 중구 중앙동7가 20-1,261102000010,부산광역시 중구 중앙대로,2,,2611011000100200001000001,롯데백화점,부산광역시 중구 중앙대로 2,600017,48944,,6,,129.036707345866,35.0983104003377,롯데백화점
MA010120220810680989,르베이지,,G2,소매,G209,섬유·의복·신발 소매,G20902,여성 의류 소매업,G47412,여자용 겉옷 소매업,26,부산광역시,26350,해운대구,26350520,우2동,2635010500,우동,2635010500114950000,1,대지,1495,,부산광역시 해운대구 우동 1495,263502133001,부산광역시 해운대구 센텀남대로,35,,2635010500114950000000001,신세계백화점,부산광역시 해운대구 센텀남대로 35,612022,48058,,2,,129.129519598026,35.1688162817484,신세계백화점
MA010120220810616936,부산대N/C인터크루,,G2,소매,G209,섬유·의복·신발 소매,G20905,기타 의류 소매업,G47414,셔츠 및 블라우스 소매업,26,부산광역시,26410,금정구,26410610,장전2동,2641010800,장전동,2641010800100400000,1,대지,40,,부산광역시 금정구 장전동 40,264104205206,부산광역시 금정구 부산대학로63번길,2,,2641010800100400000000001,C백화점,부산광역시 금정구 부산대학로63번길 2,609737,46241,,3,,129.083829027579,35.2322412765478,NC백화점
MA010120220803344505,솔리드옴므롯데부산,,G2,소매,G209,섬유·의복·신발 소매,G20901,남성 의류 소매업,G47411,남자용 겉옷 소매업,26,부산광역시,26230,부산진구,26230520,부전2동,2623010300,부전동,2623010300105030015,1,대지,503,15,부산광역시 부산진구 부전동 503-15,262302006015,부산광역시 부산진구 가야대로,772,,2623010300105030015004104,롯데백화점,부산광역시 부산진구 가야대로 772,614732,47285,,4,,129.056412549351,35.1567968046828,롯데백화점
MA010120220803195884,신세계센텀시티잇미샤,,G2,소매,G209,섬유·의복·신발 소매,G20902,여성 의류 소매업,G47412,여자용 겉옷 소매업,26,부산광역시,26350,해운대구,26350520,우2동,2635010500,우동,2635010500114950000,1,대지,1495,,부산광역시 해운대구 우동 1495,263502133001,부산광역시 해운대구 센텀남대로,35,,2635010500114950000000001,신세계백화점,부산광역시 해운대구 센텀남대로 35,612022,48058,,4,,129.129519598026,35.1688162817484,신세계백화점
MA010120220813294835,산책,,G2,소매,G213,오락용품 소매,G21301,서점,G47611,서적; 신문 및 잡지류 소매업,26,부산광역시,26410,금정구,26410610,장전2동,2641010800,장전동,2641010800100400000,1,대지,40,,부산광역시 금정구 장전동 40,264104205206,부산광역시 금정구 부산대학로63번길,2,,2641010800100400000000001,NC백화점,부산광역시 금정구 부산대학로63번길 2,609737,46241,,5,,129.083829027579,35.2322412765478,NC백화점
MA010120220803583003,이즈멜본,,G2,소매,G209,섬유·의복·신발 소매,G20902,여성 의류 소매업,G47412,여자용 겉옷 소매업,26,부산광역시,26410,금정구,26410610,장전2동,2641010800,장전동,2641010800100400000,1,대지,40,,부산광역시 금정구 장전동 40,264104205206,부산광역시 금정구 부산대학로63번길,2,,2641010800100400000000001,NC백화점,부산광역시 금정구 부산대학로63번길 2,609737,46241,,2,,129.083829027579,35.2322412765478,NC백화점
MA010120220810785832,엘칸토롯데광복,,G2,소매,G209,섬유·의복·신발 소매,G20910,신발 소매업,G47430,신발 소매업,26,부산광역시,26110,중구,26110510,중앙동,2611011000,중앙동7가,2611011000100200001,1,대지,20,1,부산광역시 중구 중앙동7가 20-1,261102000010,부산광역시 중구 중앙대로,2,,2611011000100200001000001,롯데백화점,부산광역시 중구 중앙대로 2,600017,48944,,,,129.036707345866,35.0983104003377,롯데백화점
MA010120220811602515,엔씨백화점체이스플러스,해운대,G2,소매,G209,섬유·의복·신발 소매,G20905,기타 의류 소매업,G47414,셔츠 및 블라우스 소매업,26,부산광역시,26350,해운대구,26350551,좌1동,2635010700,좌동,2635010700114670004,1,대지,1467,4,부산광역시 해운대구 좌동 1467-4,263502006010,부산광역시 해운대구 해운대로,813,,2635010700114670004003745,,부산광역시 해운대구 해운대로 813,612836,48106,,,,129.177051032177,35.1705302447392,NC백화점
MA010120220812654956,내셔널지오그래픽,,G2,소매,G209,섬유·의복·신발 소매,G20902,여성 의류 소매업,G47412,여자용 겉옷 소매업,26,부산광역시,26350,해운대구,26350520,우2동,2635010500,우동,2635010500114950000,1,대지,1495,,부산광역시 해운대구 우동 1495,263502133001,부산광역시 해운대구 센텀남대로,35,,2635010500114950000000001,신세계백화점,부산광역시 해운대구 센텀남대로 35,612022,48058,,2,,129.129519598026,35.1688162817484,신세계백화점
MA010120220812623461,라라코스트신세계,센텀시티점,I2,음식,I204,서양식,I20403,패밀리레스토랑,I56123,서양식 음식점업,26,부산광역시,26350,해운대구,26350520,우2동,2635010500,우동,2635010500114950000,1,대지,1495,,부산광역시 해운대구 우동 1495,263502133001,부산광역시 해운대구 센텀남대로,35,,2635010500114950000000001,신세계백화점,부산광역시 해운대구 센텀남대로 35,612022,48058,,4,,129.129519598026,35.1688162817484,신세계백화점
MA010120220805084402,말랑컴퍼니,,G2,소매,G209,섬유·의복·신발 소매,G20901,남성 의류 소매업,G47411,남자용 겉옷 소매업,26,부산광역시,26410,금정구,26410610,장전2동,2641010800,장전동,2641010800100400000,1,대지,40,,부산광역시 금정구 장전동 40,264104205206,부산광역시 금정구 부산대학로63번길,2,,2641010800100400000000001,NC백화점,부산광역시 금정구 부산대학로63번길 2,609737,46241,,2,,129.083829027579,35.2322412765478,NC백화점
MA010120220814253394,아이잗바바,,G2,소매,G209,섬유·의복·신발 소매,G20902,여성 의류 소매업,G47412,여자용 겉옷 소매업,26,부산광역시,26110,중구,26110510,중앙동,2611011000,중앙동7가,2611011000100200001,1,대지,20,1,부산광역시 중구 중앙동7가 20-1,261102000010,부산광역시 중구 중앙대로,2,,2611011000100200001000001,롯데백화점,부산광역시 중구 중앙대로 2,600017,48944,,4,,129.036707345866,35.0983104003377,롯데백화점
MA010120220809739423,올젠,,G2,소매,G209,섬유·의복·신발 소매,G20901,남성 의류 소매업,G47411,남자용 겉옷 소매업,26,부산광역시,26260,동래구,26260560,온천2동,2626010800,온천동,2626010800105020003,1,대지,502,3,부산광역시 동래구 온천동 502-3,262602000010,부산광역시 동래구 중앙대로,1393,,2626010800105020003000477,올젠롯데백화점,부산광역시 동래구 중앙대로 1393,607716,47727,,4,,129.07747341266,35.2117052140663,롯데백화점
MA010120220802925882,프렌치켓,,G2,소매,G209,섬유·의복·신발 소매,G20903,유아용 의류 소매업,G47417,유아용 의류 소매업,26,부산광역시,26260,동래구,26260560,온천2동,2626010800,온천동,2626010800105020003,1,대지,502,3,부산광역시 동래구 온천동 502-3,262602000010,부산광역시 동래구 중앙대로,1393,,2626010800105020003000477,롯데백화점,부산광역시 동래구 중앙대로 1393,607716,47727,,6,,129.07747341266,35.2117052140663,롯데백화점
MA010120220810779070,롯데광복마인,,G2,소매,G209,섬유·의복·신발 소매,G20902,여성 의류 소매업,G47412,여자용 겉옷 소매업,26,부산광역시,26110,중구,26110510,중앙동,2611011000,중앙동7가,2611011000100200001,1,대지,20,1,부산광역시 중구 중앙동7가 20-1,261102000010,부산광역시 중구 중앙대로,2,,2611011000100200001000001,롯데백화점,부산광역시 중구 중앙대로 2,600017,48944,,4,,129.036707345866,35.0983104003377,롯데백화점
MA010120220808548160,도호,,G2,소매,G209,섬유·의복·신발 소매,G20902,여성 의류 소매업,G47412,여자용 겉옷 소매업,26,부산광역시,26350,해운대구,26350520,우2동,2635010500,우동,2635010500114950000,1,대지,1495,,부산광역시 해운대구 우동 1495,263502133001,부산광역시 해운대구 센텀남대로,35,,2635010500114950000000001,신세계백화점,부산광역시 해운대구 센텀남대로 35,612022,48058,,,,129.129519598026,35.1688162817484,신세계백화점
MA010120220807078627,동래예작셔츠,,G2,소매,G209,섬유·의복·신발 소매,G20905,기타 의류 소매업,G47414,셔츠 및 블라우스 소매업,26,부산광역시,26260,동래구,26260560,온천2동,2626010800,온천동,2626010800105020003,1,대지,502,3,부산광역시 동래구 온천동 502-3,262602000010,부산광역시 동래구 중앙대로,1393,,2626010800105020003000477,예작롯데백화점,부산광역시 동래구 중앙대로 1393,607716,47727,,4,,129.07747341266,35.2117052140663,롯데백화점
MA010120220811417095,시엠큐브,,G2,소매,G209,섬유·의복·신발 소매,G20902,여성 의류 소매업,G47412,여자용 겉옷 소매업,26,부산광역시,26350,해운대구,26350551,좌1동,2635010700,좌동,2635010700114670004,1,대지,1467,4,부산광역시 해운대구 좌동 1467-4,263502006010,부산광역시 해운대구 해운대로,813,,2635010700114670004003745,NC백화점,부산광역시 해운대구 해운대로 813,612836,48106,,3,,129.177051032177,35.1705302447392,NC백화점
MA010120220812453435,롯데광복헤지스남성,,G2,소매,G209,섬유·의복·신발 소매,G20901,남성 의류 소매업,G47411,남자용 겉옷 소매업,26,부산광역시,26110,중구,26110510,중앙동,2611011000,중앙동7가,2611011000100200001,1,대지,20,1,부산광역시 중구 중앙동7가 20-1,261102000010,부산광역시 중구 중앙대로,2,,2611011000100200001000001,롯데백화점,부산광역시 중구 중앙대로 2,600017,48944,,,,129.036707345866,35.0983104003377,롯데백화점
MA010120220811022518,샌프란시스코마켓센텀,,G2,소매,G209,섬유·의복·신발 소매,G20901,남성 의류 소매업,G47411,남자용 겉옷 소매업,26,부산광역시,26350,해운대구,26350520,우2동,2635010500,우동,2635010500114950000,1,대지,1495,,부산광역시 해운대구 우동 1495,263502133001,부산광역시 해운대구 센텀남대로,35,,2635010500114950000000001,신세계센텀시티백화점,부산광역시 해운대구 센텀남대로 35,612022,48058,,5,,129.129519598026,35.1688162817484,신세계백화점
MA010120220810692596,백평애견용품,백화점,G2,소매,G220,애완동물·용품 소매,G22001,애완동물/애완용품 소매업,G47852,애완용 동물 및 관련용품 소매업,26,부산광역시,26320,북구,26320543,화명3동,2632010200,화명동,2632010200122920003,1,대지,2292,3,부산광역시 북구 화명동 2292-3,263203132020,부산광역시 북구 학사로,112,,2632010200122920003002065,,부산광역시 북구 학사로 112,616852,46527,,,,129.007952276313,35.2324609088212,기타/미상
MA010120220810638251,미금상사,,G2,소매,G209,섬유·의복·신발 소매,G20905,기타 의류 소매업,G47419,기타 의복 소매업,26,부산광역시,26230,부산진구,26230520,부전2동,2623010300,부전동,2623010300105030015,1,대지,503,15,부산광역시 부산진구 부전동 503-15,262302006015,부산광역시 부산진구 가야대로,772,,2623010300105030015004104,질스튜어트스포츠롯데백화점,부산광역시 부산진구 가야대로 772,614732,47285,,5,,129.056412549351,35.1567968046828,롯데백화점
MA010120220810413564,테이트,,G2,소매,G209,섬유·의복·신발 소매,G20901,남성 의류 소매업,G47411,남자용 겉옷 소매업,26,부산광역시,26350,해운대구,26350551,좌1동,2635010700,좌동,2635010700114670004,1,대지,1467,4,부산광역시 해운대구 좌동 1467-4,263502006010,부산광역시 해운대구 해운대로,813,,2635010700114670004003745,NC백화점,부산광역시 해운대구 해운대로 813,612836,48106,,4,,129.177051032177,35.1705302447392,NC백화점
MA010120220812201950,리틀그라운드롯데,부산점,G2,소매,G209,섬유·의복·신발 소매,G20905,기타 의류 소매업,G47419,기타 의복 소매업,26,부산광역시,26230,부산진구,26230520,부전2동,2623010300,부전동,2623010300105030015,1,대지,503,15,부산광역시 부산진구 부전동 503-15,262302006015,부산광역시 부산진구 가야대로,772,,2623010300105030015004104,롯데백화점,부산광역시 부산진구 가야대로 772,614732,47285,,6,,129.056412549351,35.1567968046828,롯데백화점
MA010120220811792599,푸줏간고기,백화점,G2,소매,G205,식료품 소매,G20503,정육점,G47212,육류 소매업,26,부산광역시,26500,수영구,26500740,망미1동,2650010100,망미동,2650010100104320007,1,대지,432,7,부산광역시 수영구 망미동 432-7,265004214153,부산광역시 수영구 망미배산로10번길,74,,2650010100104320007018988,,부산광역시 수영구 망미배산로10번길 74,613822,48204,,,,129.106671078744,35.1773263210028,기타/미상
MA010120220811938850,펠리아,광복점,S2,수리·개인,S207,이용·미용,S20701,미용실,S96112,두발 미용업,26,부산광역시,26110,중구,26110510,중앙동,2611011000,중앙동7가,2611011000100200001,1,대지,20,1,부산광역시 중구 중앙동7가 20-1,261102000010,부산광역시 중구 중앙대로,2,,2611011000100200001000001,롯데백화점,부산광역시 중구 중앙대로 2,600017,48944,,4,,129.036707345866,35.0983104003377,롯데백화점
MA010120220812179679,모라도,,G2,소매,G209,섬유·의복·신발 소매,G20902,여성 의류 소매업,G47412,여자용 겉옷 소매업,26,부산광역시,26260,동래구,26260560,온천2동,2626010800,온천동,2626010800105020003,1,대지,502,3,부산광역시 동래구 온천동 502-3,262602000010,부산광역시 동래구 중앙대로,1393,,2626010800105020003000477,롯데백화점,부산광역시 동래구 중앙대로 1393,607716,47727,,3,,129.07747341266,35.2117052140663,롯데백화점
MA010120220805187203,총각정육,백화점,G2,소매,G205,식료품 소매,G20503,정육점,G47212,육류 소매업,26,부산광역시,26500,수영구,26500660,남천1동,2650010500,남천동,2650010500100180001,1,대지,18,1,부산광역시 수영구 남천동 18-1,265003131037,부산광역시 수영구 수영로,418,,2650010500100180001011920,,부산광역시 수영구 수영로 418,613814,48308,,2,,129.109276011463,35.1430552047816,기타/미상
MA010120220805370734,딥티크롯데백화점,부산점,G2,소매,G215,의약·화장품 소매,G21503,화장품 소매업,G47813,화장품; 비누 및 방향제 소매업,26,부산광역시,26230,부산진구,26230520,부전2동,2623010300,부전동,2623010300105030015,1,대지,503,15,부산광역시 부산진구 부전동 503-15,262302006015,부산광역시 부산진구 가야대로,772,,2623010300105030015004104,롯데백화점,부산광역시 부산진구 가야대로 772,614732,47285,,1,,129.056412549351,35.1567968046828,롯데백화점
MA010120220812532604,밀레신세계백화점,센텀점,G2,소매,G209,섬유·의복·신발 소매,G20901,남성 의류 소매업,G47411,남자용 겉옷 소매업,26,부산광역시,26350,해운대구,26350520,우2동,2635010500,우동,2635010500114950000,1,대지,1495,,부산광역시 해운대구 우동 1495,263502133001,부산광역시 해운대구 센텀남대로,35,,2635010500114950000000001,신세계백화점,부산광역시 해운대구 센텀남대로 35,612022,48058,,3,,129.129519598026,35.1688162817484,신세계백화점
MA010120220803404058,라인,,G2,소매,G209,섬유·의복·신발 소매,G20902,여성 의류 소매업,G47412,여자용 겉옷 소매업,26,부산광역시,26350,해운대구,26350520,우2동,2635010500,우동,2635010500114950000,1,대지,1495,,부산광역시 해운대구 우동 1495,263502133001,부산광역시 해운대구 센텀남대로,35,,2635010500114950000000001,신세계백화점,부산광역시 해운대구 센텀남대로 35,612022,48058,,4,,129.129519598026,35.1688162817484,신세계백화점
MA010120220809230788,모조에스핀,,G2,소매,G209,섬유·의복·신발 소매,G20902,여성 의류 소매업,G47412,여자용 겉옷 소매업,26,부산광역시,26110,중구,26110510,중앙동,2611011000,중앙동7가,2611011000100200001,1,대지,20,1,부산광역시 중구 중앙동7가 20-1,261102000010,부산광역시 중구 중앙대로,2,,2611011000100200001000001,롯데백화점,부산광역시 중구 중앙대로 2,600017,48944,,4,,129.036707345866,35.0983104003377,롯데백화점
MA010120220813413499,스튜디오톰보이맨,,G2,소매,G209,섬유·의복·신발 소매,G20905,기타 의류 소매업,G47419,기타 의복 소매업,26,부산광역시,26230,부산진구,26230520,부전2동,2623010300,부전동,2623010300105030015,1,대지,503,15,부산광역시 부산진구 부전동 503-15,262302006015,부산광역시 부산진구 가야대로,772,,2623010300105030015004104,롯데백화점,부산광역시 부산진구 가야대로 772,614732,47285,,4,,129.056412549351,35.1567968046828,롯데백화점
MA010120220807043999,크록스,,G2,소매,G209,섬유·의복·신발 소매,G20910,신발 소매업,G47430,신발 소매업,26,부산광역시,26350,해운대구,26350520,우2동,2635010500,우동,2635010500114950000,1,대지,1495,,부산광역시 해운대구 우동 1495,263502133001,부산광역시 해운대구 센텀남대로,35,,2635010500114950000000001,신세계백화점,부산광역시 해운대구 센텀남대로 35,612022,48058,,3,,129.129519598026,35.1688162817484,신세계백화점
MA010120220806710128,다온,,G2,소매,G217,시계·귀금속 소매,G21701,시계/귀금속 소매업,G47830,시계 및 귀금속 소매업,26,부산광역시,26350,해운대구,26350520,우2동,2635010500,우동,2635010500114960000,1,대지,1496,,부산광역시 해운대구 우동 1496,263502133001,부산광역시 해운대구 센텀남대로,59,,2635010500114960000000001,롯데백화점,부산광역시 해운대구 센텀남대로 59,612022,48058,,1,,129.131072074388,35.1698523216207,롯데백화점
MA010120220810621368,롯데광복폴로남성,,G2,소매,G209,섬유·의복·신발 소매,G20901,남성 의류 소매업,G47411,남자용 겉옷 소매업,26,부산광역시,26110,중구,26110510,중앙동,2611011000,중앙동7가,2611011000100200001,1,대지,20,1,부산광역시 중구 중앙동7가 20-1,261102000010,부산광역시 중구 중앙대로,2,,2611011000100200001000001,롯데백화점,부산광역시 중구 중앙대로 2,600017,48944,,6,,129.036707345866,35.0983104003377,롯데백화점
MA010120220806372266,우야유통,,G2,소매,G209,섬유·의복·신발 소매,G20905,기타 의류 소매업,G47414,셔츠 및 블라우스 소매업,26,부산광역시,26230,부산진구,26230520,부전2동,2623010300,부전동,2623010300105030015,1,대지,503,15,부산광역시 부산진구 부전동 503-15,262302006015,부산광역시 부산진구 가야대로,772,,2623010300105030015004104,롯데백화점,부산광역시 부산진구 가야대로 772,614732,47285,,,,129.056412549351,35.1567968046828,롯데백화점
MA010120220809832214,케네스레이디,,G2,소매,G209,섬유·의복·신발 소매,G20902,여성 의류 소매업,G47412,여자용 겉옷 소매업,26,부산광역시,26350,해운대구,26350520,우2동,2635010500,우동,2635010500114960000,1,대지,1496,,부산광역시 해운대구 우동 1496,263502133001,부산광역시 해운대구 센텀남대로,59,,2635010500114960000000001,케네스레이디롯데백화점,부산광역시 해운대구 센텀남대로 59,612022,48058,,4,,129.131072074388,35.1698523216207,롯데백화점
MA010120220806028254,로잔센텀,,G2,소매,G209,섬유·의복·신발 소매,G20902,여성 의류 소매업,G47412,여자용 겉옷 소매업,26,부산광역시,26350,해운대구,26350520,우2동,2635010500,우동,2635010500114960000,1,대지,1496,,부산광역시 해운대구 우동 1496,263502133001,부산광역시 해운대구 센텀남대로,59,,2635010500114960000000001,롯데백화점,부산광역시 해운대구 센텀남대로 59,612022,48058,,3,,129.131072074388,35.1698523216207,롯데백화점
MA010120220812307233,최연옥롯데동래점,백화점,G2,소매,G209,섬유·의복·신발 소매,G20902,여성 의류 소매업,G47412,여자용 겉옷 소매업,26,부산광역시,26260,동래구,26260560,온천2동,2626010800,온천동,2626010800105020003,1,대지,502,3,부산광역시 동래구 온천동 502-3,262602000010,부산광역시 동래구 중앙대로,1393,,2626010800105020003000477,롯데백화점,부산광역시 동래구 중앙대로 1393,607716,47727,,3,,129.07747341266,35.2117052140663,롯데백화점
MA010120220810628490,박승철헤어스투디오,,S2,수리·개인,S207,이용·미용,S20701,미용실,S96112,두발 미용업,26,부산광역시,26110,중구,26110510,중앙동,2611011000,중앙동7가,2611011000100200001,1,대지,20,1,부산광역시 중구 중앙동7가 20-1,261102000010,부산광역시 중구 중앙대로,2,,2611011000100200001000001,롯데백화점,부산광역시 중구 중앙대로 2,600017,48944,,7,,129.036707345866,35.0983104003377,롯데백화점
MA010120220812207695,제이제이지고트,,G2,소매,G209,섬유·의복·신발 소매,G20901,남성 의류 소매업,G47411,남자용 겉옷 소매업,26,부산광역시,26350,해운대구,26350520,우2동,2635010500,우동,2635010500114950000,1,대지,1495,,부산광역시 해운대구 우동 1495,263502133001,부산광역시 해운대구 센텀남대로,35,,2635010500114950000000001,신세계백화점,부산광역시 해운대구 센텀남대로 35,612022,48058,,4,,129.129519598026,35.1688162817484,신세계백화점
MA010120220808740475,포멜카멜레신세계센텀김준열,,G2,소매,G209,섬유·의복·신발 소매,G20910,신발 소매업,G47430,신발 소매업,26,부산광역시,26350,해운대구,26350520,우2동,2635010500,우동,2635010500114950000,1,대지,1495,,부산광역시 해운대구 우동 1495,263502133001,부산광역시 해운대구 센텀남대로,35,,2635010500114950000000001,신세계백화점,부산광역시 해운대구 센텀남대로 35,612022,48058,,,,129.129519598026,35.1688162817484,신세계백화점
MA010120220810531258,휴대폰,백화점,G2,소매,G208,가전·통신 소매,G20802,핸드폰 소매업,G47312,통신기기 소매업,26,부산광역시,26140,서구,26140540,서대신1동,2614010500,서대신동2가,2614010500101240000,1,대지,124,,부산광역시 서구 서대신동2가 124,261403125009,부산광역시 서구 대영로,45,,2614010500101240000004726,,부산광역시 서구 대영로 45,602819,49234,,,,129.016462514658,35.1097514304951,기타/미상
MA010120220806614378,삼성출판사롯데,동래점,G2,소매,G213,오락용품 소매,G21306,장난감 소매업,G47640,게임용구; 인형 및 장난감 소매업,26,부산광역시,26260,동래구,26260560,온천2동,2626010800,온천동,2626010800105020003,1,대지,502,3,부산광역시 동래구 온천동 502-3,262602000010,부산광역시 동래구 중앙대로,1393,,2626010800105020003000477,롯데백화점,부산광역시 동래구 중앙대로 1393,607716,47727,,6,,129.07747341266,35.2117052140663,롯데백화점
MA010120220810631838,이세이미야케,,G2,소매,G209,섬유·의복·신발 소매,G20902,여성 의류 소매업,G47412,여자용 겉옷 소매업,26,부산광역시,26230,부산진구,26230520,부전2동,2623010300,부전동,2623010300105030015,1,대지,503,15,부산광역시 부산진구 부전동 503-15,262302006015,부산광역시 부산진구 가야대로,772,,2623010300105030015004104,롯데백화점,부산광역시 부산진구 가야대로 772,614732,47285,,2,,129.056412549351,35.1567968046828,롯데백화점
MA010120220810770537,라이프워크신세계,센텀시티점,G2,소매,G209,섬유·의복·신발 소매,G20902,여성 의류 소매업,G47412,여자용 겉옷 소매업,26,부산광역시,26350,해운대구,26350520,우2동,2635010500,우동,2635010500114950000,1,대지,1495,,부산광역시 해운대구 우동 1495,263502133001,부산광역시 해운대구 센텀남대로,35,,2635010500114950000000001,신세계백화점,부산광역시 해운대구 센텀남대로 35,612022,48058,,2,,129.129519598026,35.1688162817484,신세계백화점
MA010120220814157774,에렉스페이페이롯데백화점부,산본점,I2,음식,I205,동남아시아,I20501,베트남식 전문,I56129,기타 외국식 음식점업,26,부산광역시,26230,부산진구,26230520,부전2동,2623010300,부전동,2623010300105030015,1,대지,503,15,부산광역시 부산진구 부전동 503-15,262302006015,부산광역시 부산진구 가야대로,772,,2623010300105030015004104,롯데백화점,부산광역시 부산진구 가야대로 772,614732,47285,,2,,129.056412549351,35.1567968046828,롯데백화점
MA010120220810792825,예스,,G2,소매,G209,섬유·의복·신발 소매,G20905,기타 의류 소매업,G47413,속옷 및 잠옷 소매업,26,부산광역시,26260,동래구,26260560,온천2동,2626010800,온천동,2626010800105020003,1,대지,502,3,부산광역시 동래구 온천동 502-3,262602000010,부산광역시 동래구 중앙대로,1393,,2626010800105020003000477,롯데백화점,부산광역시 동래구 중앙대로 1393,607716,47727,,,,129.07747341266,35.2117052140663,롯데백화점
MA010120220806400637,르니앤맥코이,,G2,소매,G209,섬유·의복·신발 소매,G20905,기타 의류 소매업,G47414,셔츠 및 블라우스 소매업,26,부산광역시,26170,동구,26170660,범일2동,2617010400,범일동,2617010400100620005,1,대지,62,5,부산광역시 동구 범일동 62-5,261703127051,부산광역시 동구 범일로,125,,2617010400100620005005551,현대백화점,부산광역시 동구 범일로 125,601718,48735,,2,,129.058567919742,35.1413052322577,현대백화점
MA010120220807748941,NC백화점모이몰른,해운대,G2,소매,G209,섬유·의복·신발 소매,G20903,유아용 의류 소매업,G47417,유아용 의류 소매업,26,부산광역시,26350,해운대구,26350551,좌1동,2635010700,좌동,2635010700114670004,1,대지,1467,4,부산광역시 해운대구 좌동 1467-4,263502006010,부산광역시 해운대구 해운대로,813,,2635010700114670004003745,NC백화점,부산광역시 해운대구 해운대로 813,612836,48106,,6,,129.177051032177,35.1705302447392,NC백화점
MA010120220810478004,동화,,G2,소매,G209,섬유·의복·신발 소매,G20905,기타 의류 소매업,G47416,가죽 및 모피 의복 소매업,26,부산광역시,26110,중구,26110570,광복동,2611013200,창선동2가,2611013200100110001,1,대지,11,1,부산광역시 중구 창선동2가 11-1,261104175009,부산광역시 중구 광복로37번길,3,2,2611013200100110001001206,동화백화점,부산광역시 중구 광복로37번길 3-2,600819,48946,,1,,129.029108283246,35.0996274168333,동화백화점
MA010120220802062605,벨루티롯데부산점,코리아,G2,소매,G209,섬유·의복·신발 소매,G20901,남성 의류 소매업,G47411,남자용 겉옷 소매업,26,부산광역시,26230,부산진구,26230520,부전2동,2623010300,부전동,2623010300105030015,1,대지,503,15,부산광역시 부산진구 부전동 503-15,262302006015,부산광역시 부산진구 가야대로,772,,2623010300105030015004104,롯데백화점,부산광역시 부산진구 가야대로 772,614732,47285,,1,,129.056412549351,35.1567968046828,롯데백화점
MA010120220807056084,올투딜리셔스,부산지점,I2,음식,I203,일식,I20301,일식 회/초밥,I56122,일식 음식점업,26,부산광역시,26230,부산진구,26230520,부전2동,2623010300,부전동,2623010300105030015,1,대지,503,15,부산광역시 부산진구 부전동 503-15,262302006015,부산광역시 부산진구 가야대로,772,,2623010300105030015004104,롯데백화점,부산광역시 부산진구 가야대로 772,614732,47285,,1,,129.056412549351,35.1567968046828,롯데백화점
MA010120220813307380,제주스,,I2,음식,I212,비알코올 ,I21201,카페,I56229,기타 비알코올 음료점업,26,부산광역시,26110,중구,26110510,중앙동,2611011000,중앙동7가,2611011000100200001,1,대지,20,1,부산광역시 중구 중앙동7가 20-1,261102000010,부산광역시 중구 중앙대로,2,,2611011000100200001000001,롯데백화점,부산광역시 중구 중앙대로 2,600017,48944,,1,,129.036707345866,35.0983104003377,롯데백화점
MA010120220810797823,NC서면블랙야크키즈,,G2,소매,G209,섬유·의복·신발 소매,G20903,유아용 의류 소매업,G47417,유아용 의류 소매업,26,부산광역시,26230,부산진구,26230600,전포1동,2623010200,전포동,2623010200106680001,1,대지,668,1,부산광역시 부산진구 전포동 668-1,262303129010,부산광역시 부산진구 동천로,92,,2623010200106680001044509,NC백화점,부산광역시 부산진구 동천로 92,614772,47293,,3,,129.063013297817,35.1570359960725,NC백화점
MA010120220809028274,프랜치캣,,G2,소매,G209,섬유·의복·신발 소매,G20905,기타 의류 소매업,G47419,기타 의복 소매업,26,부산광역시,26170,동구,26170660,범일2동,2617010400,범일동,2617010400100620005,1,대지,62,5,부산광역시 동구 범일동 62-5,261703127051,부산광역시 동구 범일로,125,,2617010400100620005005551,현대백화점,부산광역시 동구 범일로 125,601718,48735,,7,,129.058567919742,35.1413052322577,현대백화점
MA010120220810817273,신세계센텀알레그리,,G2,소매,G209,섬유·의복·신발 소매,G20905,기타 의류 소매업,G47414,셔츠 및 블라우스 소매업,26,부산광역시,26350,해운대구,26350520,우2동,2635010500,우동,2635010500114950000,1,대지,1495,,부산광역시 해운대구 우동 1495,263502133001,부산광역시 해운대구 센텀남대로,35,,2635010500114950000000001,신세계백화점,부산광역시 해운대구 센텀남대로 35,612022,48058,,5,,129.129519598026,35.1688162817484,신세계백화점
MA010120220811448601,콜렉트센텀,,G2,소매,G216,안경·정밀기기 소매,G21602,안경렌즈 소매업,G47822,안경 및 렌즈 소매업,26,부산광역시,26350,해운대구,26350520,우2동,2635010500,우동,2635010500114950000,1,대지,1495,,부산광역시 해운대구 우동 1495,263502133001,부산광역시 해운대구 센텀남대로,35,,2635010500114950000000001,신세계백화점,부산광역시 해운대구 센텀남대로 35,612022,48058,,1,,129.129519598026,35.1688162817484,신세계백화점
MA010120220809723810,안다르롯데동래,,G2,소매,G209,섬유·의복·신발 소매,G20905,기타 의류 소매업,G47419,기타 의복 소매업,26,부산광역시,26260,동래구,26260560,온천2동,2626010800,온천동,2626010800105020003,1,대지,502,3,부산광역시 동래구 온천동 502-3,262602000010,부산광역시 동래구 중앙대로,1393,,2626010800105020003000477,롯데백화점,부산광역시 동래구 중앙대로 1393,607716,47727,,5,,129.07747341266,35.2117052140663,롯데백화점
MA010120220812776423,숲,,G2,소매,G209,섬유·의복·신발 소매,G20902,여성 의류 소매업,G47412,여자용 겉옷 소매업,26,부산광역시,26230,부산진구,26230600,전포1동,2623010200,전포동,2623010200106680001,1,대지,668,1,부산광역시 부산진구 전포동 668-1,262303129010,부산광역시 부산진구 동천로,92,,2623010200106680001044509,NC백화점,부산광역시 부산진구 동천로 92,614772,47293,,3,,129.063013297817,35.1570359960725,NC백화점
MA010120220810630895,왁롯데광복,,G2,소매,G209,섬유·의복·신발 소매,G20905,기타 의류 소매업,G47419,기타 의복 소매업,26,부산광역시,26110,중구,26110510,중앙동,2611011000,중앙동7가,2611011000100200001,1,대지,20,1,부산광역시 중구 중앙동7가 20-1,261102000010,부산광역시 중구 중앙대로,2,,2611011000100200001000001,롯데백화점,부산광역시 중구 중앙대로 2,600017,48944,,,,129.036707345866,35.0983104003377,롯데백화점
MA010120220810644157,피엑스지골프,,G2,소매,G209,섬유·의복·신발 소매,G20905,기타 의류 소매업,G47419,기타 의복 소매업,26,부산광역시,26230,부산진구,26230520,부전2동,2623010300,부전동,2623010300105030015,1,대지,503,15,부산광역시 부산진구 부전동 503-15,262302006015,부산광역시 부산진구 가야대로,772,,2623010300105030015004104,롯데백화점,부산광역시 부산진구 가야대로 772,614732,47285,,5,,129.056412549351,35.1567968046828,롯데백화점
MA010120220812631540,엔비에이키즈롯데광복점,백화점,G2,소매,G209,섬유·의복·신발 소매,G20905,기타 의류 소매업,G47419,기타 의복 소매업,26,부산광역시,26110,중구,26110510,중앙동,2611011000,중앙동7가,2611011000100200001,1,대지,20,1,부산광역시 중구 중앙동7가 20-1,261102000010,부산광역시 중구 중앙대로,2,,2611011000100200001000001,롯데백화점,부산광역시 중구 중앙대로 2,600017,48944,,8,,129.036707345866,35.0983104003377,롯데백화점
MA010120220811473590,센텀건강약국,,G2,소매,G215,의약·화장품 소매,G21501,약국,G47811,의약품 및 의료용품 소매업,26,부산광역시,26350,해운대구,26350520,우2동,2635010500,우동,2635010500114950000,1,대지,1495,,부산광역시 해운대구 우동 1495,263502133001,부산광역시 해운대구 센텀남대로,35,,2635010500114950000000001,신세계백화점,부산광역시 해운대구 센텀남대로 35,612022,48058,,1,,129.129519598026,35.1688162817484,신세계백화점
MA010120220811388255,화장품,백화점,G2,소매,G215,의약·화장품 소매,G21503,화장품 소매업,G47813,화장품; 비누 및 방향제 소매업,26,부산광역시,26500,수영구,26500730,수영동,2650010200,수영동,2650010200100590003,1,대지,59,3,부산광역시 수영구 수영동 59-3,265003138018,부산광역시 수영구 수영성로,27,,2650010200100590003003499,,부산광역시 수영구 수영성로 27,613830,48228,,,,129.116867498519,35.1701375350295,기타/미상
MA010120220811443349,아크테릭스신세계백화점,센텀점,G2,소매,G209,섬유·의복·신발 소매,G20905,기타 의류 소매업,G47419,기타 의복 소매업,26,부산광역시,26350,해운대구,26350520,우2동,2635010500,우동,2635010500114950000,1,대지,1495,,부산광역시 해운대구 우동 1495,263502133001,부산광역시 해운대구 센텀남대로,35,,2635010500114950000000001,신세계백화점,부산광역시 해운대구 센텀남대로 35,612022,48058,,3,,129.129519598026,35.1688162817484,신세계백화점
MA010120220810499684,산수여행주,,N1,시설관리·임대,N105,여행사·보조,N10501,여행사,N75210,여행사업,26,부산광역시,26350,해운대구,26350520,우2동,2635010500,우동,2635010500114960000,1,대지,1496,,부산광역시 해운대구 우동 1496,263502133001,부산광역시 해운대구 센텀남대로,59,,2635010500114960000000001,롯데백화점,부산광역시 해운대구 센텀남대로 59,612022,48058,,6,,129.131072074388,35.1698523216207,롯데백화점
MA010120220810639879,올젠,,G2,소매,G209,섬유·의복·신발 소매,G20901,남성 의류 소매업,G47411,남자용 겉옷 소매업,26,부산광역시,26230,부산진구,26230520,부전2동,2623010300,부전동,2623010300105030015,1,대지,503,15,부산광역시 부산진구 부전동 503-15,262302006015,부산광역시 부산진구 가야대로,772,,2623010300105030015004104,롯데백화점,부산광역시 부산진구 가야대로 772,614732,47285,,4,,129.056412549351,35.1567968046828,롯데백화점
MA010120220806989779,엔에프엘,,G2,소매,G209,섬유·의복·신발 소매,G20901,남성 의류 소매업,G47411,남자용 겉옷 소매업,26,부산광역시,26350,해운대구,26350520,우2동,2635010500,우동,2635010500114950000,1,대지,1495,,부산광역시 해운대구 우동 1495,263502133001,부산광역시 해운대구 센텀남대로,35,,2635010500114950000000001,신세계백화점,부산광역시 해운대구 센텀남대로 35,612022,48058,,2,,129.129519598026,35.1688162817484,신세계백화점
MA010120220814185025,끌로에chloe,,G2,소매,G209,섬유·의복·신발 소매,G20902,여성 의류 소매업,G47412,여자용 겉옷 소매업,26,부산광역시,26350,해운대구,26350520,우2동,2635010500,우동,2635010500114950000,1,대지,1495,,부산광역시 해운대구 우동 1495,263502133001,부산광역시 해운대구 센텀남대로,35,,2635010500114950000000001,신세계백화점,부산광역시 해운대구 센텀남대로 35,612022,48058,,2,,129.129519598026,35.1688162817484,신세계백화점
MA010120220809601642,대가고기,백화점,G2,소매,G205,식료품 소매,G20503,정육점,G47212,육류 소매업,26,부산광역시,26380,사하구,26380561,하단1동,2638010300,하단동,2638010300111800011,1,대지,1180,11,부산광역시 사하구 하단동 1180-11,263803134034,부산광역시 사하구 하신번영로,207,,2638010300111800011038049,,부산광역시 사하구 하신번영로 207,604858,49430,,,,128.958173446249,35.09963175034,기타/미상
MA010120220809708849,차이홍짬뽕,,I2,음식,I202,중식,I20201,중국집,I56121,중식 음식점업,26,부산광역시,26260,동래구,26260560,온천2동,2626010800,온천동,2626010800105020003,1,대지,502,3,부산광역시 동래구 온천동 502-3,262602000010,부산광역시 동래구 중앙대로,1393,,2626010800105020003000477,롯데백화점,부산광역시 동래구 중앙대로 1393,607716,47727,,8,,129.07747341266,35.2117052140663,롯데백화점
MA010120220807024399,포디라이더,,R1,예술·스포츠,R104,유원지·오락,R10405,기타 오락장,R91229,기타 오락장 운영업,26,부산광역시,26110,중구,26110510,중앙동,2611011000,중앙동7가,2611011000100200001,1,대지,20,1,부산광역시 중구 중앙동7가 20-1,261102000010,부산광역시 중구 중앙대로,2,,2611011000100200001000001,라이더롯데백화점,부산광역시 중구 중앙대로 2,600017,48944,,3,,129.036707345866,35.0983104003377,롯데백화점
MA010120220804482328,제네바광복,,G2,소매,G217,시계·귀금속 소매,G21701,시계/귀금속 소매업,G47830,시계 및 귀금속 소매업,26,부산광역시,26110,중구,26110510,중앙동,2611011000,중앙동7가,2611011000100200001,1,대지,20,1,부산광역시 중구 중앙동7가 20-1,261102000010,부산광역시 중구 중앙대로,2,,2611011000100200001000001,롯데백화점,부산광역시 중구 중앙대로 2,600017,48944,,1,,129.036707345866,35.0983104003377,롯데백화점
MA010120220813639758,뱅뱅,,G2,소매,G209,섬유·의복·신발 소매,G20905,기타 의류 소매업,G47414,셔츠 및 블라우스 소매업,26,부산광역시,26350,해운대구,26350551,좌1동,2635010700,좌동,2635010700114670004,1,대지,1467,4,부산광역시 해운대구 좌동 1467-4,263502006010,부산광역시 해운대구 해운대로,813,,2635010700114670004003745,NC백화점,부산광역시 해운대구 해운대로 813,612836,48106,,4,,129.177051032177,35.1705302447392,NC백화점
MA010120220805932451,르까프롯데광복,,G2,소매,G209,섬유·의복·신발 소매,G20910,신발 소매업,G47430,신발 소매업,26,부산광역시,26110,중구,26110510,중앙동,2611011000,중앙동7가,2611011000100200001,1,대지,20,1,부산광역시 중구 중앙동7가 20-1,261102000010,부산광역시 중구 중앙대로,2,,2611011000100200001000001,롯데백화점,부산광역시 중구 중앙대로 2,600017,48944,,5,,129.036707345866,35.0983104003377,롯데백화점
MA010120220804903330,라코스테,,G2,소매,G209,섬유·의복·신발 소매,G20905,기타 의류 소매업,G47419,기타 의복 소매업,26,부산광역시,26350,해운대구,26350520,우2동,2635010500,우동,2635010500114950000,1,대지,1495,,부산광역시 해운대구 우동 1495,263502133001,부산광역시 해운대구 센텀남대로,35,,2635010500114950000000001,신세계백화점,부산광역시 해운대구 센텀남대로 35,612022,48058,,3,,129.129519598026,35.1688162817484,신세계백화점
MA010120220810770357,펠리아미용실센텀,,S2,수리·개인,S207,이용·미용,S20701,미용실,S96112,두발 미용업,26,부산광역시,26350,해운대구,26350520,우2동,2635010500,우동,2635010500114960000,1,대지,1496,,부산광역시 해운대구 우동 1496,263502133001,부산광역시 해운대구 센텀남대로,59,,2635010500114960000000001,롯데백화점,부산광역시 해운대구 센텀남대로 59,612022,48058,,2,,129.131072074388,35.1698523216207,롯데백화점
MA010120220811778109,키이스,롯데광복점,G2,소매,G209,섬유·의복·신발 소매,G20902,여성 의류 소매업,G47412,여자용 겉옷 소매업,26,부산광역시,26110,중구,26110510,중앙동,2611011000,중앙동7가,2611011000100200001,1,대지,20,1,부산광역시 중구 중앙동7가 20-1,261102000010,부산광역시 중구 중앙대로,2,,2611011000100200001000001,롯데백화점,부산광역시 중구 중앙대로 2,600017,48944,,4,,129.036707345866,35.0983104003377,롯데백화점
MA010120220800227364,신세계백화점마인드브릿지,센텀시티점,G2,소매,G209,섬유·의복·신발 소매,G20905,기타 의류 소매업,G47414,셔츠 및 블라우스 소매업,26,부산광역시,26350,해운대구,26350520,우2동,2635010500,우동,2635010500114950000,1,대지,1495,,부산광역시 해운대구 우동 1495,263502133001,부산광역시 해운대구 센텀남대로,35,,2635010500114950000000001,신세계백화점,부산광역시 해운대구 센텀남대로 35,612022,48058,,,,129.129519598026,35.1688162817484,신세계백화점
MA010120220810336722,세훈통상,부산지점,G2,소매,G217,시계·귀금속 소매,G21701,시계/귀금속 소매업,G47422,의복 액세서리 및 모조 장신구 소매업,26,부산광역시,26230,부산진구,26230520,부전2동,2623010300,부전동,2623010300105030015,1,대지,503,15,부산광역시 부산진구 부전동 503-15,262302006015,부산광역시 부산진구 가야대로,772,,2623010300105030015004104,롯데백화점,부산광역시 부산진구 가야대로 772,614732,47285,,,,129.056412549351,35.1567968046828,롯데백화점
MA010120220814311726,뮬라웨어,,G2,소매,G209,섬유·의복·신발 소매,G20905,기타 의류 소매업,G47419,기타 의복 소매업,26,부산광역시,26110,중구,26110510,중앙동,2611011000,중앙동7가,2611011000100200001,1,대지,20,1,부산광역시 중구 중앙동7가 20-1,261102000010,부산광역시 중구 중앙대로,2,,2611011000100200001000001,롯데백화점,부산광역시 중구 중앙대로 2,600017,48944,,5,,129.036707345866,35.0983104003377,롯데백화점
MA010120220813831812,씨엠컴퍼니,,N1,시설관리·임대,N104,고용 알선,N10403,상용 인력 공급 및 인사관리 서비스업,N75122,상용 인력 공급 및 인사관리 서비스업,26,부산광역시,26170,동구,26170660,범일2동,2617010400,범일동,2617010400100620005,1,대지,62,5,부산광역시 동구 범일동 62-5,261703127051,부산광역시 동구 범일로,125,,2617010400100620005005551,현대백화점,부산광역시 동구 범일로 125,601718,48735,,2,,129.058567919742,35.1413052322577,현대백화점
MA010120220808167814,시크릿가든,,G2,소매,G219,식물 소매,G21901,꽃집,G47851,화초 및 식물 소매업,26,부산광역시,26230,부산진구,26230520,부전2동,2623010300,부전동,2623010300105030015,1,대지,503,15,부산광역시 부산진구 부전동 503-15,262302006015,부산광역시 부산진구 가야대로,772,,2623010300105030015004104,롯데백화점,부산광역시 부산진구 가야대로 772,614732,47285,,2,,129.056412549351,35.1567968046828,롯데백화점
MA010120220814224025,신부경정육,백화점,G2,소매,G205,식료품 소매,G20503,정육점,G47212,육류 소매업,26,부산광역시,26230,부산진구,26230780,범천2동,2623010400,범천동,2623010400112900011,1,대지,1290,11,부산광역시 부산진구 범천동 1290-11,262303129031,부산광역시 부산진구 신암로,31,,2623010400112900011000001,,부산광역시 부산진구 신암로 31,614833,47369,,1,,129.055619569471,35.1449058922903,기타/미상
MA010120220803045446,세븐부산광복롯데점,코리아,G2,소매,G204,종합 소매,G20405,편의점,G47122,체인화 편의점,26,부산광역시,26110,중구,26110510,중앙동,2611011000,중앙동7가,2611011000100200001,1,대지,20,1,부산광역시 중구 중앙동7가 20-1,261102000010,부산광역시 중구 중앙대로,2,,2611011000100200001000001,롯데백화점,부산광역시 중구 중앙대로 2,600017,48944,,4,,129.036707345866,35.0983104003377,롯데백화점
MA010120220810852985,롯데부갤럭시정장,산본점,G2,소매,G209,섬유·의복·신발 소매,G20901,남성 의류 소매업,G47411,남자용 겉옷 소매업,26,부산광역시,26230,부산진구,26230520,부전2동,2623010300,부전동,2623010300105030015,1,대지,503,15,부산광역시 부산진구 부전동 503-15,262302006015,부산광역시 부산진구 가야대로,772,,2623010300105030015004104,롯데백화점,부산광역시 부산진구 가야대로 772,614732,47285,,,,129.056412549351,35.1567968046828,롯데백화점
MA010120220814323669,신세계센텀아미,,G2,소매,G209,섬유·의복·신발 소매,G20905,기타 의류 소매업,G47414,셔츠 및 블라우스 소매업,26,부산광역시,26350,해운대구,26350520,우2동,2635010500,우동,2635010500114950000,1,대지,1495,,부산광역시 해운대구 우동 1495,263502133001,부산광역시 해운대구 센텀남대로,35,,2635010500114950000000001,신세계백화점,부산광역시 해운대구 센텀남대로 35,612022,48058,,5,,129.129519598026,35.1688162817484,신세계백화점
MA010120220808695256,린,,G2,소매,G209,섬유·의복·신발 소매,G20902,여성 의류 소매업,G47412,여자용 겉옷 소매업,26,부산광역시,26350,해운대구,26350520,우2동,2635010500,우동,2635010500114950000,1,대지,1495,,부산광역시 해운대구 우동 1495,263502133001,부산광역시 해운대구 센텀남대로,35,,2635010500114950000000001,신세계백화점,부산광역시 해운대구 센텀남대로 35,612022,48058,,,,129.129519598026,35.1688162817484,신세계백화점
MA010120220811639275,나자인부산롯데쇼핑동주,부산점,G2,소매,G209,섬유·의복·신발 소매,G20911,가방 소매업,G47440,가방 및 기타 가죽제품 소매업,26,부산광역시,26710,기장군,26710250,기장읍,2671025032,기장읍,2671025032105240000,1,대지,524,,부산광역시 기장군 기장읍 당사리 524,267103140057,부산광역시 기장군 기장읍 기장해안로,147,,2671025032100640000000001,롯데백화점,부산광역시 기장군 기장읍 기장해안로 147,619902,46084,,1,,129.212778971514,35.1922125435306,롯데백화점
MA010120220810363808,현대부산모조에스핀,,G2,소매,G209,섬유·의복·신발 소매,G20902,여성 의류 소매업,G47412,여자용 겉옷 소매업,26,부산광역시,26170,동구,26170660,범일2동,2617010400,범일동,2617010400100620005,1,대지,62,5,부산광역시 동구 범일동 62-5,261703127051,부산광역시 동구 범일로,125,,2617010400100620005005551,현대백화점,부산광역시 동구 범일로 125,601718,48735,,2,,129.058567919742,35.1413052322577,현대백화점
MA010120220806509123,피숀신세계,센텀시티점,G2,소매,G209,섬유·의복·신발 소매,G20902,여성 의류 소매업,G47412,여자용 겉옷 소매업,26,부산광역시,26350,해운대구,26350520,우2동,2635010500,우동,2635010500114950000,1,대지,1495,,부산광역시 해운대구 우동 1495,263502133001,부산광역시 해운대구 센텀남대로,35,,2635010500114950000000001,신세계백화점,부산광역시 해운대구 센텀남대로 35,612022,48058,,7,,129.129519598026,35.1688162817484,신세계백화점
MA010120220807382449,제나키즈,,G2,소매,G209,섬유·의복·신발 소매,G20903,유아용 의류 소매업,G47417,유아용 의류 소매업,26,부산광역시,26350,해운대구,26350520,우2동,2635010500,우동,2635010500114950000,1,대지,1495,,부산광역시 해운대구 우동 1495,263502133001,부산광역시 해운대구 센텀남대로,35,,2635010500114950000000001,신세계백화점,부산광역시 해운대구 센텀남대로 35,612022,48058,,6,,129.129519598026,35.1688162817484,신세계백화점
MA010120220804801439,뱅뱅부산대엔씨,,G2,소매,G209,섬유·의복·신발 소매,G20905,기타 의류 소매업,G47414,셔츠 및 블라우스 소매업,26,부산광역시,26410,금정구,26410610,장전2동,2641010800,장전동,2641010800100400000,1,대지,40,,부산광역시 금정구 장전동 40,264104205206,부산광역시 금정구 부산대학로63번길,2,,2641010800100400000000001,NC백화점,부산광역시 금정구 부산대학로63번길 2,609737,46241,,3,,129.083829027579,35.2322412765478,NC백화점
MA010120220814074090,서면엔씨란찌,백화점,G2,소매,G209,섬유·의복·신발 소매,G20901,남성 의류 소매업,G47411,남자용 겉옷 소매업,26,부산광역시,26230,부산진구,26230600,전포1동,2623010200,전포동,2623010200106680001,1,대지,668,1,부산광역시 부산진구 전포동 668-1,262303129010,부산광역시 부산진구 동천로,92,,2623010200106680001044509,서면엔씨백화점,부산광역시 부산진구 동천로 92,614772,47293,,4,,129.063013297817,35.1570359960725,NC백화점
MA010120220807387639,밍크뮤롯데,센텀시티점,G2,소매,G209,섬유·의복·신발 소매,G20903,유아용 의류 소매업,G47417,유아용 의류 소매업,26,부산광역시,26350,해운대구,26350520,우2동,2635010500,우동,2635010500114960000,1,대지,1496,,부산광역시 해운대구 우동 1496,263502133001,부산광역시 해운대구 센텀남대로,59,,2635010500114960000000001,롯데백화점,부산광역시 해운대구 센텀남대로 59,612022,48058,,6,,129.131072074388,35.1698523216207,롯데백화점
MA010120220811764713,캠브리지,,G2,소매,G209,섬유·의복·신발 소매,G20901,남성 의류 소매업,G47411,남자용 겉옷 소매업,26,부산광역시,26170,동구,26170660,범일2동,2617010400,범일동,2617010400100620005,1,대지,62,5,부산광역시 동구 범일동 62-5,261703127051,부산광역시 동구 범일로,125,,2617010400100620005005551,현대백화점,부산광역시 동구 범일로 125,601718,48735,,5,,129.058567919742,35.1413052322577,현대백화점
MA010120220813054761,모시모시,,I2,음식,I203,일식,I20301,일식 회/초밥,I56122,일식 음식점업,26,부산광역시,26110,중구,26110510,중앙동,2611011000,중앙동7가,2611011000100200001,1,대지,20,1,부산광역시 중구 중앙동7가 20-1,261102000010,부산광역시 중구 중앙대로,2,,2611011000100200001000001,롯데백화점,부산광역시 중구 중앙대로 2,600017,48944,,10,,129.036707345866,35.0983104003377,롯데백화점
MA010120220805469185,건스앤쉬림프,,I2,음식,I204,서양식,I20401,경양식,I56123,서양식 음식점업,26,부산광역시,26110,중구,26110510,중앙동,2611011000,중앙동7가,2611011000100200001,1,대지,20,1,부산광역시 중구 중앙동7가 20-1,261102000010,부산광역시 중구 중앙대로,2,,2611011000100200001000001,롯데백화점,부산광역시 중구 중앙대로 2,600017,48944,,1,,129.036707345866,35.0983104003377,롯데백화점
MA010120220809137330,벨리시앙,,G2,소매,G209,섬유·의복·신발 소매,G20902,여성 의류 소매업,G47412,여자용 겉옷 소매업,26,부산광역시,26230,부산진구,26230520,부전2동,2623010300,부전동,2623010300105030015,1,대지,503,15,부산광역시 부산진구 부전동 503-15,262302006015,부산광역시 부산진구 가야대로,772,,2623010300105030015004104,롯데백화점,부산광역시 부산진구 가야대로 772,614732,47285,,3,,129.056412549351,35.1567968046828,롯데백화점
MA010120220810632299,현대부산타임,,G2,소매,G209,섬유·의복·신발 소매,G20902,여성 의류 소매업,G47412,여자용 겉옷 소매업,26,부산광역시,26170,동구,26170660,범일2동,2617010400,범일동,2617010400100620005,1,대지,62,5,부산광역시 동구 범일동 62-5,261703127051,부산광역시 동구 범일로,125,,2617010400100620005005551,현대백화점,부산광역시 동구 범일로 125,601718,48735,,2,,129.058567919742,35.1413052322577,현대백화점
MA010120220810794154,크록스롯데광복,,G2,소매,G209,섬유·의복·신발 소매,G20910,신발 소매업,G47430,신발 소매업,26,부산광역시,26110,중구,26110510,중앙동,2611011000,중앙동7가,2611011000100200001,1,대지,20,1,부산광역시 중구 중앙동7가 20-1,261102000010,부산광역시 중구 중앙대로,2,,2611011000100200001000001,롯데백화점,부산광역시 중구 중앙대로 2,600017,48944,,7,,129.036707345866,35.0983104003377,롯데백화점
MA010120220810837139,남일유통닥스,,G2,소매,G209,섬유·의복·신발 소매,G20902,여성 의류 소매업,G47412,여자용 겉옷 소매업,26,부산광역시,26230,부산진구,26230520,부전2동,2623010300,부전동,2623010300105030015,1,대지,503,15,부산광역시 부산진구 부전동 503-15,262302006015,부산광역시 부산진구 가야대로,772,,2623010300105030015004104,롯데백화점,부산광역시 부산진구 가야대로 772,614732,47285,,3,,129.056412549351,35.1567968046828,롯데백화점
MA010120220805991426,롯데동래오즈세컨,,G2,소매,G209,섬유·의복·신발 소매,G20902,여성 의류 소매업,G47412,여자용 겉옷 소매업,26,부산광역시,26260,동래구,26260560,온천2동,2626010800,온천동,2626010800105020003,1,대지,502,3,부산광역시 동래구 온천동 502-3,262602000010,부산광역시 동래구 중앙대로,1393,,2626010800105020003000477,롯데백화점,부산광역시 동래구 중앙대로 1393,607716,47727,,2,,129.07747341266,35.2117052140663,롯데백화점
MA010120220803587452,롯데백화점부쿠론,산본점,G2,소매,G209,섬유·의복·신발 소매,G20911,가방 소매업,G47440,가방 및 기타 가죽제품 소매업,26,부산광역시,26230,부산진구,26230520,부전2동,2623010300,부전동,2623010300105030015,1,대지,503,15,부산광역시 부산진구 부전동 503-15,262302006015,부산광역시 부산진구 가야대로,772,,2623010300105030015004104,롯데백화점,부산광역시 부산진구 가야대로 772,614732,47285,,B1,,129.056412549351,35.1567968046828,롯데백화점
MA010120220809361967,네파키즈,,G2,소매,G209,섬유·의복·신발 소매,G20903,유아용 의류 소매업,G47417,유아용 의류 소매업,26,부산광역시,26260,동래구,26260560,온천2동,2626010800,온천동,2626010800105020003,1,대지,502,3,부산광역시 동래구 온천동 502-3,262602000010,부산광역시 동래구 중앙대로,1393,,2626010800105020003000477,롯데백화점,부산광역시 동래구 중앙대로 1393,607716,47727,,6,,129.07747341266,35.2117052140663,롯데백화점
MA010120220812239195,뉴발란스현대부산,,G2,소매,G209,섬유·의복·신발 소매,G20910,신발 소매업,G47430,신발 소매업,26,부산광역시,26170,동구,26170660,범일2동,2617010400,범일동,2617010400100620005,1,대지,62,5,부산광역시 동구 범일동 62-5,261703127051,부산광역시 동구 범일로,125,,2617010400100620005005551,현대백화점,부산광역시 동구 범일로 125,601718,48735,,6,,129.058567919742,35.1413052322577,현대백화점
MA010120220808147117,프랑코페라로현대부산,,G2,소매,G209,섬유·의복·신발 소매,G20901,남성 의류 소매업,G47411,남자용 겉옷 소매업,26,부산광역시,26170,동구,26170660,범일2동,2617010400,범일동,2617010400100620005,1,대지,62,5,부산광역시 동구 범일동 62-5,261703127051,부산광역시 동구 범일로,125,,2617010400100620005005551,현대백화점,부산광역시 동구 범일로 125,601718,48735,,3,,129.058567919742,35.1413052322577,현대백화점
MA010120220804935491,신세계센텀MK,,G2,소매,G209,섬유·의복·신발 소매,G20903,유아용 의류 소매업,G47417,유아용 의류 소매업,26,부산광역시,26350,해운대구,26350520,우2동,2635010500,우동,2635010500114950000,1,대지,1495,,부산광역시 해운대구 우동 1495,263502133001,부산광역시 해운대구 센텀남대로,35,,2635010500114950000000001,신세계백화점,부산광역시 해운대구 센텀남대로 35,612022,48058,,6,,129.129519598026,35.1688162817484,신세계백화점
MA010120220812543575,캐리스노트,,G2,소매,G209,섬유·의복·신발 소매,G20902,여성 의류 소매업,G47412,여자용 겉옷 소매업,26,부산광역시,26110,중구,26110510,중앙동,2611011000,중앙동7가,2611011000100200001,1,대지,20,1,부산광역시 중구 중앙동7가 20-1,261102000010,부산광역시 중구 중앙대로,2,,2611011000100200001000001,롯데백화점,부산광역시 중구 중앙대로 2,600017,48944,,5,,129.036707345866,35.0983104003377,롯데백화점
MA010120220813527318,비씨비지,,G2,소매,G209,섬유·의복·신발 소매,G20902,여성 의류 소매업,G47412,여자용 겉옷 소매업,26,부산광역시,26260,동래구,26260560,온천2동,2626010800,온천동,2626010800105020003,1,대지,502,3,부산광역시 동래구 온천동 502-3,262602000010,부산광역시 동래구 중앙대로,1393,,2626010800105020003000477,롯데백화점,부산광역시 동래구 중앙대로 1393,607716,47727,,2,,129.07747341266,35.2117052140663,롯데백화점
MA010120220813653846,플레이키즈프로롯데광복점,백화점,G2,소매,G209,섬유·의복·신발 소매,G20910,신발 소매업,G47430,신발 소매업,26,부산광역시,26110,중구,26110510,중앙동,2611011000,중앙동7가,2611011000100200001,1,대지,20,1,부산광역시 중구 중앙동7가 20-1,261102000010,부산광역시 중구 중앙대로,2,,2611011000100200001000001,롯데백화점,부산광역시 중구 중앙대로 2,600017,48944,,8,,129.036707345866,35.0983104003377,롯데백화점
MA010120220813428679,캠브리지멤버스,,G2,소매,G209,섬유·의복·신발 소매,G20901,남성 의류 소매업,G47411,남자용 겉옷 소매업,26,부산광역시,26260,동래구,26260560,온천2동,2626010800,온천동,2626010800105020003,1,대지,502,3,부산광역시 동래구 온천동 502-3,262602000010,부산광역시 동래구 중앙대로,1393,,2626010800105020003000477,롯데백화점,부산광역시 동래구 중앙대로 1393,607716,47727,,4,,129.07747341266,35.2117052140663,롯데백화점
MA010120220805198056,에디션,,G2,소매,G209,섬유·의복·신발 소매,G20901,남성 의류 소매업,G47411,남자용 겉옷 소매업,26,부산광역시,26110,중구,26110510,중앙동,2611011000,중앙동7가,2611011000100200001,1,대지,20,1,부산광역시 중구 중앙동7가 20-1,261102000010,부산광역시 중구 중앙대로,2,,2611011000100200001000001,롯데백화점,부산광역시 중구 중앙대로 2,600017,48944,,6,,129.036707345866,35.0983104003377,롯데백화점
MA010120220814324974,케이투,코리아,G2,소매,G209,섬유·의복·신발 소매,G20905,기타 의류 소매업,G47419,기타 의복 소매업,26,부산광역시,26170,동구,26170660,범일2동,2617010400,범일동,2617010400100620005,1,대지,62,5,부산광역시 동구 범일동 62-5,261703127051,부산광역시 동구 범일로,125,,2617010400100620005005551,현대백화점,부산광역시 동구 범일로 125,601718,48735,,6,,129.058567919742,35.1413052322577,현대백화점
MA010120220809599941,롯대슈클럽,,S2,수리·개인,S206,기타 가정용품 수리,S20602,가죽/가방/신발 수선업,S95392,가죽; 가방 및 신발 수리업,26,부산광역시,26110,중구,26110510,중앙동,2611011000,중앙동7가,2611011000100200001,1,대지,20,1,부산광역시 중구 중앙동7가 20-1,261102000010,부산광역시 중구 중앙대로,2,,2611011000100200001000001,롯데백화점,부산광역시 중구 중앙대로 2,600017,48944,,1,,129.036707345866,35.0983104003377,롯데백화점
MA010120220808626466,롯데광복지지피엑스,,G2,소매,G209,섬유·의복·신발 소매,G20902,여성 의류 소매업,G47412,여자용 겉옷 소매업,26,부산광역시,26110,중구,26110510,중앙동,2611011000,중앙동7가,2611011000100200001,1,대지,20,1,부산광역시 중구 중앙동7가 20-1,261102000010,부산광역시 중구 중앙대로,2,,2611011000100200001000001,롯데백화점,부산광역시 중구 중앙대로 2,600017,48944,,3,,129.036707345866,35.0983104003377,롯데백화점
MA010120220805321900,나우롯데,센텀시티점,G2,소매,G213,오락용품 소매,G21304,운동용품 소매업,G47631,운동 및 경기용품 소매업,26,부산광역시,26350,해운대구,26350520,우2동,2635010500,우동,2635010500114960000,1,대지,1496,,부산광역시 해운대구 우동 1496,263502133001,부산광역시 해운대구 센텀남대로,59,,2635010500114960000000001,롯데백화점,부산광역시 해운대구 센텀남대로 59,612022,48058,,5,,129.131072074388,35.1698523216207,롯데백화점
MA010120220813154899,로미스토리,광복점,G2,소매,G209,섬유·의복·신발 소매,G20902,여성 의류 소매업,G47412,여자용 겉옷 소매업,26,부산광역시,26110,중구,26110510,중앙동,2611011000,중앙동7가,2611011000100200001,1,대지,20,1,부산광역시 중구 중앙동7가 20-1,261102000010,부산광역시 중구 중앙대로,2,,2611011000100200001000001,롯데백화점,부산광역시 중구 중앙대로 2,600017,48944,,2,,129.036707345866,35.0983104003377,롯데백화점
MA010120220813132088,현대마인,부산점,G2,소매,G209,섬유·의복·신발 소매,G20902,여성 의류 소매업,G47412,여자용 겉옷 소매업,26,부산광역시,26170,동구,26170660,범일2동,2617010400,범일동,2617010400100620005,1,대지,62,5,부산광역시 동구 범일동 62-5,261703127051,부산광역시 동구 범일로,125,,2617010400100620005005551,현대백화점,부산광역시 동구 범일로 125,601718,48735,,2,,129.058567919742,35.1413052322577,현대백화점
MA010120220806773860,미엘로,,G2,소매,G209,섬유·의복·신발 소매,G20902,여성 의류 소매업,G47412,여자용 겉옷 소매업,26,부산광역시,26350,해운대구,26350551,좌1동,2635010700,좌동,2635010700114670004,1,대지,1467,4,부산광역시 해운대구 좌동 1467-4,263502006010,부산광역시 해운대구 해운대로,813,,2635010700114670004003745,NC백화점,부산광역시 해운대구 해운대로 813,612836,48106,,,,129.177051032177,35.1705302447392,NC백화점
MA010120220812640977,벨라디터치현대부산,,G2,소매,G209,섬유·의복·신발 소매,G20902,여성 의류 소매업,G47412,여자용 겉옷 소매업,26,부산광역시,26170,동구,26170660,범일2동,2617010400,범일동,2617010400100620005,1,대지,62,5,부산광역시 동구 범일동 62-5,261703127051,부산광역시 동구 범일로,125,,2617010400100620005005551,현대백화점,부산광역시 동구 범일로 125,601718,48735,,3,,129.058567919742,35.1413052322577,현대백화점
MA010120220804058391,스시마이우블랙롯데동래점,백화점,I2,음식,I203,일식,I20301,일식 회/초밥,I56122,일식 음식점업,26,부산광역시,26260,동래구,26260560,온천2동,2626010800,온천동,2626010800105020003,1,대지,502,3,부산광역시 동래구 온천동 502-3,262602000010,부산광역시 동래구 중앙대로,1393,,2626010800105020003000477,롯데백화점,부산광역시 동래구 중앙대로 1393,607716,47727,,1,,129.07747341266,35.2117052140663,롯데백화점
MA010120220806769595,탑텐키즈,,G2,소매,G209,섬유·의복·신발 소매,G20905,기타 의류 소매업,G47419,기타 의복 소매업,26,부산광역시,26110,중구,26110510,중앙동,2611011000,중앙동7가,2611011000100200001,1,대지,20,1,부산광역시 중구 중앙동7가 20-1,261102000010,부산광역시 중구 중앙대로,2,,2611011000100200001000001,롯데백화점,부산광역시 중구 중앙대로 2,600017,48944,,8,,129.036707345866,35.0983104003377,롯데백화점
MA010120220810459096,행복수선실,,S2,수리·개인,S206,기타 가정용품 수리,S20601,의류/이불 수선업,S95391,의복 및 기타 가정용 직물제품 수리업,26,부산광역시,26260,동래구,26260560,온천2동,2626010800,온천동,2626010800105020003,1,대지,502,3,부산광역시 동래구 온천동 502-3,262602000010,부산광역시 동래구 중앙대로,1393,,2626010800105020003000477,롯데백화점,부산광역시 동래구 중앙대로 1393,607716,47727,,3,,129.07747341266,35.2117052140663,롯데백화점
MA010120220810459867,코스모안경,백화점,G2,소매,G216,안경·정밀기기 소매,G21602,안경렌즈 소매업,G47822,안경 및 렌즈 소매업,26,부산광역시,26110,중구,26110570,광복동,2611013200,창선동2가,2611013200100240002,1,대지,24,2,부산광역시 중구 창선동2가 24-2,261104175030,부산광역시 중구 국제시장2길,6,,2611013200100240002008680,코스모빌딩,부산광역시 중구 국제시장2길 6,600819,48946,,,,129.028628689724,35.0997435866138,기타/미상
MA010120220803265158,수민상회,,G2,소매,G209,섬유·의복·신발 소매,G20905,기타 의류 소매업,G47414,셔츠 및 블라우스 소매업,26,부산광역시,26170,동구,26170660,범일2동,2617010400,범일동,2617010400100620005,1,대지,62,5,부산광역시 동구 범일동 62-5,261703127051,부산광역시 동구 범일로,125,,2617010400100620005005551,현대백화점,부산광역시 동구 범일로 125,601718,48735,,5,,129.058567919742,35.1413052322577,현대백화점
MA010120220806312426,헬스보이짐,롯데광복점,R1,예술·스포츠,R103,스포츠 서비스,R10307,헬스장,R91132,체력 단련시설 운영업,26,부산광역시,26110,중구,26110510,중앙동,2611011000,중앙동7가,2611011000100200001,1,대지,20,1,부산광역시 중구 중앙동7가 20-1,261102000010,부산광역시 중구 중앙대로,2,,2611011000100200001000001,롯데백화점,부산광역시 중구 중앙대로 2,600017,48944,,7,,129.036707345866,35.0983104003377,롯데백화점
MA010120220814337681,랑방블랑,,G2,소매,G209,섬유·의복·신발 소매,G20905,기타 의류 소매업,G47419,기타 의복 소매업,26,부산광역시,26230,부산진구,26230520,부전2동,2623010300,부전동,2623010300105030015,1,대지,503,15,부산광역시 부산진구 부전동 503-15,262302006015,부산광역시 부산진구 가야대로,772,,2623010300105030015004104,롯데백화점,부산광역시 부산진구 가야대로 772,614732,47285,,5,,129.056412549351,35.1567968046828,롯데백화점
MA010120220812752005,롯데먼싱웨어,동래점,G2,소매,G209,섬유·의복·신발 소매,G20905,기타 의류 소매업,G47419,기타 의복 소매업,26,부산광역시,26260,동래구,26260560,온천2동,2626010800,온천동,2626010800105020003,1,대지,502,3,부산광역시 동래구 온천동 502-3,262602000010,부산광역시 동래구 중앙대로,1393,,2626010800105020003000477,먼싱웨어롯데백화점,부산광역시 동래구 중앙대로 1393,607716,47727,,6,,129.07747341266,35.2117052140663,롯데백화점
MA010120220812401591,셔츠앤타이,,G2,소매,G209,섬유·의복·신발 소매,G20905,기타 의류 소매업,G47414,셔츠 및 블라우스 소매업,26,부산광역시,26350,해운대구,26350520,우2동,2635010500,우동,2635010500114960000,1,대지,1496,,부산광역시 해운대구 우동 1496,263502133001,부산광역시 해운대구 센텀남대로,59,,2635010500114960000000001,레노마셔츠롯데백화점,부산광역시 해운대구 센텀남대로 59,612022,48058,,6,,129.131072074388,35.1698523216207,롯데백화점
MA010120220808721848,오프화이트신세계,센텀점,G2,소매,G209,섬유·의복·신발 소매,G20902,여성 의류 소매업,G47412,여자용 겉옷 소매업,26,부산광역시,26350,해운대구,26350520,우2동,2635010500,우동,2635010500114950000,1,대지,1495,,부산광역시 해운대구 우동 1495,263502133001,부산광역시 해운대구 센텀남대로,35,,2635010500114950000000001,신세계백화점,부산광역시 해운대구 센텀남대로 35,612022,48058,,2,,129.129519598026,35.1688162817484,신세계백화점
MA010120220808307731,크레송롯데백화점,부산점,G2,소매,G209,섬유·의복·신발 소매,G20902,여성 의류 소매업,G47412,여자용 겉옷 소매업,26,부산광역시,26230,부산진구,26230520,부전2동,2623010300,부전동,2623010300105030015,1,대지,503,15,부산광역시 부산진구 부전동 503-15,262302006015,부산광역시 부산진구 가야대로,772,,2623010300105030015004104,롯데백화점,부산광역시 부산진구 가야대로 772,614732,47285,,3,,129.056412549351,35.1567968046828,롯데백화점
MA010120220811462109,트리샤센텀,,G2,소매,G217,시계·귀금속 소매,G21701,시계/귀금속 소매업,G47830,시계 및 귀금속 소매업,26,부산광역시,26350,해운대구,26350520,우2동,2635010500,우동,2635010500114950000,1,대지,1495,,부산광역시 해운대구 우동 1495,263502133001,부산광역시 해운대구 센텀남대로,35,,2635010500114950000000001,행사특설매장신세계백화점,부산광역시 해운대구 센텀남대로 35,612022,48058,,1,,129.129519598026,35.1688162817484,신세계백화점
MA010120220807761851,동화35호,백화점,G2,소매,G209,섬유·의복·신발 소매,G20905,기타 의류 소매업,G47414,셔츠 및 블라우스 소매업,26,부산광역시,26110,중구,26110570,광복동,2611013200,창선동2가,2611013200100100002,1,대지,10,2,부산광역시 중구 창선동2가 10-2,261104175008,부산광역시 중구 광복로35번길,4,,2611013200100100002004263,,부산광역시 중구 광복로35번길 4,600819,48946,,1,,129.02899778278,35.0995932198247,동화백화점
MA010120220809586067,겐츠베이커리롯데동래점,백화점,I2,음식,I210,기타 간이,I21001,빵/도넛,I56191,제과점업,26,부산광역시,26260,동래구,26260560,온천2동,2626010800,온천동,2626010800105020003,1,대지,502,3,부산광역시 동래구 온천동 502-3,262602000010,부산광역시 동래구 중앙대로,1393,,2626010800105020003000477,롯데백화점,부산광역시 동래구 중앙대로 1393,607716,47727,,1,,129.07747341266,35.2117052140663,롯데백화점
MA010120220811401061,롯데부산마인,,G2,소매,G209,섬유·의복·신발 소매,G20902,여성 의류 소매업,G47412,여자용 겉옷 소매업,26,부산광역시,26230,부산진구,26230520,부전2동,2623010300,부전동,2623010300105030015,1,대지,503,15,부산광역시 부산진구 부전동 503-15,262302006015,부산광역시 부산진구 가야대로,772,,2623010300105030015004104,롯데백화점,부산광역시 부산진구 가야대로 772,614732,47285,,2,,129.056412549351,35.1567968046828,롯데백화점
MA010120220813470392,전광수커피하우스롯데,서면점,I2,음식,I212,비알코올 ,I21201,카페,I56221,커피 전문점,26,부산광역시,26230,부산진구,26230520,부전2동,2623010300,부전동,2623010300105030015,1,대지,503,15,부산광역시 부산진구 부전동 503-15,262302006015,부산광역시 부산진구 가야대로,772,,2623010300105030015004104,롯데백화점,부산광역시 부산진구 가야대로 772,614732,47285,,1,,129.056412549351,35.1567968046828,롯데백화점
MA010120220813628032,롯데광복론즈데일,,G2,소매,G209,섬유·의복·신발 소매,G20901,남성 의류 소매업,G47411,남자용 겉옷 소매업,26,부산광역시,26110,중구,26110510,중앙동,2611011000,중앙동7가,2611011000100200001,1,대지,20,1,부산광역시 중구 중앙동7가 20-1,261102000010,부산광역시 중구 중앙대로,2,,2611011000100200001000001,롯데백화점,부산광역시 중구 중앙대로 2,600017,48944,,5,,129.036707345866,35.0983104003377,롯데백화점
MA010120220802272451,시슬리,,G2,소매,G209,섬유·의복·신발 소매,G20902,여성 의류 소매업,G47412,여자용 겉옷 소매업,26,부산광역시,26110,중구,26110510,중앙동,2611011000,중앙동7가,2611011000100200001,1,대지,20,1,부산광역시 중구 중앙동7가 20-1,261102000010,부산광역시 중구 중앙대로,2,,2611011000100200001000001,롯데백화점,부산광역시 중구 중앙대로 2,600017,48944,,3,,129.036707345866,35.0983104003377,롯데백화점
MA010120220813688404,트라이엄프,,G2,소매,G209,섬유·의복·신발 소매,G20905,기타 의류 소매업,G47413,속옷 및 잠옷 소매업,26,부산광역시,26170,동구,26170660,범일2동,2617010400,범일동,2617010400100620005,1,대지,62,5,부산광역시 동구 범일동 62-5,261703127051,부산광역시 동구 범일로,125,,2617010400100620005005551,현대백화점,부산광역시 동구 범일로 125,601718,48735,,,,129.058567919742,35.1413052322577,현대백화점
MA010120220811445077,나우롯데광복점,백화점,G2,소매,G209,섬유·의복·신발 소매,G20901,남성 의류 소매업,G47411,남자용 겉옷 소매업,26,부산광역시,26110,중구,26110510,중앙동,2611011000,중앙동7가,2611011000100200001,1,대지,20,1,부산광역시 중구 중앙동7가 20-1,261102000010,부산광역시 중구 중앙대로,2,,2611011000100200001000001,롯데백화점,부산광역시 중구 중앙대로 2,600017,48944,,7,,129.036707345866,35.0983104003377,롯데백화점
MA010120220805073985,키플링신세계,센텀점,G2,소매,G209,섬유·의복·신발 소매,G20911,가방 소매업,G47440,가방 및 기타 가죽제품 소매업,26,부산광역시,26350,해운대구,26350520,우2동,2635010500,우동,2635010500114950000,1,대지,1495,,부산광역시 해운대구 우동 1495,263502133001,부산광역시 해운대구 센텀남대로,35,,2635010500114950000000001,키플링신세계백화점,부산광역시 해운대구 센텀남대로 35,612022,48058,,B2,,129.129519598026,35.1688162817484,신세계백화점
MA010120220805735799,롯데와인롯데광복점,백화점,G2,소매,G206,음료 소매,G20602,주류 소매업,G47221,음료 소매업,26,부산광역시,26110,중구,26110510,중앙동,2611011000,중앙동7가,2611011000100200001,1,대지,20,1,부산광역시 중구 중앙동7가 20-1,261102000010,부산광역시 중구 중앙대로,2,,2611011000100200001000001,와인코너롯데백화점,부산광역시 중구 중앙대로 2,600017,48944,,1,,129.036707345866,35.0983104003377,롯데백화점
MA010120220810507495,부산떡,백화점,I2,음식,I210,기타 간이,I21002,떡/한과,C10711,떡류 제조업,26,부산광역시,26380,사하구,26380571,신평1동,2638010400,신평동,2638010400100820009,1,대지,82,9,부산광역시 사하구 신평동 82-9,263804202182,부산광역시 사하구 다대로134번길,18,,2638010400100820009006787,,부산광역시 사하구 다대로134번길 18,604832,49441,,,,128.977427959174,35.0909741467801,기타/미상
MA010120220806130459,롬카페롯데광복점,백화점,I2,음식,I210,기타 간이,I21006,치킨,I56193,치킨 전문점,26,부산광역시,26110,중구,26110510,중앙동,2611011000,중앙동7가,2611011000100200001,1,대지,20,1,부산광역시 중구 중앙동7가 20-1,261102000010,부산광역시 중구 중앙대로,2,,2611011000100200001000001,롯데백화점,부산광역시 중구 중앙대로 2,600017,48944,,5,,129.036707345866,35.0983104003377,롯데백화점
MA010120220810696158,프랜치캣,,G2,소매,G209,섬유·의복·신발 소매,G20905,기타 의류 소매업,G47419,기타 의복 소매업,26,부산광역시,26230,부산진구,26230520,부전2동,2623010300,부전동,2623010300105030015,1,대지,503,15,부산광역시 부산진구 부전동 503-15,262302006015,부산광역시 부산진구 가야대로,772,,2623010300105030015004104,롯데백화점,부산광역시 부산진구 가야대로 772,614732,47285,,6,,129.056412549351,35.1567968046828,롯데백화점
MA010120220811761227,공차코리아부산엔시,해운대,I2,음식,I212,비알코올 ,I21201,카페,I56229,기타 비알코올 음료점업,26,부산광역시,26350,해운대구,26350551,좌1동,2635010700,좌동,2635010700114670004,1,대지,1467,4,부산광역시 해운대구 좌동 1467-4,263502006010,부산광역시 해운대구 해운대로,813,,2635010700114670004003745,엔시백화점,부산광역시 해운대구 해운대로 813,612836,48106,,1,,129.177051032177,35.1705302447392,기타/미상
MA010120220803248764,엠디에스오케이유통롯데부산,,G2,소매,G206,음료 소매,G20602,주류 소매업,G47221,음료 소매업,26,부산광역시,26230,부산진구,26230520,부전2동,2623010300,부전동,2623010300105030015,1,대지,503,15,부산광역시 부산진구 부전동 503-15,262302006015,부산광역시 부산진구 가야대로,772,,2623010300105030015004104,식품관롯데백화점,부산광역시 부산진구 가야대로 772,614732,47285,,,,129.056412549351,35.1567968046828,롯데백화점
MA010120220803429333,신세계센텀CGP,,G2,소매,G209,섬유·의복·신발 소매,G20902,여성 의류 소매업,G47412,여자용 겉옷 소매업,26,부산광역시,26350,해운대구,26350520,우2동,2635010500,우동,2635010500114950000,1,대지,1495,,부산광역시 해운대구 우동 1495,263502133001,부산광역시 해운대구 센텀남대로,35,,2635010500114950000000001,신세계백화점,부산광역시 해운대구 센텀남대로 35,612022,48058,,1,,129.129519598026,35.1688162817484,신세계백화점
MA010120220803416035,쥬시쥬디롯데백화점,센텀시티점,G2,소매,G209,섬유·의복·신발 소매,G20902,여성 의류 소매업,G47412,여자용 겉옷 소매업,26,부산광역시,26350,해운대구,26350520,우2동,2635010500,우동,2635010500114960000,1,대지,1496,,부산광역시 해운대구 우동 1496,263502133001,부산광역시 해운대구 센텀남대로,59,,2635010500114960000000001,롯데백화점,부산광역시 해운대구 센텀남대로 59,612022,48058,,,,129.131072074388,35.1698523216207,롯데백화점
MA010120220803579170,미꼬쥬얼리,센텀시티점,G2,소매,G217,시계·귀금속 소매,G21701,시계/귀금속 소매업,G47830,시계 및 귀금속 소매업,26,부산광역시,26350,해운대구,26350520,우2동,2635010500,우동,2635010500114950000,1,대지,1495,,부산광역시 해운대구 우동 1495,263502133001,부산광역시 해운대구 센텀남대로,35,,2635010500114950000000001,신세계백화점,부산광역시 해운대구 센텀남대로 35,612022,48058,,1,,129.129519598026,35.1688162817484,신세계백화점
MA010120220813853333,엔씨백화점토니모리,서면점,G2,소매,G215,의약·화장품 소매,G21503,화장품 소매업,G47813,화장품; 비누 및 방향제 소매업,26,부산광역시,26230,부산진구,26230600,전포1동,2623010200,전포동,2623010200106680001,1,대지,668,1,부산광역시 부산진구 전포동 668-1,262303129010,부산광역시 부산진구 동천로,92,,2623010200106680001044509,NC백화점,부산광역시 부산진구 동천로 92,614772,47293,,1,,129.063013297817,35.1570359960725,NC백화점
MA010120220813972090,다이나핏,,G2,소매,G209,섬유·의복·신발 소매,G20905,기타 의류 소매업,G47419,기타 의복 소매업,26,부산광역시,26260,동래구,26260560,온천2동,2626010800,온천동,2626010800105020003,1,대지,502,3,부산광역시 동래구 온천동 502-3,262602000010,부산광역시 동래구 중앙대로,1393,,2626010800105020003000477,롯데백화점,부산광역시 동래구 중앙대로 1393,607716,47727,,5,,129.07747341266,35.2117052140663,롯데백화점
MA010120220814297643,다우닝가구,,G2,소매,G211,가구 소매,G21101,가구 소매업,G47520,가구 소매업,26,부산광역시,26260,동래구,26260560,온천2동,2626010800,온천동,2626010800105020003,1,대지,502,3,부산광역시 동래구 온천동 502-3,262602000010,부산광역시 동래구 중앙대로,1393,,2626010800105020003000477,롯데백화점,부산광역시 동래구 중앙대로 1393,607716,47727,,7,,129.07747341266,35.2117052140663,롯데백화점
MA010120220811424272,돈카츠렌,,I2,음식,I203,일식,I20301,일식 회/초밥,I56122,일식 음식점업,26,부산광역시,26350,해운대구,26350520,우2동,2635010500,우동,2635010500114950000,1,대지,1495,,부산광역시 해운대구 우동 1495,263502133001,부산광역시 해운대구 센텀남대로,35,,2635010500114950000000001,신세계백화점,부산광역시 해운대구 센텀남대로 35,612022,48058,,1,,129.129519598026,35.1688162817484,신세계백화점
MA010120220810700021,코오롱패션,,G2,소매,G209,섬유·의복·신발 소매,G20901,남성 의류 소매업,G47411,남자용 겉옷 소매업,26,부산광역시,26230,부산진구,26230600,전포1동,2623010200,전포동,2623010200106680001,1,대지,668,1,부산광역시 부산진구 전포동 668-1,262303129010,부산광역시 부산진구 동천로,92,,2623010200106680001044509,브렌우드/지오투NC백화점,부산광역시 부산진구 동천로 92,614772,47293,,4,,129.063013297817,35.1570359960725,NC백화점
MA010120220810478203,의류,,G2,소매,G209,섬유·의복·신발 소매,G20905,기타 의류 소매업,G47419,기타 의복 소매업,26,부산광역시,26110,중구,26110510,중앙동,2611011000,중앙동7가,2611011000100200001,1,대지,20,1,부산광역시 중구 중앙동7가 20-1,261102000010,부산광역시 중구 중앙대로,2,,2611011000100200001000001,롯데백화점,부산광역시 중구 중앙대로 2,600017,48944,,7,,129.036707345866,35.0983104003377,롯데백화점
MA010120220804974073,롯데부아이더,산본점,G2,소매,G209,섬유·의복·신발 소매,G20905,기타 의류 소매업,G47419,기타 의복 소매업,26,부산광역시,26230,부산진구,26230520,부전2동,2623010300,부전동,2623010300105030015,1,대지,503,15,부산광역시 부산진구 부전동 503-15,262302006015,부산광역시 부산진구 가야대로,772,,2623010300105030015004104,롯데백화점,부산광역시 부산진구 가야대로 772,614732,47285,,,,129.056412549351,35.1567968046828,롯데백화점
MA010120220808100104,신세계클럽모나코남성정인교,센텀점,G2,소매,G209,섬유·의복·신발 소매,G20901,남성 의류 소매업,G47411,남자용 겉옷 소매업,26,부산광역시,26350,해운대구,26350520,우2동,2635010500,우동,2635010500114950000,1,대지,1495,,부산광역시 해운대구 우동 1495,263502133001,부산광역시 해운대구 센텀남대로,35,,2635010500114950000000001,신세계백화점,부산광역시 해운대구 센텀남대로 35,612022,48058,,5,,129.129519598026,35.1688162817484,신세계백화점
MA010120220813697241,르메르신세계,센텀점,G2,소매,G209,섬유·의복·신발 소매,G20902,여성 의류 소매업,G47412,여자용 겉옷 소매업,26,부산광역시,26350,해운대구,26350520,우2동,2635010500,우동,2635010500114950000,1,대지,1495,,부산광역시 해운대구 우동 1495,263502133001,부산광역시 해운대구 센텀남대로,35,,2635010500114950000000001,르메르신세계백화점,부산광역시 해운대구 센텀남대로 35,612022,48058,,2,,129.129519598026,35.1688162817484,신세계백화점
MA010120220805384734,롯데부산RO,,G2,소매,G209,섬유·의복·신발 소매,G20905,기타 의류 소매업,G47419,기타 의복 소매업,26,부산광역시,26230,부산진구,26230520,부전2동,2623010300,부전동,2623010300105030015,1,대지,503,15,부산광역시 부산진구 부전동 503-15,262302006015,부산광역시 부산진구 가야대로,772,,2623010300105030015004104,로가디스롯데백화점,부산광역시 부산진구 가야대로 772,614732,47285,,4,,129.056412549351,35.1567968046828,롯데백화점
MA010120220806602898,현대탠디,,G2,소매,G209,섬유·의복·신발 소매,G20910,신발 소매업,G47430,신발 소매업,26,부산광역시,26170,동구,26170660,범일2동,2617010400,범일동,2617010400100620005,1,대지,62,5,부산광역시 동구 범일동 62-5,261703127051,부산광역시 동구 범일로,125,,2617010400100620005005551,현대백화점,부산광역시 동구 범일로 125,601718,48735,,3,,129.058567919742,35.1413052322577,현대백화점
MA010120220804542678,휠라,코리아,G2,소매,G209,섬유·의복·신발 소매,G20903,유아용 의류 소매업,G47417,유아용 의류 소매업,26,부산광역시,26350,해운대구,26350520,우2동,2635010500,우동,2635010500114950000,1,대지,1495,,부산광역시 해운대구 우동 1495,263502133001,부산광역시 해운대구 센텀남대로,35,,2635010500114950000000001,신세계백화점,부산광역시 해운대구 센텀남대로 35,612022,48058,,6,,129.129519598026,35.1688162817484,신세계백화점
MA010120220810423392,시스막스,,G2,소매,G209,섬유·의복·신발 소매,G20902,여성 의류 소매업,G47412,여자용 겉옷 소매업,26,부산광역시,26230,부산진구,26230520,부전2동,2623010300,부전동,2623010300105030015,1,대지,503,15,부산광역시 부산진구 부전동 503-15,262302006015,부산광역시 부산진구 가야대로,772,,2623010300105030015004104,롯데백화점,부산광역시 부산진구 가야대로 772,614732,47285,,3,,129.056412549351,35.1567968046828,롯데백화점
MA010120220809720643,수아팜,,G2,소매,G209,섬유·의복·신발 소매,G20905,기타 의류 소매업,G47413,속옷 및 잠옷 소매업,26,부산광역시,26350,해운대구,26350551,좌1동,2635010700,좌동,2635010700114670004,1,대지,1467,4,부산광역시 해운대구 좌동 1467-4,263502006010,부산광역시 해운대구 해운대로,813,,2635010700114670004003745,NC백화점,부산광역시 해운대구 해운대로 813,612836,48106,,6,,129.177051032177,35.1705302447392,NC백화점
MA010120220804380315,아키클래식롯데부,산본점,G2,소매,G209,섬유·의복·신발 소매,G20905,기타 의류 소매업,G47419,기타 의복 소매업,26,부산광역시,26230,부산진구,26230520,부전2동,2623010300,부전동,2623010300105030015,1,대지,503,15,부산광역시 부산진구 부전동 503-15,262302006015,부산광역시 부산진구 가야대로,772,,2623010300105030015004104,롯데백화점,부산광역시 부산진구 가야대로 772,614732,47285,,3,,129.056412549351,35.1567968046828,롯데백화점
MA010120220810610140,제백유통,,G2,소매,G209,섬유·의복·신발 소매,G20905,기타 의류 소매업,G47419,기타 의복 소매업,26,부산광역시,26230,부산진구,26230520,부전2동,2623010300,부전동,2623010300105030015,1,대지,503,15,부산광역시 부산진구 부전동 503-15,262302006015,부산광역시 부산진구 가야대로,772,,2623010300105030015004104,롯데백화점,부산광역시 부산진구 가야대로 772,614732,47285,,5,,129.056412549351,35.1567968046828,롯데백화점
MA010120220809990665,개정,,I2,음식,I201,한식,I20101,백반/한정식,I56111,한식 일반 음식점업,26,부산광역시,26350,해운대구,26350520,우2동,2635010500,우동,2635010500114950000,1,대지,1495,,부산광역시 해운대구 우동 1495,263502133001,부산광역시 해운대구 센텀남대로,35,,2635010500114950000000001,신세계백화점,부산광역시 해운대구 센텀남대로 35,612022,48058,,9,,129.129519598026,35.1688162817484,신세계백화점
MA010120220810782603,아름상사,,G2,소매,G209,섬유·의복·신발 소매,G20911,가방 소매업,G47440,가방 및 기타 가죽제품 소매업,26,부산광역시,26230,부산진구,26230520,부전2동,2623010300,부전동,2623010300105030015,1,대지,503,15,부산광역시 부산진구 부전동 503-15,262302006015,부산광역시 부산진구 가야대로,772,,2623010300105030015004104,롯데백화점,부산광역시 부산진구 가야대로 772,614732,47285,,1,,129.056412549351,35.1567968046828,롯데백화점
MA010120220812947130,예작,,G2,소매,G209,섬유·의복·신발 소매,G20905,기타 의류 소매업,G47414,셔츠 및 블라우스 소매업,26,부산광역시,26350,해운대구,26350520,우2동,2635010500,우동,2635010500114960000,1,대지,1496,,부산광역시 해운대구 우동 1496,263502133001,부산광역시 해운대구 센텀남대로,59,,2635010500114960000000001,롯데백화점,부산광역시 해운대구 센텀남대로 59,612022,48058,,6,,129.131072074388,35.1698523216207,롯데백화점
MA010120220810823042,코오롱인더스트리FNC부문롯데동래점주,백화점,G2,소매,G209,섬유·의복·신발 소매,G20905,기타 의류 소매업,G47419,기타 의복 소매업,26,부산광역시,26260,동래구,26260560,온천2동,2626010800,온천동,2626010800105020003,1,대지,502,3,부산광역시 동래구 온천동 502-3,262602000010,부산광역시 동래구 중앙대로,1393,,2626010800105020003000477,,부산광역시 동래구 중앙대로 1393,607716,47727,,,,129.07747341266,35.2117052140663,롯데백화점
MA010120220808040577,이온컴퍼니,,G2,소매,G209,섬유·의복·신발 소매,G20905,기타 의류 소매업,G47419,기타 의복 소매업,26,부산광역시,26350,해운대구,26350520,우2동,2635010500,우동,2635010500114960000,1,대지,1496,,부산광역시 해운대구 우동 1496,263502133001,부산광역시 해운대구 센텀남대로,59,,2635010500114960000000001,롯데백화점,부산광역시 해운대구 센텀남대로 59,612022,48058,,6,,129.131072074388,35.1698523216207,롯데백화점
MA010120220805844244,오가닉맘,,G2,소매,G209,섬유·의복·신발 소매,G20903,유아용 의류 소매업,G47417,유아용 의류 소매업,26,부산광역시,26260,동래구,26260560,온천2동,2626010800,온천동,2626010800105020003,1,대지,502,3,부산광역시 동래구 온천동 502-3,262602000010,부산광역시 동래구 중앙대로,1393,,2626010800105020003000477,롯데백화점,부산광역시 동래구 중앙대로 1393,607716,47727,,6,,129.07747341266,35.2117052140663,롯데백화점
MA010120220810619917,대청,,I2,음식,I201,한식,I20101,백반/한정식,I56111,한식 일반 음식점업,26,부산광역시,26170,동구,26170660,범일2동,2617010400,범일동,2617010400100620005,1,대지,62,5,부산광역시 동구 범일동 62-5,261703127051,부산광역시 동구 범일로,125,,2617010400100620005005551,현대백화점,부산광역시 동구 범일로 125,601718,48735,,9,,129.058567919742,35.1413052322577,현대백화점
MA010120220809891293,원유통,,G2,소매,G209,섬유·의복·신발 소매,G20901,남성 의류 소매업,G47411,남자용 겉옷 소매업,26,부산광역시,26350,해운대구,26350520,우2동,2635010500,우동,2635010500114950000,1,대지,1495,,부산광역시 해운대구 우동 1495,263502133001,부산광역시 해운대구 센텀남대로,35,,2635010500114950000000001,신세계백화점,부산광역시 해운대구 센텀남대로 35,612022,48058,,5,,129.129519598026,35.1688162817484,신세계백화점
MA010120220810667176,인얼스커피,,I2,음식,I212,비알코올 ,I21201,카페,I56221,커피 전문점,26,부산광역시,26170,동구,26170660,범일2동,2617010400,범일동,2617010400100620005,1,대지,62,5,부산광역시 동구 범일동 62-5,261703127051,부산광역시 동구 범일로,125,,2617010400100620005005551,현대백화점,부산광역시 동구 범일로 125,601718,48735,,2,,129.058567919742,35.1413052322577,현대백화점
MA010120220813782454,동민수산,광복점,I2,음식,I203,일식,I20301,일식 회/초밥,I56122,일식 음식점업,26,부산광역시,26110,중구,26110510,중앙동,2611011000,중앙동7가,2611011000100200001,1,대지,20,1,부산광역시 중구 중앙동7가 20-1,261102000010,부산광역시 중구 중앙대로,2,,2611011000100200001000001,롯데백화점,부산광역시 중구 중앙대로 2,600017,48944,,1,,129.036707345866,35.0983104003377,롯데백화점
MA010120220810354940,타이틀리스트골프,서면점,G2,소매,G209,섬유·의복·신발 소매,G20905,기타 의류 소매업,G47419,기타 의복 소매업,26,부산광역시,26230,부산진구,26230520,부전2동,2623010300,부전동,2623010300105030015,1,대지,503,15,부산광역시 부산진구 부전동 503-15,262302006015,부산광역시 부산진구 가야대로,772,,2623010300105030015004104,롯데백화점,부산광역시 부산진구 가야대로 772,614732,47285,,5,,129.056412549351,35.1567968046828,롯데백화점
MA010120220810031260,온앤온,,G2,소매,G209,섬유·의복·신발 소매,G20902,여성 의류 소매업,G47412,여자용 겉옷 소매업,26,부산광역시,26350,해운대구,26350520,우2동,2635010500,우동,2635010500114960000,1,대지,1496,,부산광역시 해운대구 우동 1496,263502133001,부산광역시 해운대구 센텀남대로,59,,2635010500114960000000001,롯데백화점,부산광역시 해운대구 센텀남대로 59,612022,48058,,4,,129.131072074388,35.1698523216207,롯데백화점
MA010120220806411700,왁골프신세계,센텀점,G2,소매,G209,섬유·의복·신발 소매,G20905,기타 의류 소매업,G47419,기타 의복 소매업,26,부산광역시,26350,해운대구,26350520,우2동,2635010500,우동,2635010500114950000,1,대지,1495,,부산광역시 해운대구 우동 1495,263502133001,부산광역시 해운대구 센텀남대로,35,,2635010500114950000000001,신세계백화점,부산광역시 해운대구 센텀남대로 35,612022,48058,,6,,129.129519598026,35.1688162817484,신세계백화점
MA010120220810448190,두드림,,N1,시설관리·임대,N105,여행사·보조,N10501,여행사,N75210,여행사업,26,부산광역시,26230,부산진구,26230600,전포1동,2623010200,전포동,2623010200106680001,1,대지,668,1,부산광역시 부산진구 전포동 668-1,262303129010,부산광역시 부산진구 동천로,92,,2623010200106680001044509,NC백화점,부산광역시 부산진구 동천로 92,614772,47293,,1,,129.063013297817,35.1570359960725,NC백화점
MA010120220813327235,허브젠,부산지점,R1,예술·스포츠,R104,유원지·오락,R10405,기타 오락장,R91229,기타 오락장 운영업,26,부산광역시,26170,동구,26170660,범일2동,2617010400,범일동,2617010400100620005,1,대지,62,5,부산광역시 동구 범일동 62-5,261703127051,부산광역시 동구 범일로,125,,2617010400100620005005551,플레이타임현대백화점,부산광역시 동구 범일로 125,601718,48735,,7,,129.058567919742,35.1413052322577,현대백화점
MA010120220803116234,부경양돈M&F축산물백화점,해운대점,G2,소매,G205,식료품 소매,G20503,정육점,G47212,육류 소매업,26,부산광역시,26350,해운대구,26350551,좌1동,2635010700,좌동,2635010700109830000,1,대지,983,,부산광역시 해운대구 좌동 983,263503133038,부산광역시 해운대구 좌동로,93,,2635010700109830000018468,,부산광역시 해운대구 좌동로 93,612835,48079,,,,129.175067155495,35.1726835726427,기타/미상
MA010120220810797037,캉골,,G2,소매,G209,섬유·의복·신발 소매,G20911,가방 소매업,G47440,가방 및 기타 가죽제품 소매업,26,부산광역시,26110,중구,26110510,중앙동,2611011000,중앙동7가,2611011000100200001,1,대지,20,1,부산광역시 중구 중앙동7가 20-1,261102000010,부산광역시 중구 중앙대로,2,,2611011000100200001000001,롯데백화점,부산광역시 중구 중앙대로 2,600017,48944,,1,,129.036707345866,35.0983104003377,롯데백화점
MA010120220810610866,타미남성롯데부산,,G2,소매,G209,섬유·의복·신발 소매,G20901,남성 의류 소매업,G47411,남자용 겉옷 소매업,26,부산광역시,26230,부산진구,26230520,부전2동,2623010300,부전동,2623010300105030015,1,대지,503,15,부산광역시 부산진구 부전동 503-15,262302006015,부산광역시 부산진구 가야대로,772,,2623010300105030015004104,롯데백화점,부산광역시 부산진구 가야대로 772,614732,47285,,4,,129.056412549351,35.1567968046828,롯데백화점
MA0101202301A0079581,자스페로,코리아,G2,소매,G217,시계·귀금속 소매,G21701,시계/귀금속 소매업,G47830,시계 및 귀금속 소매업,26,부산광역시,26110,중구,26110510,중앙동,2611011000,중앙동7가,2611011000100200001,1,대지,20,1,부산광역시 중구 중앙동7가 20-1,261102000010,부산광역시 중구 중앙대로,2,,2611011000100200001000001,아쿠아몰롯데백화점,부산광역시 중구 중앙대로 2,600017,48944,,1,,129.036707345866,35.0983104003377,롯데백화점
MA0101202212A0004506,마리떼프랑소와저버,,G2,소매,G209,섬유·의복·신발 소매,G20902,여성 의류 소매업,G47412,여자용 겉옷 소매업,26,부산광역시,26350,해운대구,26350520,우2동,2635010500,우동,2635010500114950000,1,대지,1495,,부산광역시 해운대구 우동 1495,263502133001,부산광역시 해운대구 센텀남대로,35,,2635010500114950000000001,신세계백화점,부산광역시 해운대구 센텀남대로 35,612022,48058,,2,,129.129086862155,35.1686346505686,신세계백화점
MA0101202212A0038424,슈펜,부산대점,G2,소매,G209,섬유·의복·신발 소매,G20907,액세서리/잡화 소매업,G47422,의복 액세서리 및 모조 장신구 소매업,26,부산광역시,26410,금정구,26410610,장전2동,2641010800,장전동,2641010800100400000,1,대지,40,,부산광역시 금정구 장전동 40,264104205206,부산광역시 금정구 부산대학로63번길,2,,2641010800100400000000001,NC백화점,부산광역시 금정구 부산대학로63번길 2,609737,46241,,1,,129.083829027579,35.2322412765478,NC백화점
MA0101202301A0012165,올젠,,G2,소매,G209,섬유·의복·신발 소매,G20901,남성 의류 소매업,G47411,남자용 겉옷 소매업,26,부산광역시,26170,동구,26170660,범일2동,2617010400,범일동,2617010400100620005,1,대지,62,5,부산광역시 동구 범일동 62-5,261703127051,부산광역시 동구 범일로,125,,2617010400100620005005551,현대백화점,부산광역시 동구 범일로 125,601718,48735,,5,,129.058567919742,35.1413052322577,현대백화점
MA0101202301A0001154,국제식품정육백화점,양정점,G2,소매,G205,식료품 소매,G20503,정육점,G47212,육류 소매업,26,부산광역시,26230,부산진구,26230570,양정2동,2623010100,양정동,2623010100103210002,1,대지,321,2,부산광역시 부산진구 양정동 321-2,262302348120,부산광역시 부산진구 거제대로,70,,2623010100103210002054541,국제빌딩,부산광역시 부산진구 거제대로 70,614855,47211,,2,,129.068237748874,35.1748529252391,기타/미상
MA0101202302A0112071,롯데동래네파,백화점,G2,소매,G209,섬유·의복·신발 소매,G20905,기타 의류 소매업,G47419,기타 의복 소매업,26,부산광역시,26260,동래구,26260560,온천2동,2626010800,온천동,2626010800105020003,1,대지,502,3,부산광역시 동래구 온천동 502-3,262602000010,부산광역시 동래구 중앙대로,1393,,2626010800105020003000477,롯데백화점,부산광역시 동래구 중앙대로 1393,607716,47727,,5,,129.07747341266,35.2117052140663,롯데백화점
MA0101202301A0051791,롯데부산LINE,,G2,소매,G209,섬유·의복·신발 소매,G20902,여성 의류 소매업,G47412,여자용 겉옷 소매업,26,부산광역시,26230,부산진구,26230520,부전2동,2623010300,부전동,2623010300105030015,1,대지,503,15,부산광역시 부산진구 부전동 503-15,262302006015,부산광역시 부산진구 가야대로,772,,2623010300105030015004104,롯데백화점,부산광역시 부산진구 가야대로 772,614732,47285,,2,,129.056412549351,35.1567968046828,롯데백화점
MA0101202301A0085830,롯데백화점부레노마,산본점,G2,소매,G209,섬유·의복·신발 소매,G20901,남성 의류 소매업,G47411,남자용 겉옷 소매업,26,부산광역시,26230,부산진구,26230520,부전2동,2623010300,부전동,2623010300105030015,1,대지,503,15,부산광역시 부산진구 부전동 503-15,262302006015,부산광역시 부산진구 가야대로,772,,2623010300105030015004104,부산롯데호텔,부산광역시 부산진구 가야대로 772,614732,47285,,4,,129.056412549351,35.1567968046828,롯데백화점
MA0101202211A0099185,플레이블,,G2,소매,G209,섬유·의복·신발 소매,G20905,기타 의류 소매업,G47419,기타 의복 소매업,26,부산광역시,26230,부산진구,26230520,부전2동,2623010300,부전동,2623010300105030015,1,대지,503,15,부산광역시 부산진구 부전동 503-15,262302006015,부산광역시 부산진구 가야대로,772,,2623010300105030015004104,롯데백화점,부산광역시 부산진구 가야대로 772,614732,47285,,7,,129.056412549351,35.1567968046828,롯데백화점
MA0101202211A0093911,롯데부산타임옴므,,G2,소매,G209,섬유·의복·신발 소매,G20901,남성 의류 소매업,G47411,남자용 겉옷 소매업,26,부산광역시,26230,부산진구,26230520,부전2동,2623010300,부전동,2623010300105030015,1,대지,503,15,부산광역시 부산진구 부전동 503-15,262302006015,부산광역시 부산진구 가야대로,772,,2623010300105030015004104,롯데백화점,부산광역시 부산진구 가야대로 772,614732,47285,,4,,129.056412549351,35.1567968046828,롯데백화점
MA0101202211A0002226,쥬시쥬디,,G2,소매,G209,섬유·의복·신발 소매,G20902,여성 의류 소매업,G47412,여자용 겉옷 소매업,26,부산광역시,26350,해운대구,26350520,우2동,2635010500,우동,2635010500114960000,1,대지,1496,,부산광역시 해운대구 우동 1496,263502133001,부산광역시 해운대구 센텀남대로,59,,2635010500114960000000001,롯데백화점,부산광역시 해운대구 센텀남대로 59,612022,48058,,4,,129.131072074388,35.1698523216207,롯데백화점
MA0101202212A0060967,위위필라테스,,R1,예술·스포츠,R103,스포츠 서비스,R10307,헬스장,R91132,체력 단련시설 운영업,26,부산광역시,26110,중구,26110510,중앙동,2611011000,중앙동7가,2611011000100200001,1,대지,20,1,부산광역시 중구 중앙동7가 20-1,261102000010,부산광역시 중구 중앙대로,2,,2611011000100200001000001,롯데백화점,부산광역시 중구 중앙대로 2,600017,48944,,7,,129.036707345866,35.0983104003377,롯데백화점
MA0101202211A0000160,클라비스,,G2,소매,G209,섬유·의복·신발 소매,G20902,여성 의류 소매업,G47412,여자용 겉옷 소매업,26,부산광역시,26410,금정구,26410610,장전2동,2641010800,장전동,2641010800100400000,1,대지,40,,부산광역시 금정구 장전동 40,264104205206,부산광역시 금정구 부산대학로63번길,2,,2641010800100400000000001,NC백화점,부산광역시 금정구 부산대학로63번길 2,609737,46241,,2,,129.083829027579,35.2322412765478,NC백화점
MA0101202210A0034831,천기초건강기능식품전문,백화점,G2,소매,G205,식료품 소매,G20508,건강보조식품 소매업,G47217,건강 보조식품 소매업,26,부산광역시,26380,사하구,26380530,괴정3동,2638010100,괴정동,2638010100104320012,1,대지,432,12,부산광역시 사하구 괴정동 432-12,263804202287,부산광역시 사하구 사리로27번길,78,,2638010100104320008018890,,부산광역시 사하구 사리로27번길 78,604810,49350,,1,,128.995391080196,35.1005747469576,기타/미상
MA0101202210A0043477,수수하지만굉장해,롯데광복점,I2,음식,I203,일식,I20302,일식 카레/돈가스/덮밥,I56122,일식 음식점업,26,부산광역시,26110,중구,26110510,중앙동,2611011000,중앙동7가,2611011000100200001,1,대지,20,1,부산광역시 중구 중앙동7가 20-1,261102000010,부산광역시 중구 중앙대로,2,,2611011000100200001000001,롯데백화점,부산광역시 중구 중앙대로 2,600017,48944,,1,,129.036707345866,35.0983104003377,롯데백화점
MA0101202210A0013329,아이스크림과자할인,백화점,G2,소매,G204,종합 소매,G20404,슈퍼마켓,G47216,빵류; 과자류 및 당류 소매업,26,부산광역시,26350,해운대구,26350610,반송1동,2635010100,반송동,2635010100107230012,1,대지,723,12,부산광역시 해운대구 반송동 723-12,263504199107,부산광역시 해운대구 아랫반송로26번길,25,,2635010100107230012000002,,부산광역시 해운대구 아랫반송로26번길 25,612803,48018,,,,129.14785343457,35.22493084961,기타/미상
MA0101202210A0023674,더맛있는반찬,,G2,소매,G205,식료품 소매,G20509,반찬/식료품 소매업,G47218,조리 반찬류 소매업,26,부산광역시,26230,부산진구,26230520,부전2동,2623010300,부전동,2623010300105030015,1,대지,503,15,부산광역시 부산진구 부전동 503-15,262302006015,부산광역시 부산진구 가야대로,772,,2623010300105030015004104,롯데백화점,부산광역시 부산진구 가야대로 772,614732,47285,,2,,129.056412549351,35.1567968046828,롯데백화점
MA0101202209A0099573,롯데백화점부위크엔드막스마라,산본점,G2,소매,G209,섬유·의복·신발 소매,G20902,여성 의류 소매업,G47412,여자용 겉옷 소매업,26,부산광역시,26230,부산진구,26230520,부전2동,2623010300,부전동,2623010300105030015,1,대지,503,15,부산광역시 부산진구 부전동 503-15,262302006015,부산광역시 부산진구 가야대로,772,,2623010300105030015004104,롯데백화점,부산광역시 부산진구 가야대로 772,614732,47285,,3,,129.056412549351,35.1567968046828,롯데백화점
MA0101202301A0064708,데바스테,,G2,소매,G209,섬유·의복·신발 소매,G20902,여성 의류 소매업,G47412,여자용 겉옷 소매업,26,부산광역시,26230,부산진구,26230520,부전2동,2623010300,부전동,2623010300105030015,1,대지,503,15,부산광역시 부산진구 부전동 503-15,262302006015,부산광역시 부산진구 가야대로,772,,2623010300105030015004104,롯데백화점,부산광역시 부산진구 가야대로 772,614732,47285,,3,,129.056412549351,35.1567968046828,롯데백화점
MA0101202302A0075763,롯데광복점마인드브릿지,백화점,G2,소매,G209,섬유·의복·신발 소매,G20901,남성 의류 소매업,G47411,남자용 겉옷 소매업,26,부산광역시,26110,중구,26110510,중앙동,2611011000,중앙동7가,2611011000100200001,1,대지,20,1,부산광역시 중구 중앙동7가 20-1,261102000010,부산광역시 중구 중앙대로,2,,2611011000100200001000001,롯데백화점,부산광역시 중구 중앙대로 2,600017,48944,,4,,129.036707345866,35.0983104003377,롯데백화점
MA0101202301A0012560,부루앤쥬디,해운대점,G2,소매,G209,섬유·의복·신발 소매,G20902,여성 의류 소매업,G47412,여자용 겉옷 소매업,26,부산광역시,26350,해운대구,26350551,좌1동,2635010700,좌동,2635010700114670004,1,대지,1467,4,부산광역시 해운대구 좌동 1467-4,263502006010,부산광역시 해운대구 해운대로,813,,2635010700114670004003745,NC백화점,부산광역시 해운대구 해운대로 813,612836,48106,,3,,129.177074171559,35.1705748855542,NC백화점
MA0101202301A0101050,총각정육,백화점,G2,소매,G205,식료품 소매,G20503,정육점,G47212,육류 소매업,26,부산광역시,26530,사상구,26530600,덕포1동,2653010300,덕포동,2653010300104220004,1,대지,422,4,부산광역시 사상구 덕포동 422-4,265304217222,부산광역시 사상구 사상로293번길,31,,2653010300104220004021520,내제조표,부산광역시 사상구 사상로293번길 31,617816,46950,,1,,128.981193370243,35.1712979567614,기타/미상
MA0101202302A0076090,시슬리롯데백화점,센텀시티점,G2,소매,G209,섬유·의복·신발 소매,G20902,여성 의류 소매업,G47412,여자용 겉옷 소매업,26,부산광역시,26350,해운대구,26350520,우2동,2635010500,우동,2635010500114960000,1,대지,1496,,부산광역시 해운대구 우동 1496,263502133001,부산광역시 해운대구 센텀남대로,59,,2635010500114960000000001,시슬리롯데백화점,부산광역시 해운대구 센텀남대로 59,612022,48058,,4,,129.131072074388,35.1698523216207,롯데백화점
MA0101202301A0070548,워즈히어,,G2,소매,G209,섬유·의복·신발 소매,G20901,남성 의류 소매업,G47411,남자용 겉옷 소매업,26,부산광역시,26350,해운대구,26350520,우2동,2635010500,우동,2635010500114950000,1,대지,1495,,부산광역시 해운대구 우동 1495,263502133001,부산광역시 해운대구 센텀남대로,35,,2635010500114950000000001,워즈히어신세계백화점,부산광역시 해운대구 센텀남대로 35,612022,48058,,B2,,129.129086862155,35.1686346505686,신세계백화점
MA0101202301A0064980,신세계센텀알레그리,,G2,소매,G209,섬유·의복·신발 소매,G20901,남성 의류 소매업,G47411,남자용 겉옷 소매업,26,부산광역시,26350,해운대구,26350520,우2동,2635010500,우동,2635010500114950000,1,대지,1495,,부산광역시 해운대구 우동 1495,263502133001,부산광역시 해운대구 센텀남대로,35,,2635010500114950000000001,신세계백화점,부산광역시 해운대구 센텀남대로 35,612022,48058,,5,,129.129086862155,35.1686346505686,신세계백화점
MA0101202211A0084654,제네바센텀,,G2,소매,G217,시계·귀금속 소매,G21701,시계/귀금속 소매업,G47830,시계 및 귀금속 소매업,26,부산광역시,26350,해운대구,26350520,우2동,2635010500,우동,2635010500114950000,1,대지,1495,,부산광역시 해운대구 우동 1495,263502133001,부산광역시 해운대구 센텀남대로,35,,2635010500114950000000001,신세계백화점,부산광역시 해운대구 센텀남대로 35,612022,48058,,1,,129.129086862155,35.1686346505686,신세계백화점
MA0101202211A0091456,연남토마롯데백화점부,산본점,I2,음식,I203,일식,I20301,일식 회/초밥,I56122,일식 음식점업,26,부산광역시,26230,부산진구,26230520,부전2동,2623010300,부전동,2623010300105030015,1,대지,503,15,부산광역시 부산진구 부전동 503-15,262302006015,부산광역시 부산진구 가야대로,772,,2623010300105030015004104,롯데백화점,부산광역시 부산진구 가야대로 772,614732,47285,,9,,129.056412549351,35.1567968046828,롯데백화점
MA0101202211A0003501,대수정롯데,동래점,I2,음식,I201,한식,I20101,백반/한정식,I56111,한식 일반 음식점업,26,부산광역시,26260,동래구,26260560,온천2동,2626010800,온천동,2626010800105020003,1,대지,502,3,부산광역시 동래구 온천동 502-3,262602000010,부산광역시 동래구 중앙대로,1393,,2626010800105020003000477,롯데백화점,부산광역시 동래구 중앙대로 1393,607716,47727,,8,,129.07747341266,35.2117052140663,롯데백화점
MA0101202211A0040913,카페키츠네센텀,,I2,음식,I212,비알코올 ,I21201,카페,I56221,커피 전문점,26,부산광역시,26350,해운대구,26350520,우2동,2635010500,우동,2635010500114950000,1,대지,1495,,부산광역시 해운대구 우동 1495,263502133001,부산광역시 해운대구 센텀남대로,35,,2635010500114950000000001,신세계백화점,부산광역시 해운대구 센텀남대로 35,612022,48058,,3,,129.129086862155,35.1686346505686,신세계백화점
MA0101202212A0065716,한끼닭칼국수롯데동래점,백화점,I2,음식,I201,한식,I20105,국수/칼국수,I56112,한식 면 요리 전문점,26,부산광역시,26260,동래구,26260560,온천2동,2626010800,온천동,2626010800105020003,1,대지,502,3,부산광역시 동래구 온천동 502-3,262602000010,부산광역시 동래구 중앙대로,1393,,2626010800105020003000477,,부산광역시 동래구 중앙대로 1393,607716,47727,,8,,129.07747341266,35.2117052140663,롯데백화점
MA0101202212A0032174,폴로랄프로렌,,G2,소매,G209,섬유·의복·신발 소매,G20905,기타 의류 소매업,G47414,셔츠 및 블라우스 소매업,26,부산광역시,26170,동구,26170660,범일2동,2617010400,범일동,2617010400100620005,1,대지,62,5,부산광역시 동구 범일동 62-5,261703127051,부산광역시 동구 범일로,125,,2617010400100620005005551,남성현대백화점,부산광역시 동구 범일로 125,601718,48735,,5,,129.058567919742,35.1413052322577,현대백화점
MA0101202212A0002421,카마타케제면소,,I2,음식,I210,기타 간이,I21007,김밥/만두/분식,I56194,김밥 및 기타 간이 음식점업,26,부산광역시,26170,동구,26170660,범일2동,2617010400,범일동,2617010400100620005,1,대지,62,5,부산광역시 동구 범일동 62-5,261703127051,부산광역시 동구 범일로,125,,2617010400100620005005551,현대백화점,부산광역시 동구 범일로 125,601718,48735,,2,,129.058567919742,35.1413052322577,현대백화점
MA0101202212A0062102,리드팜약국,백화점,G2,소매,G215,의약·화장품 소매,G21501,약국,G47811,의약품 및 의료용품 소매업,26,부산광역시,26230,부산진구,26230520,부전2동,2623010300,부전동,2623010300104900012,1,대지,490,12,부산광역시 부산진구 부전동 490-12,262303129025,부산광역시 부산진구 서면로,71,,2623010300104900012050397,,부산광역시 부산진구 서면로 71,614847,47285,,1,,129.05754038223,35.1571381137407,기타/미상
MA0101202212A0053350,진가와부,산본점,M1,과학·기술,M107,본사·경영 컨설팅,M10703,경영 컨설팅업,M71531,경영 컨설팅업,26,부산광역시,26230,부산진구,26230520,부전2동,2623010300,부전동,2623010300105030015,1,대지,503,15,부산광역시 부산진구 부전동 503-15,262302006015,부산광역시 부산진구 가야대로,772,,2623010300105030015004104,롯데백화점,부산광역시 부산진구 가야대로 772,614732,47285,,9,,129.056412549351,35.1567968046828,롯데백화점
MA0101202212A0093881,나이키골프신세계,센텀점,G2,소매,G209,섬유·의복·신발 소매,G20905,기타 의류 소매업,G47419,기타 의복 소매업,26,부산광역시,26350,해운대구,26350520,우2동,2635010500,우동,2635010500114950000,1,대지,1495,,부산광역시 해운대구 우동 1495,263502133001,부산광역시 해운대구 센텀남대로,35,,2635010500114950000000001,신세계백화점,부산광역시 해운대구 센텀남대로 35,612022,48058,,6,,129.129086862155,35.1686346505686,신세계백화점
MA0101202212A0088645,로아앤제인,,G2,소매,G209,섬유·의복·신발 소매,G20903,유아용 의류 소매업,G47417,유아용 의류 소매업,26,부산광역시,26350,해운대구,26350520,우2동,2635010500,우동,2635010500114950000,1,대지,1495,,부산광역시 해운대구 우동 1495,263502133001,부산광역시 해운대구 센텀남대로,35,,2635010500114950000000001,신세계백화점,부산광역시 해운대구 센텀남대로 35,612022,48058,,6,,129.129086862155,35.1686346505686,신세계백화점
MA0101202212A0095165,모에,,G2,소매,G209,섬유·의복·신발 소매,G20902,여성 의류 소매업,G47412,여자용 겉옷 소매업,26,부산광역시,26350,해운대구,26350520,우2동,2635010500,우동,2635010500114950000,1,대지,1495,,부산광역시 해운대구 우동 1495,263502133001,부산광역시 해운대구 센텀남대로,35,,2635010500114950000000001,신세계백화점,부산광역시 해운대구 센텀남대로 35,612022,48058,,3,,129.129086862155,35.1686346505686,신세계백화점
MA0101202212A0011648,로카보어테이블,동래점,I2,음식,I204,서양식,I20401,경양식,I56123,서양식 음식점업,26,부산광역시,26260,동래구,26260560,온천2동,2626010800,온천동,2626010800105020003,1,대지,502,3,부산광역시 동래구 온천동 502-3,262602000010,부산광역시 동래구 중앙대로,1393,,2626010800105020003000477,롯데백화점,부산광역시 동래구 중앙대로 1393,607716,47727,,1,,129.07747341266,35.2117052140663,롯데백화점
MA0101202209A0084342,롯데센텀리복,,G2,소매,G209,섬유·의복·신발 소매,G20905,기타 의류 소매업,G47419,기타 의복 소매업,26,부산광역시,26350,해운대구,26350520,우2동,2635010500,우동,2635010500114960000,1,대지,1496,,부산광역시 해운대구 우동 1496,263502133001,부산광역시 해운대구 센텀남대로,59,,2635010500114960000000001,롯데백화점,부산광역시 해운대구 센텀남대로 59,612022,48058,,5,,129.131072074388,35.1698523216207,롯데백화점
MA0101202209C0030955,천냥꽃,백화점,G2,소매,G204,종합 소매,G20499,그 외 기타 종합 소매업,G47190,그 외 기타 종합 소매업,26,부산광역시,26260,동래구,26260740,안락1동,2626010200,안락동,2626010200105870004,1,대지,587,4,부산광역시 동래구 안락동 587-4,262603130005,부산광역시 동래구 명안로,17,,2626010200105870004014794,,부산광역시 동래구 명안로 17,607828,47796,,,,129.104242331792,35.1980589534727,기타/미상
MA0101202210A0049179,롯데센텀PIGC,,G2,소매,G209,섬유·의복·신발 소매,G20905,기타 의류 소매업,G47419,기타 의복 소매업,26,부산광역시,26350,해운대구,26350520,우2동,2635010500,우동,2635010500114960000,1,대지,1496,,부산광역시 해운대구 우동 1496,263502133001,부산광역시 해운대구 센텀남대로,59,,2635010500114960000000001,롯데백화점,부산광역시 해운대구 센텀남대로 59,612022,48058,,5,,129.131072074388,35.1698523216207,롯데백화점
MA0101202210A0069842,시리즈현대부산,,G2,소매,G209,섬유·의복·신발 소매,G20901,남성 의류 소매업,G47411,남자용 겉옷 소매업,26,부산광역시,26170,동구,26170660,범일2동,2617010400,범일동,2617010400100620005,1,대지,62,5,부산광역시 동구 범일동 62-5,261703127051,부산광역시 동구 범일로,125,,2617010400100620005005551,현대백화점,부산광역시 동구 범일로 125,601718,48735,,5,,129.058567919742,35.1413052322577,현대백화점
MA0101202210A0009575,대수정,롯데광복점,I2,음식,I201,한식,I20101,백반/한정식,I56111,한식 일반 음식점업,26,부산광역시,26110,중구,26110510,중앙동,2611011000,중앙동7가,2611011000100200001,1,대지,20,1,부산광역시 중구 중앙동7가 20-1,261102000010,부산광역시 중구 중앙대로,2,,2611011000100200001000001,롯데백화점,부산광역시 중구 중앙대로 2,600017,48944,,4,,129.036707345866,35.0983104003377,롯데백화점
MA0101202209A0069360,신세계백화점위크엔드막스마라,센텀시티점,G2,소매,G209,섬유·의복·신발 소매,G20902,여성 의류 소매업,G47412,여자용 겉옷 소매업,26,부산광역시,26350,해운대구,26350520,우2동,2635010500,우동,2635010500114930000,1,대지,1493,,부산광역시 해운대구 우동 1493,263503133047,부산광역시 해운대구 센텀4로,15,,2635010500114930000000001,,부산광역시 해운대구 센텀4로 15,612022,48058,,3,,129.12828489441,35.1698652980963,신세계백화점
MA0101202209A0092663,트렌드컬렉션1,,G2,소매,G209,섬유·의복·신발 소매,G20902,여성 의류 소매업,G47412,여자용 겉옷 소매업,26,부산광역시,26230,부산진구,26230600,전포1동,2623010200,전포동,2623010200106680001,1,대지,668,1,부산광역시 부산진구 전포동 668-1,262303129010,부산광역시 부산진구 동천로,92,,2623010200106680001044509,NC백화점,부산광역시 부산진구 동천로 92,614772,47293,,2,,129.063013297817,35.1570359960725,NC백화점
MA0101202209A0011267,가홍치킨,,I2,음식,I210,기타 간이,I21006,치킨,I56193,치킨 전문점,26,부산광역시,26110,중구,26110510,중앙동,2611011000,중앙동7가,2611011000100200001,1,대지,20,1,부산광역시 중구 중앙동7가 20-1,261102000010,부산광역시 중구 중앙대로,2,,2611011000100200001000001,롯데백화점,부산광역시 중구 중앙대로 2,600017,48944,,1,,129.036707345866,35.0983104003377,롯데백화점
MA010120220813534533,엘르이너웨어,,G2,소매,G209,섬유·의복·신발 소매,G20905,기타 의류 소매업,G47413,속옷 및 잠옷 소매업,26,부산광역시,26230,부산진구,26230520,부전2동,2623010300,부전동,2623010300105030015,1,대지,503,15,부산광역시 부산진구 부전동 503-15,262302006015,부산광역시 부산진구 가야대로,772,,2623010300105030015004104,롯데백화점,부산광역시 부산진구 가야대로 772,614732,47285,,B2,,129.056412549351,35.1567968046828,롯데백화점
MA0101202209A0097274,비씨비지,롯데광복점,G2,소매,G209,섬유·의복·신발 소매,G20902,여성 의류 소매업,G47412,여자용 겉옷 소매업,26,부산광역시,26110,중구,26110510,중앙동,2611011000,중앙동7가,2611011000100200001,1,대지,20,1,부산광역시 중구 중앙동7가 20-1,261102000010,부산광역시 중구 중앙대로,2,,2611011000100200001000001,롯데백화점,부산광역시 중구 중앙대로 2,600017,48944,,4,,129.036707345866,35.0983104003377,롯데백화점
MA0101202209A0091922,올리브데올리브현대부산,,G2,소매,G209,섬유·의복·신발 소매,G20905,기타 의류 소매업,G47414,셔츠 및 블라우스 소매업,26,부산광역시,26170,동구,26170660,범일2동,2617010400,범일동,2617010400100620005,1,대지,62,5,부산광역시 동구 범일동 62-5,261703127051,부산광역시 동구 범일로,125,,2617010400100620005005551,현대백화점,부산광역시 동구 범일로 125,601718,48735,,B1,,129.058567919742,35.1413052322577,현대백화점
MA010120220813250508,로라애슐리,코리아,G2,소매,G209,섬유·의복·신발 소매,G20906,침구류/커튼 소매업,G47421,가정용 직물제품 소매업,26,부산광역시,26110,중구,26110510,중앙동,2611011000,중앙동7가,2611011000100200001,1,대지,20,1,부산광역시 중구 중앙동7가 20-1,261102000010,부산광역시 중구 중앙대로,2,,2611011000100200001000001,롯데백화점,부산광역시 중구 중앙대로 2,600017,48944,,9,,129.036707345866,35.0983104003377,롯데백화점
MA0101202209A0012174,포커스,,G2,소매,G209,섬유·의복·신발 소매,G20902,여성 의류 소매업,G47412,여자용 겉옷 소매업,26,부산광역시,26110,중구,26110510,중앙동,2611011000,중앙동7가,2611011000100200001,1,대지,20,1,부산광역시 중구 중앙동7가 20-1,261102000010,부산광역시 중구 중앙대로,2,,2611011000100200001000001,롯데백화점,부산광역시 중구 중앙대로 2,600017,48944,,3,,129.036707345866,35.0983104003377,롯데백화점
MA0101202209A0054630,구호플러스코텔로,,G2,소매,G209,섬유·의복·신발 소매,G20905,기타 의류 소매업,G47414,셔츠 및 블라우스 소매업,26,부산광역시,26230,부산진구,26230520,부전2동,2623010300,부전동,2623010300105030015,1,대지,503,15,부산광역시 부산진구 부전동 503-15,262302006015,부산광역시 부산진구 가야대로,772,,2623010300105030015004104,롯데백화점,부산광역시 부산진구 가야대로 772,614732,47285,,7,,129.056412549351,35.1567968046828,롯데백화점
MA0101202209A0040969,롯데부산발망,,G2,소매,G209,섬유·의복·신발 소매,G20902,여성 의류 소매업,G47412,여자용 겉옷 소매업,26,부산광역시,26230,부산진구,26230520,부전2동,2623010300,부전동,2623010300105030015,1,대지,503,15,부산광역시 부산진구 부전동 503-15,262302006015,부산광역시 부산진구 가야대로,772,,2623010300105030015004104,애비뉴엘롯데백화점,부산광역시 부산진구 가야대로 772,614732,47285,,1,,129.056412549351,35.1567968046828,롯데백화점
MA010120220812973578,신세계센텀블루마린,,G2,소매,G209,섬유·의복·신발 소매,G20902,여성 의류 소매업,G47412,여자용 겉옷 소매업,26,부산광역시,26350,해운대구,26350520,우2동,2635010500,우동,2635010500114950000,1,대지,1495,,부산광역시 해운대구 우동 1495,263502133001,부산광역시 해운대구 센텀남대로,35,,2635010500114950000000001,신세계백화점,부산광역시 해운대구 센텀남대로 35,612022,48058,,2,,129.129519598026,35.1688162817484,신세계백화점
MA0101202209A0077205,롯데준지여성,부산점,G2,소매,G209,섬유·의복·신발 소매,G20902,여성 의류 소매업,G47412,여자용 겉옷 소매업,26,부산광역시,26230,부산진구,26230520,부전2동,2623010300,부전동,2623010300105030015,1,대지,503,15,부산광역시 부산진구 부전동 503-15,262302006015,부산광역시 부산진구 가야대로,772,,2623010300105030015004104,롯데백화점,부산광역시 부산진구 가야대로 772,614732,47285,,3,,129.056412549351,35.1567968046828,롯데백화점
MA0101202305A0126068,위뜨신세계센텀,,G2,소매,G209,섬유·의복·신발 소매,G20905,기타 의류 소매업,G47419,기타 의복 소매업,26,부산광역시,26350,해운대구,26350520,우2동,2635010500,우동,2635010500114950000,1,대지,1495,,부산광역시 해운대구 우동 1495,263502133001,부산광역시 해운대구 센텀남대로,35,,2635010500114950000000001,신세계백화점,부산광역시 해운대구 센텀남대로 35,612022,48058,,3,,129.129086862155,35.1686346505686,신세계백화점
MA0101202306A0005107,프리엔메지스,,G2,소매,G209,섬유·의복·신발 소매,G20902,여성 의류 소매업,G47412,여자용 겉옷 소매업,26,부산광역시,26170,동구,26170660,범일2동,2617010400,범일동,2617010400100620005,1,대지,62,5,부산광역시 동구 범일동 62-5,261703127051,부산광역시 동구 범일로,125,,2617010400100620005005551,메지스현대백화점,부산광역시 동구 범일로 125,601718,48735,,3,,129.058567919742,35.1413052322577,현대백화점
MA0101202306A0093110,지컷신세계센텀,,G2,소매,G209,섬유·의복·신발 소매,G20902,여성 의류 소매업,G47412,여자용 겉옷 소매업,26,부산광역시,26350,해운대구,26350520,우2동,2635010500,우동,2635010500114950000,1,대지,1495,,부산광역시 해운대구 우동 1495,263502133001,부산광역시 해운대구 센텀남대로,35,,2635010500114950000000001,신세계백화점,부산광역시 해운대구 센텀남대로 35,612022,48058,,4,,129.129086862155,35.1686346505686,신세계백화점
MA0101202306A0066972,컨버스현대부산,,G2,소매,G209,섬유·의복·신발 소매,G20910,신발 소매업,G47430,신발 소매업,26,부산광역시,26170,동구,26170660,범일2동,2617010400,범일동,2617010400100620005,1,대지,62,5,부산광역시 동구 범일동 62-5,261703127051,부산광역시 동구 범일로,125,,2617010400100620005005551,현대백화점,부산광역시 동구 범일로 125,601718,48735,,6,,129.058567919742,35.1413052322577,현대백화점
MA0101202306A0026821,톰보이현대부산,,G2,소매,G209,섬유·의복·신발 소매,G20902,여성 의류 소매업,G47412,여자용 겉옷 소매업,26,부산광역시,26170,동구,26170660,범일2동,2617010400,범일동,2617010400100620005,1,대지,62,5,부산광역시 동구 범일동 62-5,261703127051,부산광역시 동구 범일로,125,,2617010400100620005005551,현대백화점,부산광역시 동구 범일로 125,601718,48735,,B1,,129.058567919742,35.1413052322577,현대백화점
MA0101202305A0069077,다솥맛집,,I2,음식,I201,한식,I20101,백반/한정식,I56111,한식 일반 음식점업,26,부산광역시,26110,중구,26110510,중앙동,2611011000,중앙동7가,2611011000100200001,1,대지,20,1,부산광역시 중구 중앙동7가 20-1,261102000010,부산광역시 중구 중앙대로,2,,2611011000100200001000001,롯데백화점,부산광역시 중구 중앙대로 2,600017,48944,,10,,129.036707345866,35.0983104003377,롯데백화점
MA0101202305A0101700,닥스구두,,G2,소매,G209,섬유·의복·신발 소매,G20910,신발 소매업,G47430,신발 소매업,26,부산광역시,26350,해운대구,26350520,우2동,2635010500,우동,2635010500114960000,1,대지,1496,,부산광역시 해운대구 우동 1496,263502133001,부산광역시 해운대구 센텀남대로,59,,2635010500114960000000001,롯데백화점,부산광역시 해운대구 센텀남대로 59,612022,48058,,3,,129.131072074388,35.1698523216207,롯데백화점
MA0101202305A0184421,노아스로스팅롯데광복점,백화점,I2,음식,I212,비알코올 ,I21201,카페,I56221,커피 전문점,26,부산광역시,26110,중구,26110510,중앙동,2611011000,중앙동7가,2611011000100200001,1,대지,20,1,부산광역시 중구 중앙동7가 20-1,261102000010,부산광역시 중구 중앙대로,2,,2611011000100200001000001,롯데백화점,부산광역시 중구 중앙대로 2,600017,48944,,13,,129.036707345866,35.0983104003377,롯데백화점
MA0101202305A0187040,모시모시,,I2,음식,I203,일식,I20301,일식 회/초밥,I56122,일식 음식점업,26,부산광역시,26260,동래구,26260560,온천2동,2626010800,온천동,2626010800105020003,1,대지,502,3,부산광역시 동래구 온천동 502-3,262602000010,부산광역시 동래구 중앙대로,1393,,2626010800105020003000477,롯데백화점,부산광역시 동래구 중앙대로 1393,607716,47727,,8,,129.07747341266,35.2117052140663,롯데백화점
MA0101202305A0024888,프로젝트엠,,G2,소매,G209,섬유·의복·신발 소매,G20902,여성 의류 소매업,G47412,여자용 겉옷 소매업,26,부산광역시,26260,동래구,26260560,온천2동,2626010800,온천동,2626010800105020003,1,대지,502,3,부산광역시 동래구 온천동 502-3,262602000010,부산광역시 동래구 중앙대로,1393,,2626010800105020003000477,롯데백화점,부산광역시 동래구 중앙대로 1393,607716,47727,,1,,129.07747341266,35.2117052140663,롯데백화점
MA0101202305A0161257,어보범일점,,I2,음식,I201,한식,I20101,백반/한정식,I56111,한식 일반 음식점업,26,부산광역시,26170,동구,26170660,범일2동,2617010400,범일동,2617010400100620005,1,대지,62,5,부산광역시 동구 범일동 62-5,261703127051,부산광역시 동구 범일로,125,,2617010400100620005005551,현대백화점,부산광역시 동구 범일로 125,601718,48735,,9,,129.058567919742,35.1413052322577,현대백화점
MA0101202305A0142700,디아도라,,G2,소매,G209,섬유·의복·신발 소매,G20905,기타 의류 소매업,G47419,기타 의복 소매업,26,부산광역시,26230,부산진구,26230520,부전2동,2623010300,부전동,2623010300105030015,1,대지,503,15,부산광역시 부산진구 부전동 503-15,262302006015,부산광역시 부산진구 가야대로,772,,2623010300105030015004104,디아도라롯데백화점,부산광역시 부산진구 가야대로 772,614732,47285,,5,,129.056412549351,35.1567968046828,롯데백화점
MA0101202305A0167216,지고트,,G2,소매,G209,섬유·의복·신발 소매,G20902,여성 의류 소매업,G47412,여자용 겉옷 소매업,26,부산광역시,26170,동구,26170660,범일2동,2617010400,범일동,2617010400100620005,1,대지,62,5,부산광역시 동구 범일동 62-5,261703127051,부산광역시 동구 범일로,125,,2617010400100620005005551,지고트현대백화점,부산광역시 동구 범일로 125,601718,48735,,2,,129.058567919742,35.1413052322577,현대백화점
MA0101202305A0163682,내일여행,,N1,시설관리·임대,N105,여행사·보조,N10501,여행사,N75210,여행사업,26,부산광역시,26410,금정구,26410610,장전2동,2641010800,장전동,2641010800100400000,1,대지,40,,부산광역시 금정구 장전동 40,264104205206,부산광역시 금정구 부산대학로63번길,2,,2641010800100400000000001,NC백화점,부산광역시 금정구 부산대학로63번길 2,609737,46241,,2,,129.083829027579,35.2322412765478,NC백화점
MA0101202305A0117156,카브리니,롯데광복점,G2,소매,G209,섬유·의복·신발 소매,G20901,남성 의류 소매업,G47411,남자용 겉옷 소매업,26,부산광역시,26110,중구,26110510,중앙동,2611011000,중앙동7가,2611011000100200001,1,대지,20,1,부산광역시 중구 중앙동7가 20-1,261102000010,부산광역시 중구 중앙대로,2,,2611011000100200001000001,롯데백화점,부산광역시 중구 중앙대로 2,600017,48944,,,,129.036707345866,35.0983104003377,롯데백화점
MA0101202305A0045695,라인롯데동래점,백화점,G2,소매,G209,섬유·의복·신발 소매,G20902,여성 의류 소매업,G47412,여자용 겉옷 소매업,26,부산광역시,26260,동래구,26260560,온천2동,2626010800,온천동,2626010800105020003,1,대지,502,3,부산광역시 동래구 온천동 502-3,262602000010,부산광역시 동래구 중앙대로,1393,,2626010800105020003000477,롯데백화점,부산광역시 동래구 중앙대로 1393,607716,47727,,2,,129.07747341266,35.2117052140663,롯데백화점
MA0101202305A0103806,광복점,,G2,소매,G217,시계·귀금속 소매,G21701,시계/귀금속 소매업,G47830,시계 및 귀금속 소매업,26,부산광역시,26110,중구,26110510,중앙동,2611011000,중앙동7가,2611011000100200001,1,대지,20,1,부산광역시 중구 중앙동7가 20-1,261102000010,부산광역시 중구 중앙대로,2,,2611011000100200001000001,롯데백화점,부산광역시 중구 중앙대로 2,600017,48944,,1,,129.036707345866,35.0983104003377,롯데백화점
MA0101202305A0114046,테드베이커,,G2,소매,G209,섬유·의복·신발 소매,G20902,여성 의류 소매업,G47412,여자용 겉옷 소매업,26,부산광역시,26230,부산진구,26230520,부전2동,2623010300,부전동,2623010300105030015,1,대지,503,15,부산광역시 부산진구 부전동 503-15,262302006015,부산광역시 부산진구 가야대로,772,,2623010300105030015004104,롯데백화점,부산광역시 부산진구 가야대로 772,614732,47285,,2,,129.056412549351,35.1567968046828,롯데백화점
MA0101202305A0008201,아메리칸키친by121,,I2,음식,I204,서양식,I20401,경양식,I56123,서양식 음식점업,26,부산광역시,26230,부산진구,26230520,부전2동,2623010300,부전동,2623010300105030015,1,대지,503,15,부산광역시 부산진구 부전동 503-15,262302006015,부산광역시 부산진구 가야대로,772,,2623010300105030015004104,롯데백화점,부산광역시 부산진구 가야대로 772,614732,47285,,2,,129.056412549351,35.1567968046828,롯데백화점
MA0101202303A0060316,롯데백화점부델라라나,산본점,G2,소매,G209,섬유·의복·신발 소매,G20902,여성 의류 소매업,G47412,여자용 겉옷 소매업,26,부산광역시,26230,부산진구,26230520,부전2동,2623010300,부전동,2623010300105030015,1,대지,503,15,부산광역시 부산진구 부전동 503-15,262302006015,부산광역시 부산진구 가야대로,772,,2623010300105030015004104,롯데백화점,부산광역시 부산진구 가야대로 772,614732,47285,,2,,129.056412549351,35.1567968046828,롯데백화점
MA0101202303A0099133,나우롯데센텀,,G2,소매,G209,섬유·의복·신발 소매,G20905,기타 의류 소매업,G47419,기타 의복 소매업,26,부산광역시,26350,해운대구,26350520,우2동,2635010500,우동,2635010500114960000,1,대지,1496,,부산광역시 해운대구 우동 1496,263502133001,부산광역시 해운대구 센텀남대로,59,,2635010500114960000000001,롯데백화점,부산광역시 해운대구 센텀남대로 59,612022,48058,,5,,129.131072074388,35.1698523216207,롯데백화점
MA0101202303A0064787,까스텔바작,,G2,소매,G209,섬유·의복·신발 소매,G20905,기타 의류 소매업,G47419,기타 의복 소매업,26,부산광역시,26110,중구,26110510,중앙동,2611011000,중앙동7가,2611011000100200001,1,대지,20,1,부산광역시 중구 중앙동7가 20-1,261102000010,부산광역시 중구 중앙대로,2,,2611011000100200001000001,롯데백화점,부산광역시 중구 중앙대로 2,600017,48944,,7,,129.036707345866,35.0983104003377,롯데백화점
MA0101202303A0076269,킨록앤더슨,,G2,소매,G209,섬유·의복·신발 소매,G20901,남성 의류 소매업,G47411,남자용 겉옷 소매업,26,부산광역시,26170,동구,26170660,범일2동,2617010400,범일동,2617010400100620005,1,대지,62,5,부산광역시 동구 범일동 62-5,261703127051,부산광역시 동구 범일로,125,,2617010400100620005005551,현대백화점,부산광역시 동구 범일로 125,601718,48735,,5,,129.058567919742,35.1413052322577,현대백화점
MA0101202305A0024433,리치유통,,G2,소매,G209,섬유·의복·신발 소매,G20905,기타 의류 소매업,G47414,셔츠 및 블라우스 소매업,26,부산광역시,26110,중구,26110510,중앙동,2611011000,중앙동7가,2611011000100200001,1,대지,20,1,부산광역시 중구 중앙동7가 20-1,261102000010,부산광역시 중구 중앙대로,2,,2611011000100200001000001,롯데백화점,부산광역시 중구 중앙대로 2,600017,48944,,6,,129.036707345866,35.0983104003377,롯데백화점
MA0101202303A0034786,듀엘롯데센텀,,G2,소매,G209,섬유·의복·신발 소매,G20902,여성 의류 소매업,G47412,여자용 겉옷 소매업,26,부산광역시,26350,해운대구,26350520,우2동,2635010500,우동,2635010500114960000,1,대지,1496,,부산광역시 해운대구 우동 1496,263502133001,부산광역시 해운대구 센텀남대로,59,,2635010500114960000000001,롯데백화점,부산광역시 해운대구 센텀남대로 59,612022,48058,,4,,129.131072074388,35.1698523216207,롯데백화점
MA0101202303A0041905,리틀그라운드롯데,동래점,G2,소매,G209,섬유·의복·신발 소매,G20905,기타 의류 소매업,G47419,기타 의복 소매업,26,부산광역시,26260,동래구,26260560,온천2동,2626010800,온천동,2626010800105020003,1,대지,502,3,부산광역시 동래구 온천동 502-3,262602000010,부산광역시 동래구 중앙대로,1393,,2626010800105020003000477,롯데백화점,부산광역시 동래구 중앙대로 1393,607716,47727,,6,,129.07747341266,35.2117052140663,롯데백화점
MA0101202303A0009003,골든베어신세계센텀,,G2,소매,G209,섬유·의복·신발 소매,G20905,기타 의류 소매업,G47419,기타 의복 소매업,26,부산광역시,26350,해운대구,26350520,우2동,2635010500,우동,2635010500114950000,1,대지,1495,,부산광역시 해운대구 우동 1495,263502133001,부산광역시 해운대구 센텀남대로,35,,2635010500114950000000001,신세계백화점,부산광역시 해운대구 센텀남대로 35,612022,48058,,6,,129.129086862155,35.1686346505686,신세계백화점
MA0101202306A0072343,게이트에프앤비부,산본점,I2,음식,I205,동남아시아,I20501,베트남식 전문,I56129,기타 외국식 음식점업,26,부산광역시,26230,부산진구,26230520,부전2동,2623010300,부전동,2623010300105030015,1,대지,503,15,부산광역시 부산진구 부전동 503-15,262302006015,부산광역시 부산진구 가야대로,772,,2623010300105030015004104,롯데백화점,부산광역시 부산진구 가야대로 772,614732,47285,,9,,129.056412549351,35.1567968046828,롯데백화점
MA0101202307A0078583,탠디,,G2,소매,G209,섬유·의복·신발 소매,G20910,신발 소매업,G47430,신발 소매업,26,부산광역시,26350,해운대구,26350520,우2동,2635010500,우동,2635010500114950000,1,대지,1495,,부산광역시 해운대구 우동 1495,263502133001,부산광역시 해운대구 센텀남대로,35,,2635010500114950000000001,신세계백화점,부산광역시 해운대구 센텀남대로 35,612022,48058,,1,,129.129086862155,35.1686346505686,신세계백화점
MA0101202306A0080053,경복궁불고기,광복점,I2,음식,I201,한식,I20107,돼지고기 구이/찜,I56113,한식 육류 요리 전문점,26,부산광역시,26110,중구,26110510,중앙동,2611011000,중앙동7가,2611011000100200001,1,대지,20,1,부산광역시 중구 중앙동7가 20-1,261102000010,부산광역시 중구 중앙대로,2,,2611011000100200001000001,롯데백화점,부산광역시 중구 중앙대로 2,600017,48944,,10,,129.036707345866,35.0983104003377,롯데백화점
MA0101202305A0030128,김서인쉐르보,,G2,소매,G209,섬유·의복·신발 소매,G20905,기타 의류 소매업,G47419,기타 의복 소매업,26,부산광역시,26350,해운대구,26350520,우2동,2635010500,우동,2635010500114950000,1,대지,1495,,부산광역시 해운대구 우동 1495,263502133001,부산광역시 해운대구 센텀남대로,35,,2635010500114950000000001,신세계백화점,부산광역시 해운대구 센텀남대로 35,612022,48058,,6,,129.129086862155,35.1686346505686,신세계백화점
MA0101202306A0099814,현대부산DKNY여성,,G2,소매,G209,섬유·의복·신발 소매,G20902,여성 의류 소매업,G47412,여자용 겉옷 소매업,26,부산광역시,26170,동구,26170660,범일2동,2617010400,범일동,2617010400100620005,1,대지,62,5,부산광역시 동구 범일동 62-5,261703127051,부산광역시 동구 범일로,125,,2617010400100620005005551,현대백화점,부산광역시 동구 범일로 125,601718,48735,,2,,129.058567919742,35.1413052322577,현대백화점
MA0101202306A0006628,볼컴,,G2,소매,G209,섬유·의복·신발 소매,G20901,남성 의류 소매업,G47411,남자용 겉옷 소매업,26,부산광역시,26110,중구,26110510,중앙동,2611011000,중앙동7가,2611011000100200001,1,대지,20,1,부산광역시 중구 중앙동7가 20-1,261102000010,부산광역시 중구 중앙대로,2,,2611011000100200001000001,롯데백화점,부산광역시 중구 중앙대로 2,600017,48944,,5,,129.036707345866,35.0983104003377,롯데백화점
MA0101202306A0007201,록옵티컬부산,광복점,G2,소매,G216,안경·정밀기기 소매,G21602,안경렌즈 소매업,G47822,안경 및 렌즈 소매업,26,부산광역시,26110,중구,26110510,중앙동,2611011000,중앙동7가,2611011000100200001,1,대지,20,1,부산광역시 중구 중앙동7가 20-1,261102000010,부산광역시 중구 중앙대로,2,,2611011000100200001000001,롯데백화점,부산광역시 중구 중앙대로 2,600017,48944,,3,,129.036707345866,35.0983104003377,롯데백화점
MA0101202306A0047278,손찬반찬,백화점,G2,소매,G205,식료품 소매,G20509,반찬/식료품 소매업,G47218,조리 반찬류 소매업,26,부산광역시,26440,강서구,26440535,명지1동,2644010400,명지동,2644010400133950001,1,대지,3395,1,부산광역시 강서구 명지동 3395-1,264403350859,부산광역시 강서구 명지국제6로,254,,2644010400133950001000001,일부,부산광역시 강서구 명지국제6로 254,618200,46773,,1,,128.923342678914,35.0980446541,기타/미상
MA0101202306A0071027,오가닉맘,,G2,소매,G209,섬유·의복·신발 소매,G20903,유아용 의류 소매업,G47417,유아용 의류 소매업,26,부산광역시,26350,해운대구,26350520,우2동,2635010500,우동,2635010500114960000,1,대지,1496,,부산광역시 해운대구 우동 1496,263502133001,부산광역시 해운대구 센텀남대로,59,,2635010500114960000000001,롯데백화점,부산광역시 해운대구 센텀남대로 59,612022,48058,,6,,129.131072074388,35.1698523216207,롯데백화점
MA0101202305A0128761,에뜨와,,G2,소매,G209,섬유·의복·신발 소매,G20903,유아용 의류 소매업,G47417,유아용 의류 소매업,26,부산광역시,26350,해운대구,26350520,우2동,2635010500,우동,2635010500114950000,1,대지,1495,,부산광역시 해운대구 우동 1495,263502133001,부산광역시 해운대구 센텀남대로,35,,2635010500114950000000001,신세계백화점,부산광역시 해운대구 센텀남대로 35,612022,48058,,6,,129.129086862155,35.1686346505686,신세계백화점
MA0101202305A0155924,어보,광복점,I2,음식,I201,한식,I20101,백반/한정식,I56111,한식 일반 음식점업,26,부산광역시,26110,중구,26110510,중앙동,2611011000,중앙동7가,2611011000100200001,1,대지,20,1,부산광역시 중구 중앙동7가 20-1,261102000010,부산광역시 중구 중앙대로,2,,2611011000100200001000001,롯데백화점,부산광역시 중구 중앙대로 2,600017,48944,,10,,129.036707345866,35.0983104003377,롯데백화점
MA0101202305A0061219,롯데광복마더피아,,G2,소매,G209,섬유·의복·신발 소매,G20905,기타 의류 소매업,G47413,속옷 및 잠옷 소매업,26,부산광역시,26110,중구,26110510,중앙동,2611011000,중앙동7가,2611011000100200001,1,대지,20,1,부산광역시 중구 중앙동7가 20-1,261102000010,부산광역시 중구 중앙대로,2,,2611011000100200001000001,롯데백화점,부산광역시 중구 중앙대로 2,600017,48944,,3,,129.036707345866,35.0983104003377,롯데백화점
MA0101202305A0102919,이새,,G2,소매,G209,섬유·의복·신발 소매,G20902,여성 의류 소매업,G47412,여자용 겉옷 소매업,26,부산광역시,26110,중구,26110510,중앙동,2611011000,중앙동7가,2611011000100200001,1,대지,20,1,부산광역시 중구 중앙동7가 20-1,261102000010,부산광역시 중구 중앙대로,2,,2611011000100200001000001,롯데백화점,부산광역시 중구 중앙대로 2,600017,48944,,5,,129.036707345866,35.0983104003377,롯데백화점
MA0101202305A0118059,현대부산한섬스토어,,G2,소매,G209,섬유·의복·신발 소매,G20902,여성 의류 소매업,G47412,여자용 겉옷 소매업,26,부산광역시,26170,동구,26170660,범일2동,2617010400,범일동,2617010400100620005,1,대지,62,5,부산광역시 동구 범일동 62-5,261703127051,부산광역시 동구 범일로,125,,2617010400100620005005551,현대백화점,부산광역시 동구 범일로 125,601718,48735,,1,,129.058567919742,35.1413052322577,현대백화점
MA0101202305A0085525,메트로시티신세계,센텀점,G2,소매,G209,섬유·의복·신발 소매,G20911,가방 소매업,G47440,가방 및 기타 가죽제품 소매업,26,부산광역시,26350,해운대구,26350520,우2동,2635010500,우동,2635010500114950000,1,대지,1495,,부산광역시 해운대구 우동 1495,263502133001,부산광역시 해운대구 센텀남대로,35,,2635010500114950000000001,신세계백화점,부산광역시 해운대구 센텀남대로 35,612022,48058,,B1,,129.129086862155,35.1686346505686,신세계백화점
MA0101202303A0059418,앤드지부산현대,백화점,G2,소매,G209,섬유·의복·신발 소매,G20901,남성 의류 소매업,G47411,남자용 겉옷 소매업,26,부산광역시,26170,동구,26170660,범일2동,2617010400,범일동,2617010400100620005,1,대지,62,5,부산광역시 동구 범일동 62-5,261703127051,부산광역시 동구 범일로,125,,2617010400100620005005551,현대백화점,부산광역시 동구 범일로 125,601718,48735,,5,,129.058567919742,35.1413052322577,현대백화점
MA0101202305A0014038,미센스,,G2,소매,G209,섬유·의복·신발 소매,G20902,여성 의류 소매업,G47412,여자용 겉옷 소매업,26,부산광역시,26350,해운대구,26350551,좌1동,2635010700,좌동,2635010700114670004,1,대지,1467,4,부산광역시 해운대구 좌동 1467-4,263502006010,부산광역시 해운대구 해운대로,813,,2635010700114670004003745,NC백화점,부산광역시 해운대구 해운대로 813,612836,48106,,3,,129.177074171559,35.1705748855542,NC백화점
MA0101202303A0100175,상수동카스티야,,I2,음식,I210,기타 간이,I21001,빵/도넛,I56191,제과점업,26,부산광역시,26350,해운대구,26350520,우2동,2635010500,우동,2635010500114950000,1,대지,1495,,부산광역시 해운대구 우동 1495,263502133001,부산광역시 해운대구 센텀남대로,35,,2635010500114950000000001,신세계백화점,부산광역시 해운대구 센텀남대로 35,612022,48058,,1,,129.129086862155,35.1686346505686,신세계백화점
MA0101202303A0009957,상국이네,,I2,음식,I210,기타 간이,I21007,김밥/만두/분식,I56194,김밥 및 기타 간이 음식점업,26,부산광역시,26110,중구,26110510,중앙동,2611011000,중앙동7가,2611011000100200001,1,대지,20,1,부산광역시 중구 중앙동7가 20-1,261102000010,부산광역시 중구 중앙대로,2,,2611011000100200001000001,롯데백화점,부산광역시 중구 중앙대로 2,600017,48944,,1,,129.036707345866,35.0983104003377,롯데백화점
MA0101202303A0050206,밍크뮤,,G2,소매,G209,섬유·의복·신발 소매,G20903,유아용 의류 소매업,G47417,유아용 의류 소매업,26,부산광역시,26170,동구,26170660,범일2동,2617010400,범일동,2617010400100620005,1,대지,62,5,부산광역시 동구 범일동 62-5,261703127051,부산광역시 동구 범일로,125,,2617010400100620005005551,현대백화점,부산광역시 동구 범일로 125,601718,48735,,7,,129.058567919742,35.1413052322577,현대백화점
MA0101202305A0058407,블랙업커피롯데광복,,I2,음식,I212,비알코올 ,I21201,카페,I56221,커피 전문점,26,부산광역시,26110,중구,26110510,중앙동,2611011000,중앙동7가,2611011000100200001,1,대지,20,1,부산광역시 중구 중앙동7가 20-1,261102000010,부산광역시 중구 중앙대로,2,,2611011000100200001000001,롯데백화점,부산광역시 중구 중앙대로 2,600017,48944,,1,,129.036707345866,35.0983104003377,롯데백화점
MA0101202305A0049314,리신세계,센텀점,G2,소매,G209,섬유·의복·신발 소매,G20905,기타 의류 소매업,G47414,셔츠 및 블라우스 소매업,26,부산광역시,26350,해운대구,26350520,우2동,2635010500,우동,2635010500114950000,1,대지,1495,,부산광역시 해운대구 우동 1495,263502133001,부산광역시 해운대구 센텀남대로,35,,2635010500114950000000001,신세계백화점,부산광역시 해운대구 센텀남대로 35,612022,48058,,2,,129.129086862155,35.1686346505686,신세계백화점
MA0101202305A0061844,에잇컨셉,,G2,소매,G209,섬유·의복·신발 소매,G20902,여성 의류 소매업,G47412,여자용 겉옷 소매업,26,부산광역시,26350,해운대구,26350520,우2동,2635010500,우동,2635010500114960000,1,대지,1496,,부산광역시 해운대구 우동 1496,263502133001,부산광역시 해운대구 센텀남대로,59,,2635010500114960000000001,롯데백화점,부산광역시 해운대구 센텀남대로 59,612022,48058,,4,,129.131072074388,35.1698523216207,롯데백화점
MA0101202305A0015048,트라이엠프,,G2,소매,G209,섬유·의복·신발 소매,G20905,기타 의류 소매업,G47413,속옷 및 잠옷 소매업,26,부산광역시,26350,해운대구,26350551,좌1동,2635010700,좌동,2635010700114670004,1,대지,1467,4,부산광역시 해운대구 좌동 1467-4,263502006010,부산광역시 해운대구 해운대로,813,,2635010700114670004003745,NC백화점,부산광역시 해운대구 해운대로 813,612836,48106,,2,,129.177074171559,35.1705748855542,NC백화점
MA0101202305A0051000,압소바동래롯데百6F,,G2,소매,G209,섬유·의복·신발 소매,G20903,유아용 의류 소매업,G47417,유아용 의류 소매업,26,부산광역시,26260,동래구,26260560,온천2동,2626010800,온천동,2626010800105020003,1,대지,502,3,부산광역시 동래구 온천동 502-3,262602000010,부산광역시 동래구 중앙대로,1393,,2626010800105020003000477,롯데백화점,부산광역시 동래구 중앙대로 1393,607716,47727,,6,,129.07747341266,35.2117052140663,롯데백화점
MA0101202305A0206718,신세계센트럴시티,,I2,음식,I204,서양식,I20401,경양식,I56123,서양식 음식점업,26,부산광역시,26350,해운대구,26350520,우2동,2635010500,우동,2635010500114950000,1,대지,1495,,부산광역시 해운대구 우동 1495,263502133001,부산광역시 해운대구 센텀남대로,35,,2635010500114950000000001,신세계백화점,부산광역시 해운대구 센텀남대로 35,612022,48058,,2,,129.129086862155,35.1686346505686,신세계백화점
MA0101202305A0130744,르꼬끄스포르티브,,G2,소매,G209,섬유·의복·신발 소매,G20905,기타 의류 소매업,G47419,기타 의복 소매업,26,부산광역시,26170,동구,26170660,범일2동,2617010400,범일동,2617010400100620005,1,대지,62,5,부산광역시 동구 범일동 62-5,261703127051,부산광역시 동구 범일로,125,,2617010400100620005005551,현대백화점,부산광역시 동구 범일로 125,601718,48735,,6,,129.058567919742,35.1413052322577,현대백화점
MA0101202305A0020813,대문집,,I2,음식,I201,한식,I20101,백반/한정식,I56111,한식 일반 음식점업,26,부산광역시,26350,해운대구,26350520,우2동,2635010500,우동,2635010500114960000,1,대지,1496,,부산광역시 해운대구 우동 1496,263502133001,부산광역시 해운대구 센텀남대로,59,,2635010500114960000000001,롯데백화점,부산광역시 해운대구 센텀남대로 59,612022,48058,,1,,129.131072074388,35.1698523216207,롯데백화점
MA0101202305A0053267,롯데센텀헤지스여성,,G2,소매,G209,섬유·의복·신발 소매,G20902,여성 의류 소매업,G47412,여자용 겉옷 소매업,26,부산광역시,26350,해운대구,26350520,우2동,2635010500,우동,2635010500114960000,1,대지,1496,,부산광역시 해운대구 우동 1496,263502133001,부산광역시 해운대구 센텀남대로,59,,2635010500114960000000001,롯데백화점,부산광역시 해운대구 센텀남대로 59,612022,48058,,4,,129.131072074388,35.1698523216207,롯데백화점
MA0101202302A0066874,다이도코로,광복점,I2,음식,I201,한식,I20101,백반/한정식,I56111,한식 일반 음식점업,26,부산광역시,26110,중구,26110510,중앙동,2611011000,중앙동7가,2611011000100200001,1,대지,20,1,부산광역시 중구 중앙동7가 20-1,261102000010,부산광역시 중구 중앙대로,2,,2611011000100200001000001,롯데백화점,부산광역시 중구 중앙대로 2,600017,48944,,10,,129.036707345866,35.0983104003377,롯데백화점
MA0101202303A0097566,데상트골프,,G2,소매,G209,섬유·의복·신발 소매,G20905,기타 의류 소매업,G47419,기타 의복 소매업,26,부산광역시,26110,중구,26110510,중앙동,2611011000,중앙동7가,2611011000100200001,1,대지,20,1,부산광역시 중구 중앙동7가 20-1,261102000010,부산광역시 중구 중앙대로,2,,2611011000100200001000001,롯데백화점,부산광역시 중구 중앙대로 2,600017,48944,,7,,129.036707345866,35.0983104003377,롯데백화점
MA0101202303A0101176,제이에이치윌,,G2,소매,G209,섬유·의복·신발 소매,G20902,여성 의류 소매업,G47412,여자용 겉옷 소매업,26,부산광역시,26350,해운대구,26350520,우2동,2635010500,우동,2635010500114960000,1,대지,1496,,부산광역시 해운대구 우동 1496,263502133001,부산광역시 해운대구 센텀남대로,59,,2635010500114960000000001,롯데백화점,부산광역시 해운대구 센텀남대로 59,612022,48058,,3,,129.131072074388,35.1698523216207,롯데백화점
MA0101202303A0117864,쌤소롯데광복,백화점,G2,소매,G209,섬유·의복·신발 소매,G20911,가방 소매업,G47440,가방 및 기타 가죽제품 소매업,26,부산광역시,26110,중구,26110510,중앙동,2611011000,중앙동7가,2611011000100200001,1,대지,20,1,부산광역시 중구 중앙동7가 20-1,261102000010,부산광역시 중구 중앙대로,2,,2611011000100200001000001,롯데백화점,부산광역시 중구 중앙대로 2,600017,48944,,2,,129.036707345866,35.0983104003377,롯데백화점
MA0101202303A0052896,하고하우스롯데,부산점,G2,소매,G209,섬유·의복·신발 소매,G20902,여성 의류 소매업,G47412,여자용 겉옷 소매업,26,부산광역시,26230,부산진구,26230520,부전2동,2623010300,부전동,2623010300105030015,1,대지,503,15,부산광역시 부산진구 부전동 503-15,262302006015,부산광역시 부산진구 가야대로,772,,2623010300105030015004104,롯데백화점,부산광역시 부산진구 가야대로 772,614732,47285,,,,129.056412549351,35.1567968046828,롯데백화점
MA0101202303A0100152,롯데광복점스파이더,백화점,G2,소매,G209,섬유·의복·신발 소매,G20905,기타 의류 소매업,G47419,기타 의복 소매업,26,부산광역시,26110,중구,26110510,중앙동,2611011000,중앙동7가,2611011000100200001,1,대지,20,1,부산광역시 중구 중앙동7가 20-1,261102000010,부산광역시 중구 중앙대로,2,,2611011000100200001000001,롯데백화점,부산광역시 중구 중앙대로 2,600017,48944,,5,,129.036707345866,35.0983104003377,롯데백화점
MA0101202303A0014622,현대부산닥스신사,,G2,소매,G209,섬유·의복·신발 소매,G20901,남성 의류 소매업,G47411,남자용 겉옷 소매업,26,부산광역시,26170,동구,26170660,범일2동,2617010400,범일동,2617010400100620005,1,대지,62,5,부산광역시 동구 범일동 62-5,261703127051,부산광역시 동구 범일로,125,,2617010400100620005005551,현대백화점,부산광역시 동구 범일로 125,601718,48735,,5,,129.058567919742,35.1413052322577,현대백화점
MA0101202303A0005287,부일기획,,G2,소매,G204,종합 소매,G20404,슈퍼마켓,G47121,슈퍼마켓,26,부산광역시,26350,해운대구,26350520,우2동,2635010500,우동,2635010500114950000,1,대지,1495,,부산광역시 해운대구 우동 1495,263502133001,부산광역시 해운대구 센텀남대로,35,,2635010500114950000000001,신세계백화점,부산광역시 해운대구 센텀남대로 35,612022,48058,,2,,129.129086862155,35.1686346505686,신세계백화점
MA0101202303A0067130,롯데광복리복,,G2,소매,G209,섬유·의복·신발 소매,G20910,신발 소매업,G47430,신발 소매업,26,부산광역시,26110,중구,26110510,중앙동,2611011000,중앙동7가,2611011000100200001,1,대지,20,1,부산광역시 중구 중앙동7가 20-1,261102000010,부산광역시 중구 중앙대로,2,,2611011000100200001000001,롯데백화점,부산광역시 중구 중앙대로 2,600017,48944,,5,,129.036707345866,35.0983104003377,롯데백화점
MA0101202303A0075931,신세계센텀이자벨마랑,,G2,소매,G209,섬유·의복·신발 소매,G20902,여성 의류 소매업,G47412,여자용 겉옷 소매업,26,부산광역시,26350,해운대구,26350520,우2동,2635010500,우동,2635010500114950000,1,대지,1495,,부산광역시 해운대구 우동 1495,263502133001,부산광역시 해운대구 센텀남대로,35,,2635010500114950000000001,신세계백화점,부산광역시 해운대구 센텀남대로 35,612022,48058,,2,,129.129086862155,35.1686346505686,신세계백화점
MA0101202302A0023345,롯데센텀쿠론,,G2,소매,G209,섬유·의복·신발 소매,G20911,가방 소매업,G47440,가방 및 기타 가죽제품 소매업,26,부산광역시,26350,해운대구,26350520,우2동,2635010500,우동,2635010500114960000,1,대지,1496,,부산광역시 해운대구 우동 1496,263502133001,부산광역시 해운대구 센텀남대로,59,,2635010500114960000000001,롯데백화점,부산광역시 해운대구 센텀남대로 59,612022,48058,,B1,,129.131072074388,35.1698523216207,롯데백화점
MA0101202303A0014652,롯데부산플랫폼,,G2,소매,G209,섬유·의복·신발 소매,G20910,신발 소매업,G47430,신발 소매업,26,부산광역시,26230,부산진구,26230520,부전2동,2623010300,부전동,2623010300105030015,1,대지,503,15,부산광역시 부산진구 부전동 503-15,262302006015,부산광역시 부산진구 가야대로,772,,2623010300105030015004104,롯데백화점,부산광역시 부산진구 가야대로 772,614732,47285,,7,,129.056412549351,35.1567968046828,롯데백화점
MA0101202303A0005370,좌동축산정육,백화점,G2,소매,G205,식료품 소매,G20503,정육점,G47212,육류 소매업,26,부산광역시,26350,해운대구,26350551,좌1동,2635010700,좌동,2635010700108860001,1,대지,886,1,부산광역시 해운대구 좌동 886-1,263504199214,부산광역시 해운대구 좌동로91번길,37,,2635010700108860001025406,,부산광역시 해운대구 좌동로91번길 37,612835,48079,,,,129.173943422592,35.1737580856553,기타/미상
MA0101202302A0050541,세이코앤오리스워치,,G2,소매,G217,시계·귀금속 소매,G21701,시계/귀금속 소매업,G47830,시계 및 귀금속 소매업,26,부산광역시,26350,해운대구,26350520,우2동,2635010500,우동,2635010500114950000,1,대지,1495,,부산광역시 해운대구 우동 1495,263502133001,부산광역시 해운대구 센텀남대로,35,,2635010500114950000000001,신세계백화점,부산광역시 해운대구 센텀남대로 35,612022,48058,,B1,,129.129086862155,35.1686346505686,신세계백화점
MA0101202302A0041137,생선,백화점,G2,소매,G205,식료품 소매,G20505,수산물 소매업,G47214,신선; 냉동 및 기타 수산물 소매업,26,부산광역시,26260,동래구,26260740,안락1동,2626010200,안락동,2626010200109470013,1,대지,947,13,부산광역시 동래구 안락동 947-13,262604190202,부산광역시 동래구 반송로250번길,22,,2626010200109470013022386,,부산광역시 동래구 반송로250번길 22,607827,47782,,,,129.099856315828,35.2016766372396,기타/미상
MA0101202302A0051976,현대부산BPM,,G2,소매,G209,섬유·의복·신발 소매,G20901,남성 의류 소매업,G47411,남자용 겉옷 소매업,26,부산광역시,26170,동구,26170660,범일2동,2617010400,범일동,2617010400100620005,1,대지,62,5,부산광역시 동구 범일동 62-5,261703127051,부산광역시 동구 범일로,125,,2617010400100620005005551,현대백화점,부산광역시 동구 범일로 125,601718,48735,,5,,129.058567919742,35.1413052322577,현대백화점
MA0101202302A0085034,떡공방브라더,,I2,음식,I210,기타 간이,I21001,빵/도넛,I56191,제과점업,26,부산광역시,26350,해운대구,26350520,우2동,2635010500,우동,2635010500114950000,1,대지,1495,,부산광역시 해운대구 우동 1495,263502133001,부산광역시 해운대구 센텀남대로,35,,2635010500114950000000001,신세계백화점,부산광역시 해운대구 센텀남대로 35,612022,48058,,1,,129.129086862155,35.1686346505686,신세계백화점
MA0101202302A0110970,집밥이좋다,,I2,음식,I201,한식,I20101,백반/한정식,I56111,한식 일반 음식점업,26,부산광역시,26350,해운대구,26350520,우2동,2635010500,우동,2635010500114960000,1,대지,1496,,부산광역시 해운대구 우동 1496,263502133001,부산광역시 해운대구 센텀남대로,59,,2635010500114960000000001,롯데백화점,부산광역시 해운대구 센텀남대로 59,612022,48058,,1,,129.131072074388,35.1698523216207,롯데백화점
MA0101202302A0020221,커스텀멜로우설호진,,G2,소매,G209,섬유·의복·신발 소매,G20901,남성 의류 소매업,G47411,남자용 겉옷 소매업,26,부산광역시,26110,중구,26110510,중앙동,2611011000,중앙동7가,2611011000100200001,1,대지,20,1,부산광역시 중구 중앙동7가 20-1,261102000010,부산광역시 중구 중앙대로,2,,2611011000100200001000001,롯데백화점,부산광역시 중구 중앙대로 2,600017,48944,,6,,129.036707345866,35.0983104003377,롯데백화점
MA0101202302A0024100,왁현대백화점,부산점,G2,소매,G209,섬유·의복·신발 소매,G20905,기타 의류 소매업,G47419,기타 의복 소매업,26,부산광역시,26170,동구,26170660,범일2동,2617010400,범일동,2617010400100620005,1,대지,62,5,부산광역시 동구 범일동 62-5,261703127051,부산광역시 동구 범일로,125,,2617010400100620005005551,현대백화점,부산광역시 동구 범일로 125,601718,48735,,5,,129.058567919742,35.1413052322577,현대백화점
MA0101202310A0084533,에스콰이아콜렉션,,G2,소매,G209,섬유·의복·신발 소매,G20911,가방 소매업,G47440,가방 및 기타 가죽제품 소매업,26,부산광역시,26260,동래구,26260560,온천2동,2626010800,온천동,2626010800105020003,1,대지,502,3,부산광역시 동래구 온천동 502-3,262602000010,부산광역시 동래구 중앙대로,1393,,2626010800105020003000477,롯데백화점,부산광역시 동래구 중앙대로 1393,607716,47727,,1,,129.07747341266,35.2117052140663,롯데백화점
MA0101202310A0006283,독립문엘르골프,,G2,소매,G209,섬유·의복·신발 소매,G20905,기타 의류 소매업,G47419,기타 의복 소매업,26,부산광역시,26350,해운대구,26350520,우2동,2635010500,우동,2635010500114960000,1,대지,1496,,부산광역시 해운대구 우동 1496,263502133001,부산광역시 해운대구 센텀남대로,59,,2635010500114960000000001,롯데백화점,부산광역시 해운대구 센텀남대로 59,612022,48058,,5,,129.131072074388,35.1698523216207,롯데백화점
MA0101202310A0047470,레노마골프NC,백화점,G2,소매,G209,섬유·의복·신발 소매,G20905,기타 의류 소매업,G47419,기타 의복 소매업,26,부산광역시,26350,해운대구,26350551,좌1동,2635010700,좌동,2635010700114670004,1,대지,1467,4,부산광역시 해운대구 좌동 1467-4,263502006010,부산광역시 해운대구 해운대로,813,,2635010700114670004003745,NC백화점,부산광역시 해운대구 해운대로 813,612836,48106,,5,,129.177074171559,35.1705748855542,NC백화점
MA0101202311A0054190,브라운브레스롯데광복점,백화점,G2,소매,G209,섬유·의복·신발 소매,G20901,남성 의류 소매업,G47411,남자용 겉옷 소매업,26,부산광역시,26110,중구,26110510,중앙동,2611011000,중앙동7가,2611011000100200001,1,대지,20,1,부산광역시 중구 중앙동7가 20-1,261102000010,부산광역시 중구 중앙대로,2,,2611011000100200001000001,롯데백화점,부산광역시 중구 중앙대로 2,600017,48944,,5,,129.036707345866,35.0983104003377,롯데백화점
MA0101202310A0055762,바르미부산,서면점,I2,음식,I201,한식,I20101,백반/한정식,I56111,한식 일반 음식점업,26,부산광역시,26230,부산진구,26230520,부전2동,2623010300,부전동,2623010300105030015,1,대지,503,15,부산광역시 부산진구 부전동 503-15,262302006015,부산광역시 부산진구 가야대로,772,,2623010300105030015004104,롯데백화점,부산광역시 부산진구 가야대로 772,614732,47285,,9,,129.056412549351,35.1567968046828,롯데백화점
MA0101202310A0005039,위라이크,부산대점,G2,소매,G209,섬유·의복·신발 소매,G20905,기타 의류 소매업,G47414,셔츠 및 블라우스 소매업,26,부산광역시,26410,금정구,26410610,장전2동,2641010800,장전동,2641010800100400000,1,대지,40,,부산광역시 금정구 장전동 40,264104205206,부산광역시 금정구 부산대학로63번길,2,,2641010800100400000000001,NC백화점,부산광역시 금정구 부산대학로63번길 2,609737,46241,,3,,129.083829027579,35.2322412765478,NC백화점
MA0101202309A0039737,하고하우스,,G2,소매,G209,섬유·의복·신발 소매,G20902,여성 의류 소매업,G47412,여자용 겉옷 소매업,26,부산광역시,26230,부산진구,26230520,부전2동,2623010300,부전동,2623010300105030015,1,대지,503,15,부산광역시 부산진구 부전동 503-15,262302006015,부산광역시 부산진구 가야대로,772,,2623010300105030015004104,롯데백화점,부산광역시 부산진구 가야대로 772,614732,47285,,2,,129.056412549351,35.1567968046828,롯데백화점
MA0101202307A0068310,시스티나롯데백화점부,산본점,G2,소매,G209,섬유·의복·신발 소매,G20902,여성 의류 소매업,G47412,여자용 겉옷 소매업,26,부산광역시,26230,부산진구,26230520,부전2동,2623010300,부전동,2623010300105030015,1,대지,503,15,부산광역시 부산진구 부전동 503-15,262302006015,부산광역시 부산진구 가야대로,772,,2623010300105030015004104,롯데백화점,부산광역시 부산진구 가야대로 772,614732,47285,,7,,129.056412549351,35.1567968046828,롯데백화점
MA0101202309A0037248,르꼬끄소포르티브현대,부산점,G2,소매,G209,섬유·의복·신발 소매,G20905,기타 의류 소매업,G47419,기타 의복 소매업,26,부산광역시,26170,동구,26170660,범일2동,2617010400,범일동,2617010400100620005,1,대지,62,5,부산광역시 동구 범일동 62-5,261703127051,부산광역시 동구 범일로,125,,2617010400100620005005551,현대백화점,부산광역시 동구 범일로 125,601718,48735,,6,,129.058567919742,35.1413052322577,현대백화점
MA0101202309A0035844,알라이아,,G2,소매,G209,섬유·의복·신발 소매,G20902,여성 의류 소매업,G47412,여자용 겉옷 소매업,26,부산광역시,26350,해운대구,26350520,우2동,2635010500,우동,2635010500114950000,1,대지,1495,,부산광역시 해운대구 우동 1495,263502133001,부산광역시 해운대구 센텀남대로,35,,2635010500114950000000001,신세계백화점,부산광역시 해운대구 센텀남대로 35,612022,48058,,2,,129.129086862155,35.1686346505686,신세계백화점
MA0101202309A0048079,고기,백화점,I2,음식,I201,한식,I20107,돼지고기 구이/찜,I56111,한식 일반 음식점업,26,부산광역시,26170,동구,26170510,초량1동,2617010100,초량동,2617010100112130003,1,대지,1213,3,부산광역시 동구 초량동 1213-3,261704181410,부산광역시 동구 중앙대로180번길,12,3,2617010100112130003017612,,부산광역시 동구 중앙대로180번길 12-3,601839,48822,,1,,129.040125473869,35.1127077207878,기타/미상
MA0101202309A0066346,본까스델리카페,,I2,음식,I203,일식,I20301,일식 회/초밥,I56122,일식 음식점업,26,부산광역시,26110,중구,26110510,중앙동,2611011000,중앙동7가,2611011000100200001,1,대지,20,1,부산광역시 중구 중앙동7가 20-1,261102000010,부산광역시 중구 중앙대로,2,,2611011000100200001000001,롯데백화점,부산광역시 중구 중앙대로 2,600017,48944,,1,,129.036707345866,35.0983104003377,롯데백화점
MA0101202310A0012386,피콰드로롯데백화점부,산본점,G2,소매,G209,섬유·의복·신발 소매,G20911,가방 소매업,G47440,가방 및 기타 가죽제품 소매업,26,부산광역시,26230,부산진구,26230520,부전2동,2623010300,부전동,2623010300105030015,1,대지,503,15,부산광역시 부산진구 부전동 503-15,262302006015,부산광역시 부산진구 가야대로,772,,2623010300105030015004104,층롯데백화점,부산광역시 부산진구 가야대로 772,614732,47285,,2,,129.056412549351,35.1567968046828,롯데백화점
MA0101202309A0064109,오야니롯데광복점,백화점,G2,소매,G209,섬유·의복·신발 소매,G20911,가방 소매업,G47440,가방 및 기타 가죽제품 소매업,26,부산광역시,26110,중구,26110510,중앙동,2611011000,중앙동7가,2611011000100200001,1,대지,20,1,부산광역시 중구 중앙동7가 20-1,261102000010,부산광역시 중구 중앙대로,2,,2611011000100200001000001,오야니롯데백화점,부산광역시 중구 중앙대로 2,600017,48944,,2,,129.036707345866,35.0983104003377,롯데백화점
MA0101202309A0055678,코닥어패럴,,G2,소매,G209,섬유·의복·신발 소매,G20905,기타 의류 소매업,G47419,기타 의복 소매업,26,부산광역시,26230,부산진구,26230520,부전2동,2623010300,부전동,2623010300105030015,1,대지,503,15,부산광역시 부산진구 부전동 503-15,262302006015,부산광역시 부산진구 가야대로,772,,2623010300105030015004104,롯데백화점,부산광역시 부산진구 가야대로 772,614732,47285,,7,,129.056412549351,35.1567968046828,롯데백화점
MA0101202309A0062905,라원에프엔씨팔선생,,I2,음식,I202,중식,I20201,중국집,I56121,중식 음식점업,26,부산광역시,26350,해운대구,26350520,우2동,2635010500,우동,2635010500114950000,1,대지,1495,,부산광역시 해운대구 우동 1495,263502133001,부산광역시 해운대구 센텀남대로,35,,2635010500114950000000001,신세계백화점,부산광역시 해운대구 센텀남대로 35,612022,48058,,1,,129.129086862155,35.1686346505686,신세계백화점
MA0101202309A0090316,팔당원조칼제비롯데백화점부,산본점,I2,음식,I201,한식,I20105,국수/칼국수,I56112,한식 면 요리 전문점,26,부산광역시,26230,부산진구,26230520,부전2동,2623010300,부전동,2623010300105030015,1,대지,503,15,부산광역시 부산진구 부전동 503-15,262302006015,부산광역시 부산진구 가야대로,772,,2623010300105030015004104,롯데백화점,부산광역시 부산진구 가야대로 772,614732,47285,,2,,129.056412549351,35.1567968046828,롯데백화점
MA0101202309A0047380,라온부산,롯데광복점,I2,음식,I201,한식,I20101,백반/한정식,I56111,한식 일반 음식점업,26,부산광역시,26110,중구,26110510,중앙동,2611011000,중앙동7가,2611011000100200001,1,대지,20,1,부산광역시 중구 중앙동7가 20-1,261102000010,부산광역시 중구 중앙대로,2,,2611011000100200001000001,롯데백화점,부산광역시 중구 중앙대로 2,600017,48944,,1,,129.036707345866,35.0983104003377,롯데백화점
MA0101202308A0083304,인디고뱅크키즈,부산대점,G2,소매,G209,섬유·의복·신발 소매,G20905,기타 의류 소매업,G47419,기타 의복 소매업,26,부산광역시,26410,금정구,26410610,장전2동,2641010800,장전동,2641010800100400000,1,대지,40,,부산광역시 금정구 장전동 40,264104205206,부산광역시 금정구 부산대학로63번길,2,,2641010800100400000000001,NC백화점,부산광역시 금정구 부산대학로63번길 2,609737,46241,,4,,129.083829027579,35.2322412765478,NC백화점
MA0101202308A0039568,신세계센텀아떼바네사브루노ACC,,G2,소매,G209,섬유·의복·신발 소매,G20902,여성 의류 소매업,G47412,여자용 겉옷 소매업,26,부산광역시,26350,해운대구,26350520,우2동,2635010500,우동,2635010500114950000,1,대지,1495,,부산광역시 해운대구 우동 1495,263502133001,부산광역시 해운대구 센텀남대로,35,,2635010500114950000000001,신세계백화점,부산광역시 해운대구 센텀남대로 35,612022,48058,,B1,,129.129086862155,35.1686346505686,신세계백화점
MA0101202308A0024871,잭니클라우스롯데,센텀시티점,G2,소매,G209,섬유·의복·신발 소매,G20901,남성 의류 소매업,G47411,남자용 겉옷 소매업,26,부산광역시,26350,해운대구,26350520,우2동,2635010500,우동,2635010500114960000,1,대지,1496,,부산광역시 해운대구 우동 1496,263502133001,부산광역시 해운대구 센텀남대로,59,,2635010500114960000000001,롯데백화점,부산광역시 해운대구 센텀남대로 59,612022,48058,,,,129.131072074388,35.1698523216207,롯데백화점
MA0101202308A0063294,베스띠벨리,,G2,소매,G209,섬유·의복·신발 소매,G20902,여성 의류 소매업,G47412,여자용 겉옷 소매업,26,부산광역시,26110,중구,26110510,중앙동,2611011000,중앙동7가,2611011000100200001,1,대지,20,1,부산광역시 중구 중앙동7가 20-1,261102000010,부산광역시 중구 중앙대로,2,,2611011000100200001000001,롯데백화점,부산광역시 중구 중앙대로 2,600017,48944,,2,,129.036707345866,35.0983104003377,롯데백화점
MA0101202308A0047485,롯데센텀반스,,G2,소매,G209,섬유·의복·신발 소매,G20910,신발 소매업,G47430,신발 소매업,26,부산광역시,26350,해운대구,26350520,우2동,2635010500,우동,2635010500114960000,1,대지,1496,,부산광역시 해운대구 우동 1496,263502133001,부산광역시 해운대구 센텀남대로,59,,2635010500114960000000001,롯데백화점,부산광역시 해운대구 센텀남대로 59,612022,48058,,5,,129.131072074388,35.1698523216207,롯데백화점
MA0101202308A0064684,삼성물산비이커맨,,G2,소매,G209,섬유·의복·신발 소매,G20901,남성 의류 소매업,G47411,남자용 겉옷 소매업,26,부산광역시,26230,부산진구,26230520,부전2동,2623010300,부전동,2623010300105030015,1,대지,503,15,부산광역시 부산진구 부전동 503-15,262302006015,부산광역시 부산진구 가야대로,772,,2623010300105030015004104,롯데백화점,부산광역시 부산진구 가야대로 772,614732,47285,,4,,129.056412549351,35.1567968046828,롯데백화점
MA0101202308A0041604,롯데광복타미여성,,G2,소매,G209,섬유·의복·신발 소매,G20902,여성 의류 소매업,G47412,여자용 겉옷 소매업,26,부산광역시,26110,중구,26110510,중앙동,2611011000,중앙동7가,2611011000100200001,1,대지,20,1,부산광역시 중구 중앙동7가 20-1,261102000010,부산광역시 중구 중앙대로,2,,2611011000100200001000001,롯데백화점,부산광역시 중구 중앙대로 2,600017,48944,,4,,129.036707345866,35.0983104003377,롯데백화점
MA0101202308A0059435,골든베어롯데광복점,백화점,G2,소매,G209,섬유·의복·신발 소매,G20905,기타 의류 소매업,G47419,기타 의복 소매업,26,부산광역시,26110,중구,26110510,중앙동,2611011000,중앙동7가,2611011000100200001,1,대지,20,1,부산광역시 중구 중앙동7가 20-1,261102000010,부산광역시 중구 중앙대로,2,,2611011000100200001000001,골든베어롯데백화점,부산광역시 중구 중앙대로 2,600017,48944,,5,,129.036707345866,35.0983104003377,롯데백화점
MA0101202308A0075686,데상트현대부산,,G2,소매,G209,섬유·의복·신발 소매,G20905,기타 의류 소매업,G47419,기타 의복 소매업,26,부산광역시,26170,동구,26170660,범일2동,2617010400,범일동,2617010400100620005,1,대지,62,5,부산광역시 동구 범일동 62-5,261703127051,부산광역시 동구 범일로,125,,2617010400100620005005551,현대백화점,부산광역시 동구 범일로 125,601718,48735,,6,,129.058567919742,35.1413052322577,현대백화점
MA0101202308A0011261,슈콤마보니롯데부,산본점,G2,소매,G209,섬유·의복·신발 소매,G20910,신발 소매업,G47430,신발 소매업,26,부산광역시,26230,부산진구,26230520,부전2동,2623010300,부전동,2623010300105030015,1,대지,503,15,부산광역시 부산진구 부전동 503-15,262302006015,부산광역시 부산진구 가야대로,772,,2623010300105030015004104,롯데백화점,부산광역시 부산진구 가야대로 772,614732,47285,,3,,129.056412549351,35.1567968046828,롯데백화점
MA0101202308A0076918,지포어롯데백화점,부산점,G2,소매,G209,섬유·의복·신발 소매,G20905,기타 의류 소매업,G47419,기타 의복 소매업,26,부산광역시,26230,부산진구,26230520,부전2동,2623010300,부전동,2623010300105030015,1,대지,503,15,부산광역시 부산진구 부전동 503-15,262302006015,부산광역시 부산진구 가야대로,772,,2623010300105030015004104,롯데백화점,부산광역시 부산진구 가야대로 772,614732,47285,,5,,129.056412549351,35.1567968046828,롯데백화점
MA0101202308A0082098,롯데센텀시티K2,,G2,소매,G209,섬유·의복·신발 소매,G20905,기타 의류 소매업,G47419,기타 의복 소매업,26,부산광역시,26350,해운대구,26350520,우2동,2635010500,우동,2635010500114960000,1,대지,1496,,부산광역시 해운대구 우동 1496,263502133001,부산광역시 해운대구 센텀남대로,59,,2635010500114960000000001,롯데백화점,부산광역시 해운대구 센텀남대로 59,612022,48058,,5,,129.131072074388,35.1698523216207,롯데백화점
MA0101202308A0041187,트레드후스롯데,동래점,G2,소매,G209,섬유·의복·신발 소매,G20910,신발 소매업,G47430,신발 소매업,26,부산광역시,26260,동래구,26260560,온천2동,2626010800,온천동,2626010800105020003,1,대지,502,3,부산광역시 동래구 온천동 502-3,262602000010,부산광역시 동래구 중앙대로,1393,,2626010800105020003000477,롯데백화점,부산광역시 동래구 중앙대로 1393,607716,47727,,6,,129.07747341266,35.2117052140663,롯데백화점
MA0101202311A0064206,신세계FIFA1904,센텀시티점,G2,소매,G209,섬유·의복·신발 소매,G20905,기타 의류 소매업,G47419,기타 의복 소매업,26,부산광역시,26350,해운대구,26350520,우2동,2635010500,우동,2635010500114950000,1,대지,1495,,부산광역시 해운대구 우동 1495,263502133001,부산광역시 해운대구 센텀남대로,35,,2635010500114950000000001,신세계백화점,부산광역시 해운대구 센텀남대로 35,612022,48058,,2,,129.129086862155,35.1686346505686,신세계백화점
MA0101202311A0042293,소다롯데,센텀시티점,G2,소매,G209,섬유·의복·신발 소매,G20910,신발 소매업,G47430,신발 소매업,26,부산광역시,26350,해운대구,26350520,우2동,2635010500,우동,2635010500114960000,1,대지,1496,,부산광역시 해운대구 우동 1496,263502133001,부산광역시 해운대구 센텀남대로,59,,2635010500114960000000001,롯데백화점,부산광역시 해운대구 센텀남대로 59,612022,48058,,3,,129.131072074388,35.1698523216207,롯데백화점
MA0101202311A0015385,숲SOUP,,G2,소매,G209,섬유·의복·신발 소매,G20902,여성 의류 소매업,G47412,여자용 겉옷 소매업,26,부산광역시,26350,해운대구,26350520,우2동,2635010500,우동,2635010500114960000,1,대지,1496,,부산광역시 해운대구 우동 1496,263502133001,부산광역시 해운대구 센텀남대로,59,,2635010500114960000000001,롯데백화점,부산광역시 해운대구 센텀남대로 59,612022,48058,,4,,129.131072074388,35.1698523216207,롯데백화점
MA0101202406A0473204,팝업이유집,,G2,소매,G204,종합 소매,G20404,슈퍼마켓,G47129,기타 음ㆍ식료품 위주 종합 소매업,26,부산광역시,26230,부산진구,26230520,부전2동,2623010300,부전동,2623010300105030015,1,대지,503,15,부산광역시 부산진구 부전동 503-15,262302006015,부산광역시 부산진구 가야대로,772,,2623010300105030015004104,구역롯데백화점,부산광역시 부산진구 가야대로 772,614732,47285,,B2,,129.056412549351,35.1567968046828,롯데백화점
MA0101202311A0103924,미소페,,G2,소매,G209,섬유·의복·신발 소매,G20910,신발 소매업,G47430,신발 소매업,26,부산광역시,26350,해운대구,26350551,좌1동,2635010700,좌동,2635010700114670004,1,대지,1467,4,부산광역시 해운대구 좌동 1467-4,263502006010,부산광역시 해운대구 해운대로,813,,2635010700114670004003745,NC백화점,부산광역시 해운대구 해운대로 813,612836,48106,,1,,129.177074171559,35.1705748855542,NC백화점
MA0101202309A0047189,잇미샤,,G2,소매,G209,섬유·의복·신발 소매,G20902,여성 의류 소매업,G47412,여자용 겉옷 소매업,26,부산광역시,26260,동래구,26260560,온천2동,2626010800,온천동,2626010800105020003,1,대지,502,3,부산광역시 동래구 온천동 502-3,262602000010,부산광역시 동래구 중앙대로,1393,,2626010800105020003000477,롯데백화점,부산광역시 동래구 중앙대로 1393,607716,47727,,2,,129.07747341266,35.2117052140663,롯데백화점
MA0101202309A0008033,라멘짱,서면점,I2,음식,I203,일식,I20303,일식 면 요리,I56129,기타 외국식 음식점업,26,부산광역시,26230,부산진구,26230520,부전2동,2623010300,부전동,2623010300105030015,1,대지,503,15,부산광역시 부산진구 부전동 503-15,262302006015,부산광역시 부산진구 가야대로,772,,2623010300105030015004104,롯데백화점,부산광역시 부산진구 가야대로 772,614732,47285,,2,,129.056412549351,35.1567968046828,롯데백화점
MA0101202309A0013426,롯데광복점스케쳐스USA,백화점,G2,소매,G209,섬유·의복·신발 소매,G20910,신발 소매업,G47430,신발 소매업,26,부산광역시,26110,중구,26110510,중앙동,2611011000,중앙동7가,2611011000100200001,1,대지,20,1,부산광역시 중구 중앙동7가 20-1,261102000010,부산광역시 중구 중앙대로,2,,2611011000100200001000001,롯데백화점,부산광역시 중구 중앙대로 2,600017,48944,,2,,129.036707345866,35.0983104003377,롯데백화점
MA0101202308A0034214,롯데센텀닥스숙녀,,G2,소매,G209,섬유·의복·신발 소매,G20902,여성 의류 소매업,G47412,여자용 겉옷 소매업,26,부산광역시,26350,해운대구,26350520,우2동,2635010500,우동,2635010500114960000,1,대지,1496,,부산광역시 해운대구 우동 1496,263502133001,부산광역시 해운대구 센텀남대로,59,,2635010500114960000000001,닥스숙녀롯데백화점,부산광역시 해운대구 센텀남대로 59,612022,48058,,3,,129.131072074388,35.1698523216207,롯데백화점
MA0101202309A0003471,캉골현대부산,,G2,소매,G209,섬유·의복·신발 소매,G20911,가방 소매업,G47440,가방 및 기타 가죽제품 소매업,26,부산광역시,26170,동구,26170660,범일2동,2617010400,범일동,2617010400100620005,1,대지,62,5,부산광역시 동구 범일동 62-5,261703127051,부산광역시 동구 범일로,125,,2617010400100620005005551,현대백화점,부산광역시 동구 범일로 125,601718,48735,,6,,129.058567919742,35.1413052322577,현대백화점
MA0101202309A0051711,스파이더,,G2,소매,G209,섬유·의복·신발 소매,G20905,기타 의류 소매업,G47419,기타 의복 소매업,26,부산광역시,26230,부산진구,26230520,부전2동,2623010300,부전동,2623010300105030015,1,대지,503,15,부산광역시 부산진구 부전동 503-15,262302006015,부산광역시 부산진구 가야대로,772,,2623010300105030015004104,롯데백화점,부산광역시 부산진구 가야대로 772,614732,47285,,5,,129.056412549351,35.1567968046828,롯데백화점
MA0101202308A0059572,오클리,,G2,소매,G216,안경·정밀기기 소매,G21602,안경렌즈 소매업,G47822,안경 및 렌즈 소매업,26,부산광역시,26230,부산진구,26230520,부전2동,2623010300,부전동,2623010300105030015,1,대지,503,15,부산광역시 부산진구 부전동 503-15,262302006015,부산광역시 부산진구 가야대로,772,,2623010300105030015004104,롯데백화점,부산광역시 부산진구 가야대로 772,614732,47285,,5,,129.056412549351,35.1567968046828,롯데백화점
MA0101202309A0052845,롯데광복점동국제약,백화점,G2,소매,G205,식료품 소매,G20508,건강보조식품 소매업,G47217,건강 보조식품 소매업,26,부산광역시,26110,중구,26110510,중앙동,2611011000,중앙동7가,2611011000100200001,1,대지,20,1,부산광역시 중구 중앙동7가 20-1,261102000010,부산광역시 중구 중앙대로,2,,2611011000100200001000001,롯데백화점,부산광역시 중구 중앙대로 2,600017,48944,,1,,129.036707345866,35.0983104003377,롯데백화점
MA0101202310A0041696,핑롯데,동래점,G2,소매,G209,섬유·의복·신발 소매,G20905,기타 의류 소매업,G47419,기타 의복 소매업,26,부산광역시,26260,동래구,26260560,온천2동,2626010800,온천동,2626010800105020003,1,대지,502,3,부산광역시 동래구 온천동 502-3,262602000010,부산광역시 동래구 중앙대로,1393,,2626010800105020003000477,롯데백화점,부산광역시 동래구 중앙대로 1393,607716,47727,,6,,129.07747341266,35.2117052140663,롯데백화점
MA0101202310A0007460,피아이지씨,,G2,소매,G209,섬유·의복·신발 소매,G20905,기타 의류 소매업,G47419,기타 의복 소매업,26,부산광역시,26170,동구,26170660,범일2동,2617010400,범일동,2617010400100620005,1,대지,62,5,부산광역시 동구 범일동 62-5,261703127051,부산광역시 동구 범일로,125,,2617010400100620005005551,현대백화점,부산광역시 동구 범일로 125,601718,48735,,5,,129.058567919742,35.1413052322577,현대백화점
MA0101202311A0099573,르917,,G2,소매,G209,섬유·의복·신발 소매,G20902,여성 의류 소매업,G47412,여자용 겉옷 소매업,26,부산광역시,26350,해운대구,26350520,우2동,2635010500,우동,2635010500114950000,1,대지,1495,,부산광역시 해운대구 우동 1495,263502133001,부산광역시 해운대구 센텀남대로,35,,2635010500114950000000001,신세계백화점,부산광역시 해운대구 센텀남대로 35,612022,48058,,4,,129.129086862155,35.1686346505686,신세계백화점
MA0101202310A0038980,게스언더웨어신세계,센텀시티점,G2,소매,G209,섬유·의복·신발 소매,G20905,기타 의류 소매업,G47413,속옷 및 잠옷 소매업,26,부산광역시,26350,해운대구,26350520,우2동,2635010500,우동,2635010500114950000,1,대지,1495,,부산광역시 해운대구 우동 1495,263502133001,부산광역시 해운대구 센텀남대로,35,,2635010500114950000000001,신세계백화점,부산광역시 해운대구 센텀남대로 35,612022,48058,,1,,129.129086862155,35.1686346505686,신세계백화점
MA0101202310A0000393,스파오키즈NC,해운대,G2,소매,G209,섬유·의복·신발 소매,G20905,기타 의류 소매업,G47419,기타 의복 소매업,26,부산광역시,26350,해운대구,26350551,좌1동,2635010700,좌동,2635010700114670004,1,대지,1467,4,부산광역시 해운대구 좌동 1467-4,263502006010,부산광역시 해운대구 해운대로,813,,2635010700114670004003745,NC백화점,부산광역시 해운대구 해운대로 813,612836,48106,,6,,129.177074171559,35.1705748855542,NC백화점
MA0101202308A0073961,제이케이,,G2,소매,G209,섬유·의복·신발 소매,G20902,여성 의류 소매업,G47412,여자용 겉옷 소매업,26,부산광역시,26230,부산진구,26230600,전포1동,2623010200,전포동,2623010200106680001,1,대지,668,1,부산광역시 부산진구 전포동 668-1,262303129010,부산광역시 부산진구 동천로,92,,2623010200106680001044509,NC백화점,부산광역시 부산진구 동천로 92,614772,47293,,2,,129.063013297817,35.1570359960725,NC백화점
MA0101202308A0086287,에이카화이트,,G2,소매,G209,섬유·의복·신발 소매,G20902,여성 의류 소매업,G47412,여자용 겉옷 소매업,26,부산광역시,26350,해운대구,26350520,우2동,2635010500,우동,2635010500114950000,1,대지,1495,,부산광역시 해운대구 우동 1495,263502133001,부산광역시 해운대구 센텀남대로,35,,2635010500114950000000001,신세계백화점,부산광역시 해운대구 센텀남대로 35,612022,48058,,2,,129.129086862155,35.1686346505686,신세계백화점
MA0101202307A0061700,고담,광복점,I2,음식,I203,일식,I20301,일식 회/초밥,I56122,일식 음식점업,26,부산광역시,26110,중구,26110510,중앙동,2611011000,중앙동7가,2611011000100200001,1,대지,20,1,부산광역시 중구 중앙동7가 20-1,261102000010,부산광역시 중구 중앙대로,2,,2611011000100200001000001,롯데백화점,부산광역시 중구 중앙대로 2,600017,48944,,10,,129.036707345866,35.0983104003377,롯데백화점
MA0101202308A0030403,밀레롯데광복,,G2,소매,G209,섬유·의복·신발 소매,G20905,기타 의류 소매업,G47419,기타 의복 소매업,26,부산광역시,26110,중구,26110510,중앙동,2611011000,중앙동7가,2611011000100200001,1,대지,20,1,부산광역시 중구 중앙동7가 20-1,261102000010,부산광역시 중구 중앙대로,2,,2611011000100200001000001,롯데백화점,부산광역시 중구 중앙대로 2,600017,48944,,7,,129.036707345866,35.0983104003377,롯데백화점
MA0101202308A0068867,대수정,,I2,음식,I201,한식,I20101,백반/한정식,I56111,한식 일반 음식점업,26,부산광역시,26110,중구,26110510,중앙동,2611011000,중앙동7가,2611011000100200001,1,대지,20,1,부산광역시 중구 중앙동7가 20-1,261102000010,부산광역시 중구 중앙대로,2,,2611011000100200001000001,롯데백화점,부산광역시 중구 중앙대로 2,600017,48944,,4,,129.036707345866,35.0983104003377,롯데백화점
MA0101202308A0061738,삼성패션갤럭시,,G2,소매,G209,섬유·의복·신발 소매,G20901,남성 의류 소매업,G47411,남자용 겉옷 소매업,26,부산광역시,26350,해운대구,26350520,우2동,2635010500,우동,2635010500114960000,1,대지,1496,,부산광역시 해운대구 우동 1496,263502133001,부산광역시 해운대구 센텀남대로,59,,2635010500114960000000001,롯데백화점,부산광역시 해운대구 센텀남대로 59,612022,48058,,,,129.131072074388,35.1698523216207,롯데백화점
MA0101202307A0092539,오일릴리,,G2,소매,G209,섬유·의복·신발 소매,G20902,여성 의류 소매업,G47412,여자용 겉옷 소매업,26,부산광역시,26170,동구,26170660,범일2동,2617010400,범일동,2617010400100620005,1,대지,62,5,부산광역시 동구 범일동 62-5,261703127051,부산광역시 동구 범일로,125,,2617010400100620005005551,현대백화점,부산광역시 동구 범일로 125,601718,48735,,4,,129.058567919742,35.1413052322577,현대백화점
MA0101202308A0034041,유에프씨현대백화점,부산점,G2,소매,G209,섬유·의복·신발 소매,G20905,기타 의류 소매업,G47419,기타 의복 소매업,26,부산광역시,26170,동구,26170660,범일2동,2617010400,범일동,2617010400100620005,1,대지,62,5,부산광역시 동구 범일동 62-5,261703127051,부산광역시 동구 범일로,125,,2617010400100620005005551,현대백화점,부산광역시 동구 범일로 125,601718,48735,,6,,129.058567919742,35.1413052322577,현대백화점
MA0101202307A0029388,프로젝트엠,롯데광복점,G2,소매,G209,섬유·의복·신발 소매,G20905,기타 의류 소매업,G47414,셔츠 및 블라우스 소매업,26,부산광역시,26110,중구,26110510,중앙동,2611011000,중앙동7가,2611011000100200001,1,대지,20,1,부산광역시 중구 중앙동7가 20-1,261102000010,부산광역시 중구 중앙대로,2,,2611011000100200001000001,롯데백화점,부산광역시 중구 중앙대로 2,600017,48944,,4,,129.036707345866,35.0983104003377,롯데백화점
MA0101202307A0002220,롯데센텀휠라,,G2,소매,G209,섬유·의복·신발 소매,G20910,신발 소매업,G47430,신발 소매업,26,부산광역시,26350,해운대구,26350520,우2동,2635010500,우동,2635010500114960000,1,대지,1496,,부산광역시 해운대구 우동 1496,263502133001,부산광역시 해운대구 센텀남대로,59,,2635010500114960000000001,롯데백화점,부산광역시 해운대구 센텀남대로 59,612022,48058,,5,,129.131072074388,35.1698523216207,롯데백화점
MA0101202307A0053052,아디다스,,G2,소매,G209,섬유·의복·신발 소매,G20905,기타 의류 소매업,G47419,기타 의복 소매업,26,부산광역시,26350,해운대구,26350520,우2동,2635010500,우동,2635010500114960000,1,대지,1496,,부산광역시 해운대구 우동 1496,263502133001,부산광역시 해운대구 센텀남대로,59,,2635010500114960000000001,롯데백화점,부산광역시 해운대구 센텀남대로 59,612022,48058,,5,,129.131072074388,35.1698523216207,롯데백화점
MA0101202307A0048034,아이젠트리안경동래점,롯데마트,G2,소매,G216,안경·정밀기기 소매,G21602,안경렌즈 소매업,G47822,안경 및 렌즈 소매업,26,부산광역시,26260,동래구,26260560,온천2동,2626010800,온천동,2626010800105020003,1,대지,502,3,부산광역시 동래구 온천동 502-3,262602000010,부산광역시 동래구 중앙대로,1393,,2626010800105020003000477,롯데백화점,부산광역시 동래구 중앙대로 1393,607716,47727,,1,,129.07747341266,35.2117052140663,롯데백화점
MA0101202307A0063191,현대축산물,백화점,G2,소매,G205,식료품 소매,G20503,정육점,G47212,육류 소매업,26,부산광역시,26200,영도구,26200530,남항동,2620010500,남항동1가,2620010500102300002,1,대지,230,2,부산광역시 영도구 남항동1가 230-2,262004184031,부산광역시 영도구 남항로41번길,7,,2620010500102300002022382,,부산광역시 영도구 남항로41번길 7,606801,49053,,1,,129.041091073907,35.0889815941501,현대백화점
MA0101202307A0105616,상궁전롯데백화점,센텀시티점,I2,음식,I201,한식,I20101,백반/한정식,I56111,한식 일반 음식점업,26,부산광역시,26350,해운대구,26350520,우2동,2635010500,우동,2635010500114960000,1,대지,1496,,부산광역시 해운대구 우동 1496,263502133001,부산광역시 해운대구 센텀남대로,59,,2635010500114960000000001,롯데백화점,부산광역시 해운대구 센텀남대로 59,612022,48058,,1,,129.131072074388,35.1698523216207,롯데백화점
MA0101202307A0067081,롯데센텀쇼콜라,,G2,소매,G209,섬유·의복·신발 소매,G20903,유아용 의류 소매업,G47417,유아용 의류 소매업,26,부산광역시,26350,해운대구,26350520,우2동,2635010500,우동,2635010500114960000,1,대지,1496,,부산광역시 해운대구 우동 1496,263502133001,부산광역시 해운대구 센텀남대로,59,,2635010500114960000000001,롯데백화점,부산광역시 해운대구 센텀남대로 59,612022,48058,,6,,129.131072074388,35.1698523216207,롯데백화점
MA0101202406A0536397,에렉스페이페이롯데광복점,백화점,I2,음식,I202,중식,I20201,중국집,I56121,중식 음식점업,26,부산광역시,26110,중구,26110510,중앙동,2611011000,중앙동7가,2611011000100200001,1,대지,20,1,부산광역시 중구 중앙동7가 20-1,261102000010,부산광역시 중구 중앙대로,2,,2611011000100200001000001,롯데백화점,부산광역시 중구 중앙대로 2,600017,48944,,1,,129.036707345866,35.0983104003377,롯데백화점
MA0101202406A0550339,몬산토에이치피류센소,광복점,I2,음식,I203,일식,I20303,일식 면 요리,I56122,일식 음식점업,26,부산광역시,26110,중구,26110510,중앙동,2611011000,중앙동7가,2611011000100200001,1,대지,20,1,부산광역시 중구 중앙동7가 20-1,261102000010,부산광역시 중구 중앙대로,2,,2611011000100200001000001,광복점롯데백화점,부산광역시 중구 중앙대로 2,600017,48944,,1,,129.036707345866,35.0983104003377,롯데백화점
MA0101202406A0304312,돈가우정고기,백화점,I2,음식,I201,한식,I20107,돼지고기 구이/찜,I56111,한식 일반 음식점업,26,부산광역시,26470,연제구,26470680,연산4동,2647010200,연산동,2647010200107230011,1,대지,723,11,부산광역시 연제구 연산동 723-11,264704211361,부산광역시 연제구 중앙대로1120번길,16,,2647010200107230011010237,,부산광역시 연제구 중앙대로1120번길 16,611822,47520,,,,129.082305117596,35.1876425117001,기타/미상
MA0101202406A0375068,아쉬갤러리,,G2,소매,G218,장식품 소매,G21801,예술품 소매업,G47841,예술품 및 골동품 소매업,26,부산광역시,26350,해운대구,26350520,우2동,2635010500,우동,2635010500114960000,1,대지,1496,,부산광역시 해운대구 우동 1496,263502133001,부산광역시 해운대구 센텀남대로,59,,2635010500114960000000001,MGA롯데백화점,부산광역시 해운대구 센텀남대로 59,612022,48058,,1,,129.131072074388,35.1698523216207,롯데백화점
MA0101202406A0085360,롯데BG,부산점,G2,소매,G209,섬유·의복·신발 소매,G20905,기타 의류 소매업,G47419,기타 의복 소매업,26,부산광역시,26230,부산진구,26230520,부전2동,2623010300,부전동,2623010300105030015,1,대지,503,15,부산광역시 부산진구 부전동 503-15,262302006015,부산광역시 부산진구 가야대로,772,,2623010300105030015004104,롯데백화점,부산광역시 부산진구 가야대로 772,614732,47285,,5,,129.056412549351,35.1567968046828,롯데백화점
MA0101202406A0222576,슈슈앤크라롯데부,산본점,G2,소매,G209,섬유·의복·신발 소매,G20903,유아용 의류 소매업,G46103,섬유; 의복; 신발 및 가죽제품 중개업,26,부산광역시,26230,부산진구,26230520,부전2동,2623010300,부전동,2623010300105030015,1,대지,503,15,부산광역시 부산진구 부전동 503-15,262302006015,부산광역시 부산진구 가야대로,772,,2623010300105030015004104,롯데백화점,부산광역시 부산진구 가야대로 772,614732,47285,,6,,129.056412549351,35.1567968046828,롯데백화점
MA0101202406A0533587,지현통상에르마노설비노동,부산점,G2,소매,G209,섬유·의복·신발 소매,G20905,기타 의류 소매업,G47414,셔츠 및 블라우스 소매업,26,부산광역시,26710,기장군,26710250,기장읍,2671025032,기장읍,2671025032105240000,1,대지,524,,부산광역시 기장군 기장읍 당사리 524,267103140057,부산광역시 기장군 기장읍 기장해안로,147,,2671025032100640000000001,롯데백화점,부산광역시 기장군 기장읍 기장해안로 147,619902,46084,,1,,129.212778971514,35.1922125435306,롯데백화점
MA0101202406A0529013,도르리충무김밥,,I2,음식,I210,기타 간이,I21099,그 외 기타 간이 음식점,I56199,간이 음식 포장 판매 전문점,26,부산광역시,26350,해운대구,26350520,우2동,2635010500,우동,2635010500114960000,1,대지,1496,,부산광역시 해운대구 우동 1496,263502133001,부산광역시 해운대구 센텀남대로,59,,2635010500114960000000001,롯데백화점,부산광역시 해운대구 센텀남대로 59,612022,48058,,1,,129.131072074388,35.1698523216207,롯데백화점
MA0101202406A0066824,한일주방,백화점,G2,소매,G204,종합 소매,G20499,그 외 기타 종합 소매업,G47190,그 외 기타 종합 소매업,26,부산광역시,26320,북구,26320572,만덕2동,2632010300,만덕동,2632010300108450006,1,대지,845,6,부산광역시 북구 만덕동 845-6,263203132017,부산광역시 북구 은행나무로,10,,2632010300108450006000335,,부산광역시 북구 은행나무로 10,616827,46612,,2,,129.037297443388,35.2086664075086,기타/미상
MA0101202406A0129873,테일러메이드롯데,동래점,G2,소매,G209,섬유·의복·신발 소매,G20901,남성 의류 소매업,G47411,남자용 겉옷 소매업,26,부산광역시,26260,동래구,26260560,온천2동,2626010800,온천동,2626010800105020003,1,대지,502,3,부산광역시 동래구 온천동 502-3,262602000010,부산광역시 동래구 중앙대로,1393,,2626010800105020003000477,롯데백화점,부산광역시 동래구 중앙대로 1393,607716,47727,,6,,129.07747341266,35.2117052140663,롯데백화점
MA0101202406A0471500,드로잉트리롯데광복점,백화점,P1,교육,P106,기타 교육,P10611,미술학원,P85622,미술학원,26,부산광역시,26110,중구,26110510,중앙동,2611011000,중앙동7가,2611011000100200001,1,대지,20,1,부산광역시 중구 중앙동7가 20-1,261102000010,부산광역시 중구 중앙대로,2,,2611011000100200001000001,드로잉트리롯데백화점,부산광역시 중구 중앙대로 2,600017,48944,,3,,129.036707345866,35.0983104003377,롯데백화점
MA0101202406A0307285,카페찹찹떡떡롯데백화점,센텀시티점,I2,음식,I210,기타 간이,I21007,김밥/만두/분식,I56194,김밥 및 기타 간이 음식점업,26,부산광역시,26350,해운대구,26350520,우2동,2635010500,우동,2635010500114960000,1,대지,1496,,부산광역시 해운대구 우동 1496,263502133001,부산광역시 해운대구 센텀남대로,59,,2635010500114960000000001,롯데백화점,부산광역시 해운대구 센텀남대로 59,612022,48058,,1,,129.131072074388,35.1698523216207,롯데백화점
MA0101202406A0542138,더타코부스부산신세계센텀,,I2,음식,I204,서양식,I20499,기타 서양식 음식점,I56123,서양식 음식점업,26,부산광역시,26350,해운대구,26350520,우2동,2635010500,우동,2635010500114950000,1,대지,1495,,부산광역시 해운대구 우동 1495,263502133001,부산광역시 해운대구 센텀남대로,35,,2635010500114950000000001,신세계백화점,부산광역시 해운대구 센텀남대로 35,612022,48058,,B1,,129.129519598026,35.1688162817484,신세계백화점
MA0101202406A0025564,NC백화점인터크루,해운대,G2,소매,G209,섬유·의복·신발 소매,G20905,기타 의류 소매업,G47414,셔츠 및 블라우스 소매업,26,부산광역시,26350,해운대구,26350551,좌1동,2635010700,좌동,2635010700114670004,1,대지,1467,4,부산광역시 해운대구 좌동 1467-4,263502006010,부산광역시 해운대구 해운대로,813,,2635010700114670004003745,,부산광역시 해운대구 해운대로 813,612836,48106,,4,,129.177051032177,35.1705302447392,NC백화점
MA0101202406A0429355,이디야커피부산광복점,롯데마트,I2,음식,I212,비알코올 ,I21201,카페,I56221,커피 전문점,26,부산광역시,26110,중구,26110510,중앙동,2611011000,중앙동7가,2611011000100200001,1,대지,20,1,부산광역시 중구 중앙동7가 20-1,261102000010,부산광역시 중구 중앙대로,2,,2611011000100200001000001,롯데백화점,부산광역시 중구 중앙대로 2,600017,48944,,3,,129.036707345866,35.0983104003377,롯데백화점
MA0101202406A0206428,한일종합주방,백화점,G2,소매,G204,종합 소매,G20499,그 외 기타 종합 소매업,G47190,그 외 기타 종합 소매업,26,부산광역시,26530,사상구,26530670,학장동,2653010700,학장동,2653010700105740024,1,대지,574,24,부산광역시 사상구 학장동 574-24,265303139006,부산광역시 사상구 대동로,123,,2653010700105740024024700,,부산광역시 사상구 대동로 123,617845,47050,,,,128.98085038875,35.1399606210177,기타/미상
MA0101202406A0167608,미니골드,,G2,소매,G217,시계·귀금속 소매,G21701,시계/귀금속 소매업,G46103,섬유; 의복; 신발 및 가죽제품 중개업,26,부산광역시,26110,중구,26110510,중앙동,2611011000,중앙동7가,2611011000100200001,1,대지,20,1,부산광역시 중구 중앙동7가 20-1,261102000010,부산광역시 중구 중앙대로,2,,2611011000100200001000001,아쿠아몰롯데백화점,부산광역시 중구 중앙대로 2,600017,48944,,1,,129.036707345866,35.0983104003377,롯데백화점
MA0101202406A0588004,팬아시아다인힐온기정,센텀시티점,I2,음식,I203,일식,I20302,일식 카레/돈가스/덮밥,I56122,일식 음식점업,26,부산광역시,26350,해운대구,26350520,우2동,2635010500,우동,2635010500114950000,1,대지,1495,,부산광역시 해운대구 우동 1495,263502133001,부산광역시 해운대구 센텀남대로,35,,2635010500114950000000001,신세계백화점,부산광역시 해운대구 센텀남대로 35,612022,48058,,1,,129.129519598026,35.1688162817484,신세계백화점
MA0101202406A0593788,센텀에프앤비공차롯데백화점,센텀점,I2,음식,I212,비알코올 ,I21201,카페,I56221,커피 전문점,26,부산광역시,26350,해운대구,26350520,우2동,2635010500,우동,2635010500114960000,1,대지,1496,,부산광역시 해운대구 우동 1496,263502133001,부산광역시 해운대구 센텀남대로,59,,2635010500114960000000001,롯데백화점,부산광역시 해운대구 센텀남대로 59,612022,48058,,2,,129.131072074388,35.1698523216207,롯데백화점
MA0101202311A0060355,플레이스,,G2,소매,G209,섬유·의복·신발 소매,G20905,기타 의류 소매업,G47414,셔츠 및 블라우스 소매업,26,부산광역시,26230,부산진구,26230520,부전2동,2623010300,부전동,2623010300105030015,1,대지,503,15,부산광역시 부산진구 부전동 503-15,262302006015,부산광역시 부산진구 가야대로,772,,2623010300105030015004104,롯데백화점,부산광역시 부산진구 가야대로 772,614732,47285,,7,,129.056412549351,35.1567968046828,롯데백화점
MA0101202311A0056833,신도매고기,백화점,G2,소매,G205,식료품 소매,G20503,정육점,G47212,육류 소매업,26,부산광역시,26470,연제구,26470680,연산4동,2647010200,연산동,2647010200106360004,1,대지,636,4,부산광역시 연제구 연산동 636-4,264703135002,부산광역시 연제구 고분로,22,,2647010200106360004014381,,부산광역시 연제구 고분로 22,611822,47578,,1,,129.084645036508,35.1855656336078,기타/미상
MA0101202409A0055676,세븐FC세븐2호점,코리아,G2,소매,G204,종합 소매,G20405,편의점,G47122,체인화 편의점,26,부산광역시,26710,기장군,26710250,기장읍,2671025032,기장읍,2671025032105240000,1,대지,524,,부산광역시 기장군 기장읍 당사리 524,267103140057,부산광역시 기장군 기장읍 기장해안로,147,,2671025032100640000000001,롯데백화점,부산광역시 기장군 기장읍 기장해안로 147,619902,46084,,1,,129.212778971514,35.1922125435306,롯데백화점
MA0101202406A0137157,찹찹떡떡롯데동래점,백화점,I2,음식,I210,기타 간이,I21007,김밥/만두/분식,I56194,김밥 및 기타 간이 음식점업,26,부산광역시,26260,동래구,26260560,온천2동,2626010800,온천동,2626010800105020003,1,대지,502,3,부산광역시 동래구 온천동 502-3,262602000010,부산광역시 동래구 중앙대로,1393,,2626010800105020003000477,롯데백화점,부산광역시 동래구 중앙대로 1393,607716,47727,,1,,129.07747341266,35.2117052140663,롯데백화점
MA0101202406A0573406,피자몰엔씨,해운대,I2,음식,I210,기타 간이,I21003,피자,I56123,서양식 음식점업,26,부산광역시,26350,해운대구,26350551,좌1동,2635010700,좌동,2635010700114670004,1,대지,1467,4,부산광역시 해운대구 좌동 1467-4,263502006010,부산광역시 해운대구 해운대로,813,,2635010700114670004003745,NC백화점,부산광역시 해운대구 해운대로 813,612836,48106,,2,,129.177051032177,35.1705302447392,NC백화점
MA0101202406A0044959,정직한정육,백화점,G2,소매,G205,식료품 소매,G20503,정육점,G47212,육류 소매업,26,부산광역시,26290,남구,26290570,용호1동,2629010700,용호동,2629010700103950036,1,대지,395,36,부산광역시 남구 용호동 395-36,262903131025,부산광역시 남구 용호로,156,,2629010700103950036029901,,부산광역시 남구 용호로 156,608833,48567,,1,,129.111491549685,35.1183970316469,기타/미상
MA0101202408A0008957,봉래한우,백화점,G2,소매,G205,식료품 소매,G20503,정육점,G47212,육류 소매업,26,부산광역시,26200,영도구,26200540,영선1동,2620010800,영선동1가,2620010800100070000,1,대지,7,,부산광역시 영도구 영선동1가 7,262004184212,부산광역시 영도구 절영로19번길,65,,2620010800100070000015420,,부산광역시 영도구 절영로19번길 65,606041,49036,,1,,129.043248118061,35.0915045862572,기타/미상
MA0101202406A0312672,공차롯데시네마부,산본점,I2,음식,I212,비알코올 ,I21201,카페,N75999,그 외 기타 분류 안된 사업 지원 서비스업,26,부산광역시,26230,부산진구,26230520,부전2동,2623010300,부전동,2623010300105030015,1,대지,503,15,부산광역시 부산진구 부전동 503-15,262302006015,부산광역시 부산진구 가야대로,772,,2623010300105030015004104,롯데백화점,부산광역시 부산진구 가야대로 772,614732,47285,,10,,129.056412549351,35.1567968046828,롯데백화점
MA0101202408A0056395,더드림정육,백화점,G2,소매,G205,식료품 소매,G20503,정육점,G47212,육류 소매업,26,부산광역시,26260,동래구,26260510,수민동,2626010600,수안동,2626010600100550001,1,대지,55,1,부산광역시 동래구 수안동 55-1,262603130023,부산광역시 동래구 명륜로,34,,2626010600100550001000002,,부산광역시 동래구 명륜로 34,607823,47883,,,,129.083512912826,35.1971108730765,기타/미상
MA0101202406A0467793,해오름,,G2,소매,G213,오락용품 소매,G21306,장난감 소매업,G47640,게임용구; 인형 및 장난감 소매업,26,부산광역시,26350,해운대구,26350520,우2동,2635010500,우동,2635010500114960000,1,대지,1496,,부산광역시 해운대구 우동 1496,263502133001,부산광역시 해운대구 센텀남대로,59,,2635010500114960000000001,롯데백화점,부산광역시 해운대구 센텀남대로 59,612022,48058,,,,129.131072074388,35.1698523216207,롯데백화점
MA0101202406A0558877,미스카츠,,I2,음식,I201,한식,I20101,백반/한정식,I56111,한식 일반 음식점업,26,부산광역시,26350,해운대구,26350520,우2동,2635010500,우동,2635010500114960000,1,대지,1496,,부산광역시 해운대구 우동 1496,263502133001,부산광역시 해운대구 센텀남대로,59,,2635010500114960000000001,롯데백화점,부산광역시 해운대구 센텀남대로 59,612022,48058,,1,,129.131072074388,35.1698523216207,롯데백화점
MA0101202406A0221530,광안대광정육,백화점,G2,소매,G205,식료품 소매,G20503,정육점,G47212,육류 소매업,26,부산광역시,26500,수영구,26500760,광안1동,2650010400,광안동,2650010400101180007,1,대지,118,7,부산광역시 수영구 광안동 118-7,265003131037,부산광역시 수영구 수영로,610,,2650010400101180007007647,호암,부산광역시 수영구 수영로 610,613802,48293,,1,,129.113907563111,35.1600873470618,기타/미상
MA0101202406A0152162,큐큐면관NC,해운대점,I2,음식,I202,중식,I20201,중국집,I56121,중식 음식점업,26,부산광역시,26350,해운대구,26350551,좌1동,2635010700,좌동,2635010700114670004,1,대지,1467,4,부산광역시 해운대구 좌동 1467-4,263502006010,부산광역시 해운대구 해운대로,813,,2635010700114670004003745,NC백화점,부산광역시 해운대구 해운대로 813,612836,48106,,7,,129.177051032177,35.1705302447392,NC백화점
MA0101202406A0577457,레이어드신세계,센텀시티점,I2,음식,I204,서양식,I20401,경양식,I56123,서양식 음식점업,26,부산광역시,26350,해운대구,26350520,우2동,2635010500,우동,2635010500114950000,1,대지,1495,,부산광역시 해운대구 우동 1495,263502133001,부산광역시 해운대구 센텀남대로,35,,2635010500114950000000001,신세계백화점,부산광역시 해운대구 센텀남대로 35,612022,48058,,1,,129.129519598026,35.1688162817484,신세계백화점
MA0101202406A0038334,손찬반찬백화점,센텀점,G2,소매,G205,식료품 소매,G20509,반찬/식료품 소매업,G47218,조리 반찬류 소매업,26,부산광역시,26350,해운대구,26350520,우2동,2635010500,우동,2635010500111850062,1,대지,1185,62,부산광역시 해운대구 우동 1185-62,263504199264,부산광역시 해운대구 해운대로383번길,59,,2635010500111850062006057,,부산광역시 해운대구 해운대로383번길 59,612827,48062,,1,,129.139384196645,35.1716972728814,기타/미상
MA0101202409A0044670,공화춘롯데백화점부,산본점,I2,음식,I202,중식,I20201,중국집,I56121,중식 음식점업,26,부산광역시,26230,부산진구,26230520,부전2동,2623010300,부전동,2623010300105030015,1,대지,503,15,부산광역시 부산진구 부전동 503-15,262302006015,부산광역시 부산진구 가야대로,772,,2623010300105030015004104,롯데백화점,부산광역시 부산진구 가야대로 772,614732,47285,,1,,129.056412549351,35.1567968046828,롯데백화점
MA0101202409A0119381,고기도씨정육,백화점,G2,소매,G205,식료품 소매,G20503,정육점,G47212,육류 소매업,26,부산광역시,26320,북구,26320520,구포2동,2632010500,구포동,2632010500109430007,1,대지,943,7,부산광역시 북구 구포동 943-7,263202006008,부산광역시 북구 백양대로,1070,,2632010500109430014000001,,부산광역시 북구 백양대로 1070,616806,46635,,1,,128.997951960283,35.2004277849591,기타/미상
MA0101202406A0346884,치플레센텀,,I2,음식,I210,기타 간이,I21001,빵/도넛,I56191,제과점업,26,부산광역시,26350,해운대구,26350520,우2동,2635010500,우동,2635010500114950000,1,대지,1495,,부산광역시 해운대구 우동 1495,263502133001,부산광역시 해운대구 센텀남대로,35,,2635010500114950000000001,신세계백화점,부산광역시 해운대구 센텀남대로 35,612022,48058,,1,,129.129519598026,35.1688162817484,신세계백화점
MA0101202409A0071022,카츠키친,,I2,음식,I201,한식,I20101,백반/한정식,I56111,한식 일반 음식점업,26,부산광역시,26170,동구,26170660,범일2동,2617010400,범일동,2617010400100620005,1,대지,62,5,부산광역시 동구 범일동 62-5,261703127051,부산광역시 동구 범일로,125,,2617010400100620005005551,현대백화점,부산광역시 동구 범일로 125,601718,48735,,2,,129.058567919742,35.1413052322577,현대백화점
MA0101202406A0207432,성길,,G2,소매,G209,섬유·의복·신발 소매,G20905,기타 의류 소매업,G47414,셔츠 및 블라우스 소매업,26,부산광역시,26260,동래구,26260560,온천2동,2626010800,온천동,2626010800105020003,1,대지,502,3,부산광역시 동래구 온천동 502-3,262602000010,부산광역시 동래구 중앙대로,1393,,2626010800105020003000477,롯데백화점,부산광역시 동래구 중앙대로 1393,607716,47727,,3,,129.07747341266,35.2117052140663,롯데백화점
MA0101202409A0185376,디어스푼롯데동래점,백화점,I2,음식,I210,기타 간이,I21099,그 외 기타 간이 음식점,I56199,간이 음식 포장 판매 전문점,26,부산광역시,26260,동래구,26260560,온천2동,2626010800,온천동,2626010800105020003,1,대지,502,3,부산광역시 동래구 온천동 502-3,262602000010,부산광역시 동래구 중앙대로,1393,,2626010800105020003000477,롯데백화점,부산광역시 동래구 중앙대로 1393,607716,47727,,1,,129.07747341266,35.2117052140663,롯데백화점
MA0101202406A0562175,고든램지버거신세계,센텀시티점,I2,음식,I210,기타 간이,I21004,버거,I56123,서양식 음식점업,26,부산광역시,26350,해운대구,26350520,우2동,2635010500,우동,2635010500114950000,1,대지,1495,,부산광역시 해운대구 우동 1495,263502133001,부산광역시 해운대구 센텀남대로,35,,2635010500114950000000001,신세계백화점,부산광역시 해운대구 센텀남대로 35,612022,48058,,1,,129.129519598026,35.1688162817484,신세계백화점
MA0101202406A0118612,지케이네일,,S2,수리·개인,S207,이용·미용,S20703,네일숍,S96119,기타 미용업,26,부산광역시,26350,해운대구,26350520,우2동,2635010500,우동,2635010500114950000,1,대지,1495,,부산광역시 해운대구 우동 1495,263502133001,부산광역시 해운대구 센텀남대로,35,,2635010500114950000000001,신세계백화점,부산광역시 해운대구 센텀남대로 35,612022,48058,,2,,129.129519598026,35.1688162817484,신세계백화점
MA0101202406A0530649,에스앤에스코퍼레이션보글,부산롯데본점,I2,음식,I201,한식,I20101,백반/한정식,I56111,한식 일반 음식점업,26,부산광역시,26230,부산진구,26230520,부전2동,2623010300,부전동,2623010300105030015,1,대지,503,15,부산광역시 부산진구 부전동 503-15,262302006015,부산광역시 부산진구 가야대로,772,,2623010300105030015004104,롯데백화점,부산광역시 부산진구 가야대로 772,614732,47285,,1,,129.056412549351,35.1567968046828,롯데백화점
MA0101202406A0080529,홍대쌀국수,,I2,음식,I205,동남아시아,I20501,베트남식 전문,I56112,한식 면 요리 전문점,26,부산광역시,26410,금정구,26410610,장전2동,2641010800,장전동,2641010800100400000,1,대지,40,,부산광역시 금정구 장전동 40,264104205206,부산광역시 금정구 부산대학로63번길,2,,2641010800100400000000001,NC백화점,부산광역시 금정구 부산대학로63번길 2,609737,46241,,1,,129.083829027579,35.2322412765478,NC백화점
MA0101202409A0199932,토나리커넥트현대부산,,I2,음식,I203,일식,I20301,일식 회/초밥,I56122,일식 음식점업,26,부산광역시,26170,동구,26170660,범일2동,2617010400,범일동,2617010400100620005,1,대지,62,5,부산광역시 동구 범일동 62-5,261703127051,부산광역시 동구 범일로,125,,2617010400100620005005551,현대백화점,부산광역시 동구 범일로 125,601718,48735,,9,,129.058567919742,35.1413052322577,현대백화점
MA0101202409A0138258,세라젬롯데백화점부,산본점,G2,소매,G215,의약·화장품 소매,G21502,의료기기 소매업,G47812,의료용 기구 소매업,26,부산광역시,26230,부산진구,26230520,부전2동,2623010300,부전동,2623010300105030015,1,대지,503,15,부산광역시 부산진구 부전동 503-15,262302006015,부산광역시 부산진구 가야대로,772,,2623010300105030015004104,롯데백화점,부산광역시 부산진구 가야대로 772,614732,47285,,3,,129.056412549351,35.1567968046828,롯데백화점
MA0101202409A0089026,금화톰맥캔현대아울렛,부산점,G2,소매,G209,섬유·의복·신발 소매,G20910,신발 소매업,G47430,신발 소매업,26,부산광역시,26170,동구,26170660,범일2동,2617010400,범일동,2617010400100620005,1,대지,62,5,부산광역시 동구 범일동 62-5,261703127051,부산광역시 동구 범일로,125,,2617010400100620005005551,현대백화점,부산광역시 동구 범일로 125,601718,48735,,3,,129.058567919742,35.1413052322577,현대백화점
MA0101202409A0211756,서면롯데호텔닥터에버스의원,,Q1,보건의료,Q102,의원,Q10204,피부/비뇨기과 의원,Q86201,일반의원,26,부산광역시,26230,부산진구,26230520,부전2동,2623010300,부전동,2623010300105030015,1,대지,503,15,부산광역시 부산진구 부전동 503-15,262302006015,부산광역시 부산진구 가야대로,772,,2623010300105030015004104,롯데백화점,부산광역시 부산진구 가야대로 772,614732,47285,,7,,129.056412549351,35.1567968046828,롯데백화점
MA0101202409A0105936,딤타오현대백화점,부산점,I2,음식,I202,중식,I20201,중국집,I56121,중식 음식점업,26,부산광역시,26170,동구,26170660,범일2동,2617010400,범일동,2617010400100620005,1,대지,62,5,부산광역시 동구 범일동 62-5,261703127051,부산광역시 동구 범일로,125,,2617010400100620005005551,커넥트현대,부산광역시 동구 범일로 125,601718,48735,,2,,129.058567919742,35.1413052322577,현대백화점
MA0101202409A0022949,일룸,롯데광복점,G2,소매,G211,가구 소매,G21101,가구 소매업,G47520,가구 소매업,26,부산광역시,26110,중구,26110510,중앙동,2611011000,중앙동7가,2611011000100200001,1,대지,20,1,부산광역시 중구 중앙동7가 20-1,261102000010,부산광역시 중구 중앙대로,2,,2611011000100200001000001,롯데백화점,부산광역시 중구 중앙대로 2,600017,48944,,8,,129.036707345866,35.0983104003377,롯데백화점
MA0101202409A0075699,한섬커넥트현대,부산점,G2,소매,G209,섬유·의복·신발 소매,G20902,여성 의류 소매업,G47412,여자용 겉옷 소매업,26,부산광역시,26170,동구,26170660,범일2동,2617010400,범일동,2617010400100620005,1,대지,62,5,부산광역시 동구 범일동 62-5,261703127051,부산광역시 동구 범일로,125,,2617010400100620005005551,현대백화점,부산광역시 동구 범일로 125,601718,48735,,,,129.058567919742,35.1413052322577,현대백화점
MA0101202409A0184971,마제스티헤어,,S2,수리·개인,S207,이용·미용,S20701,미용실,S96112,두발 미용업,26,부산광역시,26230,부산진구,26230520,부전2동,2623010300,부전동,2623010300105030015,1,대지,503,15,부산광역시 부산진구 부전동 503-15,262302006015,부산광역시 부산진구 가야대로,772,,2623010300105030015004104,롯데백화점,부산광역시 부산진구 가야대로 772,614732,47285,,4,,129.056412549351,35.1567968046828,롯데백화점
MA0101202409A0199634,현선이네,,I2,음식,I210,기타 간이,I21007,김밥/만두/분식,I56194,김밥 및 기타 간이 음식점업,26,부산광역시,26110,중구,26110510,중앙동,2611011000,중앙동7가,2611011000100200001,1,대지,20,1,부산광역시 중구 중앙동7가 20-1,261102000010,부산광역시 중구 중앙대로,2,,2611011000100200001000001,롯데백화점,부산광역시 중구 중앙대로 2,600017,48944,,4,,129.036707345866,35.0983104003377,롯데백화점
MA0101202409A0047028,하나옷수선,,S2,수리·개인,S206,기타 가정용품 수리,S20601,의류/이불 수선업,S95391,의복 및 기타 가정용 직물제품 수리업,26,부산광역시,26230,부산진구,26230520,부전2동,2623010300,부전동,2623010300105030015,1,대지,503,15,부산광역시 부산진구 부전동 503-15,262302006015,부산광역시 부산진구 가야대로,772,,2623010300105030015004104,롯데백화점,부산광역시 부산진구 가야대로 772,614732,47285,,4,,129.056412549351,35.1567968046828,롯데백화점
MA0101202409A0141630,온기정,,I2,음식,I203,일식,I20302,일식 카레/돈가스/덮밥,I56122,일식 음식점업,26,부산광역시,26350,해운대구,26350520,우2동,2635010500,우동,2635010500114950000,1,대지,1495,,부산광역시 해운대구 우동 1495,263502133001,부산광역시 해운대구 센텀남대로,35,,2635010500114950000000001,신세계백화점,부산광역시 해운대구 센텀남대로 35,612022,48058,,1,,129.129519598026,35.1688162817484,신세계백화점
MA0101202409A0046830,발렌시아커넥트현대,부산점,G2,소매,G209,섬유·의복·신발 소매,G20902,여성 의류 소매업,G47412,여자용 겉옷 소매업,26,부산광역시,26170,동구,26170660,범일2동,2617010400,범일동,2617010400100620005,1,대지,62,5,부산광역시 동구 범일동 62-5,261703127051,부산광역시 동구 범일로,125,,2617010400100620005005551,발렌시아현대백화점,부산광역시 동구 범일로 125,601718,48735,,3,,129.058567919742,35.1413052322577,현대백화점
MA0101202409A0157703,탠디커넥트현대,부산점,G2,소매,G209,섬유·의복·신발 소매,G20910,신발 소매업,G47430,신발 소매업,26,부산광역시,26170,동구,26170660,범일2동,2617010400,범일동,2617010400100620005,1,대지,62,5,부산광역시 동구 범일동 62-5,261703127051,부산광역시 동구 범일로,125,,2617010400100620005005551,현대백화점,부산광역시 동구 범일로 125,601718,48735,,3,,129.058567919742,35.1413052322577,현대백화점
MA0101202411A0034842,참퍼니처,,G2,소매,G211,가구 소매,G21101,가구 소매업,G47520,가구 소매업,26,부산광역시,26230,부산진구,26230520,부전2동,2623010300,부전동,2623010300105030015,1,대지,503,15,부산광역시 부산진구 부전동 503-15,262302006015,부산광역시 부산진구 가야대로,772,,2623010300105030015004104,롯데백화점,부산광역시 부산진구 가야대로 772,614732,47285,,6,,129.056412549351,35.1567968046828,롯데백화점
MA0101202411A0152375,양곡,백화점,G2,소매,G205,식료품 소매,G20501,곡물/곡분 소매업,G47211,곡물; 곡분 및 가축 사료 소매업,26,부산광역시,26380,사하구,26380561,하단1동,2638010300,하단동,2638010300106190025,1,대지,619,25,부산광역시 사하구 하단동 619-25,263804202479,부산광역시 사하구 제석로17번길,4,,2638010300106190025014291,,부산광역시 사하구 제석로17번길 4,604848,49408,,1,,128.970832413294,35.10393249122,기타/미상
MA0101202411A0178240,한양에프엔비조선속초코다리냉면,센텀점,I2,음식,I201,한식,I20101,백반/한정식,I56111,한식 일반 음식점업,26,부산광역시,26350,해운대구,26350520,우2동,2635010500,우동,2635010500114960000,1,대지,1496,,부산광역시 해운대구 우동 1496,263502133001,부산광역시 해운대구 센텀남대로,59,,2635010500114960000000001,롯데백화점,부산광역시 해운대구 센텀남대로 59,612022,48058,,1,,129.131072074388,35.1698523216207,롯데백화점
MA0101202411A0140110,헤솔두피클리닉스롯데부산,광복점,S2,수리·개인,S207,이용·미용,S20702,피부 관리실,S96112,두발 미용업,26,부산광역시,26110,중구,26110510,중앙동,2611011000,중앙동7가,2611011000100200001,1,대지,20,1,부산광역시 중구 중앙동7가 20-1,261102000010,부산광역시 중구 중앙대로,2,,2611011000100200001000001,롯데백화점,부산광역시 중구 중앙대로 2,600017,48944,,4,,129.036707345866,35.0983104003377,롯데백화점
MA0101202411A0144708,정육,백화점,G2,소매,G205,식료품 소매,G20503,정육점,G47212,육류 소매업,26,부산광역시,26470,연제구,26470630,거제3동,2647010100,거제동,2647010100104910024,1,대지,491,24,부산광역시 연제구 거제동 491-24,264703137018,부산광역시 연제구 신촌로,51,1,2647010100104910024021631,,부산광역시 연제구 신촌로 51-1,611804,47543,,,,129.073284239838,35.1842738211928,기타/미상
MA0101202504A0106047,국,백화점,I2,음식,I201,한식,I20101,백반/한정식,I56111,한식 일반 음식점업,26,부산광역시,26410,금정구,26410555,금사회동동,2641011100,금사동,2641011100103830002,1,대지,383,2,부산광역시 금정구 금사동 383-2,264103135010,부산광역시 금정구 금사로,95,1,2641011100103830002018238,,부산광역시 금정구 금사로 95-1,609808,46264,,,,129.112245577749,35.2209438208737,기타/미상
MA0101202502A0050684,팔공티롯데,동래점,I2,음식,I212,비알코올 ,I21201,카페,G46103,섬유; 의복; 신발 및 가죽제품 중개업,26,부산광역시,26260,동래구,26260560,온천2동,2626010800,온천동,2626010800105020003,1,대지,502,3,부산광역시 동래구 온천동 502-3,262602000010,부산광역시 동래구 중앙대로,1393,,2626010800105020003000477,롯데백화점,부산광역시 동래구 중앙대로 1393,607716,47727,,1,,129.07747341266,35.2117052140663,롯데백화점
MA0101202504A0042262,이랜드이츠로운부산대NC점,,I2,음식,I201,한식,I20101,백반/한정식,I56111,한식 일반 음식점업,26,부산광역시,26410,금정구,26410610,장전2동,2641010800,장전동,2641010800100400000,1,대지,40,,부산광역시 금정구 장전동 40,264104205206,부산광역시 금정구 부산대학로63번길,2,,2641010800100400000000001,NC백화점,부산광역시 금정구 부산대학로63번길 2,609737,46241,,5,,129.083829027579,35.2322412765478,NC백화점
MA0101202502A0060039,아프리카안경신세계,센텀점,G2,소매,G216,안경·정밀기기 소매,G21602,안경렌즈 소매업,G47822,안경 및 렌즈 소매업,26,부산광역시,26350,해운대구,26350520,우2동,2635010500,우동,2635010500114950000,1,대지,1495,,부산광역시 해운대구 우동 1495,263502133001,부산광역시 해운대구 센텀남대로,35,,2635010500114950000000001,신세계백화점,부산광역시 해운대구 센텀남대로 35,612022,48058,,2,,129.129086862155,35.1686346505686,신세계백화점
MA0101202502A0100734,푸드코트NC,부산대점,I2,음식,I201,한식,I20101,백반/한정식,I56111,한식 일반 음식점업,26,부산광역시,26410,금정구,26410610,장전2동,2641010800,장전동,2641010800100400000,1,대지,40,,부산광역시 금정구 장전동 40,264104205206,부산광역시 금정구 부산대학로63번길,2,,2641010800100400000000001,NC백화점,부산광역시 금정구 부산대학로63번길 2,609737,46241,,1,,129.083829027579,35.2322412765478,NC백화점
MA0101202505A0082633,신세계푸드어퍼하우스라운지,,I2,음식,I207,구내식당·뷔페,I20701,구내식당,I56194,김밥 및 기타 간이 음식점업,26,부산광역시,26350,해운대구,26350520,우2동,2635010500,우동,2635010500114950000,1,대지,1495,,부산광역시 해운대구 우동 1495,263502133001,부산광역시 해운대구 센텀남대로,35,,2635010500114950000000001,신세계백화점,부산광역시 해운대구 센텀남대로 35,612022,48058,,5,,129.129086862155,35.1686346505686,신세계백화점
MA0101202502A0037288,연남토마롯데광복점,백화점,I2,음식,I203,일식,I20301,일식 회/초밥,I56122,일식 음식점업,26,부산광역시,26110,중구,26110510,중앙동,2611011000,중앙동7가,2611011000100200001,1,대지,20,1,부산광역시 중구 중앙동7가 20-1,261102000010,부산광역시 중구 중앙대로,2,,2611011000100200001000001,롯데백화점,부산광역시 중구 중앙대로 2,600017,48944,,1,,129.036707345866,35.0983104003377,롯데백화점
MA0101202502A0028492,상춘옥,,I2,음식,I201,한식,I20101,백반/한정식,I56111,한식 일반 음식점업,26,부산광역시,26230,부산진구,26230520,부전2동,2623010300,부전동,2623010300105030015,1,대지,503,15,부산광역시 부산진구 부전동 503-15,262302006015,부산광역시 부산진구 가야대로,772,,2623010300105030015004104,롯데백화점,부산광역시 부산진구 가야대로 772,614732,47285,,1,,129.056412549351,35.1567968046828,롯데백화점
MA0101202411A0050812,고기사랑,백화점,G2,소매,G205,식료품 소매,G20503,정육점,G47212,육류 소매업,26,부산광역시,26440,강서구,26440535,명지1동,2644010400,명지동,2644010400136020001,1,대지,3602,1,부산광역시 강서구 명지동 3602-1,264403350853,부산광역시 강서구 명지국제2로28번길,3,,2644010400136020001000001,동건프라자,부산광역시 강서구 명지국제2로28번길 3,618200,46726,,1,,128.907657487495,35.0940749371369,기타/미상
MA0101202412A0019392,센텀명품옷수선,,S2,수리·개인,S206,기타 가정용품 수리,S20601,의류/이불 수선업,S95391,의복 및 기타 가정용 직물제품 수리업,26,부산광역시,26350,해운대구,26350520,우2동,2635010500,우동,2635010500114950000,1,대지,1495,,부산광역시 해운대구 우동 1495,263502133001,부산광역시 해운대구 센텀남대로,35,,2635010500114950000000001,신세계백화점,부산광역시 해운대구 센텀남대로 35,612022,48058,,5,,129.129519598026,35.1688162817484,신세계백화점
MA0106202207A0490071,롯데제과롯데광복점,백화점,I2,음식,I210,기타 간이,I21001,빵/도넛,I56111,한식 일반 음식점업,26,부산광역시,26110,중구,26110510,중앙동,2611011000,중앙동7가,2611011000100200001,1,대지,20,1,부산광역시 중구 중앙동7가 20-1,261102000010,부산광역시 중구 중앙대로,2,,2611011000100200001000001,,부산광역시 중구 중앙대로 2,600017,48944,,,,129.036707345866,35.0983104003377,롯데백화점
MA0101202503A0020402,더이집,,I2,음식,I201,한식,I20101,백반/한정식,I56111,한식 일반 음식점업,26,부산광역시,26290,남구,26290570,용호1동,2629010700,용호동,2629010700103700032,1,대지,370,32,부산광역시 남구 용호동 370-32,262903131025,부산광역시 남구 용호로,136,,2629010700103700032029821,애견용품백화점,부산광역시 남구 용호로 136,608833,48528,,1,,129.111791597295,35.120248185787,기타/미상
MA0106202201A1743475,국제식품정육삼락점,백화점,G2,소매,G204,종합 소매,G20404,슈퍼마켓,G47121,슈퍼마켓,26,부산광역시,26530,사상구,26530580,삼락동,2653010100,삼락동,2653010100100730003,1,대지,73,3,부산광역시 사상구 삼락동 73-3,265302006002,부산광역시 사상구 낙동대로,1498,,2653010100100730003024158,,부산광역시 사상구 낙동대로 1498,617825,46903,,,,128.982920153613,35.1922309873967,기타/미상
MA0106202309A2006885,현대그린푸드현대백화점,부산점,G2,소매,G221,기타 상품 소매,G22199,그 외 기타 상품 전문 소매업,G47859,그 외 기타 분류 안된 상품 전문 소매업,26,부산광역시,26170,동구,26170660,범일2동,2617010400,범일동,2617010400100620005,1,대지,62,5,부산광역시 동구 범일동 62-5,261703127051,부산광역시 동구 범일로,125,,2617010400100620005005551,,부산광역시 동구 범일로 125,601718,48735,,,,129.058567919742,35.1413052322577,현대백화점
MA0106202408A2293314,씨제이올리브영롯데동래점,백화점,G2,소매,G221,기타 상품 소매,G22199,그 외 기타 상품 전문 소매업,G47859,그 외 기타 분류 안된 상품 전문 소매업,26,부산광역시,26260,동래구,26260560,온천2동,2626010800,온천동,2626010800105020003,1,대지,502,3,부산광역시 동래구 온천동 502-3,262602000010,부산광역시 동래구 중앙대로,1393,,2626010800105020003000477,,부산광역시 동래구 중앙대로 1393,607716,47727,,,,129.07747341266,35.2117052140663,롯데백화점
MA0106202309A0595566,폴바셋롯데광복점,백화점,I2,음식,I212,비알코올 ,I21201,카페,I56221,커피 전문점,26,부산광역시,26110,중구,26110510,중앙동,2611011000,중앙동7가,2611011000100200001,1,대지,20,1,부산광역시 중구 중앙동7가 20-1,261102000010,부산광역시 중구 중앙대로,2,,2611011000100200001000001,,부산광역시 중구 중앙대로 2,600017,48944,,,,129.036707345866,35.0983104003377,롯데백화점
MA0101202505A0077196,홀리카홀리카NC,해운대점,G2,소매,G215,의약·화장품 소매,G21503,화장품 소매업,G46103,섬유; 의복; 신발 및 가죽제품 중개업,26,부산광역시,26350,해운대구,26350551,좌1동,2635010700,좌동,2635010700114670004,1,대지,1467,4,부산광역시 해운대구 좌동 1467-4,263502006010,부산광역시 해운대구 해운대로,813,,2635010700114670004003745,NC백화점,부산광역시 해운대구 해운대로 813,612836,48106,,1,,129.177063202355,35.1705750827853,NC백화점
MA0101202505A0021645,신동와인,센텀시티점,G2,소매,G206,음료 소매,G20602,주류 소매업,G47221,음료 소매업,26,부산광역시,26350,해운대구,26350520,우2동,2635010500,우동,2635010500114950000,1,대지,1495,,부산광역시 해운대구 우동 1495,263502133001,부산광역시 해운대구 센텀남대로,35,,2635010500114950000000001,신세계백화점,부산광역시 해운대구 센텀남대로 35,612022,48058,,1,,129.129086862155,35.1686346505686,신세계백화점
MA0106202201A1876888,손이가네아이스크림할인,백화점,G2,소매,G221,기타 상품 소매,G22199,그 외 기타 상품 전문 소매업,G47859,그 외 기타 분류 안된 상품 전문 소매업,26,부산광역시,26350,해운대구,26350660,재송2동,2635010400,재송동,2635010400111480001,1,대지,1148,1,부산광역시 해운대구 재송동 1148-1,263503133037,부산광역시 해운대구 재송2로,16,,2635010400111480001009102,,부산광역시 해운대구 재송2로 16,612832,48052,,,,129.129710623891,35.1925400852241,기타/미상
MA0101202505A0037608,기와집편백돼지국밥,,I2,음식,I201,한식,I20101,백반/한정식,I56111,한식 일반 음식점업,26,부산광역시,26410,금정구,26410580,부곡2동,2641010900,부곡동,2641010900102650003,1,대지,265,3,부산광역시 금정구 부곡동 265-3,264103006035,부산광역시 금정구 부곡로,168,,2641010900102650003014544,부광문몰딩백화점,부산광역시 금정구 부곡로 168,609852,46271,,1,,129.092391117276,35.2307778371318,기타/미상
MA0101202505A0089798,네일존,광복점,S2,수리·개인,S207,이용·미용,S20703,네일숍,S96119,기타 미용업,26,부산광역시,26110,중구,26110510,중앙동,2611011000,중앙동7가,2611011000100200001,1,대지,20,1,부산광역시 중구 중앙동7가 20-1,261102000010,부산광역시 중구 중앙대로,2,,2611011000100200001000001,롯데백화점,부산광역시 중구 중앙대로 2,600017,48944,,2,,129.036707345866,35.0983104003377,롯데백화점
MA0101202504A0052377,신세계주방그릇,백화점,G2,소매,G212,기타 생활용품 소매,G21202,주방/가정용품 소매업,G47592,주방용품 및 가정용 유리; 요업제품 소매업,26,부산광역시,26710,기장군,26710253,장안읍,2671025334,장안읍,2671025334103300006,1,대지,330,6,부산광역시 기장군 장안읍 길천리 330-6,267103140002,부산광역시 기장군 장안읍 고무로,326,,2671025334103300006000001,,부산광역시 기장군 장안읍 고무로 326,619952,46035,,4,,129.281468928337,35.3303201879746,신세계백화점
MA0106202511A1600719,제이에이치1등정육,백화점,G2,소매,G205,식료품 소매,G20503,정육점,G47212,육류 소매업,26,부산광역시,26380,사하구,26380561,하단1동,2638010300,하단동,2638010300106180004,1,대지,618,4,부산광역시 사하구 하단동 618-4,263802006002,부산광역시 사하구 낙동대로,451,,2638010300106180004000001,,부산광역시 사하구 낙동대로 451,604848,49408,,,,128.968994712097,35.1050347740318,기타/미상
MA0106202507A0578489,폴바셋롯데백화점부,산본점,I2,음식,I202,중식,I20201,중국집,I56121,중식 음식점업,26,부산광역시,26230,부산진구,26230520,부전2동,2623010300,부전동,2623010300105030015,1,대지,503,15,부산광역시 부산진구 부전동 503-15,262302006015,부산광역시 부산진구 가야대로,772,,2623010300105030015004104,,부산광역시 부산진구 가야대로 772,614732,47285,,,,129.056412549351,35.1567968046828,롯데백화점
MA0106202509A2295597,씨제이올리브영롯데광복점,백화점,G2,소매,G221,기타 상품 소매,G22199,그 외 기타 상품 전문 소매업,G47859,그 외 기타 분류 안된 상품 전문 소매업,26,부산광역시,26110,중구,26110510,중앙동,2611011000,중앙동7가,2611011000100200001,1,대지,20,1,부산광역시 중구 중앙동7가 20-1,261102000010,부산광역시 중구 중앙대로,2,,2611011000100200001000001,,부산광역시 중구 중앙대로 2,600017,48944,,,,129.036707345866,35.0983104003377,롯데백화점
MA0106202507A0937268,빕스롯데광복점,백화점,I2,음식,I204,서양식,I20403,패밀리레스토랑,I56123,서양식 음식점업,26,부산광역시,26110,중구,26110510,중앙동,2611011000,중앙동7가,2611011000100200001,1,대지,20,1,부산광역시 중구 중앙동7가 20-1,261102000010,부산광역시 중구 중앙대로,2,,2611011000100200001000001,,부산광역시 중구 중앙대로 2,600017,48944,,,,129.036707345866,35.0983104003377,롯데백화점
MA0106202201A1743474,국제식품정육삼락점,백화점,I2,음식,I201,한식,I20101,백반/한정식,I56111,한식 일반 음식점업,26,부산광역시,26530,사상구,26530580,삼락동,2653010100,삼락동,2653010100100730003,1,대지,73,3,부산광역시 사상구 삼락동 73-3,265302006002,부산광역시 사상구 낙동대로,1498,,2653010100100730003024158,,부산광역시 사상구 낙동대로 1498,617825,46903,,,,128.982920153613,35.1922309873967,기타/미상
MA0106202201A0955293,THEPLACE부산광복롯데,백화점,I2,음식,I204,서양식,I20401,경양식,I56123,서양식 음식점업,26,부산광역시,26110,중구,26110510,중앙동,2611011000,중앙동7가,2611011000100200001,1,대지,20,1,부산광역시 중구 중앙동7가 20-1,261102000010,부산광역시 중구 중앙대로,2,,2611011000100200001000001,,부산광역시 중구 중앙대로 2,600017,48944,,,,129.036707345866,35.0983104003377,롯데백화점
MA0106202506A2319055,국 백화점,,I2,음식,I201,한식,I20101,백반/한정식,I56111,한식 일반 음식점업,26,부산광역시,26410,금정구,26410555,금사회동동,2641011100,금사동,2641011100103830002,1,대지,383,2,부산광역시 금정구 금사동 383-2,264103135010,부산광역시 금정구 금사로,95,1,2641011100103830002018238,,부산광역시 금정구 금사로 95-1,609808,46264,,,,129.112245577749,35.2209438208737,기타/미상
MA0106202601A0778147,해외백화점할인매장 - 덕천역2호,,G2,소매,G209,섬유·의복·신발 소매,G20905,기타 의류 소매업,G47419,기타 의복 소매업,26,부산광역시,26320,북구,26320560,덕천2동,2632010400,덕천동,2632010400103270000,1,대지,327,,부산광역시 북구 덕천동 327,263202006007,부산광역시 북구 만덕대로,39,,2632010400103280000000001,,부산광역시 북구 만덕대로 39,616817,46548,,,,129.009668463922,35.2112010089618,기타/미상
MA0106202601A0778156,해외백화점할인매장 - 서면역3호,,G2,소매,G209,섬유·의복·신발 소매,G20905,기타 의류 소매업,G47419,기타 의복 소매업,26,부산광역시,26230,부산진구,26230520,부전2동,2623010300,부전동,2623010300105730001,1,대지,573,1,부산광역시 부산진구 부전동 573-1,262302000010,부산광역시 부산진구 중앙대로,730,,2623010300105730001054832,,부산광역시 부산진구 중앙대로 730,614782,47245,,,,129.058442203149,35.1576544747195,기타/미상
MA0106202601A0778151,해외백화점할인매장 - 서면역2호,,G2,소매,G209,섬유·의복·신발 소매,G20905,기타 의류 소매업,G47419,기타 의복 소매업,26,부산광역시,26230,부산진구,26230520,부전2동,2623010300,부전동,2623010300105730001,1,대지,573,1,부산광역시 부산진구 부전동 573-1,262302000010,부산광역시 부산진구 중앙대로,730,,2623010300105730001054832,,부산광역시 부산진구 중앙대로 730,614782,47245,,,,129.058442203149,35.1576544747195,기타/미상
MA0106202601A0778150,해외백화점할인매장 - 팔도시장,,G2,소매,G209,섬유·의복·신발 소매,G20905,기타 의류 소매업,G47419,기타 의복 소매업,26,부산광역시,26500,수영구,26500730,수영동,2650010200,수영동,2650010200100310002,1,대지,31,2,부산광역시 수영구 수영동 31-2,265004214299,부산광역시 수영구 수영로705번길,33,,2650010200100310002008057,,부산광역시 수영구 수영로705번길 33,613830,48228,,,,129.116835976679,35.1693450745235,기타/미상
MA0106202601A0778146,해외백화점할인매장 - 부평시장,,G2,소매,G209,섬유·의복·신발 소매,G20905,기타 의류 소매업,G47419,기타 의복 소매업,26,부산광역시,26110,중구,26110560,부평동,2611012400,부평동2가,2611012400100750007,1,대지,75,7,부산광역시 중구 부평동2가 75-7,261103125015,부산광역시 중구 흑교로,28,,2611012400100750007004368,,부산광역시 중구 흑교로 28,600806,48977,,,,129.025348771526,35.1019071958885,기타/미상
MA0106202601A0778154,해외백화점할인매장 - 남항시장,,G2,소매,G209,섬유·의복·신발 소매,G20905,기타 의류 소매업,G47419,기타 의복 소매업,26,부산광역시,26200,영도구,26200540,영선1동,2620010900,영선동2가,2620010900100080004,1,대지,8,4,부산광역시 영도구 영선동2가 8-4,262004184031,부산광역시 영도구 남항로41번길,18,4,2620010900100080004006625,,부산광역시 영도구 남항로41번길 18-4,606042,49053,,,,129.041448281435,35.089236919123,기타/미상
MA0106202511A2390480,총각정육,백화점,G2,소매,G205,식료품 소매,G20503,정육점,G47212,육류 소매업,26,부산광역시,26470,연제구,26470700,연산6동,2647010200,연산동,2647010200106830002,1,대지,683,2,부산광역시 연제구 연산동 683-2,264703129045,부산광역시 연제구 월드컵대로,20,,2647010200106830002000001,,부산광역시 연제구 월드컵대로 20,611825,47591,,,,129.086199029146,35.1763651160343,기타/미상
MA0106202601A0778145,해외백화점할인매장 - 덕천역1호,,G2,소매,G209,섬유·의복·신발 소매,G20905,기타 의류 소매업,G47419,기타 의복 소매업,26,부산광역시,26320,북구,26320560,덕천2동,2632010400,덕천동,2632010400103270000,1,대지,327,,부산광역시 북구 덕천동 327,263202132001,부산광역시 북구 금곡대로,14,,2632010400103270000000001,,부산광역시 북구 금곡대로 14,616817,46548,,,,129.005654973087,35.2100780479309,기타/미상
MA0106202601A1161207,스팀파워 광복점 (롯데백화점),,S2,수리·개인,S203,자동차 수리·세차,S20302,자동차 세차장,S95213,자동차 세차업,26,부산광역시,26110,중구,26110510,중앙동,2611011000,중앙동7가,2611011000100200001,1,대지,20,1,부산광역시 중구 중앙동7가 20-1,261102000010,부산광역시 중구 중앙대로,2,,2611011000100200001000001,,부산광역시 중구 중앙대로 2,600017,48944,,,,129.036707345866,35.0983104003377,롯데백화점
MA0106202601A0778155,해외백화점할인매장 - 범일역,,G2,소매,G209,섬유·의복·신발 소매,G20905,기타 의류 소매업,G47419,기타 의복 소매업,26,부산광역시,26170,동구,26170660,범일2동,2617010400,범일동,2617010400108330011,1,대지,833,11,부산광역시 동구 범일동 833-11,261703127051,부산광역시 동구 범일로,108,,2617010400108330011015970,,부산광역시 동구 범일로 108,601808,48738,,,,129.05966617356,35.1396103969157,기타/미상
MA0106202601A0428040,(주)고메드갤러리아 백화점센텀시티점,,G2,소매,G221,기타 상품 소매,G22199,그 외 기타 상품 전문 소매업,G47859,그 외 기타 분류 안된 상품 전문 소매업,26,부산광역시,26350,해운대구,26350520,우2동,2635010500,우동,2635010500114950000,1,대지,1495,,부산광역시 해운대구 우동 1495,263502133001,부산광역시 해운대구 센텀남대로,35,,2635010500114950000000001,,부산광역시 해운대구 센텀남대로 35,612022,48058,,,,129.129086862155,35.1686346505686,기타/미상
MA0106202509A1432470,온천장대광정육,백화점,G2,소매,G205,식료품 소매,G20503,정육점,G47212,육류 소매업,26,부산광역시,26260,동래구,26260550,온천1동,2626010800,온천동,2626010800101460002,1,대지,146,2,부산광역시 동래구 온천동 146-2,262604006027,부산광역시 동래구 금강공원로20번길,93,,2626010800101460002013226,,부산광역시 동래구 금강공원로20번길 93,607831,47708,,,,129.083439664456,35.2230292319995,기타/미상
MA0106202509A1750427,정직한정육백화점,화명점,G2,소매,G205,식료품 소매,G20503,정육점,G47212,육류 소매업,26,부산광역시,26320,북구,26320543,화명3동,2632010200,화명동,2632010200122690003,1,대지,2269,3,부산광역시 북구 화명동 2269-3,263204196053,부산광역시 북구 금곡대로303번길,2,,2632010200122690003008632,,부산광역시 북구 금곡대로303번길 2,616852,46525,,,,129.013478537114,35.2356402878988,기타/미상
